ISO-10303-21;
HEADER;
/* Generated by software containing ST-Developer
 * from STEP Tools, Inc. (www.steptools.com) 
 */

FILE_DESCRIPTION(
/* description */ (''),
/* implementation_level */ '2;1');

FILE_NAME(
/* name */ 'Vacuum Former V5 Platen.step',
/* time_stamp */ '2025-11-02T23:40:10+11:00',
/* author */ (''),
/* organization */ (''),
/* preprocessor_version */ 'ST-DEVELOPER v20.1',
/* originating_system */ 'Autodesk Translation Framework v14.17.0.0',
/* authorisation */ '');

FILE_SCHEMA (('AUTOMOTIVE_DESIGN { 1 0 10303 214 3 1 1 }'));
ENDSEC;

DATA;
#10=MECHANICAL_DESIGN_GEOMETRIC_PRESENTATION_REPRESENTATION('',(#47,#48,
#49,#50,#51,#52,#53,#54,#55,#56,#57,#58,#59,#60,#61,#62,#63,#64,#65,#66,
#67,#68,#69,#70),#11323);
#11=ITEM_DEFINED_TRANSFORMATION($,$,#6040,#6531);
#12=ITEM_DEFINED_TRANSFORMATION($,$,#6040,#6532);
#13=ITEM_DEFINED_TRANSFORMATION($,$,#6040,#6533);
#14=ITEM_DEFINED_TRANSFORMATION($,$,#6040,#6534);
#15=(
REPRESENTATION_RELATIONSHIP($,$,#11337,#11336)
REPRESENTATION_RELATIONSHIP_WITH_TRANSFORMATION(#11)
SHAPE_REPRESENTATION_RELATIONSHIP()
);
#16=(
REPRESENTATION_RELATIONSHIP($,$,#11337,#11336)
REPRESENTATION_RELATIONSHIP_WITH_TRANSFORMATION(#12)
SHAPE_REPRESENTATION_RELATIONSHIP()
);
#17=(
REPRESENTATION_RELATIONSHIP($,$,#11337,#11336)
REPRESENTATION_RELATIONSHIP_WITH_TRANSFORMATION(#13)
SHAPE_REPRESENTATION_RELATIONSHIP()
);
#18=(
REPRESENTATION_RELATIONSHIP($,$,#11337,#11336)
REPRESENTATION_RELATIONSHIP_WITH_TRANSFORMATION(#14)
SHAPE_REPRESENTATION_RELATIONSHIP()
);
#19=CONTEXT_DEPENDENT_SHAPE_REPRESENTATION(#15,#11332);
#20=CONTEXT_DEPENDENT_SHAPE_REPRESENTATION(#16,#11333);
#21=CONTEXT_DEPENDENT_SHAPE_REPRESENTATION(#17,#11334);
#22=CONTEXT_DEPENDENT_SHAPE_REPRESENTATION(#18,#11335);
#23=NEXT_ASSEMBLY_USAGE_OCCURRENCE('WING NUT M4 x 0.7mm Thread v1:1',
'WING NUT M4 x 0.7mm Thread v1:1','WING NUT M4 x 0.7mm Thread v1:1',#11339,
#11340,'WING NUT M4 x 0.7mm Thread v1:1');
#24=NEXT_ASSEMBLY_USAGE_OCCURRENCE('WING NUT M4 x 0.7mm Thread v1:2',
'WING NUT M4 x 0.7mm Thread v1:2','WING NUT M4 x 0.7mm Thread v1:2',#11339,
#11340,'WING NUT M4 x 0.7mm Thread v1:2');
#25=NEXT_ASSEMBLY_USAGE_OCCURRENCE('WING NUT M4 x 0.7mm Thread v1:3',
'WING NUT M4 x 0.7mm Thread v1:3','WING NUT M4 x 0.7mm Thread v1:3',#11339,
#11340,'WING NUT M4 x 0.7mm Thread v1:3');
#26=NEXT_ASSEMBLY_USAGE_OCCURRENCE('WING NUT M4 x 0.7mm Thread v1:4',
'WING NUT M4 x 0.7mm Thread v1:4','WING NUT M4 x 0.7mm Thread v1:4',#11339,
#11340,'WING NUT M4 x 0.7mm Thread v1:4');
#27=ELLIPSE('',#6252,25.4558441227157,18.);
#28=ELLIPSE('',#6253,25.4558441227157,18.);
#29=ELLIPSE('',#6255,25.4558441227157,18.);
#30=ELLIPSE('',#6257,25.4558441227157,18.);
#31=ELLIPSE('',#6298,25.4558441227157,18.);
#32=ELLIPSE('',#6299,25.4558441227157,18.);
#33=ELLIPSE('',#6301,25.4558441227157,18.);
#34=ELLIPSE('',#6303,25.4558441227157,18.);
#35=ELLIPSE('',#6344,25.4558441227157,18.);
#36=ELLIPSE('',#6345,25.4558441227157,18.);
#37=ELLIPSE('',#6347,25.4558441227157,18.);
#38=ELLIPSE('',#6349,25.4558441227157,18.);
#39=ELLIPSE('',#6390,25.4558441227157,18.);
#40=ELLIPSE('',#6391,25.4558441227157,18.);
#41=ELLIPSE('',#6393,25.4558441227157,18.);
#42=ELLIPSE('',#6395,25.4558441227157,18.);
#43=SHAPE_REPRESENTATION_RELATIONSHIP('SRR','None',#11337,#45);
#44=SHAPE_REPRESENTATION_RELATIONSHIP('SRR','None',#11336,#46);
#45=ADVANCED_BREP_SHAPE_REPRESENTATION('',(#71),#11322);
#46=ADVANCED_BREP_SHAPE_REPRESENTATION('',(#72,#73,#74,#75,#76,#77,#78,
#79,#80,#81,#82,#83,#84,#85,#86,#87,#88,#89,#90,#91,#92),#11321);
#47=STYLED_ITEM('',(#11350),#71);
#48=STYLED_ITEM('',(#11350),#72);
#49=STYLED_ITEM('',(#11350),#73);
#50=STYLED_ITEM('',(#11350),#74);
#51=STYLED_ITEM('',(#11352),#5758);
#52=STYLED_ITEM('',(#11352),#5766);
#53=STYLED_ITEM('',(#11351),#75);
#54=STYLED_ITEM('',(#11353),#76);
#55=STYLED_ITEM('',(#11354),#77);
#56=STYLED_ITEM('',(#11353),#78);
#57=STYLED_ITEM('',(#11354),#79);
#58=STYLED_ITEM('',(#11353),#80);
#59=STYLED_ITEM('',(#11354),#81);
#60=STYLED_ITEM('',(#11353),#82);
#61=STYLED_ITEM('',(#11354),#83);
#62=STYLED_ITEM('',(#11353),#84);
#63=STYLED_ITEM('',(#11350),#85);
#64=STYLED_ITEM('',(#11350),#86);
#65=STYLED_ITEM('',(#11350),#87);
#66=STYLED_ITEM('',(#11350),#88);
#67=STYLED_ITEM('',(#11350),#89);
#68=STYLED_ITEM('',(#11350),#90);
#69=STYLED_ITEM('',(#11350),#91);
#70=STYLED_ITEM('',(#11350),#92);
#71=MANIFOLD_SOLID_BREP('Body1',#6005);
#72=MANIFOLD_SOLID_BREP('Body1',#6006);
#73=MANIFOLD_SOLID_BREP('Body2',#6007);
#74=MANIFOLD_SOLID_BREP('Body3',#6008);
#75=MANIFOLD_SOLID_BREP('Body4',#6009);
#76=MANIFOLD_SOLID_BREP('Body9',#6010);
#77=MANIFOLD_SOLID_BREP('3D Printed',#6011);
#78=MANIFOLD_SOLID_BREP('3M FoamTape',#6012);
#79=MANIFOLD_SOLID_BREP('3D Printed (1)',#6013);
#80=MANIFOLD_SOLID_BREP('3M FoamTape (1)',#6014);
#81=MANIFOLD_SOLID_BREP('3D Printed (2)',#6015);
#82=MANIFOLD_SOLID_BREP('3M FoamTape (2)',#6016);
#83=MANIFOLD_SOLID_BREP('3D Printed (1) (1)',#6017);
#84=MANIFOLD_SOLID_BREP('3M FoamTape (1) (1)',#6018);
#85=MANIFOLD_SOLID_BREP('Body24',#6019);
#86=MANIFOLD_SOLID_BREP('Body28',#6020);
#87=MANIFOLD_SOLID_BREP('Body25',#6021);
#88=MANIFOLD_SOLID_BREP('Body29',#6022);
#89=MANIFOLD_SOLID_BREP('Body26',#6023);
#90=MANIFOLD_SOLID_BREP('Body27',#6024);
#91=MANIFOLD_SOLID_BREP('Body30',#6025);
#92=MANIFOLD_SOLID_BREP('Body31',#6026);
#93=FACE_BOUND('',#762,.T.);
#94=FACE_BOUND('',#792,.T.);
#95=FACE_BOUND('',#803,.T.);
#96=FACE_BOUND('',#805,.T.);
#97=FACE_BOUND('',#821,.T.);
#98=FACE_BOUND('',#830,.T.);
#99=FACE_BOUND('',#834,.T.);
#100=FACE_BOUND('',#846,.T.);
#101=TOROIDAL_SURFACE('',#6106,9.39678660287109,0.375);
#102=TOROIDAL_SURFACE('',#6109,8.67814280204747,0.375);
#103=TOROIDAL_SURFACE('',#6111,4.84781024775547,0.375);
#104=TOROIDAL_SURFACE('',#6117,9.39678660287109,0.375);
#105=TOROIDAL_SURFACE('',#6120,8.67814280204747,0.375);
#106=TOROIDAL_SURFACE('',#6122,4.84781024775547,0.375);
#107=TOROIDAL_SURFACE('',#6128,2.85901664641648,0.254);
#108=TOROIDAL_SURFACE('',#6130,2.85901664641648,0.254);
#109=TOROIDAL_SURFACE('',#6167,9.39678660287109,0.375);
#110=TOROIDAL_SURFACE('',#6170,8.67814280204747,0.375);
#111=TOROIDAL_SURFACE('',#6172,4.84781024775547,0.375);
#112=TOROIDAL_SURFACE('',#6176,9.39678660287109,0.375);
#113=TOROIDAL_SURFACE('',#6179,8.67814280204747,0.375);
#114=TOROIDAL_SURFACE('',#6181,4.84781024775547,0.375);
#115=(
BOUNDED_SURFACE()
B_SPLINE_SURFACE(2,2,((#9218,#9219,#9220),(#9221,#9222,#9223),(#9224,#9225,
#9226)),.UNSPECIFIED.,.F.,.F.,.F.)
B_SPLINE_SURFACE_WITH_KNOTS((3,3),(3,3),(0.,1.5707963267949),(1.83259571459404,
3.1415926535898),.UNSPECIFIED.)
GEOMETRIC_REPRESENTATION_ITEM()
RATIONAL_B_SPLINE_SURFACE(((1.,0.793353340291233,1.),(0.707106781186545,
0.560985526796927,0.707106781186545),(1.,0.793353340291233,1.)))
REPRESENTATION_ITEM('')
SURFACE()
);
#116=(
BOUNDED_SURFACE()
B_SPLINE_SURFACE(2,2,((#9230,#9231,#9232),(#9233,#9234,#9235),(#9236,#9237,
#9238)),.UNSPECIFIED.,.F.,.F.,.F.)
B_SPLINE_SURFACE_WITH_KNOTS((3,3),(3,3),(0.,1.5707963267949),(-2.54818070791172,
-1.5707963267949),.UNSPECIFIED.)
GEOMETRIC_REPRESENTATION_ITEM()
RATIONAL_B_SPLINE_SURFACE(((1.,0.882947592858926,1.),(0.707106781186546,
0.624338230342884,0.707106781186546),(1.,0.882947592858926,1.)))
REPRESENTATION_ITEM('')
SURFACE()
);
#117=(
BOUNDED_SURFACE()
B_SPLINE_SURFACE(2,2,((#9275,#9276,#9277),(#9278,#9279,#9280),(#9281,#9282,
#9283)),.UNSPECIFIED.,.F.,.F.,.F.)
B_SPLINE_SURFACE_WITH_KNOTS((3,3),(3,3),(-1.5707963267949,0.),(1.83259571459404,
3.1415926535898),.UNSPECIFIED.)
GEOMETRIC_REPRESENTATION_ITEM()
RATIONAL_B_SPLINE_SURFACE(((1.,0.793353340291233,1.),(0.707106781186544,
0.560985526796926,0.707106781186544),(1.,0.793353340291233,1.)))
REPRESENTATION_ITEM('')
SURFACE()
);
#118=(
BOUNDED_SURFACE()
B_SPLINE_SURFACE(2,2,((#9287,#9288,#9289),(#9290,#9291,#9292),(#9293,#9294,
#9295)),.UNSPECIFIED.,.F.,.F.,.F.)
B_SPLINE_SURFACE_WITH_KNOTS((3,3),(3,3),(-1.5707963267949,0.),(-2.54818070791172,
-1.5707963267949),.UNSPECIFIED.)
GEOMETRIC_REPRESENTATION_ITEM()
RATIONAL_B_SPLINE_SURFACE(((1.,0.882947592858926,1.),(0.707106781186547,
0.624338230342885,0.707106781186547),(1.,0.882947592858926,1.)))
REPRESENTATION_ITEM('')
SURFACE()
);
#119=(
BOUNDED_SURFACE()
B_SPLINE_SURFACE(2,2,((#9466,#9467,#9468),(#9469,#9470,#9471),(#9472,#9473,
#9474)),.UNSPECIFIED.,.F.,.F.,.F.)
B_SPLINE_SURFACE_WITH_KNOTS((3,3),(3,3),(0.,1.5707963267949),(-3.14159265358979,
-1.83259571459404),.UNSPECIFIED.)
GEOMETRIC_REPRESENTATION_ITEM()
RATIONAL_B_SPLINE_SURFACE(((1.,0.793353340291233,1.),(0.707106781186545,
0.560985526796928,0.707106781186545),(1.,0.793353340291233,1.)))
REPRESENTATION_ITEM('')
SURFACE()
);
#120=(
BOUNDED_SURFACE()
B_SPLINE_SURFACE(2,2,((#9478,#9479,#9480),(#9481,#9482,#9483),(#9484,#9485,
#9486)),.UNSPECIFIED.,.F.,.F.,.F.)
B_SPLINE_SURFACE_WITH_KNOTS((3,3),(3,3),(0.,1.5707963267949),(1.5707963267949,
2.54818070791172),.UNSPECIFIED.)
GEOMETRIC_REPRESENTATION_ITEM()
RATIONAL_B_SPLINE_SURFACE(((1.,0.882947592858926,1.),(0.707106781186546,
0.624338230342884,0.707106781186546),(1.,0.882947592858926,1.)))
REPRESENTATION_ITEM('')
SURFACE()
);
#121=(
BOUNDED_SURFACE()
B_SPLINE_SURFACE(2,2,((#9493,#9494,#9495),(#9496,#9497,#9498),(#9499,#9500,
#9501)),.UNSPECIFIED.,.F.,.F.,.F.)
B_SPLINE_SURFACE_WITH_KNOTS((3,3),(3,3),(-1.5707963267949,0.),(-3.14159265358979,
-1.83259571459404),.UNSPECIFIED.)
GEOMETRIC_REPRESENTATION_ITEM()
RATIONAL_B_SPLINE_SURFACE(((1.,0.793353340291233,1.),(0.707106781186544,
0.560985526796927,0.707106781186544),(1.,0.793353340291233,1.)))
REPRESENTATION_ITEM('')
SURFACE()
);
#122=(
BOUNDED_SURFACE()
B_SPLINE_SURFACE(2,2,((#9505,#9506,#9507),(#9508,#9509,#9510),(#9511,#9512,
#9513)),.UNSPECIFIED.,.F.,.F.,.F.)
B_SPLINE_SURFACE_WITH_KNOTS((3,3),(3,3),(-1.5707963267949,0.),(1.5707963267949,
2.54818070791172),.UNSPECIFIED.)
GEOMETRIC_REPRESENTATION_ITEM()
RATIONAL_B_SPLINE_SURFACE(((1.,0.882947592858926,1.),(0.707106781186547,
0.624338230342885,0.707106781186547),(1.,0.882947592858926,1.)))
REPRESENTATION_ITEM('')
SURFACE()
);
#123=(
BOUNDED_SURFACE()
B_SPLINE_SURFACE(1,2,((#9524,#9525,#9526,#9527,#9528,#9529,#9530,#9531,
#9532,#9533,#9534,#9535,#9536,#9537,#9538,#9539,#9540,#9541,#9542,#9543,
#9544,#9545,#9546,#9547,#9548,#9549,#9550,#9551,#9552,#9553,#9554,#9555,
#9556,#9557,#9558,#9559,#9560,#9561,#9562,#9563,#9564,#9565,#9566,#9567,
#9568,#9569,#9570,#9571,#9572,#9573,#9574,#9575,#9576,#9577,#9578,#9579,
#9580,#9581,#9582,#9583,#9584,#9585,#9586,#9587,#9588,#9589,#9590,#9591,
#9592,#9593,#9594,#9595,#9596,#9597,#9598,#9599,#9600,#9601,#9602,#9603,
#9604,#9605,#9606,#9607,#9608,#9609,#9610,#9611,#9612,#9613,#9614,#9615,
#9616,#9617,#9618,#9619,#9620,#9621,#9622,#9623,#9624,#9625,#9626,#9627,
#9628,#9629,#9630,#9631,#9632),(#9633,#9634,#9635,#9636,#9637,#9638,#9639,
#9640,#9641,#9642,#9643,#9644,#9645,#9646,#9647,#9648,#9649,#9650,#9651,
#9652,#9653,#9654,#9655,#9656,#9657,#9658,#9659,#9660,#9661,#9662,#9663,
#9664,#9665,#9666,#9667,#9668,#9669,#9670,#9671,#9672,#9673,#9674,#9675,
#9676,#9677,#9678,#9679,#9680,#9681,#9682,#9683,#9684,#9685,#9686,#9687,
#9688,#9689,#9690,#9691,#9692,#9693,#9694,#9695,#9696,#9697,#9698,#9699,
#9700,#9701,#9702,#9703,#9704,#9705,#9706,#9707,#9708,#9709,#9710,#9711,
#9712,#9713,#9714,#9715,#9716,#9717,#9718,#9719,#9720,#9721,#9722,#9723,
#9724,#9725,#9726,#9727,#9728,#9729,#9730,#9731,#9732,#9733,#9734,#9735,
#9736,#9737,#9738,#9739,#9740,#9741)),.UNSPECIFIED.,.F.,.F.,.F.)
B_SPLINE_SURFACE_WITH_KNOTS((2,2),(3,2,2,2,2,2,2,2,2,2,2,2,2,2,2,2,2,2,
2,2,2,2,2,2,2,2,2,2,2,2,2,2,2,2,2,2,2,2,2,2,2,2,2,2,2,2,2,2,2,2,2,2,2,2,
3),(-3.78507487562185E-5,1.),(0.,0.0185185185185185,0.037037037037037,0.0555555555555556,
0.0740740740740741,0.0925925925925926,0.111111111111111,0.12962962962963,
0.148148148148148,0.166666666666667,0.185185185185185,0.203703703703704,
0.222222222222222,0.240740740740741,0.259259259259259,0.277777777777778,
0.296296296296296,0.314814814814815,0.333333333333333,0.351851851851852,
0.37037037037037,0.388888888888889,0.407407407407407,0.425925925925926,
0.444444444444444,0.462962962962963,0.481481481481481,0.5,0.518518518518518,
0.537037037037037,0.555555555555556,0.574074074074074,0.592592592592593,
0.611111111111111,0.62962962962963,0.648148148148148,0.666666666666667,
0.685185185185185,0.703703703703704,0.722222222222222,0.740740740740741,
0.759259259259259,0.777777777777778,0.796296296296296,0.814814814814815,
0.833333333333333,0.851851851851852,0.87037037037037,0.888888888888889,
0.907407407407407,0.925925925925926,0.944444444444444,0.962962962962963,
0.981481481481482,1.),.UNSPECIFIED.)
GEOMETRIC_REPRESENTATION_ITEM()
RATIONAL_B_SPLINE_SURFACE(((1.,0.866025403784439,1.,0.866025403784439,1.,
0.866025403784439,1.,0.866025403784439,1.,0.866025403784439,1.,0.866025403784439,
1.,0.866025403784439,1.,0.866025403784439,1.,0.866025403784439,1.,0.866025403784439,
1.,0.866025403784439,1.,0.866025403784439,1.,0.866025403784439,1.,0.866025403784439,
1.,0.866025403784439,1.,0.866025403784439,1.,0.866025403784439,1.,0.866025403784439,
1.,0.866025403784439,1.,0.866025403784439,1.,0.866025403784439,1.,0.866025403784439,
1.,0.866025403784439,1.,0.866025403784439,1.,0.866025403784439,1.,0.866025403784439,
1.,0.866025403784439,1.,0.866025403784439,1.,0.866025403784439,1.,0.866025403784439,
1.,0.866025403784439,1.,0.866025403784439,1.,0.866025403784439,1.,0.866025403784439,
1.,0.866025403784439,1.,0.866025403784439,1.,0.866025403784439,1.,0.866025403784439,
1.,0.866025403784439,1.,0.866025403784439,1.,0.866025403784439,1.,0.866025403784439,
1.,0.866025403784439,1.,0.866025403784439,1.,0.866025403784439,1.,0.866025403784439,
1.,0.866025403784439,1.,0.866025403784439,1.,0.866025403784439,1.,0.866025403784439,
1.,0.866025403784439,1.,0.866025403784439,1.,0.866025403784439,1.,0.866025403784439,
1.),(1.,0.866025403784439,1.,0.866025403784439,1.,0.866025403784439,1.,
0.866025403784439,1.,0.866025403784439,1.,0.866025403784439,1.,0.866025403784439,
1.,0.866025403784439,1.,0.866025403784439,1.,0.866025403784439,1.,0.866025403784439,
1.,0.866025403784439,1.,0.866025403784439,1.,0.866025403784439,1.,0.866025403784439,
1.,0.866025403784439,1.,0.866025403784439,1.,0.866025403784439,1.,0.866025403784439,
1.,0.866025403784439,1.,0.866025403784439,1.,0.866025403784439,1.,0.866025403784439,
1.,0.866025403784439,1.,0.866025403784439,1.,0.866025403784439,1.,0.866025403784439,
1.,0.866025403784439,1.,0.866025403784439,1.,0.866025403784439,1.,0.866025403784439,
1.,0.866025403784439,1.,0.866025403784439,1.,0.866025403784439,1.,0.866025403784439,
1.,0.866025403784439,1.,0.866025403784439,1.,0.866025403784439,1.,0.866025403784439,
1.,0.866025403784439,1.,0.866025403784439,1.,0.866025403784439,1.,0.866025403784439,
1.,0.866025403784439,1.,0.866025403784439,1.,0.866025403784439,1.,0.866025403784439,
1.,0.866025403784439,1.,0.866025403784439,1.,0.866025403784439,1.,0.866025403784439,
1.,0.866025403784439,1.,0.866025403784439,1.,0.866025403784439,1.)))
REPRESENTATION_ITEM('')
SURFACE()
);
#124=(
BOUNDED_SURFACE()
B_SPLINE_SURFACE(1,2,((#9742,#9743,#9744,#9745,#9746,#9747,#9748,#9749,
#9750,#9751,#9752,#9753,#9754,#9755,#9756,#9757,#9758,#9759,#9760,#9761,
#9762,#9763,#9764,#9765,#9766,#9767,#9768,#9769,#9770,#9771,#9772,#9773,
#9774,#9775,#9776,#9777,#9778,#9779,#9780,#9781,#9782,#9783,#9784,#9785,
#9786,#9787,#9788,#9789,#9790,#9791,#9792,#9793,#9794,#9795,#9796,#9797,
#9798,#9799,#9800,#9801,#9802,#9803,#9804,#9805,#9806,#9807,#9808,#9809,
#9810,#9811,#9812,#9813,#9814,#9815,#9816,#9817,#9818,#9819,#9820,#9821,
#9822,#9823,#9824,#9825,#9826,#9827,#9828,#9829,#9830,#9831,#9832,#9833,
#9834,#9835,#9836,#9837,#9838,#9839,#9840,#9841,#9842,#9843,#9844,#9845,
#9846,#9847,#9848,#9849,#9850),(#9851,#9852,#9853,#9854,#9855,#9856,#9857,
#9858,#9859,#9860,#9861,#9862,#9863,#9864,#9865,#9866,#9867,#9868,#9869,
#9870,#9871,#9872,#9873,#9874,#9875,#9876,#9877,#9878,#9879,#9880,#9881,
#9882,#9883,#9884,#9885,#9886,#9887,#9888,#9889,#9890,#9891,#9892,#9893,
#9894,#9895,#9896,#9897,#9898,#9899,#9900,#9901,#9902,#9903,#9904,#9905,
#9906,#9907,#9908,#9909,#9910,#9911,#9912,#9913,#9914,#9915,#9916,#9917,
#9918,#9919,#9920,#9921,#9922,#9923,#9924,#9925,#9926,#9927,#9928,#9929,
#9930,#9931,#9932,#9933,#9934,#9935,#9936,#9937,#9938,#9939,#9940,#9941,
#9942,#9943,#9944,#9945,#9946,#9947,#9948,#9949,#9950,#9951,#9952,#9953,
#9954,#9955,#9956,#9957,#9958,#9959)),.UNSPECIFIED.,.F.,.F.,.F.)
B_SPLINE_SURFACE_WITH_KNOTS((2,2),(3,2,2,2,2,2,2,2,2,2,2,2,2,2,2,2,2,2,
2,2,2,2,2,2,2,2,2,2,2,2,2,2,2,2,2,2,2,2,2,2,2,2,2,2,2,2,2,2,2,2,2,2,2,2,
3),(0.,1.00005796457161),(0.,0.0185185185185185,0.037037037037037,0.0555555555555556,
0.0740740740740741,0.0925925925925926,0.111111111111111,0.12962962962963,
0.148148148148148,0.166666666666667,0.185185185185185,0.203703703703704,
0.222222222222222,0.240740740740741,0.259259259259259,0.277777777777778,
0.296296296296296,0.314814814814815,0.333333333333333,0.351851851851852,
0.37037037037037,0.388888888888889,0.407407407407407,0.425925925925926,
0.444444444444444,0.462962962962963,0.481481481481481,0.5,0.518518518518518,
0.537037037037037,0.555555555555556,0.574074074074074,0.592592592592593,
0.611111111111111,0.62962962962963,0.648148148148148,0.666666666666667,
0.685185185185185,0.703703703703704,0.722222222222222,0.740740740740741,
0.759259259259259,0.777777777777778,0.796296296296296,0.814814814814815,
0.833333333333333,0.851851851851852,0.87037037037037,0.888888888888889,
0.907407407407407,0.925925925925926,0.944444444444444,0.962962962962963,
0.981481481481482,1.),.UNSPECIFIED.)
GEOMETRIC_REPRESENTATION_ITEM()
RATIONAL_B_SPLINE_SURFACE(((1.,0.866025403784439,1.,0.866025403784439,1.,
0.866025403784439,1.,0.866025403784439,1.,0.866025403784439,1.,0.866025403784439,
1.,0.866025403784439,1.,0.866025403784439,1.,0.866025403784439,1.,0.866025403784439,
1.,0.866025403784439,1.,0.866025403784439,1.,0.866025403784439,1.,0.866025403784439,
1.,0.866025403784439,1.,0.866025403784439,1.,0.866025403784439,1.,0.866025403784439,
1.,0.866025403784439,1.,0.866025403784439,1.,0.866025403784439,1.,0.866025403784439,
1.,0.866025403784439,1.,0.866025403784439,1.,0.866025403784439,1.,0.866025403784439,
1.,0.866025403784439,1.,0.866025403784439,1.,0.866025403784439,1.,0.866025403784439,
1.,0.866025403784439,1.,0.866025403784439,1.,0.866025403784439,1.,0.866025403784439,
1.,0.866025403784439,1.,0.866025403784439,1.,0.866025403784439,1.,0.866025403784439,
1.,0.866025403784439,1.,0.866025403784439,1.,0.866025403784439,1.,0.866025403784439,
1.,0.866025403784439,1.,0.866025403784439,1.,0.866025403784439,1.,0.866025403784439,
1.,0.866025403784439,1.,0.866025403784439,1.,0.866025403784439,1.,0.866025403784439,
1.,0.866025403784439,1.,0.866025403784439,1.,0.866025403784439,1.,0.866025403784439,
1.),(1.,0.866025403784439,1.,0.866025403784439,1.,0.866025403784439,1.,
0.866025403784439,1.,0.866025403784439,1.,0.866025403784439,1.,0.866025403784439,
1.,0.866025403784439,1.,0.866025403784439,1.,0.866025403784439,1.,0.866025403784439,
1.,0.866025403784439,1.,0.866025403784439,1.,0.866025403784439,1.,0.866025403784439,
1.,0.866025403784439,1.,0.866025403784439,1.,0.866025403784439,1.,0.866025403784439,
1.,0.866025403784439,1.,0.866025403784439,1.,0.866025403784439,1.,0.866025403784439,
1.,0.866025403784439,1.,0.866025403784439,1.,0.866025403784439,1.,0.866025403784439,
1.,0.866025403784439,1.,0.866025403784439,1.,0.866025403784439,1.,0.866025403784439,
1.,0.866025403784439,1.,0.866025403784439,1.,0.866025403784439,1.,0.866025403784439,
1.,0.866025403784439,1.,0.866025403784439,1.,0.866025403784439,1.,0.866025403784439,
1.,0.866025403784439,1.,0.866025403784439,1.,0.866025403784439,1.,0.866025403784439,
1.,0.866025403784439,1.,0.866025403784439,1.,0.866025403784439,1.,0.866025403784439,
1.,0.866025403784439,1.,0.866025403784439,1.,0.866025403784439,1.,0.866025403784439,
1.,0.866025403784439,1.,0.866025403784439,1.,0.866025403784439,1.)))
REPRESENTATION_ITEM('')
SURFACE()
);
#125=(
BOUNDED_CURVE()
B_SPLINE_CURVE(2,(#9115,#9116,#9117),.UNSPECIFIED.,.F.,.F.)
B_SPLINE_CURVE_WITH_KNOTS((3,3),(-1.89565350004896,-1.80473891965206),
 .UNSPECIFIED.)
CURVE()
GEOMETRIC_REPRESENTATION_ITEM()
RATIONAL_B_SPLINE_CURVE((1.08986628810188,1.24449843228756,1.38409171544712))
REPRESENTATION_ITEM('')
);
#126=(
BOUNDED_CURVE()
B_SPLINE_CURVE(2,(#9132,#9133,#9134),.UNSPECIFIED.,.F.,.F.)
B_SPLINE_CURVE_WITH_KNOTS((3,3),(-1.89565350004896,-1.80473891965206),
 .UNSPECIFIED.)
CURVE()
GEOMETRIC_REPRESENTATION_ITEM()
RATIONAL_B_SPLINE_CURVE((1.08986628810188,1.24449843228756,1.38409171544711))
REPRESENTATION_ITEM('')
);
#127=(
BOUNDED_CURVE()
B_SPLINE_CURVE(3,(#9207,#9208,#9209,#9210),.UNSPECIFIED.,.F.,.F.)
B_SPLINE_CURVE_WITH_KNOTS((4,4),(6.27294747999739,6.28318530717959),
 .UNSPECIFIED.)
CURVE()
GEOMETRIC_REPRESENTATION_ITEM()
RATIONAL_B_SPLINE_CURVE((1.,0.999991265593621,0.999991265593621,1.))
REPRESENTATION_ITEM('')
);
#128=(
BOUNDED_CURVE()
B_SPLINE_CURVE(3,(#9271,#9272,#9273,#9274),.UNSPECIFIED.,.F.,.F.)
B_SPLINE_CURVE_WITH_KNOTS((4,4),(3.14159265358979,3.15183048075666),
 .UNSPECIFIED.)
CURVE()
GEOMETRIC_REPRESENTATION_ITEM()
RATIONAL_B_SPLINE_CURVE((1.,0.999991265593648,0.999991265593648,1.))
REPRESENTATION_ITEM('')
);
#129=(
BOUNDED_CURVE()
B_SPLINE_CURVE(3,(#9341,#9342,#9343,#9344),.UNSPECIFIED.,.F.,.F.)
B_SPLINE_CURVE_WITH_KNOTS((4,4),(6.27294747999738,6.28318530717959),
 .UNSPECIFIED.)
CURVE()
GEOMETRIC_REPRESENTATION_ITEM()
RATIONAL_B_SPLINE_CURVE((1.,0.999991265593621,0.999991265593621,1.))
REPRESENTATION_ITEM('')
);
#130=(
BOUNDED_CURVE()
B_SPLINE_CURVE(3,(#9350,#9351,#9352,#9353),.UNSPECIFIED.,.F.,.F.)
B_SPLINE_CURVE_WITH_KNOTS((4,4),(3.14159265358979,3.15183048075666),
 .UNSPECIFIED.)
CURVE()
GEOMETRIC_REPRESENTATION_ITEM()
RATIONAL_B_SPLINE_CURVE((1.,0.999991265593648,0.999991265593648,1.))
REPRESENTATION_ITEM('')
);
#131=(
BOUNDED_CURVE()
B_SPLINE_CURVE(2,(#9373,#9374,#9375),.UNSPECIFIED.,.F.,.F.)
B_SPLINE_CURVE_WITH_KNOTS((3,3),(1.80494568699592,1.89586948956637),
 .UNSPECIFIED.)
CURVE()
GEOMETRIC_REPRESENTATION_ITEM()
RATIONAL_B_SPLINE_CURVE((1.38420640417058,1.24460155402071,1.08995659669335))
REPRESENTATION_ITEM('')
);
#132=(
BOUNDED_CURVE()
B_SPLINE_CURVE(2,(#9400,#9401,#9402),.UNSPECIFIED.,.F.,.F.)
B_SPLINE_CURVE_WITH_KNOTS((3,3),(-0.117005099460719,-0.0260812913714962),
 .UNSPECIFIED.)
CURVE()
GEOMETRIC_REPRESENTATION_ITEM()
RATIONAL_B_SPLINE_CURVE((1.38420647279665,1.24460161572466,1.08995665072935))
REPRESENTATION_ITEM('')
);
#133=PLANE('',#6074);
#134=PLANE('',#6080);
#135=PLANE('',#6086);
#136=PLANE('',#6102);
#137=PLANE('',#6125);
#138=PLANE('',#6133);
#139=PLANE('',#6139);
#140=PLANE('',#6149);
#141=PLANE('',#6165);
#142=PLANE('',#6184);
#143=PLANE('',#6186);
#144=PLANE('',#6187);
#145=PLANE('',#6188);
#146=PLANE('',#6189);
#147=PLANE('',#6190);
#148=PLANE('',#6191);
#149=PLANE('',#6192);
#150=PLANE('',#6193);
#151=PLANE('',#6194);
#152=PLANE('',#6195);
#153=PLANE('',#6196);
#154=PLANE('',#6197);
#155=PLANE('',#6198);
#156=PLANE('',#6199);
#157=PLANE('',#6200);
#158=PLANE('',#6201);
#159=PLANE('',#6202);
#160=PLANE('',#6203);
#161=PLANE('',#6204);
#162=PLANE('',#6205);
#163=PLANE('',#6206);
#164=PLANE('',#6207);
#165=PLANE('',#6211);
#166=PLANE('',#6212);
#167=PLANE('',#6219);
#168=PLANE('',#6222);
#169=PLANE('',#6227);
#170=PLANE('',#6228);
#171=PLANE('',#6232);
#172=PLANE('',#6233);
#173=PLANE('',#6239);
#174=PLANE('',#6244);
#175=PLANE('',#6245);
#176=PLANE('',#6246);
#177=PLANE('',#6247);
#178=PLANE('',#6248);
#179=PLANE('',#6249);
#180=PLANE('',#6250);
#181=PLANE('',#6259);
#182=PLANE('',#6260);
#183=PLANE('',#6261);
#184=PLANE('',#6264);
#185=PLANE('',#6267);
#186=PLANE('',#6268);
#187=PLANE('',#6273);
#188=PLANE('',#6274);
#189=PLANE('',#6279);
#190=PLANE('',#6281);
#191=PLANE('',#6284);
#192=PLANE('',#6285);
#193=PLANE('',#6286);
#194=PLANE('',#6287);
#195=PLANE('',#6288);
#196=PLANE('',#6289);
#197=PLANE('',#6290);
#198=PLANE('',#6291);
#199=PLANE('',#6292);
#200=PLANE('',#6293);
#201=PLANE('',#6294);
#202=PLANE('',#6295);
#203=PLANE('',#6296);
#204=PLANE('',#6305);
#205=PLANE('',#6306);
#206=PLANE('',#6307);
#207=PLANE('',#6310);
#208=PLANE('',#6313);
#209=PLANE('',#6314);
#210=PLANE('',#6319);
#211=PLANE('',#6320);
#212=PLANE('',#6325);
#213=PLANE('',#6327);
#214=PLANE('',#6330);
#215=PLANE('',#6331);
#216=PLANE('',#6332);
#217=PLANE('',#6333);
#218=PLANE('',#6334);
#219=PLANE('',#6335);
#220=PLANE('',#6336);
#221=PLANE('',#6337);
#222=PLANE('',#6338);
#223=PLANE('',#6339);
#224=PLANE('',#6340);
#225=PLANE('',#6341);
#226=PLANE('',#6342);
#227=PLANE('',#6351);
#228=PLANE('',#6352);
#229=PLANE('',#6353);
#230=PLANE('',#6356);
#231=PLANE('',#6359);
#232=PLANE('',#6360);
#233=PLANE('',#6365);
#234=PLANE('',#6366);
#235=PLANE('',#6371);
#236=PLANE('',#6373);
#237=PLANE('',#6376);
#238=PLANE('',#6377);
#239=PLANE('',#6378);
#240=PLANE('',#6379);
#241=PLANE('',#6380);
#242=PLANE('',#6381);
#243=PLANE('',#6382);
#244=PLANE('',#6383);
#245=PLANE('',#6384);
#246=PLANE('',#6385);
#247=PLANE('',#6386);
#248=PLANE('',#6387);
#249=PLANE('',#6388);
#250=PLANE('',#6397);
#251=PLANE('',#6398);
#252=PLANE('',#6399);
#253=PLANE('',#6402);
#254=PLANE('',#6405);
#255=PLANE('',#6406);
#256=PLANE('',#6411);
#257=PLANE('',#6412);
#258=PLANE('',#6417);
#259=PLANE('',#6419);
#260=PLANE('',#6422);
#261=PLANE('',#6423);
#262=PLANE('',#6424);
#263=PLANE('',#6425);
#264=PLANE('',#6426);
#265=PLANE('',#6427);
#266=PLANE('',#6428);
#267=PLANE('',#6429);
#268=PLANE('',#6430);
#269=PLANE('',#6431);
#270=PLANE('',#6432);
#271=PLANE('',#6433);
#272=PLANE('',#6434);
#273=PLANE('',#6435);
#274=PLANE('',#6436);
#275=PLANE('',#6437);
#276=PLANE('',#6438);
#277=PLANE('',#6439);
#278=PLANE('',#6440);
#279=PLANE('',#6441);
#280=PLANE('',#6442);
#281=PLANE('',#6443);
#282=PLANE('',#6444);
#283=PLANE('',#6445);
#284=PLANE('',#6446);
#285=PLANE('',#6447);
#286=PLANE('',#6448);
#287=PLANE('',#6449);
#288=PLANE('',#6450);
#289=PLANE('',#6451);
#290=PLANE('',#6452);
#291=PLANE('',#6453);
#292=PLANE('',#6454);
#293=PLANE('',#6455);
#294=PLANE('',#6456);
#295=PLANE('',#6457);
#296=PLANE('',#6458);
#297=PLANE('',#6459);
#298=PLANE('',#6460);
#299=PLANE('',#6461);
#300=PLANE('',#6462);
#301=PLANE('',#6463);
#302=PLANE('',#6464);
#303=PLANE('',#6465);
#304=PLANE('',#6466);
#305=PLANE('',#6467);
#306=PLANE('',#6468);
#307=PLANE('',#6469);
#308=PLANE('',#6470);
#309=PLANE('',#6471);
#310=PLANE('',#6472);
#311=PLANE('',#6473);
#312=PLANE('',#6474);
#313=PLANE('',#6475);
#314=PLANE('',#6476);
#315=PLANE('',#6477);
#316=PLANE('',#6478);
#317=PLANE('',#6479);
#318=PLANE('',#6480);
#319=PLANE('',#6481);
#320=PLANE('',#6482);
#321=PLANE('',#6483);
#322=PLANE('',#6484);
#323=PLANE('',#6485);
#324=PLANE('',#6486);
#325=PLANE('',#6487);
#326=PLANE('',#6488);
#327=PLANE('',#6489);
#328=PLANE('',#6490);
#329=PLANE('',#6491);
#330=PLANE('',#6492);
#331=PLANE('',#6493);
#332=PLANE('',#6494);
#333=PLANE('',#6495);
#334=PLANE('',#6496);
#335=PLANE('',#6497);
#336=PLANE('',#6498);
#337=PLANE('',#6499);
#338=PLANE('',#6500);
#339=PLANE('',#6501);
#340=PLANE('',#6502);
#341=PLANE('',#6503);
#342=PLANE('',#6504);
#343=PLANE('',#6505);
#344=PLANE('',#6506);
#345=PLANE('',#6507);
#346=PLANE('',#6508);
#347=PLANE('',#6509);
#348=PLANE('',#6510);
#349=PLANE('',#6511);
#350=PLANE('',#6512);
#351=PLANE('',#6513);
#352=PLANE('',#6514);
#353=PLANE('',#6515);
#354=PLANE('',#6516);
#355=PLANE('',#6517);
#356=PLANE('',#6518);
#357=PLANE('',#6519);
#358=PLANE('',#6520);
#359=PLANE('',#6521);
#360=PLANE('',#6522);
#361=PLANE('',#6523);
#362=PLANE('',#6524);
#363=PLANE('',#6525);
#364=PLANE('',#6526);
#365=PLANE('',#6527);
#366=PLANE('',#6528);
#367=PLANE('',#6529);
#368=PLANE('',#6530);
#369=CONICAL_SURFACE('',#6055,2.,0.78539816339745);
#370=CONICAL_SURFACE('',#6056,1.9492,0.78539816339745);
#371=CONICAL_SURFACE('',#6058,4.30747227107935,0.698131700797725);
#372=CONICAL_SURFACE('',#6062,1.9492,0.78539816339745);
#373=CONICAL_SURFACE('',#6064,2.,0.78539816339745);
#374=CONICAL_SURFACE('',#6066,4.5,0.0872664625997167);
#375=CONICAL_SURFACE('',#6132,4.45133880534688,0.42555935986204);
#376=CONICAL_SURFACE('',#6185,4.45133880534688,0.42555935986204);
#377=FACE_OUTER_BOUND('',#720,.T.);
#378=FACE_OUTER_BOUND('',#721,.T.);
#379=FACE_OUTER_BOUND('',#722,.T.);
#380=FACE_OUTER_BOUND('',#723,.T.);
#381=FACE_OUTER_BOUND('',#724,.T.);
#382=FACE_OUTER_BOUND('',#725,.T.);
#383=FACE_OUTER_BOUND('',#726,.T.);
#384=FACE_OUTER_BOUND('',#727,.T.);
#385=FACE_OUTER_BOUND('',#728,.T.);
#386=FACE_OUTER_BOUND('',#729,.T.);
#387=FACE_OUTER_BOUND('',#730,.T.);
#388=FACE_OUTER_BOUND('',#731,.T.);
#389=FACE_OUTER_BOUND('',#732,.T.);
#390=FACE_OUTER_BOUND('',#733,.T.);
#391=FACE_OUTER_BOUND('',#734,.T.);
#392=FACE_OUTER_BOUND('',#735,.T.);
#393=FACE_OUTER_BOUND('',#736,.T.);
#394=FACE_OUTER_BOUND('',#737,.T.);
#395=FACE_OUTER_BOUND('',#738,.T.);
#396=FACE_OUTER_BOUND('',#739,.T.);
#397=FACE_OUTER_BOUND('',#740,.T.);
#398=FACE_OUTER_BOUND('',#741,.T.);
#399=FACE_OUTER_BOUND('',#742,.T.);
#400=FACE_OUTER_BOUND('',#743,.T.);
#401=FACE_OUTER_BOUND('',#744,.T.);
#402=FACE_OUTER_BOUND('',#745,.T.);
#403=FACE_OUTER_BOUND('',#746,.T.);
#404=FACE_OUTER_BOUND('',#747,.T.);
#405=FACE_OUTER_BOUND('',#748,.T.);
#406=FACE_OUTER_BOUND('',#749,.T.);
#407=FACE_OUTER_BOUND('',#750,.T.);
#408=FACE_OUTER_BOUND('',#751,.T.);
#409=FACE_OUTER_BOUND('',#752,.T.);
#410=FACE_OUTER_BOUND('',#753,.T.);
#411=FACE_OUTER_BOUND('',#754,.T.);
#412=FACE_OUTER_BOUND('',#755,.T.);
#413=FACE_OUTER_BOUND('',#756,.T.);
#414=FACE_OUTER_BOUND('',#757,.T.);
#415=FACE_OUTER_BOUND('',#758,.T.);
#416=FACE_OUTER_BOUND('',#759,.T.);
#417=FACE_OUTER_BOUND('',#760,.T.);
#418=FACE_OUTER_BOUND('',#761,.T.);
#419=FACE_OUTER_BOUND('',#763,.T.);
#420=FACE_OUTER_BOUND('',#764,.T.);
#421=FACE_OUTER_BOUND('',#765,.T.);
#422=FACE_OUTER_BOUND('',#766,.T.);
#423=FACE_OUTER_BOUND('',#767,.T.);
#424=FACE_OUTER_BOUND('',#768,.T.);
#425=FACE_OUTER_BOUND('',#769,.T.);
#426=FACE_OUTER_BOUND('',#770,.T.);
#427=FACE_OUTER_BOUND('',#771,.T.);
#428=FACE_OUTER_BOUND('',#772,.T.);
#429=FACE_OUTER_BOUND('',#773,.T.);
#430=FACE_OUTER_BOUND('',#774,.T.);
#431=FACE_OUTER_BOUND('',#775,.T.);
#432=FACE_OUTER_BOUND('',#776,.T.);
#433=FACE_OUTER_BOUND('',#777,.T.);
#434=FACE_OUTER_BOUND('',#778,.T.);
#435=FACE_OUTER_BOUND('',#779,.T.);
#436=FACE_OUTER_BOUND('',#780,.T.);
#437=FACE_OUTER_BOUND('',#781,.T.);
#438=FACE_OUTER_BOUND('',#782,.T.);
#439=FACE_OUTER_BOUND('',#783,.T.);
#440=FACE_OUTER_BOUND('',#784,.T.);
#441=FACE_OUTER_BOUND('',#785,.T.);
#442=FACE_OUTER_BOUND('',#786,.T.);
#443=FACE_OUTER_BOUND('',#787,.T.);
#444=FACE_OUTER_BOUND('',#788,.T.);
#445=FACE_OUTER_BOUND('',#789,.T.);
#446=FACE_OUTER_BOUND('',#790,.T.);
#447=FACE_OUTER_BOUND('',#791,.T.);
#448=FACE_OUTER_BOUND('',#793,.T.);
#449=FACE_OUTER_BOUND('',#794,.T.);
#450=FACE_OUTER_BOUND('',#795,.T.);
#451=FACE_OUTER_BOUND('',#796,.T.);
#452=FACE_OUTER_BOUND('',#797,.T.);
#453=FACE_OUTER_BOUND('',#798,.T.);
#454=FACE_OUTER_BOUND('',#799,.T.);
#455=FACE_OUTER_BOUND('',#800,.T.);
#456=FACE_OUTER_BOUND('',#801,.T.);
#457=FACE_OUTER_BOUND('',#802,.T.);
#458=FACE_OUTER_BOUND('',#804,.T.);
#459=FACE_OUTER_BOUND('',#806,.T.);
#460=FACE_OUTER_BOUND('',#807,.T.);
#461=FACE_OUTER_BOUND('',#808,.T.);
#462=FACE_OUTER_BOUND('',#809,.T.);
#463=FACE_OUTER_BOUND('',#810,.T.);
#464=FACE_OUTER_BOUND('',#811,.T.);
#465=FACE_OUTER_BOUND('',#812,.T.);
#466=FACE_OUTER_BOUND('',#813,.T.);
#467=FACE_OUTER_BOUND('',#814,.T.);
#468=FACE_OUTER_BOUND('',#815,.T.);
#469=FACE_OUTER_BOUND('',#816,.T.);
#470=FACE_OUTER_BOUND('',#817,.T.);
#471=FACE_OUTER_BOUND('',#818,.T.);
#472=FACE_OUTER_BOUND('',#819,.T.);
#473=FACE_OUTER_BOUND('',#820,.T.);
#474=FACE_OUTER_BOUND('',#822,.T.);
#475=FACE_OUTER_BOUND('',#823,.T.);
#476=FACE_OUTER_BOUND('',#824,.T.);
#477=FACE_OUTER_BOUND('',#825,.T.);
#478=FACE_OUTER_BOUND('',#826,.T.);
#479=FACE_OUTER_BOUND('',#827,.T.);
#480=FACE_OUTER_BOUND('',#828,.T.);
#481=FACE_OUTER_BOUND('',#829,.T.);
#482=FACE_OUTER_BOUND('',#831,.T.);
#483=FACE_OUTER_BOUND('',#832,.T.);
#484=FACE_OUTER_BOUND('',#833,.T.);
#485=FACE_OUTER_BOUND('',#835,.T.);
#486=FACE_OUTER_BOUND('',#836,.T.);
#487=FACE_OUTER_BOUND('',#837,.T.);
#488=FACE_OUTER_BOUND('',#838,.T.);
#489=FACE_OUTER_BOUND('',#839,.T.);
#490=FACE_OUTER_BOUND('',#840,.T.);
#491=FACE_OUTER_BOUND('',#841,.T.);
#492=FACE_OUTER_BOUND('',#842,.T.);
#493=FACE_OUTER_BOUND('',#843,.T.);
#494=FACE_OUTER_BOUND('',#844,.T.);
#495=FACE_OUTER_BOUND('',#845,.T.);
#496=FACE_OUTER_BOUND('',#847,.T.);
#497=FACE_OUTER_BOUND('',#848,.T.);
#498=FACE_OUTER_BOUND('',#849,.T.);
#499=FACE_OUTER_BOUND('',#850,.T.);
#500=FACE_OUTER_BOUND('',#851,.T.);
#501=FACE_OUTER_BOUND('',#852,.T.);
#502=FACE_OUTER_BOUND('',#853,.T.);
#503=FACE_OUTER_BOUND('',#854,.T.);
#504=FACE_OUTER_BOUND('',#855,.T.);
#505=FACE_OUTER_BOUND('',#856,.T.);
#506=FACE_OUTER_BOUND('',#857,.T.);
#507=FACE_OUTER_BOUND('',#858,.T.);
#508=FACE_OUTER_BOUND('',#859,.T.);
#509=FACE_OUTER_BOUND('',#860,.T.);
#510=FACE_OUTER_BOUND('',#861,.T.);
#511=FACE_OUTER_BOUND('',#862,.T.);
#512=FACE_OUTER_BOUND('',#863,.T.);
#513=FACE_OUTER_BOUND('',#864,.T.);
#514=FACE_OUTER_BOUND('',#865,.T.);
#515=FACE_OUTER_BOUND('',#866,.T.);
#516=FACE_OUTER_BOUND('',#867,.T.);
#517=FACE_OUTER_BOUND('',#868,.T.);
#518=FACE_OUTER_BOUND('',#869,.T.);
#519=FACE_OUTER_BOUND('',#870,.T.);
#520=FACE_OUTER_BOUND('',#871,.T.);
#521=FACE_OUTER_BOUND('',#872,.T.);
#522=FACE_OUTER_BOUND('',#873,.T.);
#523=FACE_OUTER_BOUND('',#874,.T.);
#524=FACE_OUTER_BOUND('',#875,.T.);
#525=FACE_OUTER_BOUND('',#876,.T.);
#526=FACE_OUTER_BOUND('',#877,.T.);
#527=FACE_OUTER_BOUND('',#878,.T.);
#528=FACE_OUTER_BOUND('',#879,.T.);
#529=FACE_OUTER_BOUND('',#880,.T.);
#530=FACE_OUTER_BOUND('',#881,.T.);
#531=FACE_OUTER_BOUND('',#882,.T.);
#532=FACE_OUTER_BOUND('',#883,.T.);
#533=FACE_OUTER_BOUND('',#884,.T.);
#534=FACE_OUTER_BOUND('',#885,.T.);
#535=FACE_OUTER_BOUND('',#886,.T.);
#536=FACE_OUTER_BOUND('',#887,.T.);
#537=FACE_OUTER_BOUND('',#888,.T.);
#538=FACE_OUTER_BOUND('',#889,.T.);
#539=FACE_OUTER_BOUND('',#890,.T.);
#540=FACE_OUTER_BOUND('',#891,.T.);
#541=FACE_OUTER_BOUND('',#892,.T.);
#542=FACE_OUTER_BOUND('',#893,.T.);
#543=FACE_OUTER_BOUND('',#894,.T.);
#544=FACE_OUTER_BOUND('',#895,.T.);
#545=FACE_OUTER_BOUND('',#896,.T.);
#546=FACE_OUTER_BOUND('',#897,.T.);
#547=FACE_OUTER_BOUND('',#898,.T.);
#548=FACE_OUTER_BOUND('',#899,.T.);
#549=FACE_OUTER_BOUND('',#900,.T.);
#550=FACE_OUTER_BOUND('',#901,.T.);
#551=FACE_OUTER_BOUND('',#902,.T.);
#552=FACE_OUTER_BOUND('',#903,.T.);
#553=FACE_OUTER_BOUND('',#904,.T.);
#554=FACE_OUTER_BOUND('',#905,.T.);
#555=FACE_OUTER_BOUND('',#906,.T.);
#556=FACE_OUTER_BOUND('',#907,.T.);
#557=FACE_OUTER_BOUND('',#908,.T.);
#558=FACE_OUTER_BOUND('',#909,.T.);
#559=FACE_OUTER_BOUND('',#910,.T.);
#560=FACE_OUTER_BOUND('',#911,.T.);
#561=FACE_OUTER_BOUND('',#912,.T.);
#562=FACE_OUTER_BOUND('',#913,.T.);
#563=FACE_OUTER_BOUND('',#914,.T.);
#564=FACE_OUTER_BOUND('',#915,.T.);
#565=FACE_OUTER_BOUND('',#916,.T.);
#566=FACE_OUTER_BOUND('',#917,.T.);
#567=FACE_OUTER_BOUND('',#918,.T.);
#568=FACE_OUTER_BOUND('',#919,.T.);
#569=FACE_OUTER_BOUND('',#920,.T.);
#570=FACE_OUTER_BOUND('',#921,.T.);
#571=FACE_OUTER_BOUND('',#922,.T.);
#572=FACE_OUTER_BOUND('',#923,.T.);
#573=FACE_OUTER_BOUND('',#924,.T.);
#574=FACE_OUTER_BOUND('',#925,.T.);
#575=FACE_OUTER_BOUND('',#926,.T.);
#576=FACE_OUTER_BOUND('',#927,.T.);
#577=FACE_OUTER_BOUND('',#928,.T.);
#578=FACE_OUTER_BOUND('',#929,.T.);
#579=FACE_OUTER_BOUND('',#930,.T.);
#580=FACE_OUTER_BOUND('',#931,.T.);
#581=FACE_OUTER_BOUND('',#932,.T.);
#582=FACE_OUTER_BOUND('',#933,.T.);
#583=FACE_OUTER_BOUND('',#934,.T.);
#584=FACE_OUTER_BOUND('',#935,.T.);
#585=FACE_OUTER_BOUND('',#936,.T.);
#586=FACE_OUTER_BOUND('',#937,.T.);
#587=FACE_OUTER_BOUND('',#938,.T.);
#588=FACE_OUTER_BOUND('',#939,.T.);
#589=FACE_OUTER_BOUND('',#940,.T.);
#590=FACE_OUTER_BOUND('',#941,.T.);
#591=FACE_OUTER_BOUND('',#942,.T.);
#592=FACE_OUTER_BOUND('',#943,.T.);
#593=FACE_OUTER_BOUND('',#944,.T.);
#594=FACE_OUTER_BOUND('',#945,.T.);
#595=FACE_OUTER_BOUND('',#946,.T.);
#596=FACE_OUTER_BOUND('',#947,.T.);
#597=FACE_OUTER_BOUND('',#948,.T.);
#598=FACE_OUTER_BOUND('',#949,.T.);
#599=FACE_OUTER_BOUND('',#950,.T.);
#600=FACE_OUTER_BOUND('',#951,.T.);
#601=FACE_OUTER_BOUND('',#952,.T.);
#602=FACE_OUTER_BOUND('',#953,.T.);
#603=FACE_OUTER_BOUND('',#954,.T.);
#604=FACE_OUTER_BOUND('',#955,.T.);
#605=FACE_OUTER_BOUND('',#956,.T.);
#606=FACE_OUTER_BOUND('',#957,.T.);
#607=FACE_OUTER_BOUND('',#958,.T.);
#608=FACE_OUTER_BOUND('',#959,.T.);
#609=FACE_OUTER_BOUND('',#960,.T.);
#610=FACE_OUTER_BOUND('',#961,.T.);
#611=FACE_OUTER_BOUND('',#962,.T.);
#612=FACE_OUTER_BOUND('',#963,.T.);
#613=FACE_OUTER_BOUND('',#964,.T.);
#614=FACE_OUTER_BOUND('',#965,.T.);
#615=FACE_OUTER_BOUND('',#966,.T.);
#616=FACE_OUTER_BOUND('',#967,.T.);
#617=FACE_OUTER_BOUND('',#968,.T.);
#618=FACE_OUTER_BOUND('',#969,.T.);
#619=FACE_OUTER_BOUND('',#970,.T.);
#620=FACE_OUTER_BOUND('',#971,.T.);
#621=FACE_OUTER_BOUND('',#972,.T.);
#622=FACE_OUTER_BOUND('',#973,.T.);
#623=FACE_OUTER_BOUND('',#974,.T.);
#624=FACE_OUTER_BOUND('',#975,.T.);
#625=FACE_OUTER_BOUND('',#976,.T.);
#626=FACE_OUTER_BOUND('',#977,.T.);
#627=FACE_OUTER_BOUND('',#978,.T.);
#628=FACE_OUTER_BOUND('',#979,.T.);
#629=FACE_OUTER_BOUND('',#980,.T.);
#630=FACE_OUTER_BOUND('',#981,.T.);
#631=FACE_OUTER_BOUND('',#982,.T.);
#632=FACE_OUTER_BOUND('',#983,.T.);
#633=FACE_OUTER_BOUND('',#984,.T.);
#634=FACE_OUTER_BOUND('',#985,.T.);
#635=FACE_OUTER_BOUND('',#986,.T.);
#636=FACE_OUTER_BOUND('',#987,.T.);
#637=FACE_OUTER_BOUND('',#988,.T.);
#638=FACE_OUTER_BOUND('',#989,.T.);
#639=FACE_OUTER_BOUND('',#990,.T.);
#640=FACE_OUTER_BOUND('',#991,.T.);
#641=FACE_OUTER_BOUND('',#992,.T.);
#642=FACE_OUTER_BOUND('',#993,.T.);
#643=FACE_OUTER_BOUND('',#994,.T.);
#644=FACE_OUTER_BOUND('',#995,.T.);
#645=FACE_OUTER_BOUND('',#996,.T.);
#646=FACE_OUTER_BOUND('',#997,.T.);
#647=FACE_OUTER_BOUND('',#998,.T.);
#648=FACE_OUTER_BOUND('',#999,.T.);
#649=FACE_OUTER_BOUND('',#1000,.T.);
#650=FACE_OUTER_BOUND('',#1001,.T.);
#651=FACE_OUTER_BOUND('',#1002,.T.);
#652=FACE_OUTER_BOUND('',#1003,.T.);
#653=FACE_OUTER_BOUND('',#1004,.T.);
#654=FACE_OUTER_BOUND('',#1005,.T.);
#655=FACE_OUTER_BOUND('',#1006,.T.);
#656=FACE_OUTER_BOUND('',#1007,.T.);
#657=FACE_OUTER_BOUND('',#1008,.T.);
#658=FACE_OUTER_BOUND('',#1009,.T.);
#659=FACE_OUTER_BOUND('',#1010,.T.);
#660=FACE_OUTER_BOUND('',#1011,.T.);
#661=FACE_OUTER_BOUND('',#1012,.T.);
#662=FACE_OUTER_BOUND('',#1013,.T.);
#663=FACE_OUTER_BOUND('',#1014,.T.);
#664=FACE_OUTER_BOUND('',#1015,.T.);
#665=FACE_OUTER_BOUND('',#1016,.T.);
#666=FACE_OUTER_BOUND('',#1017,.T.);
#667=FACE_OUTER_BOUND('',#1018,.T.);
#668=FACE_OUTER_BOUND('',#1019,.T.);
#669=FACE_OUTER_BOUND('',#1020,.T.);
#670=FACE_OUTER_BOUND('',#1021,.T.);
#671=FACE_OUTER_BOUND('',#1022,.T.);
#672=FACE_OUTER_BOUND('',#1023,.T.);
#673=FACE_OUTER_BOUND('',#1024,.T.);
#674=FACE_OUTER_BOUND('',#1025,.T.);
#675=FACE_OUTER_BOUND('',#1026,.T.);
#676=FACE_OUTER_BOUND('',#1027,.T.);
#677=FACE_OUTER_BOUND('',#1028,.T.);
#678=FACE_OUTER_BOUND('',#1029,.T.);
#679=FACE_OUTER_BOUND('',#1030,.T.);
#680=FACE_OUTER_BOUND('',#1031,.T.);
#681=FACE_OUTER_BOUND('',#1032,.T.);
#682=FACE_OUTER_BOUND('',#1033,.T.);
#683=FACE_OUTER_BOUND('',#1034,.T.);
#684=FACE_OUTER_BOUND('',#1035,.T.);
#685=FACE_OUTER_BOUND('',#1036,.T.);
#686=FACE_OUTER_BOUND('',#1037,.T.);
#687=FACE_OUTER_BOUND('',#1038,.T.);
#688=FACE_OUTER_BOUND('',#1039,.T.);
#689=FACE_OUTER_BOUND('',#1040,.T.);
#690=FACE_OUTER_BOUND('',#1041,.T.);
#691=FACE_OUTER_BOUND('',#1042,.T.);
#692=FACE_OUTER_BOUND('',#1043,.T.);
#693=FACE_OUTER_BOUND('',#1044,.T.);
#694=FACE_OUTER_BOUND('',#1045,.T.);
#695=FACE_OUTER_BOUND('',#1046,.T.);
#696=FACE_OUTER_BOUND('',#1047,.T.);
#697=FACE_OUTER_BOUND('',#1048,.T.);
#698=FACE_OUTER_BOUND('',#1049,.T.);
#699=FACE_OUTER_BOUND('',#1050,.T.);
#700=FACE_OUTER_BOUND('',#1051,.T.);
#701=FACE_OUTER_BOUND('',#1052,.T.);
#702=FACE_OUTER_BOUND('',#1053,.T.);
#703=FACE_OUTER_BOUND('',#1054,.T.);
#704=FACE_OUTER_BOUND('',#1055,.T.);
#705=FACE_OUTER_BOUND('',#1056,.T.);
#706=FACE_OUTER_BOUND('',#1057,.T.);
#707=FACE_OUTER_BOUND('',#1058,.T.);
#708=FACE_OUTER_BOUND('',#1059,.T.);
#709=FACE_OUTER_BOUND('',#1060,.T.);
#710=FACE_OUTER_BOUND('',#1061,.T.);
#711=FACE_OUTER_BOUND('',#1062,.T.);
#712=FACE_OUTER_BOUND('',#1063,.T.);
#713=FACE_OUTER_BOUND('',#1064,.T.);
#714=FACE_OUTER_BOUND('',#1065,.T.);
#715=FACE_OUTER_BOUND('',#1066,.T.);
#716=FACE_OUTER_BOUND('',#1067,.T.);
#717=FACE_OUTER_BOUND('',#1068,.T.);
#718=FACE_OUTER_BOUND('',#1069,.T.);
#719=FACE_OUTER_BOUND('',#1070,.T.);
#720=EDGE_LOOP('',(#3903,#3904,#3905,#3906));
#721=EDGE_LOOP('',(#3907,#3908,#3909,#3910));
#722=EDGE_LOOP('',(#3911,#3912,#3913,#3914));
#723=EDGE_LOOP('',(#3915,#3916,#3917,#3918));
#724=EDGE_LOOP('',(#3919,#3920,#3921));
#725=EDGE_LOOP('',(#3922,#3923,#3924,#3925));
#726=EDGE_LOOP('',(#3926,#3927,#3928,#3929));
#727=EDGE_LOOP('',(#3930,#3931,#3932,#3933));
#728=EDGE_LOOP('',(#3934,#3935,#3936,#3937));
#729=EDGE_LOOP('',(#3938,#3939,#3940,#3941));
#730=EDGE_LOOP('',(#3942,#3943,#3944,#3945));
#731=EDGE_LOOP('',(#3946,#3947,#3948,#3949,#3950));
#732=EDGE_LOOP('',(#3951,#3952,#3953,#3954,#3955));
#733=EDGE_LOOP('',(#3956,#3957,#3958));
#734=EDGE_LOOP('',(#3959,#3960,#3961,#3962));
#735=EDGE_LOOP('',(#3963,#3964,#3965,#3966,#3967,#3968,#3969,#3970,#3971,
#3972,#3973,#3974,#3975));
#736=EDGE_LOOP('',(#3976,#3977,#3978,#3979));
#737=EDGE_LOOP('',(#3980,#3981,#3982,#3983));
#738=EDGE_LOOP('',(#3984,#3985,#3986,#3987,#3988,#3989,#3990,#3991));
#739=EDGE_LOOP('',(#3992,#3993,#3994,#3995,#3996,#3997,#3998,#3999));
#740=EDGE_LOOP('',(#4000,#4001,#4002,#4003,#4004));
#741=EDGE_LOOP('',(#4005,#4006,#4007,#4008));
#742=EDGE_LOOP('',(#4009,#4010,#4011,#4012));
#743=EDGE_LOOP('',(#4013,#4014,#4015,#4016));
#744=EDGE_LOOP('',(#4017,#4018,#4019,#4020));
#745=EDGE_LOOP('',(#4021,#4022,#4023,#4024));
#746=EDGE_LOOP('',(#4025,#4026,#4027,#4028,#4029,#4030));
#747=EDGE_LOOP('',(#4031,#4032,#4033,#4034,#4035,#4036));
#748=EDGE_LOOP('',(#4037,#4038,#4039,#4040));
#749=EDGE_LOOP('',(#4041,#4042,#4043,#4044));
#750=EDGE_LOOP('',(#4045,#4046,#4047,#4048));
#751=EDGE_LOOP('',(#4049,#4050,#4051,#4052));
#752=EDGE_LOOP('',(#4053,#4054,#4055,#4056));
#753=EDGE_LOOP('',(#4057,#4058,#4059,#4060,#4061));
#754=EDGE_LOOP('',(#4062,#4063,#4064,#4065,#4066,#4067));
#755=EDGE_LOOP('',(#4068,#4069,#4070,#4071));
#756=EDGE_LOOP('',(#4072,#4073,#4074,#4075));
#757=EDGE_LOOP('',(#4076,#4077,#4078,#4079));
#758=EDGE_LOOP('',(#4080,#4081,#4082,#4083));
#759=EDGE_LOOP('',(#4084,#4085,#4086,#4087));
#760=EDGE_LOOP('',(#4088,#4089,#4090,#4091,#4092));
#761=EDGE_LOOP('',(#4093,#4094,#4095,#4096));
#762=EDGE_LOOP('',(#4097,#4098,#4099,#4100,#4101));
#763=EDGE_LOOP('',(#4102,#4103,#4104,#4105,#4106,#4107,#4108,#4109));
#764=EDGE_LOOP('',(#4110,#4111,#4112,#4113,#4114,#4115,#4116,#4117));
#765=EDGE_LOOP('',(#4118,#4119,#4120,#4121,#4122,#4123,#4124,#4125));
#766=EDGE_LOOP('',(#4126,#4127,#4128,#4129,#4130,#4131,#4132,#4133));
#767=EDGE_LOOP('',(#4134,#4135,#4136,#4137,#4138,#4139,#4140,#4141));
#768=EDGE_LOOP('',(#4142,#4143,#4144,#4145,#4146,#4147));
#769=EDGE_LOOP('',(#4148,#4149,#4150,#4151,#4152,#4153));
#770=EDGE_LOOP('',(#4154,#4155,#4156,#4157));
#771=EDGE_LOOP('',(#4158,#4159,#4160,#4161));
#772=EDGE_LOOP('',(#4162,#4163,#4164,#4165));
#773=EDGE_LOOP('',(#4166,#4167,#4168,#4169));
#774=EDGE_LOOP('',(#4170,#4171,#4172,#4173));
#775=EDGE_LOOP('',(#4174,#4175,#4176,#4177));
#776=EDGE_LOOP('',(#4178,#4179,#4180,#4181,#4182,#4183));
#777=EDGE_LOOP('',(#4184,#4185,#4186,#4187));
#778=EDGE_LOOP('',(#4188,#4189,#4190,#4191));
#779=EDGE_LOOP('',(#4192,#4193,#4194,#4195));
#780=EDGE_LOOP('',(#4196,#4197,#4198,#4199));
#781=EDGE_LOOP('',(#4200,#4201,#4202,#4203));
#782=EDGE_LOOP('',(#4204,#4205,#4206,#4207,#4208));
#783=EDGE_LOOP('',(#4209,#4210,#4211,#4212));
#784=EDGE_LOOP('',(#4213,#4214,#4215,#4216));
#785=EDGE_LOOP('',(#4217,#4218,#4219,#4220));
#786=EDGE_LOOP('',(#4221,#4222,#4223,#4224));
#787=EDGE_LOOP('',(#4225,#4226,#4227,#4228));
#788=EDGE_LOOP('',(#4229,#4230,#4231,#4232,#4233));
#789=EDGE_LOOP('',(#4234,#4235,#4236,#4237,#4238,#4239,#4240,#4241,#4242,
#4243,#4244,#4245,#4246,#4247,#4248));
#790=EDGE_LOOP('',(#4249,#4250,#4251,#4252,#4253,#4254,#4255,#4256,#4257,
#4258,#4259,#4260,#4261,#4262,#4263,#4264,#4265));
#791=EDGE_LOOP('',(#4266));
#792=EDGE_LOOP('',(#4267,#4268));
#793=EDGE_LOOP('',(#4269,#4270,#4271,#4272,#4273,#4274,#4275,#4276));
#794=EDGE_LOOP('',(#4277,#4278,#4279,#4280));
#795=EDGE_LOOP('',(#4281,#4282,#4283,#4284));
#796=EDGE_LOOP('',(#4285,#4286,#4287,#4288));
#797=EDGE_LOOP('',(#4289,#4290,#4291,#4292));
#798=EDGE_LOOP('',(#4293,#4294,#4295,#4296));
#799=EDGE_LOOP('',(#4297,#4298,#4299,#4300));
#800=EDGE_LOOP('',(#4301,#4302,#4303,#4304));
#801=EDGE_LOOP('',(#4305,#4306,#4307,#4308));
#802=EDGE_LOOP('',(#4309,#4310,#4311,#4312));
#803=EDGE_LOOP('',(#4313,#4314,#4315,#4316));
#804=EDGE_LOOP('',(#4317,#4318,#4319,#4320));
#805=EDGE_LOOP('',(#4321,#4322,#4323,#4324));
#806=EDGE_LOOP('',(#4325,#4326,#4327,#4328));
#807=EDGE_LOOP('',(#4329,#4330,#4331,#4332));
#808=EDGE_LOOP('',(#4333,#4334,#4335,#4336));
#809=EDGE_LOOP('',(#4337,#4338,#4339,#4340));
#810=EDGE_LOOP('',(#4341,#4342,#4343,#4344));
#811=EDGE_LOOP('',(#4345,#4346,#4347,#4348));
#812=EDGE_LOOP('',(#4349,#4350,#4351,#4352));
#813=EDGE_LOOP('',(#4353,#4354,#4355,#4356));
#814=EDGE_LOOP('',(#4357,#4358,#4359,#4360));
#815=EDGE_LOOP('',(#4361,#4362,#4363,#4364));
#816=EDGE_LOOP('',(#4365,#4366,#4367,#4368));
#817=EDGE_LOOP('',(#4369,#4370,#4371,#4372));
#818=EDGE_LOOP('',(#4373,#4374,#4375,#4376));
#819=EDGE_LOOP('',(#4377,#4378,#4379,#4380));
#820=EDGE_LOOP('',(#4381,#4382,#4383,#4384,#4385,#4386,#4387,#4388));
#821=EDGE_LOOP('',(#4389));
#822=EDGE_LOOP('',(#4390,#4391,#4392,#4393));
#823=EDGE_LOOP('',(#4394,#4395,#4396,#4397));
#824=EDGE_LOOP('',(#4398,#4399,#4400,#4401));
#825=EDGE_LOOP('',(#4402,#4403,#4404,#4405));
#826=EDGE_LOOP('',(#4406,#4407,#4408,#4409));
#827=EDGE_LOOP('',(#4410,#4411,#4412,#4413));
#828=EDGE_LOOP('',(#4414,#4415,#4416,#4417));
#829=EDGE_LOOP('',(#4418,#4419,#4420,#4421,#4422,#4423,#4424,#4425));
#830=EDGE_LOOP('',(#4426));
#831=EDGE_LOOP('',(#4427,#4428,#4429,#4430));
#832=EDGE_LOOP('',(#4431,#4432,#4433,#4434));
#833=EDGE_LOOP('',(#4435,#4436,#4437,#4438,#4439,#4440,#4441,#4442));
#834=EDGE_LOOP('',(#4443,#4444,#4445,#4446));
#835=EDGE_LOOP('',(#4447,#4448,#4449,#4450));
#836=EDGE_LOOP('',(#4451,#4452,#4453,#4454));
#837=EDGE_LOOP('',(#4455,#4456,#4457,#4458));
#838=EDGE_LOOP('',(#4459,#4460,#4461,#4462));
#839=EDGE_LOOP('',(#4463,#4464,#4465,#4466));
#840=EDGE_LOOP('',(#4467,#4468,#4469,#4470));
#841=EDGE_LOOP('',(#4471,#4472,#4473,#4474));
#842=EDGE_LOOP('',(#4475,#4476,#4477,#4478));
#843=EDGE_LOOP('',(#4479,#4480,#4481,#4482));
#844=EDGE_LOOP('',(#4483,#4484,#4485,#4486));
#845=EDGE_LOOP('',(#4487,#4488,#4489,#4490,#4491,#4492,#4493,#4494));
#846=EDGE_LOOP('',(#4495,#4496,#4497,#4498));
#847=EDGE_LOOP('',(#4499,#4500,#4501,#4502));
#848=EDGE_LOOP('',(#4503,#4504,#4505,#4506));
#849=EDGE_LOOP('',(#4507,#4508,#4509,#4510));
#850=EDGE_LOOP('',(#4511,#4512,#4513,#4514));
#851=EDGE_LOOP('',(#4515,#4516,#4517,#4518));
#852=EDGE_LOOP('',(#4519,#4520,#4521,#4522));
#853=EDGE_LOOP('',(#4523,#4524,#4525,#4526,#4527,#4528));
#854=EDGE_LOOP('',(#4529,#4530,#4531,#4532,#4533,#4534,#4535,#4536));
#855=EDGE_LOOP('',(#4537,#4538,#4539,#4540));
#856=EDGE_LOOP('',(#4541,#4542,#4543,#4544));
#857=EDGE_LOOP('',(#4545,#4546,#4547,#4548,#4549,#4550));
#858=EDGE_LOOP('',(#4551,#4552,#4553,#4554));
#859=EDGE_LOOP('',(#4555,#4556,#4557,#4558));
#860=EDGE_LOOP('',(#4559,#4560,#4561,#4562,#4563,#4564,#4565,#4566,#4567,
#4568));
#861=EDGE_LOOP('',(#4569,#4570,#4571,#4572));
#862=EDGE_LOOP('',(#4573,#4574,#4575,#4576,#4577,#4578,#4579,#4580,#4581,
#4582));
#863=EDGE_LOOP('',(#4583,#4584,#4585,#4586,#4587,#4588,#4589,#4590));
#864=EDGE_LOOP('',(#4591,#4592,#4593,#4594));
#865=EDGE_LOOP('',(#4595,#4596,#4597,#4598));
#866=EDGE_LOOP('',(#4599,#4600,#4601,#4602));
#867=EDGE_LOOP('',(#4603,#4604,#4605,#4606));
#868=EDGE_LOOP('',(#4607,#4608,#4609,#4610));
#869=EDGE_LOOP('',(#4611,#4612,#4613,#4614));
#870=EDGE_LOOP('',(#4615,#4616,#4617,#4618));
#871=EDGE_LOOP('',(#4619,#4620,#4621,#4622));
#872=EDGE_LOOP('',(#4623,#4624,#4625,#4626));
#873=EDGE_LOOP('',(#4627,#4628,#4629,#4630));
#874=EDGE_LOOP('',(#4631,#4632,#4633,#4634));
#875=EDGE_LOOP('',(#4635,#4636,#4637,#4638));
#876=EDGE_LOOP('',(#4639,#4640,#4641,#4642));
#877=EDGE_LOOP('',(#4643,#4644,#4645,#4646));
#878=EDGE_LOOP('',(#4647,#4648,#4649,#4650));
#879=EDGE_LOOP('',(#4651,#4652,#4653,#4654));
#880=EDGE_LOOP('',(#4655,#4656,#4657,#4658));
#881=EDGE_LOOP('',(#4659,#4660,#4661,#4662));
#882=EDGE_LOOP('',(#4663,#4664,#4665,#4666));
#883=EDGE_LOOP('',(#4667,#4668,#4669,#4670));
#884=EDGE_LOOP('',(#4671,#4672,#4673,#4674));
#885=EDGE_LOOP('',(#4675,#4676,#4677,#4678,#4679,#4680));
#886=EDGE_LOOP('',(#4681,#4682,#4683,#4684,#4685,#4686,#4687,#4688));
#887=EDGE_LOOP('',(#4689,#4690,#4691,#4692));
#888=EDGE_LOOP('',(#4693,#4694,#4695,#4696));
#889=EDGE_LOOP('',(#4697,#4698,#4699,#4700,#4701,#4702));
#890=EDGE_LOOP('',(#4703,#4704,#4705,#4706));
#891=EDGE_LOOP('',(#4707,#4708,#4709,#4710));
#892=EDGE_LOOP('',(#4711,#4712,#4713,#4714,#4715,#4716,#4717,#4718,#4719,
#4720));
#893=EDGE_LOOP('',(#4721,#4722,#4723,#4724));
#894=EDGE_LOOP('',(#4725,#4726,#4727,#4728,#4729,#4730,#4731,#4732,#4733,
#4734));
#895=EDGE_LOOP('',(#4735,#4736,#4737,#4738,#4739,#4740,#4741,#4742));
#896=EDGE_LOOP('',(#4743,#4744,#4745,#4746));
#897=EDGE_LOOP('',(#4747,#4748,#4749,#4750));
#898=EDGE_LOOP('',(#4751,#4752,#4753,#4754));
#899=EDGE_LOOP('',(#4755,#4756,#4757,#4758));
#900=EDGE_LOOP('',(#4759,#4760,#4761,#4762));
#901=EDGE_LOOP('',(#4763,#4764,#4765,#4766));
#902=EDGE_LOOP('',(#4767,#4768,#4769,#4770));
#903=EDGE_LOOP('',(#4771,#4772,#4773,#4774));
#904=EDGE_LOOP('',(#4775,#4776,#4777,#4778));
#905=EDGE_LOOP('',(#4779,#4780,#4781,#4782));
#906=EDGE_LOOP('',(#4783,#4784,#4785,#4786));
#907=EDGE_LOOP('',(#4787,#4788,#4789,#4790));
#908=EDGE_LOOP('',(#4791,#4792,#4793,#4794));
#909=EDGE_LOOP('',(#4795,#4796,#4797,#4798));
#910=EDGE_LOOP('',(#4799,#4800,#4801,#4802));
#911=EDGE_LOOP('',(#4803,#4804,#4805,#4806));
#912=EDGE_LOOP('',(#4807,#4808,#4809,#4810));
#913=EDGE_LOOP('',(#4811,#4812,#4813,#4814));
#914=EDGE_LOOP('',(#4815,#4816,#4817,#4818));
#915=EDGE_LOOP('',(#4819,#4820,#4821,#4822));
#916=EDGE_LOOP('',(#4823,#4824,#4825,#4826));
#917=EDGE_LOOP('',(#4827,#4828,#4829,#4830,#4831,#4832));
#918=EDGE_LOOP('',(#4833,#4834,#4835,#4836,#4837,#4838,#4839,#4840));
#919=EDGE_LOOP('',(#4841,#4842,#4843,#4844));
#920=EDGE_LOOP('',(#4845,#4846,#4847,#4848));
#921=EDGE_LOOP('',(#4849,#4850,#4851,#4852,#4853,#4854));
#922=EDGE_LOOP('',(#4855,#4856,#4857,#4858));
#923=EDGE_LOOP('',(#4859,#4860,#4861,#4862));
#924=EDGE_LOOP('',(#4863,#4864,#4865,#4866,#4867,#4868,#4869,#4870,#4871,
#4872));
#925=EDGE_LOOP('',(#4873,#4874,#4875,#4876));
#926=EDGE_LOOP('',(#4877,#4878,#4879,#4880,#4881,#4882,#4883,#4884,#4885,
#4886));
#927=EDGE_LOOP('',(#4887,#4888,#4889,#4890,#4891,#4892,#4893,#4894));
#928=EDGE_LOOP('',(#4895,#4896,#4897,#4898));
#929=EDGE_LOOP('',(#4899,#4900,#4901,#4902));
#930=EDGE_LOOP('',(#4903,#4904,#4905,#4906));
#931=EDGE_LOOP('',(#4907,#4908,#4909,#4910));
#932=EDGE_LOOP('',(#4911,#4912,#4913,#4914));
#933=EDGE_LOOP('',(#4915,#4916,#4917,#4918));
#934=EDGE_LOOP('',(#4919,#4920,#4921,#4922));
#935=EDGE_LOOP('',(#4923,#4924,#4925,#4926));
#936=EDGE_LOOP('',(#4927,#4928,#4929,#4930));
#937=EDGE_LOOP('',(#4931,#4932,#4933,#4934));
#938=EDGE_LOOP('',(#4935,#4936,#4937,#4938));
#939=EDGE_LOOP('',(#4939,#4940,#4941,#4942));
#940=EDGE_LOOP('',(#4943,#4944,#4945,#4946));
#941=EDGE_LOOP('',(#4947,#4948,#4949,#4950));
#942=EDGE_LOOP('',(#4951,#4952,#4953,#4954));
#943=EDGE_LOOP('',(#4955,#4956,#4957,#4958));
#944=EDGE_LOOP('',(#4959,#4960,#4961,#4962));
#945=EDGE_LOOP('',(#4963,#4964,#4965,#4966));
#946=EDGE_LOOP('',(#4967,#4968,#4969,#4970));
#947=EDGE_LOOP('',(#4971,#4972,#4973,#4974));
#948=EDGE_LOOP('',(#4975,#4976,#4977,#4978));
#949=EDGE_LOOP('',(#4979,#4980,#4981,#4982,#4983,#4984));
#950=EDGE_LOOP('',(#4985,#4986,#4987,#4988,#4989,#4990,#4991,#4992));
#951=EDGE_LOOP('',(#4993,#4994,#4995,#4996));
#952=EDGE_LOOP('',(#4997,#4998,#4999,#5000));
#953=EDGE_LOOP('',(#5001,#5002,#5003,#5004,#5005,#5006));
#954=EDGE_LOOP('',(#5007,#5008,#5009,#5010));
#955=EDGE_LOOP('',(#5011,#5012,#5013,#5014));
#956=EDGE_LOOP('',(#5015,#5016,#5017,#5018,#5019,#5020,#5021,#5022,#5023,
#5024));
#957=EDGE_LOOP('',(#5025,#5026,#5027,#5028));
#958=EDGE_LOOP('',(#5029,#5030,#5031,#5032,#5033,#5034,#5035,#5036,#5037,
#5038));
#959=EDGE_LOOP('',(#5039,#5040,#5041,#5042,#5043,#5044,#5045,#5046));
#960=EDGE_LOOP('',(#5047,#5048,#5049,#5050));
#961=EDGE_LOOP('',(#5051,#5052,#5053,#5054));
#962=EDGE_LOOP('',(#5055,#5056,#5057,#5058));
#963=EDGE_LOOP('',(#5059,#5060,#5061,#5062));
#964=EDGE_LOOP('',(#5063,#5064,#5065,#5066));
#965=EDGE_LOOP('',(#5067,#5068,#5069,#5070));
#966=EDGE_LOOP('',(#5071,#5072,#5073,#5074));
#967=EDGE_LOOP('',(#5075,#5076,#5077,#5078));
#968=EDGE_LOOP('',(#5079,#5080,#5081,#5082));
#969=EDGE_LOOP('',(#5083,#5084,#5085,#5086));
#970=EDGE_LOOP('',(#5087,#5088,#5089,#5090));
#971=EDGE_LOOP('',(#5091,#5092,#5093,#5094));
#972=EDGE_LOOP('',(#5095,#5096,#5097,#5098));
#973=EDGE_LOOP('',(#5099,#5100,#5101,#5102));
#974=EDGE_LOOP('',(#5103,#5104,#5105,#5106));
#975=EDGE_LOOP('',(#5107,#5108,#5109,#5110,#5111));
#976=EDGE_LOOP('',(#5112,#5113,#5114,#5115));
#977=EDGE_LOOP('',(#5116,#5117,#5118,#5119));
#978=EDGE_LOOP('',(#5120,#5121,#5122,#5123,#5124));
#979=EDGE_LOOP('',(#5125,#5126,#5127,#5128,#5129,#5130,#5131,#5132));
#980=EDGE_LOOP('',(#5133,#5134,#5135,#5136));
#981=EDGE_LOOP('',(#5137,#5138,#5139,#5140));
#982=EDGE_LOOP('',(#5141,#5142,#5143,#5144,#5145));
#983=EDGE_LOOP('',(#5146,#5147,#5148,#5149,#5150,#5151,#5152,#5153));
#984=EDGE_LOOP('',(#5154,#5155,#5156,#5157));
#985=EDGE_LOOP('',(#5158,#5159,#5160,#5161));
#986=EDGE_LOOP('',(#5162,#5163,#5164,#5165,#5166));
#987=EDGE_LOOP('',(#5167,#5168,#5169,#5170,#5171));
#988=EDGE_LOOP('',(#5172,#5173,#5174,#5175));
#989=EDGE_LOOP('',(#5176,#5177,#5178,#5179));
#990=EDGE_LOOP('',(#5180,#5181,#5182,#5183,#5184));
#991=EDGE_LOOP('',(#5185,#5186,#5187,#5188,#5189,#5190,#5191,#5192));
#992=EDGE_LOOP('',(#5193,#5194,#5195,#5196));
#993=EDGE_LOOP('',(#5197,#5198,#5199,#5200));
#994=EDGE_LOOP('',(#5201,#5202,#5203,#5204,#5205));
#995=EDGE_LOOP('',(#5206,#5207,#5208,#5209,#5210,#5211,#5212,#5213));
#996=EDGE_LOOP('',(#5214,#5215,#5216,#5217));
#997=EDGE_LOOP('',(#5218,#5219,#5220,#5221));
#998=EDGE_LOOP('',(#5222,#5223,#5224,#5225,#5226));
#999=EDGE_LOOP('',(#5227,#5228,#5229,#5230,#5231));
#1000=EDGE_LOOP('',(#5232,#5233,#5234,#5235));
#1001=EDGE_LOOP('',(#5236,#5237,#5238,#5239));
#1002=EDGE_LOOP('',(#5240,#5241,#5242,#5243,#5244));
#1003=EDGE_LOOP('',(#5245,#5246,#5247,#5248,#5249,#5250,#5251,#5252));
#1004=EDGE_LOOP('',(#5253,#5254,#5255,#5256));
#1005=EDGE_LOOP('',(#5257,#5258,#5259,#5260));
#1006=EDGE_LOOP('',(#5261,#5262,#5263,#5264,#5265));
#1007=EDGE_LOOP('',(#5266,#5267,#5268,#5269,#5270,#5271,#5272,#5273));
#1008=EDGE_LOOP('',(#5274,#5275,#5276,#5277));
#1009=EDGE_LOOP('',(#5278,#5279,#5280,#5281));
#1010=EDGE_LOOP('',(#5282,#5283,#5284,#5285,#5286));
#1011=EDGE_LOOP('',(#5287,#5288,#5289,#5290,#5291));
#1012=EDGE_LOOP('',(#5292,#5293,#5294,#5295));
#1013=EDGE_LOOP('',(#5296,#5297,#5298,#5299));
#1014=EDGE_LOOP('',(#5300,#5301,#5302,#5303,#5304));
#1015=EDGE_LOOP('',(#5305,#5306,#5307,#5308,#5309,#5310,#5311,#5312));
#1016=EDGE_LOOP('',(#5313,#5314,#5315,#5316));
#1017=EDGE_LOOP('',(#5317,#5318,#5319,#5320));
#1018=EDGE_LOOP('',(#5321,#5322,#5323,#5324,#5325));
#1019=EDGE_LOOP('',(#5326,#5327,#5328,#5329,#5330,#5331,#5332,#5333));
#1020=EDGE_LOOP('',(#5334,#5335,#5336,#5337));
#1021=EDGE_LOOP('',(#5338,#5339,#5340,#5341));
#1022=EDGE_LOOP('',(#5342,#5343,#5344,#5345,#5346));
#1023=EDGE_LOOP('',(#5347,#5348,#5349,#5350,#5351));
#1024=EDGE_LOOP('',(#5352,#5353,#5354,#5355));
#1025=EDGE_LOOP('',(#5356,#5357,#5358,#5359));
#1026=EDGE_LOOP('',(#5360,#5361,#5362,#5363,#5364));
#1027=EDGE_LOOP('',(#5365,#5366,#5367,#5368,#5369,#5370,#5371,#5372));
#1028=EDGE_LOOP('',(#5373,#5374,#5375,#5376));
#1029=EDGE_LOOP('',(#5377,#5378,#5379,#5380));
#1030=EDGE_LOOP('',(#5381,#5382,#5383,#5384,#5385));
#1031=EDGE_LOOP('',(#5386,#5387,#5388,#5389,#5390,#5391,#5392,#5393));
#1032=EDGE_LOOP('',(#5394,#5395,#5396,#5397));
#1033=EDGE_LOOP('',(#5398,#5399,#5400,#5401));
#1034=EDGE_LOOP('',(#5402,#5403,#5404,#5405,#5406));
#1035=EDGE_LOOP('',(#5407,#5408,#5409,#5410,#5411));
#1036=EDGE_LOOP('',(#5412,#5413,#5414,#5415));
#1037=EDGE_LOOP('',(#5416,#5417,#5418,#5419));
#1038=EDGE_LOOP('',(#5420,#5421,#5422,#5423,#5424));
#1039=EDGE_LOOP('',(#5425,#5426,#5427,#5428,#5429,#5430,#5431,#5432));
#1040=EDGE_LOOP('',(#5433,#5434,#5435,#5436));
#1041=EDGE_LOOP('',(#5437,#5438,#5439,#5440));
#1042=EDGE_LOOP('',(#5441,#5442,#5443,#5444,#5445));
#1043=EDGE_LOOP('',(#5446,#5447,#5448,#5449,#5450,#5451,#5452,#5453));
#1044=EDGE_LOOP('',(#5454,#5455,#5456,#5457));
#1045=EDGE_LOOP('',(#5458,#5459,#5460,#5461));
#1046=EDGE_LOOP('',(#5462,#5463,#5464,#5465,#5466));
#1047=EDGE_LOOP('',(#5467,#5468,#5469,#5470,#5471));
#1048=EDGE_LOOP('',(#5472,#5473,#5474,#5475));
#1049=EDGE_LOOP('',(#5476,#5477,#5478,#5479));
#1050=EDGE_LOOP('',(#5480,#5481,#5482,#5483,#5484));
#1051=EDGE_LOOP('',(#5485,#5486,#5487,#5488,#5489,#5490,#5491,#5492));
#1052=EDGE_LOOP('',(#5493,#5494,#5495,#5496));
#1053=EDGE_LOOP('',(#5497,#5498,#5499,#5500));
#1054=EDGE_LOOP('',(#5501,#5502,#5503,#5504,#5505));
#1055=EDGE_LOOP('',(#5506,#5507,#5508,#5509,#5510,#5511,#5512,#5513));
#1056=EDGE_LOOP('',(#5514,#5515,#5516,#5517));
#1057=EDGE_LOOP('',(#5518,#5519,#5520,#5521));
#1058=EDGE_LOOP('',(#5522,#5523,#5524,#5525,#5526));
#1059=EDGE_LOOP('',(#5527,#5528,#5529,#5530,#5531));
#1060=EDGE_LOOP('',(#5532,#5533,#5534,#5535));
#1061=EDGE_LOOP('',(#5536,#5537,#5538,#5539));
#1062=EDGE_LOOP('',(#5540,#5541,#5542,#5543,#5544));
#1063=EDGE_LOOP('',(#5545,#5546,#5547,#5548,#5549,#5550,#5551,#5552));
#1064=EDGE_LOOP('',(#5553,#5554,#5555,#5556));
#1065=EDGE_LOOP('',(#5557,#5558,#5559,#5560));
#1066=EDGE_LOOP('',(#5561,#5562,#5563,#5564,#5565));
#1067=EDGE_LOOP('',(#5566,#5567,#5568,#5569,#5570,#5571,#5572,#5573));
#1068=EDGE_LOOP('',(#5574,#5575,#5576,#5577));
#1069=EDGE_LOOP('',(#5578,#5579,#5580,#5581));
#1070=EDGE_LOOP('',(#5582,#5583,#5584,#5585,#5586));
#1071=CIRCLE('',#6042,1.54533666301317);
#1072=CIRCLE('',#6046,1.54533666301317);
#1073=CIRCLE('',#6048,2.);
#1074=CIRCLE('',#6054,2.);
#1075=CIRCLE('',#6057,1.9492);
#1076=CIRCLE('',#6059,4.48182149095641);
#1077=CIRCLE('',#6060,4.48182149095641);
#1078=CIRCLE('',#6061,4.30747227107935);
#1079=CIRCLE('',#6063,1.9492);
#1080=CIRCLE('',#6065,2.);
#1081=CIRCLE('',#6067,4.47566940267344);
#1082=CIRCLE('',#6068,4.45133880534688);
#1083=CIRCLE('',#6069,4.47566940267344);
#1084=CIRCLE('',#6070,4.45133880534688);
#1085=CIRCLE('',#6071,4.47566940267344);
#1086=CIRCLE('',#6075,0.25);
#1087=CIRCLE('',#6076,9.39678660287109);
#1088=CIRCLE('',#6077,0.25);
#1089=CIRCLE('',#6078,8.67814280204747);
#1090=CIRCLE('',#6079,4.84781024775547);
#1091=CIRCLE('',#6081,4.84781024775547);
#1092=CIRCLE('',#6082,8.67814280204747);
#1093=CIRCLE('',#6083,0.25);
#1094=CIRCLE('',#6084,9.39678660287109);
#1095=CIRCLE('',#6085,0.25);
#1096=CIRCLE('',#6088,5.22281024775547);
#1097=CIRCLE('',#6089,5.22281024775547);
#1098=CIRCLE('',#6091,9.05314280204747);
#1099=CIRCLE('',#6092,9.05314280204747);
#1100=CIRCLE('',#6094,0.625000000000001);
#1101=CIRCLE('',#6095,0.625000000000001);
#1102=CIRCLE('',#6097,9.77178660287109);
#1103=CIRCLE('',#6098,9.77178660287109);
#1104=CIRCLE('',#6100,0.625000000000001);
#1105=CIRCLE('',#6101,0.625000000000001);
#1106=CIRCLE('',#6104,0.375);
#1107=CIRCLE('',#6105,0.375);
#1108=CIRCLE('',#6107,0.375);
#1109=CIRCLE('',#6108,0.375);
#1110=CIRCLE('',#6110,0.375);
#1111=CIRCLE('',#6112,0.375);
#1112=CIRCLE('',#6115,0.375);
#1113=CIRCLE('',#6116,0.375);
#1114=CIRCLE('',#6118,0.375);
#1115=CIRCLE('',#6119,0.375);
#1116=CIRCLE('',#6121,0.375);
#1117=CIRCLE('',#6123,0.375);
#1118=CIRCLE('',#6126,2.85901664641648);
#1119=CIRCLE('',#6127,2.85901664641648);
#1120=CIRCLE('',#6129,3.09036186692196);
#1121=CIRCLE('',#6131,3.09036186692196);
#1122=CIRCLE('',#6134,4.84781024775547);
#1123=CIRCLE('',#6135,8.67814280204747);
#1124=CIRCLE('',#6136,0.25);
#1125=CIRCLE('',#6137,9.39678660287109);
#1126=CIRCLE('',#6138,0.25);
#1127=CIRCLE('',#6140,0.25);
#1128=CIRCLE('',#6141,9.39678660287109);
#1129=CIRCLE('',#6142,0.25);
#1130=CIRCLE('',#6143,8.67814280204747);
#1131=CIRCLE('',#6144,4.84781024775547);
#1132=CIRCLE('',#6146,0.375);
#1133=CIRCLE('',#6148,0.375);
#1134=CIRCLE('',#6151,5.22281024775547);
#1135=CIRCLE('',#6152,5.22281024775547);
#1136=CIRCLE('',#6154,9.05314280204747);
#1137=CIRCLE('',#6155,9.05314280204747);
#1138=CIRCLE('',#6157,0.625000000000001);
#1139=CIRCLE('',#6158,0.625000000000001);
#1140=CIRCLE('',#6160,9.77178660287109);
#1141=CIRCLE('',#6161,9.77178660287109);
#1142=CIRCLE('',#6163,0.625000000000001);
#1143=CIRCLE('',#6164,0.625000000000001);
#1144=CIRCLE('',#6166,0.375);
#1145=CIRCLE('',#6168,0.375);
#1146=CIRCLE('',#6169,0.375);
#1147=CIRCLE('',#6171,0.375);
#1148=CIRCLE('',#6173,0.375);
#1149=CIRCLE('',#6175,0.375);
#1150=CIRCLE('',#6177,0.375);
#1151=CIRCLE('',#6178,0.375);
#1152=CIRCLE('',#6180,0.375);
#1153=CIRCLE('',#6182,0.375);
#1154=CIRCLE('',#6209,8.);
#1155=CIRCLE('',#6210,8.);
#1156=CIRCLE('',#6213,8.);
#1157=CIRCLE('',#6214,8.);
#1158=CIRCLE('',#6215,8.);
#1159=CIRCLE('',#6216,5.);
#1160=CIRCLE('',#6218,8.);
#1161=CIRCLE('',#6221,8.);
#1162=CIRCLE('',#6224,8.);
#1163=CIRCLE('',#6226,5.);
#1164=CIRCLE('',#6230,8.);
#1165=CIRCLE('',#6231,8.);
#1166=CIRCLE('',#6234,8.);
#1167=CIRCLE('',#6235,8.);
#1168=CIRCLE('',#6236,8.);
#1169=CIRCLE('',#6238,8.);
#1170=CIRCLE('',#6241,8.);
#1171=CIRCLE('',#6243,8.);
#1172=CIRCLE('',#6262,5.);
#1173=CIRCLE('',#6263,5.);
#1174=CIRCLE('',#6266,5.);
#1175=CIRCLE('',#6269,5.);
#1176=CIRCLE('',#6271,5.);
#1177=CIRCLE('',#6272,5.);
#1178=CIRCLE('',#6275,5.);
#1179=CIRCLE('',#6276,2.6);
#1180=CIRCLE('',#6278,5.);
#1181=CIRCLE('',#6280,2.6);
#1182=CIRCLE('',#6308,5.);
#1183=CIRCLE('',#6309,5.);
#1184=CIRCLE('',#6312,5.);
#1185=CIRCLE('',#6315,5.);
#1186=CIRCLE('',#6317,5.);
#1187=CIRCLE('',#6318,5.);
#1188=CIRCLE('',#6321,2.6);
#1189=CIRCLE('',#6322,5.);
#1190=CIRCLE('',#6324,5.);
#1191=CIRCLE('',#6326,2.6);
#1192=CIRCLE('',#6354,5.);
#1193=CIRCLE('',#6355,5.);
#1194=CIRCLE('',#6358,5.);
#1195=CIRCLE('',#6361,5.);
#1196=CIRCLE('',#6363,5.);
#1197=CIRCLE('',#6364,5.);
#1198=CIRCLE('',#6367,2.6);
#1199=CIRCLE('',#6368,5.);
#1200=CIRCLE('',#6370,5.);
#1201=CIRCLE('',#6372,2.6);
#1202=CIRCLE('',#6400,5.);
#1203=CIRCLE('',#6401,5.);
#1204=CIRCLE('',#6404,5.);
#1205=CIRCLE('',#6407,5.);
#1206=CIRCLE('',#6409,5.);
#1207=CIRCLE('',#6410,5.);
#1208=CIRCLE('',#6413,5.);
#1209=CIRCLE('',#6414,2.6);
#1210=CIRCLE('',#6416,5.);
#1211=CIRCLE('',#6418,2.6);
#1212=B_SPLINE_CURVE_WITH_KNOTS('',3,(#8163,#8164,#8165,#8166,#8167,#8168,
#8169,#8170,#8171,#8172,#8173,#8174,#8175,#8176,#8177,#8178,#8179,#8180,
#8181,#8182,#8183,#8184,#8185,#8186),.UNSPECIFIED.,.F.,.F.,(4,2,2,2,2,2,
2,2,2,2,2,4),(3.39480358277327,3.41053400781273,3.47032165328725,3.53246177665081,
3.59178133061423,3.65226939138148,3.71400055964773,3.77296087067234,3.83408583872402,
3.89533104738529,3.9350489458052,3.97577242207148),.UNSPECIFIED.);
#1213=B_SPLINE_CURVE_WITH_KNOTS('',3,(#8189,#8190,#8191,#8192,#8193,#8194,
#8195,#8196,#8197,#8198,#8199,#8200,#8201,#8202,#8203,#8204,#8205,#8206,
#8207,#8208,#8209,#8210,#8211,#8212,#8213,#8214,#8215,#8216),
 .UNSPECIFIED.,.F.,.F.,(4,2,2,2,2,2,2,2,2,2,2,2,2,4),(9.99999999620478E-7,
0.0399266165923033,0.0787616624771949,0.138832636904367,0.200502129412601,
0.259409357491774,0.320143553176763,0.381796720233493,0.441069342401333,
0.502654403028019,0.562874033859112,0.62286987302284,0.685238880477309,
0.704411013688185),.UNSPECIFIED.);
#1214=B_SPLINE_CURVE_WITH_KNOTS('',3,(#8221,#8222,#8223,#8224,#8225,#8226,
#8227,#8228,#8229,#8230,#8231,#8232,#8233,#8234,#8235,#8236,#8237,#8238,
#8239,#8240,#8241,#8242,#8243,#8244,#8245,#8246,#8247,#8248,#8249,#8250,
#8251,#8252,#8253,#8254,#8255,#8256),.UNSPECIFIED.,.F.,.F.,(4,2,2,2,2,2,
2,2,2,2,2,2,2,2,2,2,2,4),(2.41669666187611,2.44040369761443,2.50047756835213,
2.56222523313058,2.62124062715313,2.68198305655093,2.74371199819958,2.8030026114329,
2.86460424981277,2.92510288814894,2.98512414175363,3.04751517874126,3.10675241355447,
3.16747178666145,3.22926942867447,3.28837795625091,3.34971786526126,3.39480358277327),
 .UNSPECIFIED.);
#1215=B_SPLINE_CURVE_WITH_KNOTS('',3,(#8257,#8258,#8259,#8260,#8261,#8262,
#8263,#8264,#8265,#8266,#8267,#8268,#8269,#8270,#8271,#8272,#8273,#8274,
#8275,#8276,#8277,#8278,#8279,#8280,#8281,#8282,#8283,#8284,#8285,#8286,
#8287,#8288,#8289,#8290,#8291,#8292),.UNSPECIFIED.,.F.,.F.,(4,2,2,2,2,2,
2,2,2,2,2,2,2,2,2,2,2,4),(0.704411013688185,0.744315544769895,0.805006916745758,
0.866691274408598,0.925754407859489,0.987055185759276,1.04752911205357,
1.10726713456581,1.16935971637016,1.22846237674417,1.28889757854984,1.35048817663872,
1.40935069221037,1.47041308639091,1.5312602768418,1.59078975663862,1.65265793803144,
1.67985760196475),.UNSPECIFIED.);
#1216=B_SPLINE_CURVE_WITH_KNOTS('',3,(#8297,#8298,#8299,#8300,#8301,#8302,
#8303,#8304,#8305,#8306,#8307,#8308,#8309,#8310,#8311,#8312,#8313,#8314,
#8315,#8316,#8317,#8318,#8319,#8320,#8321,#8322,#8323,#8324,#8325,#8326,
#8327,#8328,#8329,#8330,#8331,#8332),.UNSPECIFIED.,.F.,.F.,(4,2,2,2,2,2,
2,2,2,2,2,2,2,2,2,2,2,4),(1.44041831959629,1.47147239027425,1.53176603941136,
1.59342571448719,1.65229041221179,1.71323087081119,1.77480550428868,1.83425285588497,
1.89602753659017,1.95568531044111,2.01584094107637,2.07752177486426,2.13641735262255,
2.19723155581809,2.25937510666807,2.31873249614597,2.38040859835567,2.41669666187611),
 .UNSPECIFIED.);
#1217=B_SPLINE_CURVE_WITH_KNOTS('',3,(#8333,#8334,#8335,#8336,#8337,#8338,
#8339,#8340,#8341,#8342,#8343,#8344,#8345,#8346,#8347,#8348,#8349,#8350,
#8351,#8352,#8353,#8354,#8355,#8356,#8357,#8358,#8359,#8360,#8361,#8362,
#8363,#8364,#8365,#8366,#8367,#8368),.UNSPECIFIED.,.F.,.F.,(4,2,2,2,2,2,
2,2,2,2,2,2,2,2,2,2,2,4),(1.67985760196475,1.71189518556792,1.77212486212627,
1.83367468680493,1.89520265269903,1.95601129800469,2.01476521782621,2.0763104188162,
2.13647186634685,2.19578718077517,2.25758000729164,2.31703958861114,2.37805925948996,
2.43903909347405,2.49784922237851,2.55941551673861,2.61976201096998,2.6542049841576),
 .UNSPECIFIED.);
#1218=B_SPLINE_CURVE_WITH_KNOTS('',3,(#8374,#8375,#8376,#8377,#8378,#8379,
#8380,#8381,#8382,#8383,#8384,#8385,#8386,#8387,#8388,#8389),
 .UNSPECIFIED.,.F.,.F.,(4,2,2,2,2,2,2,4),(3.62989251849975,3.64673617041486,
3.70833345461672,3.7682785071965,3.82809244094522,3.88963814860736,3.93187815923062,
3.97257712785677),.UNSPECIFIED.);
#1219=B_SPLINE_CURVE_WITH_KNOTS('',3,(#8392,#8393,#8394,#8395,#8396,#8397,
#8398,#8399,#8400,#8401,#8402,#8403,#8404,#8405,#8406,#8407,#8408,#8409,
#8410,#8411),.UNSPECIFIED.,.F.,.F.,(4,2,2,2,2,2,2,2,2,4),(1.00000010236356E-6,
0.0386407717136826,0.0778299054830112,0.139545749632732,0.19885035084618,
0.260467522442475,0.320852387433115,0.380884185781888,0.443288276844696,
0.463521047382143),.UNSPECIFIED.);
#1220=B_SPLINE_CURVE_WITH_KNOTS('',3,(#8418,#8419,#8420,#8421,#8422,#8423,
#8424,#8425),.UNSPECIFIED.,.F.,.F.,(4,2,2,4),(-6.68489402915671,-6.62552239642222,
-6.56652816423639,-6.52905496151173),.UNSPECIFIED.);
#1221=B_SPLINE_CURVE_WITH_KNOTS('',3,(#8430,#8431,#8432,#8433,#8434,#8435,
#8436,#8437,#8438,#8439,#8440,#8441,#8442,#8443,#8444,#8445,#8446,#8447,
#8448,#8449,#8450,#8451,#8452,#8453,#8454,#8455,#8456,#8457,#8458,#8459,
#8460,#8461,#8462,#8463,#8464,#8465),.UNSPECIFIED.,.F.,.F.,(4,2,2,2,2,2,
2,2,2,2,2,2,2,2,2,2,2,4),(-1.26312805634646,-1.23273595876278,-1.15246877547726,
-1.07526081663953,-0.997023703853301,-0.917770932676275,-0.84143434832011,
-0.761724647009892,-0.683321345901589,-0.607001437221092,-0.526410948551561,
-0.448909273179965,-0.371127794367857,-0.291547155052521,-0.214953017534574,
-0.135257086368999,-0.0665299440002389,0.),.UNSPECIFIED.);
#1222=B_SPLINE_CURVE_WITH_KNOTS('',3,(#8466,#8467,#8468,#8469,#8470,#8471,
#8472,#8473,#8474,#8475,#8476,#8477,#8478,#8479,#8480,#8481,#8482,#8483,
#8484,#8485,#8486,#8487,#8488,#8489,#8490,#8491,#8492,#8493,#8494,#8495,
#8496,#8497,#8498,#8499,#8500,#8501),.UNSPECIFIED.,.F.,.F.,(4,2,2,2,2,2,
2,2,2,2,2,2,2,2,2,2,2,4),(-6.52905496151173,-6.48972857889439,-6.41187287195437,
-6.33219891236126,-6.25612917690354,-6.17741122436509,-6.09764400330584,
-6.02088222960014,-5.94111300066863,-5.86391824433549,-5.78625733601421,
-5.70655469406563,-5.63042392946737,-5.55189620005297,-5.47221097658981,
-5.39562474381369,-5.31605214395753,-5.26626371071055),.UNSPECIFIED.);
#1223=B_SPLINE_CURVE_WITH_KNOTS('',3,(#8506,#8507,#8508,#8509,#8510,#8511,
#8512,#8513,#8514,#8515,#8516,#8517,#8518,#8519,#8520,#8521,#8522,#8523,
#8524,#8525,#8526,#8527,#8528,#8529,#8530,#8531,#8532,#8533,#8534,#8535,
#8536,#8537,#8538,#8539,#8540,#8541),.UNSPECIFIED.,.F.,.F.,(4,2,2,2,2,2,
2,2,2,2,2,2,2,2,2,2,2,4),(-2.52498271064083,-2.48276684396784,-2.40300914116541,
-2.32626090957402,-2.24668922679713,-2.16797765922982,-2.09195204037704,
-2.01232747589232,-1.93447674735292,-1.85778550994125,-1.77779806717284,
-1.70084310309356,-1.62199979681513,-1.543038753731,-1.46692362797168,-1.38727893468477,
-1.30917361290216,-1.26312805634646),.UNSPECIFIED.);
#1224=B_SPLINE_CURVE_WITH_KNOTS('',3,(#8542,#8543,#8544,#8545,#8546,#8547,
#8548,#8549,#8550,#8551,#8552,#8553,#8554,#8555,#8556,#8557,#8558,#8559,
#8560,#8561,#8562,#8563,#8564,#8565,#8566,#8567,#8568,#8569,#8570,#8571,
#8572,#8573,#8574,#8575,#8576,#8577),.UNSPECIFIED.,.F.,.F.,(4,2,2,2,2,2,
2,2,2,2,2,2,2,2,2,2,2,4),(-5.26626371071055,-5.23828902167691,-5.1607955136966,
-5.08021324892157,-5.00390663045345,-4.92551156854731,-4.84581370097499,
-4.76948548820458,-4.69024119891428,-4.61202486990714,-4.53482559357466,
-4.45456717859077,-4.37814488402826,-4.30004834636558,-4.2204161690441,
-4.14431128043678,-4.06535924554938,-4.00362879289196),.UNSPECIFIED.);
#1225=B_SPLINE_CURVE_WITH_KNOTS('',3,(#8582,#8583,#8584,#8585,#8586,#8587,
#8588,#8589,#8590,#8591,#8592,#8593,#8594,#8595,#8596,#8597,#8598,#8599,
#8600,#8601,#8602,#8603,#8604,#8605,#8606,#8607,#8608,#8609,#8610,#8611,
#8612,#8613,#8614,#8615,#8616,#8617),.UNSPECIFIED.,.F.,.F.,(4,2,2,2,2,2,
2,2,2,2,2,2,2,2,2,2,2,4),(-3.78712490459631,-3.73462683704963,-3.65636503960486,
-3.57678967572695,-3.50044911392765,-3.42114145024726,-3.34299498597845,
-3.26328921209772,-3.18579225772185,-3.10825886213814,-3.02867481056804,
-2.95208153984102,-2.87170039473563,-2.79318895619009,-2.71712477813954,
-2.63747898903136,-2.55983298530204,-2.52498271064083),.UNSPECIFIED.);
#1226=B_SPLINE_CURVE_WITH_KNOTS('',3,(#8618,#8619,#8620,#8621,#8622,#8623,
#8624,#8625,#8626,#8627,#8628,#8629,#8630,#8631,#8632,#8633,#8634,#8635,
#8636,#8637,#8638,#8639,#8640,#8641,#8642,#8643,#8644,#8645,#8646,#8647,
#8648,#8649,#8650,#8651,#8652,#8653),.UNSPECIFIED.,.F.,.F.,(4,2,2,2,2,2,
2,2,2,2,2,2,2,2,2,2,2,4),(-4.00362879289196,-3.98653888005604,-3.90959319732648,
-3.82961516644902,-3.75294125688199,-3.67509995842373,-3.5954885417676,
-3.5194751032781,-3.4407731780243,-3.36471431838175,-3.285099140634,-3.20708665234899,
-3.13061242026884,-3.050445421853,-2.97332933057089,-2.89496167482183,-2.81581130901679,
-2.7419537737445),.UNSPECIFIED.);
#1227=B_SPLINE_CURVE_WITH_KNOTS('',3,(#8658,#8659,#8660,#8661,#8662,#8663,
#8664,#8665,#8666,#8667,#8668,#8669,#8670,#8671,#8672,#8673,#8674,#8675,
#8676,#8677,#8678,#8679,#8680,#8681,#8682,#8683,#8684,#8685,#8686,#8687,
#8688,#8689,#8690,#8691,#8692,#8693),.UNSPECIFIED.,.F.,.F.,(4,2,2,2,2,2,
2,2,2,2,2,2,2,2,2,2,2,4),(-5.04757780486637,-4.98429188968123,-4.90568984399615,
-4.82619500098744,-4.74955225509435,-4.66990463767516,-4.59292386352118,
-4.51538437191084,-4.43584032559456,-4.35987129747886,-4.28146733804465,
-4.20116214325058,-4.12467232898964,-4.04519615817826,-3.96774622990624,
-3.89035363871121,-3.81074841514373,-3.78712490459631),.UNSPECIFIED.);
#1228=B_SPLINE_CURVE_WITH_KNOTS('',3,(#8694,#8695,#8696,#8697,#8698,#8699,
#8700,#8701,#8702,#8703,#8704,#8705,#8706,#8707,#8708,#8709,#8710,#8711,
#8712,#8713,#8714,#8715,#8716,#8717,#8718,#8719,#8720,#8721,#8722,#8723,
#8724,#8725,#8726,#8727,#8728,#8729,#8730,#8731),.UNSPECIFIED.,.F.,.F.,
(4,2,2,2,2,2,2,2,2,2,2,2,2,2,2,2,2,2,4),(-2.7419537737445,-2.73956625585363,
-2.65989861594734,-2.58159933313165,-2.50528027546404,-2.42480122465222,
-2.34740199507381,-2.26953243462252,-2.19006354879701,-2.11357392858748,
-2.03394076639315,-1.95551639242637,-1.87940881482658,-1.79975372003788,
-1.72219675782567,-1.64493816829527,-1.56528127105811,-1.48862417428823,
-1.47945135719928),.UNSPECIFIED.);
#1229=B_SPLINE_CURVE_WITH_KNOTS('',3,(#8737,#8738,#8739,#8740,#8741,#8742,
#8743,#8744),.UNSPECIFIED.,.F.,.F.,(4,2,2,4),(-0.217876893366579,-0.159383480383595,
-0.0802832892297994,0.),.UNSPECIFIED.);
#1230=B_SPLINE_CURVE_WITH_KNOTS('',3,(#8747,#8748,#8749,#8750,#8751,#8752,
#8753,#8754,#8755,#8756,#8757,#8758,#8759,#8760),.UNSPECIFIED.,.F.,.F.,
(4,2,2,2,2,2,4),(-6.68109531771668,-6.61180374573485,-6.54320348025367,
-6.46698070305979,-6.38868961897982,-6.3090861096519,-6.30804148250909),
 .UNSPECIFIED.);
#1231=B_SPLINE_CURVE_WITH_KNOTS('',3,(#8765,#8766,#8767,#8768),
 .UNSPECIFIED.,.F.,.F.,(4,4),(0.659789046760872,0.663923672450237),
 .UNSPECIFIED.);
#1232=B_SPLINE_CURVE_WITH_KNOTS('',3,(#8769,#8770,#8771,#8772,#8773,#8774,
#8775,#8776),.UNSPECIFIED.,.F.,.F.,(4,2,2,4),(1.00000012534908E-6,0.0560588139067352,
0.11390007456706,0.163561855785327),.UNSPECIFIED.);
#1233=B_SPLINE_CURVE_WITH_KNOTS('',3,(#8781,#8782,#8783,#8784,#8785,#8786,
#8787,#8788,#8789,#8790,#8791,#8792,#8793,#8794,#8795,#8796,#8797,#8798,
#8799,#8800,#8801,#8802,#8803,#8804,#8805,#8806,#8807,#8808,#8809,#8810,
#8811,#8812),.UNSPECIFIED.,.F.,.F.,(4,2,2,2,2,2,2,2,2,2,2,2,2,2,2,4),(0.15317640367036,
0.172667952875949,0.237056840769461,0.29810799222154,0.342161106513037,
0.376246776653746,0.410381956352492,0.42684744671044,0.45788429561349,0.491216202503459,
0.520917535763765,0.54668881291614,0.55967346819227,0.577776632384702,0.586628701227445,
0.595234338394649),.UNSPECIFIED.);
#1234=B_SPLINE_CURVE_WITH_KNOTS('',3,(#8814,#8815,#8816,#8817,#8818,#8819,
#8820,#8821,#8822,#8823,#8824,#8825,#8826,#8827),.UNSPECIFIED.,.F.,.F.,
(4,2,2,2,2,2,4),(-0.36112233762365,-0.305742674624627,-0.255671319999374,
-0.16225542007457,-0.112402934876934,-0.0485447948907144,0.),
 .UNSPECIFIED.);
#1235=B_SPLINE_CURVE_WITH_KNOTS('',3,(#8840,#8841,#8842,#8843,#8844,#8845,
#8846,#8847),.UNSPECIFIED.,.F.,.F.,(4,2,2,4),(9.99999999770523E-7,0.0526051330795927,
0.104459725971527,0.15317640367036),.UNSPECIFIED.);
#1236=B_SPLINE_CURVE_WITH_KNOTS('',3,(#8849,#8850,#8851,#8852,#8853,#8854,
#8855,#8856,#8857,#8858),.UNSPECIFIED.,.F.,.F.,(4,2,2,2,4),(0.163561855785327,
0.193272220388641,0.240817318744705,0.297647876434811,0.356602234076245),
 .UNSPECIFIED.);
#1237=B_SPLINE_CURVE_WITH_KNOTS('',3,(#8860,#8861,#8862,#8863,#8864,#8865,
#8866,#8867,#8868,#8869,#8870,#8871,#8872,#8873,#8874,#8875,#8876,#8877,
#8878,#8879,#8880,#8881,#8882,#8883,#8884,#8885,#8886,#8887,#8888,#8889,
#8890,#8891,#8892,#8893,#8894,#8895,#8896,#8897,#8898,#8899),
 .UNSPECIFIED.,.F.,.F.,(4,2,2,2,2,2,2,2,2,2,2,2,2,2,2,2,2,2,2,4),(0.,0.0450935944072896,
0.0869328395236068,0.161782612661579,0.226657950342853,0.283161984304222,
0.335623904844688,0.362285340991111,0.415246287347211,0.467854826407385,
0.502880722260557,0.528083971926828,0.554778818375177,0.567801969260145,
0.591405196773641,0.616717341119062,0.63380665764466,0.646306979512346,
0.655613480184516,0.659789046760872),.UNSPECIFIED.);
#1238=B_SPLINE_CURVE_WITH_KNOTS('',3,(#8906,#8907,#8908,#8909,#8910,#8911,
#8912,#8913,#8914,#8915,#8916,#8917),.UNSPECIFIED.,.F.,.F.,(4,2,2,2,2,4),
(0.0564424627216723,0.0570028715981157,0.0715163464840618,0.0860298213700079,
0.100442897743647,0.104499287657568),.UNSPECIFIED.);
#1239=B_SPLINE_CURVE_WITH_KNOTS('',3,(#8921,#8922,#8923,#8924,#8925,#8926,
#8927,#8928,#8929,#8930,#8931,#8932),.UNSPECIFIED.,.F.,.F.,(4,2,2,2,2,4),
(0.0103566864597177,0.014413076373639,0.028826152747278,0.0433396276332241,
0.0578531025191703,0.0584135113956136),.UNSPECIFIED.);
#1240=B_SPLINE_CURVE_WITH_KNOTS('',3,(#8936,#8937,#8938,#8939,#8940,#8941,
#8942,#8943,#8944,#8945,#8946,#8947),.UNSPECIFIED.,.F.,.F.,(4,2,2,2,2,4),
(-0.0584135113956136,-0.0578531025191703,-0.0433396276332241,-0.028826152747278,
-0.014413076373639,-0.0103566864597177),.UNSPECIFIED.);
#1241=B_SPLINE_CURVE_WITH_KNOTS('',3,(#8951,#8952,#8953,#8954,#8955,#8956,
#8957,#8958,#8959,#8960,#8961,#8962),.UNSPECIFIED.,.F.,.F.,(4,2,2,2,2,4),
(-0.104499287657568,-0.100442897743647,-0.0860298213700079,-0.0715163464840618,
-0.0570028715981157,-0.0564424627216723),.UNSPECIFIED.);
#1242=B_SPLINE_CURVE_WITH_KNOTS('',3,(#8965,#8966,#8967,#8968,#8969,#8970,
#8971,#8972,#8973,#8974,#8975,#8976,#8977,#8978,#8979,#8980,#8981,#8982,
#8983,#8984,#8985,#8986,#8987,#8988,#8989,#8990,#8991,#8992,#8993,#8994,
#8995,#8996,#8997,#8998,#8999,#9000),.UNSPECIFIED.,.F.,.F.,(4,2,2,2,2,2,
2,2,2,2,2,2,2,2,2,2,2,4),(-6.30804148250909,-6.2328579168107,-6.15371823000337,
-6.07556434873377,-5.99846559520464,-5.9183125322909,-5.84196748679367,
-5.76397263616524,-5.68443247339684,-5.60842110459347,-5.52957145274317,
-5.45080749462501,-5.37395994245316,-5.29408467915021,-5.2174819979786,
-5.13973983624959,-5.0602183302725,-5.04757780486637),.UNSPECIFIED.);
#1243=B_SPLINE_CURVE_WITH_KNOTS('',3,(#9001,#9002,#9003,#9004,#9005,#9006,
#9007,#9008,#9009,#9010,#9011,#9012,#9013,#9014,#9015,#9016,#9017,#9018,
#9019,#9020,#9021,#9022,#9023,#9024,#9025,#9026,#9027,#9028,#9029,#9030,
#9031,#9032,#9033,#9034,#9035,#9036),.UNSPECIFIED.,.F.,.F.,(4,2,2,2,2,2,
2,2,2,2,2,2,2,2,2,2,2,4),(-1.47945135719928,-1.40870097210364,-1.33010148031977,
-1.2540862340362,-1.17447046346944,-1.09673380250947,-1.01989699762057,
-0.940035520295243,-0.863194910457187,-0.784042855054442,-0.705215754368991,
-0.629171314671146,-0.549554827572664,-0.471585762357015,-0.395060739753694,
-0.314941766800489,-0.237868776963089,-0.217876893366579),.UNSPECIFIED.);
#1244=B_SPLINE_CURVE_WITH_KNOTS('',3,(#9038,#9039,#9040,#9041,#9042,#9043,
#9044,#9045,#9046,#9047,#9048,#9049,#9050,#9051,#9052,#9053,#9054,#9055,
#9056,#9057,#9058,#9059,#9060,#9061,#9062,#9063,#9064,#9065,#9066,#9067,
#9068,#9069,#9070,#9071,#9072,#9073),.UNSPECIFIED.,.F.,.F.,(4,2,2,2,2,2,
2,2,2,2,2,2,2,2,2,2,2,4),(0.463521047382143,0.502468746139721,0.563197769225664,
0.624964260696801,0.684071717973337,0.745416264706891,0.806088805406527,
0.865875350379723,0.928016240248888,0.987252172518769,1.04773781354864,
1.10942486509249,1.16835877345449,1.22947700483441,1.29055263809691,1.35014369439239,
1.41207400532282,1.44041831959629),.UNSPECIFIED.);
#1245=B_SPLINE_CURVE_WITH_KNOTS('',3,(#9074,#9075,#9076,#9077,#9078,#9079,
#9080,#9081,#9082,#9083,#9084,#9085,#9086,#9087,#9088,#9089,#9090,#9091,
#9092,#9093,#9094,#9095,#9096,#9097,#9098,#9099,#9100,#9101,#9102,#9103,
#9104,#9105,#9106,#9107,#9108,#9109),.UNSPECIFIED.,.F.,.F.,(4,2,2,2,2,2,
2,2,2,2,2,2,2,2,2,2,2,4),(2.6542049841576,2.6789025010984,2.74089878574562,
2.80054714414725,2.8611512723633,2.92235108633238,2.98132147070503,3.04296035487717,
3.10354350487402,3.16261496074132,3.22486762554062,3.28475478035006,3.34505671785248,
3.40652306767168,3.46568300015093,3.52726228248583,3.58787338676903,3.62989251849975),
 .UNSPECIFIED.);
#1246=B_SPLINE_CURVE_WITH_KNOTS('',3,(#9197,#9198,#9199,#9200,#9201,#9202,
#9203,#9204,#9205,#9206),.UNSPECIFIED.,.F.,.F.,(4,2,2,2,4),(-0.0506867971636855,
-0.0425971439292939,-0.0299878528177007,-0.0198015534295001,-0.0110215282307605),
 .UNSPECIFIED.);
#1247=B_SPLINE_CURVE_WITH_KNOTS('',3,(#9212,#9213,#9214,#9215,#9216,#9217),
 .UNSPECIFIED.,.F.,.F.,(4,2,4),(-0.156490032085611,-0.143298229854125,-0.123664297716789),
 .UNSPECIFIED.);
#1248=B_SPLINE_CURVE_WITH_KNOTS('',3,(#9245,#9246,#9247,#9248),
 .UNSPECIFIED.,.F.,.F.,(4,4),(-0.130630925445325,-0.120253373075046),
 .UNSPECIFIED.);
#1249=B_SPLINE_CURVE_WITH_KNOTS('',3,(#9252,#9253,#9254,#9255,#9256,#9257,
#9258,#9259,#9260,#9261,#9262,#9263),.UNSPECIFIED.,.F.,.F.,(4,2,2,2,2,4),
(-0.101416069724249,-0.100949459000058,-0.0927577543710212,-0.083887476939709,
-0.0737536166844354,-0.0652853818976681),.UNSPECIFIED.);
#1250=B_SPLINE_CURVE_WITH_KNOTS('',3,(#9264,#9265,#9266,#9267,#9268,#9269),
 .UNSPECIFIED.,.F.,.F.,(4,2,4),(-0.172641827261613,-0.153007895124168,-0.139816092892682),
 .UNSPECIFIED.);
#1251=B_SPLINE_CURVE_WITH_KNOTS('',3,(#9302,#9303,#9304,#9305),
 .UNSPECIFIED.,.F.,.F.,(4,4),(-0.119016692210337,-0.108639139840057),
 .UNSPECIFIED.);
#1252=B_SPLINE_CURVE_WITH_KNOTS('',3,(#9312,#9313,#9314,#9315,#9316,#9317),
 .UNSPECIFIED.,.F.,.F.,(4,2,4),(-0.0550026546239102,-0.0273451510848181,
-1.0000000494198E-6),.UNSPECIFIED.);
#1253=B_SPLINE_CURVE_WITH_KNOTS('',3,(#9318,#9319,#9320,#9321,#9322,#9323),
 .UNSPECIFIED.,.F.,.F.,(4,2,4),(-0.0542713554277957,-0.0275362370055811,
0.),.UNSPECIFIED.);
#1254=B_SPLINE_CURVE_WITH_KNOTS('',3,(#9328,#9329,#9330,#9331,#9332,#9333,
#9334,#9335,#9336,#9337,#9338,#9339),.UNSPECIFIED.,.F.,.F.,(4,2,2,2,2,4),
(-0.101416069724827,-0.100949459000522,-0.0927577543713964,-0.0838874769399823,
-0.0737536166845872,-0.0652853818982241),.UNSPECIFIED.);
#1255=B_SPLINE_CURVE_WITH_KNOTS('',3,(#9355,#9356,#9357,#9358,#9359,#9360,
#9361,#9362,#9363,#9364),.UNSPECIFIED.,.F.,.F.,(4,2,2,2,4),(-0.0506867971641784,
-0.042597143929272,-0.029987852817687,-0.0198015534294926,-0.0110215282308764),
 .UNSPECIFIED.);
#1256=B_SPLINE_CURVE_WITH_KNOTS('',3,(#9368,#9369,#9370,#9371),
 .UNSPECIFIED.,.F.,.F.,(4,4),(0.00466966408770812,0.0150472164579875),
 .UNSPECIFIED.);
#1257=B_SPLINE_CURVE_WITH_KNOTS('',3,(#9376,#9377,#9378,#9379,#9380,#9381,
#9382),.UNSPECIFIED.,.F.,.F.,(4,3,4),(-0.0196339321373347,0.,0.0131918022314863),
 .UNSPECIFIED.);
#1258=B_SPLINE_CURVE_WITH_KNOTS('',3,(#9421,#9422,#9423,#9424,#9425,#9426,
#9427),.UNSPECIFIED.,.F.,.F.,(4,3,4),(-0.0131918022314862,0.,0.0196339321374434),
 .UNSPECIFIED.);
#1259=B_SPLINE_CURVE_WITH_KNOTS('',3,(#9520,#9521,#9522,#9523),
 .UNSPECIFIED.,.F.,.F.,(4,4),(-0.0150472164579875,-0.00466966408770818),
 .UNSPECIFIED.);
#1260=LINE('',#8161,#1889);
#1261=LINE('',#8220,#1890);
#1262=LINE('',#8296,#1891);
#1263=LINE('',#8372,#1892);
#1264=LINE('',#8415,#1893);
#1265=LINE('',#8429,#1894);
#1266=LINE('',#8505,#1895);
#1267=LINE('',#8581,#1896);
#1268=LINE('',#8657,#1897);
#1269=LINE('',#8735,#1898);
#1270=LINE('',#8764,#1899);
#1271=LINE('',#8780,#1900);
#1272=LINE('',#8835,#1901);
#1273=LINE('',#8902,#1902);
#1274=LINE('',#9113,#1903);
#1275=LINE('',#9119,#1904);
#1276=LINE('',#9136,#1905);
#1277=LINE('',#9147,#1906);
#1278=LINE('',#9150,#1907);
#1279=LINE('',#9152,#1908);
#1280=LINE('',#9153,#1909);
#1281=LINE('',#9157,#1910);
#1282=LINE('',#9163,#1911);
#1283=LINE('',#9169,#1912);
#1284=LINE('',#9175,#1913);
#1285=LINE('',#9181,#1914);
#1286=LINE('',#9187,#1915);
#1287=LINE('',#9189,#1916);
#1288=LINE('',#9191,#1917);
#1289=LINE('',#9192,#1918);
#1290=LINE('',#9193,#1919);
#1291=LINE('',#9310,#1920);
#1292=LINE('',#9345,#1921);
#1293=LINE('',#9348,#1922);
#1294=LINE('',#9385,#1923);
#1295=LINE('',#9387,#1924);
#1296=LINE('',#9404,#1925);
#1297=LINE('',#9415,#1926);
#1298=LINE('',#9419,#1927);
#1299=LINE('',#9429,#1928);
#1300=LINE('',#9433,#1929);
#1301=LINE('',#9435,#1930);
#1302=LINE('',#9436,#1931);
#1303=LINE('',#9440,#1932);
#1304=LINE('',#9446,#1933);
#1305=LINE('',#9452,#1934);
#1306=LINE('',#9458,#1935);
#1307=LINE('',#9462,#1936);
#1308=LINE('',#9965,#1937);
#1309=LINE('',#9967,#1938);
#1310=LINE('',#9969,#1939);
#1311=LINE('',#9970,#1940);
#1312=LINE('',#9973,#1941);
#1313=LINE('',#9975,#1942);
#1314=LINE('',#9976,#1943);
#1315=LINE('',#9979,#1944);
#1316=LINE('',#9981,#1945);
#1317=LINE('',#9982,#1946);
#1318=LINE('',#9984,#1947);
#1319=LINE('',#9985,#1948);
#1320=LINE('',#9989,#1949);
#1321=LINE('',#9991,#1950);
#1322=LINE('',#9993,#1951);
#1323=LINE('',#9994,#1952);
#1324=LINE('',#9997,#1953);
#1325=LINE('',#9999,#1954);
#1326=LINE('',#10000,#1955);
#1327=LINE('',#10003,#1956);
#1328=LINE('',#10005,#1957);
#1329=LINE('',#10006,#1958);
#1330=LINE('',#10008,#1959);
#1331=LINE('',#10009,#1960);
#1332=LINE('',#10015,#1961);
#1333=LINE('',#10017,#1962);
#1334=LINE('',#10019,#1963);
#1335=LINE('',#10020,#1964);
#1336=LINE('',#10023,#1965);
#1337=LINE('',#10025,#1966);
#1338=LINE('',#10026,#1967);
#1339=LINE('',#10029,#1968);
#1340=LINE('',#10031,#1969);
#1341=LINE('',#10032,#1970);
#1342=LINE('',#10034,#1971);
#1343=LINE('',#10035,#1972);
#1344=LINE('',#10041,#1973);
#1345=LINE('',#10043,#1974);
#1346=LINE('',#10045,#1975);
#1347=LINE('',#10046,#1976);
#1348=LINE('',#10049,#1977);
#1349=LINE('',#10051,#1978);
#1350=LINE('',#10052,#1979);
#1351=LINE('',#10055,#1980);
#1352=LINE('',#10057,#1981);
#1353=LINE('',#10058,#1982);
#1354=LINE('',#10060,#1983);
#1355=LINE('',#10061,#1984);
#1356=LINE('',#10069,#1985);
#1357=LINE('',#10072,#1986);
#1358=LINE('',#10075,#1987);
#1359=LINE('',#10077,#1988);
#1360=LINE('',#10078,#1989);
#1361=LINE('',#10081,#1990);
#1362=LINE('',#10085,#1991);
#1363=LINE('',#10089,#1992);
#1364=LINE('',#10095,#1993);
#1365=LINE('',#10099,#1994);
#1366=LINE('',#10100,#1995);
#1367=LINE('',#10103,#1996);
#1368=LINE('',#10107,#1997);
#1369=LINE('',#10108,#1998);
#1370=LINE('',#10111,#1999);
#1371=LINE('',#10115,#2000);
#1372=LINE('',#10118,#2001);
#1373=LINE('',#10125,#2002);
#1374=LINE('',#10128,#2003);
#1375=LINE('',#10131,#2004);
#1376=LINE('',#10133,#2005);
#1377=LINE('',#10134,#2006);
#1378=LINE('',#10137,#2007);
#1379=LINE('',#10141,#2008);
#1380=LINE('',#10145,#2009);
#1381=LINE('',#10149,#2010);
#1382=LINE('',#10151,#2011);
#1383=LINE('',#10153,#2012);
#1384=LINE('',#10154,#2013);
#1385=LINE('',#10159,#2014);
#1386=LINE('',#10160,#2015);
#1387=LINE('',#10163,#2016);
#1388=LINE('',#10164,#2017);
#1389=LINE('',#10168,#2018);
#1390=LINE('',#10172,#2019);
#1391=LINE('',#10175,#2020);
#1392=LINE('',#10177,#2021);
#1393=LINE('',#10178,#2022);
#1394=LINE('',#10181,#2023);
#1395=LINE('',#10182,#2024);
#1396=LINE('',#10185,#2025);
#1397=LINE('',#10186,#2026);
#1398=LINE('',#10188,#2027);
#1399=LINE('',#10190,#2028);
#1400=LINE('',#10192,#2029);
#1401=LINE('',#10197,#2030);
#1402=LINE('',#10201,#2031);
#1403=LINE('',#10205,#2032);
#1404=LINE('',#10208,#2033);
#1405=LINE('',#10211,#2034);
#1406=LINE('',#10214,#2035);
#1407=LINE('',#10216,#2036);
#1408=LINE('',#10217,#2037);
#1409=LINE('',#10220,#2038);
#1410=LINE('',#10222,#2039);
#1411=LINE('',#10223,#2040);
#1412=LINE('',#10226,#2041);
#1413=LINE('',#10227,#2042);
#1414=LINE('',#10230,#2043);
#1415=LINE('',#10234,#2044);
#1416=LINE('',#10237,#2045);
#1417=LINE('',#10240,#2046);
#1418=LINE('',#10242,#2047);
#1419=LINE('',#10244,#2048);
#1420=LINE('',#10246,#2049);
#1421=LINE('',#10248,#2050);
#1422=LINE('',#10249,#2051);
#1423=LINE('',#10253,#2052);
#1424=LINE('',#10256,#2053);
#1425=LINE('',#10257,#2054);
#1426=LINE('',#10260,#2055);
#1427=LINE('',#10262,#2056);
#1428=LINE('',#10268,#2057);
#1429=LINE('',#10272,#2058);
#1430=LINE('',#10274,#2059);
#1431=LINE('',#10275,#2060);
#1432=LINE('',#10278,#2061);
#1433=LINE('',#10282,#2062);
#1434=LINE('',#10284,#2063);
#1435=LINE('',#10287,#2064);
#1436=LINE('',#10290,#2065);
#1437=LINE('',#10293,#2066);
#1438=LINE('',#10296,#2067);
#1439=LINE('',#10300,#2068);
#1440=LINE('',#10301,#2069);
#1441=LINE('',#10303,#2070);
#1442=LINE('',#10304,#2071);
#1443=LINE('',#10306,#2072);
#1444=LINE('',#10307,#2073);
#1445=LINE('',#10310,#2074);
#1446=LINE('',#10311,#2075);
#1447=LINE('',#10313,#2076);
#1448=LINE('',#10318,#2077);
#1449=LINE('',#10319,#2078);
#1450=LINE('',#10321,#2079);
#1451=LINE('',#10327,#2080);
#1452=LINE('',#10329,#2081);
#1453=LINE('',#10331,#2082);
#1454=LINE('',#10332,#2083);
#1455=LINE('',#10335,#2084);
#1456=LINE('',#10337,#2085);
#1457=LINE('',#10338,#2086);
#1458=LINE('',#10341,#2087);
#1459=LINE('',#10343,#2088);
#1460=LINE('',#10344,#2089);
#1461=LINE('',#10346,#2090);
#1462=LINE('',#10347,#2091);
#1463=LINE('',#10353,#2092);
#1464=LINE('',#10357,#2093);
#1465=LINE('',#10361,#2094);
#1466=LINE('',#10363,#2095);
#1467=LINE('',#10367,#2096);
#1468=LINE('',#10369,#2097);
#1469=LINE('',#10372,#2098);
#1470=LINE('',#10373,#2099);
#1471=LINE('',#10376,#2100);
#1472=LINE('',#10378,#2101);
#1473=LINE('',#10379,#2102);
#1474=LINE('',#10382,#2103);
#1475=LINE('',#10383,#2104);
#1476=LINE('',#10386,#2105);
#1477=LINE('',#10390,#2106);
#1478=LINE('',#10393,#2107);
#1479=LINE('',#10396,#2108);
#1480=LINE('',#10398,#2109);
#1481=LINE('',#10400,#2110);
#1482=LINE('',#10402,#2111);
#1483=LINE('',#10404,#2112);
#1484=LINE('',#10405,#2113);
#1485=LINE('',#10408,#2114);
#1486=LINE('',#10412,#2115);
#1487=LINE('',#10413,#2116);
#1488=LINE('',#10418,#2117);
#1489=LINE('',#10419,#2118);
#1490=LINE('',#10425,#2119);
#1491=LINE('',#10428,#2120);
#1492=LINE('',#10430,#2121);
#1493=LINE('',#10431,#2122);
#1494=LINE('',#10434,#2123);
#1495=LINE('',#10438,#2124);
#1496=LINE('',#10440,#2125);
#1497=LINE('',#10443,#2126);
#1498=LINE('',#10446,#2127);
#1499=LINE('',#10449,#2128);
#1500=LINE('',#10452,#2129);
#1501=LINE('',#10453,#2130);
#1502=LINE('',#10455,#2131);
#1503=LINE('',#10457,#2132);
#1504=LINE('',#10460,#2133);
#1505=LINE('',#10462,#2134);
#1506=LINE('',#10463,#2135);
#1507=LINE('',#10466,#2136);
#1508=LINE('',#10467,#2137);
#1509=LINE('',#10469,#2138);
#1510=LINE('',#10474,#2139);
#1511=LINE('',#10475,#2140);
#1512=LINE('',#10477,#2141);
#1513=LINE('',#10483,#2142);
#1514=LINE('',#10485,#2143);
#1515=LINE('',#10487,#2144);
#1516=LINE('',#10488,#2145);
#1517=LINE('',#10491,#2146);
#1518=LINE('',#10493,#2147);
#1519=LINE('',#10494,#2148);
#1520=LINE('',#10497,#2149);
#1521=LINE('',#10499,#2150);
#1522=LINE('',#10500,#2151);
#1523=LINE('',#10502,#2152);
#1524=LINE('',#10503,#2153);
#1525=LINE('',#10509,#2154);
#1526=LINE('',#10513,#2155);
#1527=LINE('',#10517,#2156);
#1528=LINE('',#10519,#2157);
#1529=LINE('',#10523,#2158);
#1530=LINE('',#10525,#2159);
#1531=LINE('',#10528,#2160);
#1532=LINE('',#10529,#2161);
#1533=LINE('',#10532,#2162);
#1534=LINE('',#10534,#2163);
#1535=LINE('',#10535,#2164);
#1536=LINE('',#10538,#2165);
#1537=LINE('',#10539,#2166);
#1538=LINE('',#10542,#2167);
#1539=LINE('',#10546,#2168);
#1540=LINE('',#10549,#2169);
#1541=LINE('',#10552,#2170);
#1542=LINE('',#10554,#2171);
#1543=LINE('',#10556,#2172);
#1544=LINE('',#10558,#2173);
#1545=LINE('',#10560,#2174);
#1546=LINE('',#10561,#2175);
#1547=LINE('',#10564,#2176);
#1548=LINE('',#10568,#2177);
#1549=LINE('',#10569,#2178);
#1550=LINE('',#10574,#2179);
#1551=LINE('',#10575,#2180);
#1552=LINE('',#10581,#2181);
#1553=LINE('',#10584,#2182);
#1554=LINE('',#10586,#2183);
#1555=LINE('',#10587,#2184);
#1556=LINE('',#10590,#2185);
#1557=LINE('',#10594,#2186);
#1558=LINE('',#10596,#2187);
#1559=LINE('',#10599,#2188);
#1560=LINE('',#10602,#2189);
#1561=LINE('',#10605,#2190);
#1562=LINE('',#10608,#2191);
#1563=LINE('',#10609,#2192);
#1564=LINE('',#10611,#2193);
#1565=LINE('',#10613,#2194);
#1566=LINE('',#10616,#2195);
#1567=LINE('',#10618,#2196);
#1568=LINE('',#10619,#2197);
#1569=LINE('',#10622,#2198);
#1570=LINE('',#10623,#2199);
#1571=LINE('',#10625,#2200);
#1572=LINE('',#10630,#2201);
#1573=LINE('',#10631,#2202);
#1574=LINE('',#10633,#2203);
#1575=LINE('',#10639,#2204);
#1576=LINE('',#10641,#2205);
#1577=LINE('',#10643,#2206);
#1578=LINE('',#10644,#2207);
#1579=LINE('',#10647,#2208);
#1580=LINE('',#10649,#2209);
#1581=LINE('',#10650,#2210);
#1582=LINE('',#10653,#2211);
#1583=LINE('',#10655,#2212);
#1584=LINE('',#10656,#2213);
#1585=LINE('',#10658,#2214);
#1586=LINE('',#10659,#2215);
#1587=LINE('',#10665,#2216);
#1588=LINE('',#10669,#2217);
#1589=LINE('',#10673,#2218);
#1590=LINE('',#10676,#2219);
#1591=LINE('',#10679,#2220);
#1592=LINE('',#10682,#2221);
#1593=LINE('',#10684,#2222);
#1594=LINE('',#10685,#2223);
#1595=LINE('',#10688,#2224);
#1596=LINE('',#10690,#2225);
#1597=LINE('',#10691,#2226);
#1598=LINE('',#10694,#2227);
#1599=LINE('',#10695,#2228);
#1600=LINE('',#10698,#2229);
#1601=LINE('',#10702,#2230);
#1602=LINE('',#10705,#2231);
#1603=LINE('',#10708,#2232);
#1604=LINE('',#10710,#2233);
#1605=LINE('',#10712,#2234);
#1606=LINE('',#10714,#2235);
#1607=LINE('',#10716,#2236);
#1608=LINE('',#10717,#2237);
#1609=LINE('',#10721,#2238);
#1610=LINE('',#10724,#2239);
#1611=LINE('',#10725,#2240);
#1612=LINE('',#10728,#2241);
#1613=LINE('',#10730,#2242);
#1614=LINE('',#10736,#2243);
#1615=LINE('',#10740,#2244);
#1616=LINE('',#10742,#2245);
#1617=LINE('',#10743,#2246);
#1618=LINE('',#10746,#2247);
#1619=LINE('',#10750,#2248);
#1620=LINE('',#10752,#2249);
#1621=LINE('',#10755,#2250);
#1622=LINE('',#10758,#2251);
#1623=LINE('',#10761,#2252);
#1624=LINE('',#10764,#2253);
#1625=LINE('',#10768,#2254);
#1626=LINE('',#10769,#2255);
#1627=LINE('',#10771,#2256);
#1628=LINE('',#10772,#2257);
#1629=LINE('',#10774,#2258);
#1630=LINE('',#10775,#2259);
#1631=LINE('',#10778,#2260);
#1632=LINE('',#10779,#2261);
#1633=LINE('',#10781,#2262);
#1634=LINE('',#10786,#2263);
#1635=LINE('',#10787,#2264);
#1636=LINE('',#10789,#2265);
#1637=LINE('',#10795,#2266);
#1638=LINE('',#10797,#2267);
#1639=LINE('',#10799,#2268);
#1640=LINE('',#10800,#2269);
#1641=LINE('',#10803,#2270);
#1642=LINE('',#10805,#2271);
#1643=LINE('',#10806,#2272);
#1644=LINE('',#10809,#2273);
#1645=LINE('',#10811,#2274);
#1646=LINE('',#10812,#2275);
#1647=LINE('',#10814,#2276);
#1648=LINE('',#10815,#2277);
#1649=LINE('',#10821,#2278);
#1650=LINE('',#10823,#2279);
#1651=LINE('',#10825,#2280);
#1652=LINE('',#10827,#2281);
#1653=LINE('',#10828,#2282);
#1654=LINE('',#10831,#2283);
#1655=LINE('',#10833,#2284);
#1656=LINE('',#10834,#2285);
#1657=LINE('',#10837,#2286);
#1658=LINE('',#10838,#2287);
#1659=LINE('',#10842,#2288);
#1660=LINE('',#10843,#2289);
#1661=LINE('',#10844,#2290);
#1662=LINE('',#10847,#2291);
#1663=LINE('',#10849,#2292);
#1664=LINE('',#10851,#2293);
#1665=LINE('',#10853,#2294);
#1666=LINE('',#10854,#2295);
#1667=LINE('',#10857,#2296);
#1668=LINE('',#10858,#2297);
#1669=LINE('',#10861,#2298);
#1670=LINE('',#10862,#2299);
#1671=LINE('',#10865,#2300);
#1672=LINE('',#10867,#2301);
#1673=LINE('',#10868,#2302);
#1674=LINE('',#10871,#2303);
#1675=LINE('',#10872,#2304);
#1676=LINE('',#10875,#2305);
#1677=LINE('',#10876,#2306);
#1678=LINE('',#10878,#2307);
#1679=LINE('',#10883,#2308);
#1680=LINE('',#10885,#2309);
#1681=LINE('',#10887,#2310);
#1682=LINE('',#10889,#2311);
#1683=LINE('',#10890,#2312);
#1684=LINE('',#10893,#2313);
#1685=LINE('',#10895,#2314);
#1686=LINE('',#10896,#2315);
#1687=LINE('',#10899,#2316);
#1688=LINE('',#10900,#2317);
#1689=LINE('',#10904,#2318);
#1690=LINE('',#10905,#2319);
#1691=LINE('',#10906,#2320);
#1692=LINE('',#10909,#2321);
#1693=LINE('',#10911,#2322);
#1694=LINE('',#10913,#2323);
#1695=LINE('',#10915,#2324);
#1696=LINE('',#10916,#2325);
#1697=LINE('',#10919,#2326);
#1698=LINE('',#10920,#2327);
#1699=LINE('',#10923,#2328);
#1700=LINE('',#10924,#2329);
#1701=LINE('',#10927,#2330);
#1702=LINE('',#10929,#2331);
#1703=LINE('',#10930,#2332);
#1704=LINE('',#10933,#2333);
#1705=LINE('',#10934,#2334);
#1706=LINE('',#10937,#2335);
#1707=LINE('',#10938,#2336);
#1708=LINE('',#10940,#2337);
#1709=LINE('',#10945,#2338);
#1710=LINE('',#10947,#2339);
#1711=LINE('',#10949,#2340);
#1712=LINE('',#10951,#2341);
#1713=LINE('',#10952,#2342);
#1714=LINE('',#10955,#2343);
#1715=LINE('',#10957,#2344);
#1716=LINE('',#10958,#2345);
#1717=LINE('',#10961,#2346);
#1718=LINE('',#10962,#2347);
#1719=LINE('',#10966,#2348);
#1720=LINE('',#10967,#2349);
#1721=LINE('',#10968,#2350);
#1722=LINE('',#10971,#2351);
#1723=LINE('',#10973,#2352);
#1724=LINE('',#10975,#2353);
#1725=LINE('',#10977,#2354);
#1726=LINE('',#10978,#2355);
#1727=LINE('',#10981,#2356);
#1728=LINE('',#10982,#2357);
#1729=LINE('',#10985,#2358);
#1730=LINE('',#10986,#2359);
#1731=LINE('',#10989,#2360);
#1732=LINE('',#10991,#2361);
#1733=LINE('',#10992,#2362);
#1734=LINE('',#10995,#2363);
#1735=LINE('',#10996,#2364);
#1736=LINE('',#10999,#2365);
#1737=LINE('',#11000,#2366);
#1738=LINE('',#11002,#2367);
#1739=LINE('',#11007,#2368);
#1740=LINE('',#11009,#2369);
#1741=LINE('',#11011,#2370);
#1742=LINE('',#11013,#2371);
#1743=LINE('',#11014,#2372);
#1744=LINE('',#11017,#2373);
#1745=LINE('',#11019,#2374);
#1746=LINE('',#11020,#2375);
#1747=LINE('',#11023,#2376);
#1748=LINE('',#11024,#2377);
#1749=LINE('',#11028,#2378);
#1750=LINE('',#11029,#2379);
#1751=LINE('',#11030,#2380);
#1752=LINE('',#11033,#2381);
#1753=LINE('',#11035,#2382);
#1754=LINE('',#11037,#2383);
#1755=LINE('',#11039,#2384);
#1756=LINE('',#11040,#2385);
#1757=LINE('',#11043,#2386);
#1758=LINE('',#11044,#2387);
#1759=LINE('',#11047,#2388);
#1760=LINE('',#11048,#2389);
#1761=LINE('',#11051,#2390);
#1762=LINE('',#11053,#2391);
#1763=LINE('',#11054,#2392);
#1764=LINE('',#11057,#2393);
#1765=LINE('',#11058,#2394);
#1766=LINE('',#11061,#2395);
#1767=LINE('',#11062,#2396);
#1768=LINE('',#11064,#2397);
#1769=LINE('',#11069,#2398);
#1770=LINE('',#11071,#2399);
#1771=LINE('',#11073,#2400);
#1772=LINE('',#11075,#2401);
#1773=LINE('',#11076,#2402);
#1774=LINE('',#11079,#2403);
#1775=LINE('',#11081,#2404);
#1776=LINE('',#11082,#2405);
#1777=LINE('',#11085,#2406);
#1778=LINE('',#11086,#2407);
#1779=LINE('',#11090,#2408);
#1780=LINE('',#11091,#2409);
#1781=LINE('',#11092,#2410);
#1782=LINE('',#11095,#2411);
#1783=LINE('',#11097,#2412);
#1784=LINE('',#11099,#2413);
#1785=LINE('',#11101,#2414);
#1786=LINE('',#11102,#2415);
#1787=LINE('',#11105,#2416);
#1788=LINE('',#11106,#2417);
#1789=LINE('',#11109,#2418);
#1790=LINE('',#11110,#2419);
#1791=LINE('',#11113,#2420);
#1792=LINE('',#11115,#2421);
#1793=LINE('',#11116,#2422);
#1794=LINE('',#11119,#2423);
#1795=LINE('',#11120,#2424);
#1796=LINE('',#11123,#2425);
#1797=LINE('',#11124,#2426);
#1798=LINE('',#11126,#2427);
#1799=LINE('',#11131,#2428);
#1800=LINE('',#11133,#2429);
#1801=LINE('',#11135,#2430);
#1802=LINE('',#11137,#2431);
#1803=LINE('',#11138,#2432);
#1804=LINE('',#11141,#2433);
#1805=LINE('',#11143,#2434);
#1806=LINE('',#11144,#2435);
#1807=LINE('',#11147,#2436);
#1808=LINE('',#11148,#2437);
#1809=LINE('',#11152,#2438);
#1810=LINE('',#11153,#2439);
#1811=LINE('',#11154,#2440);
#1812=LINE('',#11157,#2441);
#1813=LINE('',#11159,#2442);
#1814=LINE('',#11161,#2443);
#1815=LINE('',#11163,#2444);
#1816=LINE('',#11164,#2445);
#1817=LINE('',#11167,#2446);
#1818=LINE('',#11168,#2447);
#1819=LINE('',#11171,#2448);
#1820=LINE('',#11172,#2449);
#1821=LINE('',#11175,#2450);
#1822=LINE('',#11177,#2451);
#1823=LINE('',#11178,#2452);
#1824=LINE('',#11181,#2453);
#1825=LINE('',#11182,#2454);
#1826=LINE('',#11185,#2455);
#1827=LINE('',#11186,#2456);
#1828=LINE('',#11188,#2457);
#1829=LINE('',#11193,#2458);
#1830=LINE('',#11195,#2459);
#1831=LINE('',#11197,#2460);
#1832=LINE('',#11199,#2461);
#1833=LINE('',#11200,#2462);
#1834=LINE('',#11203,#2463);
#1835=LINE('',#11205,#2464);
#1836=LINE('',#11206,#2465);
#1837=LINE('',#11209,#2466);
#1838=LINE('',#11210,#2467);
#1839=LINE('',#11214,#2468);
#1840=LINE('',#11215,#2469);
#1841=LINE('',#11216,#2470);
#1842=LINE('',#11219,#2471);
#1843=LINE('',#11221,#2472);
#1844=LINE('',#11223,#2473);
#1845=LINE('',#11225,#2474);
#1846=LINE('',#11226,#2475);
#1847=LINE('',#11229,#2476);
#1848=LINE('',#11230,#2477);
#1849=LINE('',#11233,#2478);
#1850=LINE('',#11234,#2479);
#1851=LINE('',#11237,#2480);
#1852=LINE('',#11239,#2481);
#1853=LINE('',#11240,#2482);
#1854=LINE('',#11243,#2483);
#1855=LINE('',#11244,#2484);
#1856=LINE('',#11247,#2485);
#1857=LINE('',#11248,#2486);
#1858=LINE('',#11250,#2487);
#1859=LINE('',#11255,#2488);
#1860=LINE('',#11257,#2489);
#1861=LINE('',#11259,#2490);
#1862=LINE('',#11261,#2491);
#1863=LINE('',#11262,#2492);
#1864=LINE('',#11265,#2493);
#1865=LINE('',#11267,#2494);
#1866=LINE('',#11268,#2495);
#1867=LINE('',#11271,#2496);
#1868=LINE('',#11272,#2497);
#1869=LINE('',#11276,#2498);
#1870=LINE('',#11277,#2499);
#1871=LINE('',#11278,#2500);
#1872=LINE('',#11281,#2501);
#1873=LINE('',#11283,#2502);
#1874=LINE('',#11285,#2503);
#1875=LINE('',#11287,#2504);
#1876=LINE('',#11288,#2505);
#1877=LINE('',#11291,#2506);
#1878=LINE('',#11292,#2507);
#1879=LINE('',#11295,#2508);
#1880=LINE('',#11296,#2509);
#1881=LINE('',#11299,#2510);
#1882=LINE('',#11301,#2511);
#1883=LINE('',#11302,#2512);
#1884=LINE('',#11305,#2513);
#1885=LINE('',#11306,#2514);
#1886=LINE('',#11309,#2515);
#1887=LINE('',#11310,#2516);
#1888=LINE('',#11312,#2517);
#1889=VECTOR('',#6541,1.54533666301317);
#1890=VECTOR('',#6546,1.54533666301317);
#1891=VECTOR('',#6549,1.54533666301317);
#1892=VECTOR('',#6552,1.54533666301317);
#1893=VECTOR('',#6557,2.);
#1894=VECTOR('',#6562,2.);
#1895=VECTOR('',#6565,2.);
#1896=VECTOR('',#6568,2.);
#1897=VECTOR('',#6571,2.);
#1898=VECTOR('',#6574,2.);
#1899=VECTOR('',#6579,2.);
#1900=VECTOR('',#6582,1.9492);
#1901=VECTOR('',#6591,4.30747227107935);
#1902=VECTOR('',#6604,4.5);
#1903=VECTOR('',#6621,1000.);
#1904=VECTOR('',#6622,1000.);
#1905=VECTOR('',#6635,1000.);
#1906=VECTOR('',#6646,1000.);
#1907=VECTOR('',#6649,1000.);
#1908=VECTOR('',#6650,1000.);
#1909=VECTOR('',#6651,1000.);
#1910=VECTOR('',#6654,1000.);
#1911=VECTOR('',#6661,1000.);
#1912=VECTOR('',#6668,1000.);
#1913=VECTOR('',#6675,1000.);
#1914=VECTOR('',#6682,1000.);
#1915=VECTOR('',#6689,1000.);
#1916=VECTOR('',#6690,1000.);
#1917=VECTOR('',#6691,1000.);
#1918=VECTOR('',#6692,1000.);
#1919=VECTOR('',#6693,1000.);
#1920=VECTOR('',#6742,1000.);
#1921=VECTOR('',#6749,1000.);
#1922=VECTOR('',#6752,1000.);
#1923=VECTOR('',#6759,1000.);
#1924=VECTOR('',#6760,1000.);
#1925=VECTOR('',#6773,1000.);
#1926=VECTOR('',#6784,1000.);
#1927=VECTOR('',#6789,1000.);
#1928=VECTOR('',#6792,1000.);
#1929=VECTOR('',#6797,1000.);
#1930=VECTOR('',#6798,1000.);
#1931=VECTOR('',#6799,1000.);
#1932=VECTOR('',#6802,1000.);
#1933=VECTOR('',#6809,1000.);
#1934=VECTOR('',#6816,1000.);
#1935=VECTOR('',#6823,1000.);
#1936=VECTOR('',#6830,1000.);
#1937=VECTOR('',#6879,10.);
#1938=VECTOR('',#6880,10.);
#1939=VECTOR('',#6881,10.);
#1940=VECTOR('',#6882,10.);
#1941=VECTOR('',#6885,10.);
#1942=VECTOR('',#6886,10.);
#1943=VECTOR('',#6887,10.);
#1944=VECTOR('',#6890,10.);
#1945=VECTOR('',#6891,10.);
#1946=VECTOR('',#6892,10.);
#1947=VECTOR('',#6895,10.);
#1948=VECTOR('',#6896,10.);
#1949=VECTOR('',#6899,10.);
#1950=VECTOR('',#6900,10.);
#1951=VECTOR('',#6901,10.);
#1952=VECTOR('',#6902,10.);
#1953=VECTOR('',#6905,10.);
#1954=VECTOR('',#6906,10.);
#1955=VECTOR('',#6907,10.);
#1956=VECTOR('',#6910,10.);
#1957=VECTOR('',#6911,10.);
#1958=VECTOR('',#6912,10.);
#1959=VECTOR('',#6915,10.);
#1960=VECTOR('',#6916,10.);
#1961=VECTOR('',#6923,10.);
#1962=VECTOR('',#6924,10.);
#1963=VECTOR('',#6925,10.);
#1964=VECTOR('',#6926,10.);
#1965=VECTOR('',#6929,10.);
#1966=VECTOR('',#6930,10.);
#1967=VECTOR('',#6931,10.);
#1968=VECTOR('',#6934,10.);
#1969=VECTOR('',#6935,10.);
#1970=VECTOR('',#6936,10.);
#1971=VECTOR('',#6939,10.);
#1972=VECTOR('',#6940,10.);
#1973=VECTOR('',#6947,10.);
#1974=VECTOR('',#6948,10.);
#1975=VECTOR('',#6949,10.);
#1976=VECTOR('',#6950,10.);
#1977=VECTOR('',#6953,10.);
#1978=VECTOR('',#6954,10.);
#1979=VECTOR('',#6955,10.);
#1980=VECTOR('',#6958,10.);
#1981=VECTOR('',#6959,10.);
#1982=VECTOR('',#6960,10.);
#1983=VECTOR('',#6963,10.);
#1984=VECTOR('',#6964,10.);
#1985=VECTOR('',#6973,10.);
#1986=VECTOR('',#6976,10.);
#1987=VECTOR('',#6979,10.);
#1988=VECTOR('',#6980,10.);
#1989=VECTOR('',#6981,10.);
#1990=VECTOR('',#6984,10.);
#1991=VECTOR('',#6987,10.);
#1992=VECTOR('',#6990,10.);
#1993=VECTOR('',#6997,10.);
#1994=VECTOR('',#7002,10.);
#1995=VECTOR('',#7003,10.);
#1996=VECTOR('',#7006,10.);
#1997=VECTOR('',#7011,10.);
#1998=VECTOR('',#7012,10.);
#1999=VECTOR('',#7015,10.);
#2000=VECTOR('',#7020,5.);
#2001=VECTOR('',#7025,10.);
#2002=VECTOR('',#7032,10.);
#2003=VECTOR('',#7035,10.);
#2004=VECTOR('',#7038,10.);
#2005=VECTOR('',#7039,10.);
#2006=VECTOR('',#7040,10.);
#2007=VECTOR('',#7043,10.);
#2008=VECTOR('',#7046,10.);
#2009=VECTOR('',#7049,10.);
#2010=VECTOR('',#7052,10.);
#2011=VECTOR('',#7053,10.);
#2012=VECTOR('',#7054,10.);
#2013=VECTOR('',#7055,10.);
#2014=VECTOR('',#7060,10.);
#2015=VECTOR('',#7061,10.);
#2016=VECTOR('',#7064,10.);
#2017=VECTOR('',#7065,10.);
#2018=VECTOR('',#7070,10.);
#2019=VECTOR('',#7075,10.);
#2020=VECTOR('',#7078,10.);
#2021=VECTOR('',#7079,10.);
#2022=VECTOR('',#7080,10.);
#2023=VECTOR('',#7083,10.);
#2024=VECTOR('',#7084,10.);
#2025=VECTOR('',#7087,10.);
#2026=VECTOR('',#7088,10.);
#2027=VECTOR('',#7091,10.);
#2028=VECTOR('',#7094,10.);
#2029=VECTOR('',#7097,10.);
#2030=VECTOR('',#7102,10.);
#2031=VECTOR('',#7105,10.);
#2032=VECTOR('',#7110,10.);
#2033=VECTOR('',#7113,10.);
#2034=VECTOR('',#7116,10.);
#2035=VECTOR('',#7119,10.);
#2036=VECTOR('',#7122,10.);
#2037=VECTOR('',#7123,10.);
#2038=VECTOR('',#7126,10.);
#2039=VECTOR('',#7127,10.);
#2040=VECTOR('',#7128,10.);
#2041=VECTOR('',#7131,10.);
#2042=VECTOR('',#7132,10.);
#2043=VECTOR('',#7135,10.);
#2044=VECTOR('',#7138,10.);
#2045=VECTOR('',#7141,10.);
#2046=VECTOR('',#7144,10.);
#2047=VECTOR('',#7145,10.);
#2048=VECTOR('',#7146,10.);
#2049=VECTOR('',#7147,10.);
#2050=VECTOR('',#7148,10.);
#2051=VECTOR('',#7149,10.);
#2052=VECTOR('',#7154,10.);
#2053=VECTOR('',#7157,10.);
#2054=VECTOR('',#7158,10.);
#2055=VECTOR('',#7161,10.);
#2056=VECTOR('',#7162,10.);
#2057=VECTOR('',#7169,10.);
#2058=VECTOR('',#7174,10.);
#2059=VECTOR('',#7175,10.);
#2060=VECTOR('',#7176,10.);
#2061=VECTOR('',#7179,10.);
#2062=VECTOR('',#7182,10.);
#2063=VECTOR('',#7183,10.);
#2064=VECTOR('',#7186,10.);
#2065=VECTOR('',#7189,10.);
#2066=VECTOR('',#7192,10.);
#2067=VECTOR('',#7195,10.);
#2068=VECTOR('',#7198,10.);
#2069=VECTOR('',#7199,10.);
#2070=VECTOR('',#7200,10.);
#2071=VECTOR('',#7201,10.);
#2072=VECTOR('',#7204,10.);
#2073=VECTOR('',#7205,10.);
#2074=VECTOR('',#7210,10.);
#2075=VECTOR('',#7211,10.);
#2076=VECTOR('',#7214,10.);
#2077=VECTOR('',#7221,10.);
#2078=VECTOR('',#7222,10.);
#2079=VECTOR('',#7225,10.);
#2080=VECTOR('',#7232,10.);
#2081=VECTOR('',#7233,10.);
#2082=VECTOR('',#7234,10.);
#2083=VECTOR('',#7235,10.);
#2084=VECTOR('',#7238,10.);
#2085=VECTOR('',#7239,10.);
#2086=VECTOR('',#7240,10.);
#2087=VECTOR('',#7243,10.);
#2088=VECTOR('',#7244,10.);
#2089=VECTOR('',#7245,10.);
#2090=VECTOR('',#7248,10.);
#2091=VECTOR('',#7249,10.);
#2092=VECTOR('',#7256,10.);
#2093=VECTOR('',#7259,10.);
#2094=VECTOR('',#7264,10.);
#2095=VECTOR('',#7265,10.);
#2096=VECTOR('',#7270,10.);
#2097=VECTOR('',#7271,10.);
#2098=VECTOR('',#7276,10.);
#2099=VECTOR('',#7277,10.);
#2100=VECTOR('',#7280,10.);
#2101=VECTOR('',#7281,10.);
#2102=VECTOR('',#7282,10.);
#2103=VECTOR('',#7285,10.);
#2104=VECTOR('',#7286,10.);
#2105=VECTOR('',#7289,10.);
#2106=VECTOR('',#7292,10.);
#2107=VECTOR('',#7295,10.);
#2108=VECTOR('',#7298,10.);
#2109=VECTOR('',#7299,10.);
#2110=VECTOR('',#7300,10.);
#2111=VECTOR('',#7301,10.);
#2112=VECTOR('',#7302,10.);
#2113=VECTOR('',#7303,10.);
#2114=VECTOR('',#7306,10.);
#2115=VECTOR('',#7311,10.);
#2116=VECTOR('',#7312,10.);
#2117=VECTOR('',#7317,10.);
#2118=VECTOR('',#7318,10.);
#2119=VECTOR('',#7325,10.);
#2120=VECTOR('',#7328,10.);
#2121=VECTOR('',#7329,10.);
#2122=VECTOR('',#7330,10.);
#2123=VECTOR('',#7333,10.);
#2124=VECTOR('',#7336,10.);
#2125=VECTOR('',#7337,10.);
#2126=VECTOR('',#7340,10.);
#2127=VECTOR('',#7343,10.);
#2128=VECTOR('',#7346,10.);
#2129=VECTOR('',#7349,10.);
#2130=VECTOR('',#7350,10.);
#2131=VECTOR('',#7351,10.);
#2132=VECTOR('',#7352,10.);
#2133=VECTOR('',#7355,10.);
#2134=VECTOR('',#7358,10.);
#2135=VECTOR('',#7359,10.);
#2136=VECTOR('',#7364,10.);
#2137=VECTOR('',#7365,10.);
#2138=VECTOR('',#7368,10.);
#2139=VECTOR('',#7375,10.);
#2140=VECTOR('',#7376,10.);
#2141=VECTOR('',#7379,10.);
#2142=VECTOR('',#7386,10.);
#2143=VECTOR('',#7387,10.);
#2144=VECTOR('',#7388,10.);
#2145=VECTOR('',#7389,10.);
#2146=VECTOR('',#7392,10.);
#2147=VECTOR('',#7393,10.);
#2148=VECTOR('',#7394,10.);
#2149=VECTOR('',#7397,10.);
#2150=VECTOR('',#7398,10.);
#2151=VECTOR('',#7399,10.);
#2152=VECTOR('',#7402,10.);
#2153=VECTOR('',#7403,10.);
#2154=VECTOR('',#7410,10.);
#2155=VECTOR('',#7413,10.);
#2156=VECTOR('',#7418,10.);
#2157=VECTOR('',#7419,10.);
#2158=VECTOR('',#7424,10.);
#2159=VECTOR('',#7425,10.);
#2160=VECTOR('',#7430,10.);
#2161=VECTOR('',#7431,10.);
#2162=VECTOR('',#7434,10.);
#2163=VECTOR('',#7435,10.);
#2164=VECTOR('',#7436,10.);
#2165=VECTOR('',#7439,10.);
#2166=VECTOR('',#7440,10.);
#2167=VECTOR('',#7443,10.);
#2168=VECTOR('',#7446,10.);
#2169=VECTOR('',#7449,10.);
#2170=VECTOR('',#7452,10.);
#2171=VECTOR('',#7453,10.);
#2172=VECTOR('',#7454,10.);
#2173=VECTOR('',#7455,10.);
#2174=VECTOR('',#7456,10.);
#2175=VECTOR('',#7457,10.);
#2176=VECTOR('',#7460,10.);
#2177=VECTOR('',#7465,10.);
#2178=VECTOR('',#7466,10.);
#2179=VECTOR('',#7471,10.);
#2180=VECTOR('',#7472,10.);
#2181=VECTOR('',#7479,10.);
#2182=VECTOR('',#7482,10.);
#2183=VECTOR('',#7483,10.);
#2184=VECTOR('',#7484,10.);
#2185=VECTOR('',#7487,10.);
#2186=VECTOR('',#7490,10.);
#2187=VECTOR('',#7491,10.);
#2188=VECTOR('',#7494,10.);
#2189=VECTOR('',#7497,10.);
#2190=VECTOR('',#7500,10.);
#2191=VECTOR('',#7503,10.);
#2192=VECTOR('',#7504,10.);
#2193=VECTOR('',#7505,10.);
#2194=VECTOR('',#7506,10.);
#2195=VECTOR('',#7509,10.);
#2196=VECTOR('',#7512,10.);
#2197=VECTOR('',#7513,10.);
#2198=VECTOR('',#7518,10.);
#2199=VECTOR('',#7519,10.);
#2200=VECTOR('',#7522,10.);
#2201=VECTOR('',#7529,10.);
#2202=VECTOR('',#7530,10.);
#2203=VECTOR('',#7533,10.);
#2204=VECTOR('',#7540,10.);
#2205=VECTOR('',#7541,10.);
#2206=VECTOR('',#7542,10.);
#2207=VECTOR('',#7543,10.);
#2208=VECTOR('',#7546,10.);
#2209=VECTOR('',#7547,10.);
#2210=VECTOR('',#7548,10.);
#2211=VECTOR('',#7551,10.);
#2212=VECTOR('',#7552,10.);
#2213=VECTOR('',#7553,10.);
#2214=VECTOR('',#7556,10.);
#2215=VECTOR('',#7557,10.);
#2216=VECTOR('',#7564,10.);
#2217=VECTOR('',#7567,10.);
#2218=VECTOR('',#7572,10.);
#2219=VECTOR('',#7575,10.);
#2220=VECTOR('',#7578,10.);
#2221=VECTOR('',#7581,10.);
#2222=VECTOR('',#7584,10.);
#2223=VECTOR('',#7585,10.);
#2224=VECTOR('',#7588,10.);
#2225=VECTOR('',#7589,10.);
#2226=VECTOR('',#7590,10.);
#2227=VECTOR('',#7593,10.);
#2228=VECTOR('',#7594,10.);
#2229=VECTOR('',#7597,10.);
#2230=VECTOR('',#7600,10.);
#2231=VECTOR('',#7603,10.);
#2232=VECTOR('',#7606,10.);
#2233=VECTOR('',#7607,10.);
#2234=VECTOR('',#7608,10.);
#2235=VECTOR('',#7609,10.);
#2236=VECTOR('',#7610,10.);
#2237=VECTOR('',#7611,10.);
#2238=VECTOR('',#7616,10.);
#2239=VECTOR('',#7619,10.);
#2240=VECTOR('',#7620,10.);
#2241=VECTOR('',#7623,10.);
#2242=VECTOR('',#7624,10.);
#2243=VECTOR('',#7631,10.);
#2244=VECTOR('',#7636,10.);
#2245=VECTOR('',#7637,10.);
#2246=VECTOR('',#7638,10.);
#2247=VECTOR('',#7641,10.);
#2248=VECTOR('',#7644,10.);
#2249=VECTOR('',#7645,10.);
#2250=VECTOR('',#7648,10.);
#2251=VECTOR('',#7651,10.);
#2252=VECTOR('',#7654,10.);
#2253=VECTOR('',#7657,10.);
#2254=VECTOR('',#7660,10.);
#2255=VECTOR('',#7661,10.);
#2256=VECTOR('',#7662,10.);
#2257=VECTOR('',#7663,10.);
#2258=VECTOR('',#7666,10.);
#2259=VECTOR('',#7667,10.);
#2260=VECTOR('',#7672,10.);
#2261=VECTOR('',#7673,10.);
#2262=VECTOR('',#7676,10.);
#2263=VECTOR('',#7683,10.);
#2264=VECTOR('',#7684,10.);
#2265=VECTOR('',#7687,10.);
#2266=VECTOR('',#7694,10.);
#2267=VECTOR('',#7695,10.);
#2268=VECTOR('',#7696,10.);
#2269=VECTOR('',#7697,10.);
#2270=VECTOR('',#7700,10.);
#2271=VECTOR('',#7701,10.);
#2272=VECTOR('',#7702,10.);
#2273=VECTOR('',#7705,10.);
#2274=VECTOR('',#7706,10.);
#2275=VECTOR('',#7707,10.);
#2276=VECTOR('',#7710,10.);
#2277=VECTOR('',#7711,10.);
#2278=VECTOR('',#7718,10.);
#2279=VECTOR('',#7719,10.);
#2280=VECTOR('',#7720,10.);
#2281=VECTOR('',#7721,10.);
#2282=VECTOR('',#7722,10.);
#2283=VECTOR('',#7725,10.);
#2284=VECTOR('',#7726,10.);
#2285=VECTOR('',#7727,10.);
#2286=VECTOR('',#7730,10.);
#2287=VECTOR('',#7731,10.);
#2288=VECTOR('',#7734,10.);
#2289=VECTOR('',#7735,10.);
#2290=VECTOR('',#7736,10.);
#2291=VECTOR('',#7739,10.);
#2292=VECTOR('',#7740,10.);
#2293=VECTOR('',#7741,10.);
#2294=VECTOR('',#7742,10.);
#2295=VECTOR('',#7743,10.);
#2296=VECTOR('',#7746,10.);
#2297=VECTOR('',#7747,10.);
#2298=VECTOR('',#7750,10.);
#2299=VECTOR('',#7751,10.);
#2300=VECTOR('',#7754,10.);
#2301=VECTOR('',#7755,10.);
#2302=VECTOR('',#7756,10.);
#2303=VECTOR('',#7759,10.);
#2304=VECTOR('',#7760,10.);
#2305=VECTOR('',#7763,10.);
#2306=VECTOR('',#7764,10.);
#2307=VECTOR('',#7767,10.);
#2308=VECTOR('',#7772,10.);
#2309=VECTOR('',#7773,10.);
#2310=VECTOR('',#7774,10.);
#2311=VECTOR('',#7775,10.);
#2312=VECTOR('',#7776,10.);
#2313=VECTOR('',#7779,10.);
#2314=VECTOR('',#7780,10.);
#2315=VECTOR('',#7781,10.);
#2316=VECTOR('',#7784,10.);
#2317=VECTOR('',#7785,10.);
#2318=VECTOR('',#7788,10.);
#2319=VECTOR('',#7789,10.);
#2320=VECTOR('',#7790,10.);
#2321=VECTOR('',#7793,10.);
#2322=VECTOR('',#7794,10.);
#2323=VECTOR('',#7795,10.);
#2324=VECTOR('',#7796,10.);
#2325=VECTOR('',#7797,10.);
#2326=VECTOR('',#7800,10.);
#2327=VECTOR('',#7801,10.);
#2328=VECTOR('',#7804,10.);
#2329=VECTOR('',#7805,10.);
#2330=VECTOR('',#7808,10.);
#2331=VECTOR('',#7809,10.);
#2332=VECTOR('',#7810,10.);
#2333=VECTOR('',#7813,10.);
#2334=VECTOR('',#7814,10.);
#2335=VECTOR('',#7817,10.);
#2336=VECTOR('',#7818,10.);
#2337=VECTOR('',#7821,10.);
#2338=VECTOR('',#7826,10.);
#2339=VECTOR('',#7827,10.);
#2340=VECTOR('',#7828,10.);
#2341=VECTOR('',#7829,10.);
#2342=VECTOR('',#7830,10.);
#2343=VECTOR('',#7833,10.);
#2344=VECTOR('',#7834,10.);
#2345=VECTOR('',#7835,10.);
#2346=VECTOR('',#7838,10.);
#2347=VECTOR('',#7839,10.);
#2348=VECTOR('',#7842,10.);
#2349=VECTOR('',#7843,10.);
#2350=VECTOR('',#7844,10.);
#2351=VECTOR('',#7847,10.);
#2352=VECTOR('',#7848,10.);
#2353=VECTOR('',#7849,10.);
#2354=VECTOR('',#7850,10.);
#2355=VECTOR('',#7851,10.);
#2356=VECTOR('',#7854,10.);
#2357=VECTOR('',#7855,10.);
#2358=VECTOR('',#7858,10.);
#2359=VECTOR('',#7859,10.);
#2360=VECTOR('',#7862,10.);
#2361=VECTOR('',#7863,10.);
#2362=VECTOR('',#7864,10.);
#2363=VECTOR('',#7867,10.);
#2364=VECTOR('',#7868,10.);
#2365=VECTOR('',#7871,10.);
#2366=VECTOR('',#7872,10.);
#2367=VECTOR('',#7875,10.);
#2368=VECTOR('',#7880,10.);
#2369=VECTOR('',#7881,10.);
#2370=VECTOR('',#7882,10.);
#2371=VECTOR('',#7883,10.);
#2372=VECTOR('',#7884,10.);
#2373=VECTOR('',#7887,10.);
#2374=VECTOR('',#7888,10.);
#2375=VECTOR('',#7889,10.);
#2376=VECTOR('',#7892,10.);
#2377=VECTOR('',#7893,10.);
#2378=VECTOR('',#7896,10.);
#2379=VECTOR('',#7897,10.);
#2380=VECTOR('',#7898,10.);
#2381=VECTOR('',#7901,10.);
#2382=VECTOR('',#7902,10.);
#2383=VECTOR('',#7903,10.);
#2384=VECTOR('',#7904,10.);
#2385=VECTOR('',#7905,10.);
#2386=VECTOR('',#7908,10.);
#2387=VECTOR('',#7909,10.);
#2388=VECTOR('',#7912,10.);
#2389=VECTOR('',#7913,10.);
#2390=VECTOR('',#7916,10.);
#2391=VECTOR('',#7917,10.);
#2392=VECTOR('',#7918,10.);
#2393=VECTOR('',#7921,10.);
#2394=VECTOR('',#7922,10.);
#2395=VECTOR('',#7925,10.);
#2396=VECTOR('',#7926,10.);
#2397=VECTOR('',#7929,10.);
#2398=VECTOR('',#7934,10.);
#2399=VECTOR('',#7935,10.);
#2400=VECTOR('',#7936,10.);
#2401=VECTOR('',#7937,10.);
#2402=VECTOR('',#7938,10.);
#2403=VECTOR('',#7941,10.);
#2404=VECTOR('',#7942,10.);
#2405=VECTOR('',#7943,10.);
#2406=VECTOR('',#7946,10.);
#2407=VECTOR('',#7947,10.);
#2408=VECTOR('',#7950,10.);
#2409=VECTOR('',#7951,10.);
#2410=VECTOR('',#7952,10.);
#2411=VECTOR('',#7955,10.);
#2412=VECTOR('',#7956,10.);
#2413=VECTOR('',#7957,10.);
#2414=VECTOR('',#7958,10.);
#2415=VECTOR('',#7959,10.);
#2416=VECTOR('',#7962,10.);
#2417=VECTOR('',#7963,10.);
#2418=VECTOR('',#7966,10.);
#2419=VECTOR('',#7967,10.);
#2420=VECTOR('',#7970,10.);
#2421=VECTOR('',#7971,10.);
#2422=VECTOR('',#7972,10.);
#2423=VECTOR('',#7975,10.);
#2424=VECTOR('',#7976,10.);
#2425=VECTOR('',#7979,10.);
#2426=VECTOR('',#7980,10.);
#2427=VECTOR('',#7983,10.);
#2428=VECTOR('',#7988,10.);
#2429=VECTOR('',#7989,10.);
#2430=VECTOR('',#7990,10.);
#2431=VECTOR('',#7991,10.);
#2432=VECTOR('',#7992,10.);
#2433=VECTOR('',#7995,10.);
#2434=VECTOR('',#7996,10.);
#2435=VECTOR('',#7997,10.);
#2436=VECTOR('',#8000,10.);
#2437=VECTOR('',#8001,10.);
#2438=VECTOR('',#8004,10.);
#2439=VECTOR('',#8005,10.);
#2440=VECTOR('',#8006,10.);
#2441=VECTOR('',#8009,10.);
#2442=VECTOR('',#8010,10.);
#2443=VECTOR('',#8011,10.);
#2444=VECTOR('',#8012,10.);
#2445=VECTOR('',#8013,10.);
#2446=VECTOR('',#8016,10.);
#2447=VECTOR('',#8017,10.);
#2448=VECTOR('',#8020,10.);
#2449=VECTOR('',#8021,10.);
#2450=VECTOR('',#8024,10.);
#2451=VECTOR('',#8025,10.);
#2452=VECTOR('',#8026,10.);
#2453=VECTOR('',#8029,10.);
#2454=VECTOR('',#8030,10.);
#2455=VECTOR('',#8033,10.);
#2456=VECTOR('',#8034,10.);
#2457=VECTOR('',#8037,10.);
#2458=VECTOR('',#8042,10.);
#2459=VECTOR('',#8043,10.);
#2460=VECTOR('',#8044,10.);
#2461=VECTOR('',#8045,10.);
#2462=VECTOR('',#8046,10.);
#2463=VECTOR('',#8049,10.);
#2464=VECTOR('',#8050,10.);
#2465=VECTOR('',#8051,10.);
#2466=VECTOR('',#8054,10.);
#2467=VECTOR('',#8055,10.);
#2468=VECTOR('',#8058,10.);
#2469=VECTOR('',#8059,10.);
#2470=VECTOR('',#8060,10.);
#2471=VECTOR('',#8063,10.);
#2472=VECTOR('',#8064,10.);
#2473=VECTOR('',#8065,10.);
#2474=VECTOR('',#8066,10.);
#2475=VECTOR('',#8067,10.);
#2476=VECTOR('',#8070,10.);
#2477=VECTOR('',#8071,10.);
#2478=VECTOR('',#8074,10.);
#2479=VECTOR('',#8075,10.);
#2480=VECTOR('',#8078,10.);
#2481=VECTOR('',#8079,10.);
#2482=VECTOR('',#8080,10.);
#2483=VECTOR('',#8083,10.);
#2484=VECTOR('',#8084,10.);
#2485=VECTOR('',#8087,10.);
#2486=VECTOR('',#8088,10.);
#2487=VECTOR('',#8091,10.);
#2488=VECTOR('',#8096,10.);
#2489=VECTOR('',#8097,10.);
#2490=VECTOR('',#8098,10.);
#2491=VECTOR('',#8099,10.);
#2492=VECTOR('',#8100,10.);
#2493=VECTOR('',#8103,10.);
#2494=VECTOR('',#8104,10.);
#2495=VECTOR('',#8105,10.);
#2496=VECTOR('',#8108,10.);
#2497=VECTOR('',#8109,10.);
#2498=VECTOR('',#8112,10.);
#2499=VECTOR('',#8113,10.);
#2500=VECTOR('',#8114,10.);
#2501=VECTOR('',#8117,10.);
#2502=VECTOR('',#8118,10.);
#2503=VECTOR('',#8119,10.);
#2504=VECTOR('',#8120,10.);
#2505=VECTOR('',#8121,10.);
#2506=VECTOR('',#8124,10.);
#2507=VECTOR('',#8125,10.);
#2508=VECTOR('',#8128,10.);
#2509=VECTOR('',#8129,10.);
#2510=VECTOR('',#8132,10.);
#2511=VECTOR('',#8133,10.);
#2512=VECTOR('',#8134,10.);
#2513=VECTOR('',#8137,10.);
#2514=VECTOR('',#8138,10.);
#2515=VECTOR('',#8141,10.);
#2516=VECTOR('',#8142,10.);
#2517=VECTOR('',#8145,10.);
#2518=VERTEX_POINT('',#8159);
#2519=VERTEX_POINT('',#8160);
#2520=VERTEX_POINT('',#8162);
#2521=VERTEX_POINT('',#8187);
#2522=VERTEX_POINT('',#8218);
#2523=VERTEX_POINT('',#8219);
#2524=VERTEX_POINT('',#8294);
#2525=VERTEX_POINT('',#8295);
#2526=VERTEX_POINT('',#8370);
#2527=VERTEX_POINT('',#8371);
#2528=VERTEX_POINT('',#8373);
#2529=VERTEX_POINT('',#8390);
#2530=VERTEX_POINT('',#8413);
#2531=VERTEX_POINT('',#8414);
#2532=VERTEX_POINT('',#8416);
#2533=VERTEX_POINT('',#8427);
#2534=VERTEX_POINT('',#8428);
#2535=VERTEX_POINT('',#8503);
#2536=VERTEX_POINT('',#8504);
#2537=VERTEX_POINT('',#8579);
#2538=VERTEX_POINT('',#8580);
#2539=VERTEX_POINT('',#8655);
#2540=VERTEX_POINT('',#8656);
#2541=VERTEX_POINT('',#8733);
#2542=VERTEX_POINT('',#8734);
#2543=VERTEX_POINT('',#8736);
#2544=VERTEX_POINT('',#8745);
#2545=VERTEX_POINT('',#8762);
#2546=VERTEX_POINT('',#8763);
#2547=VERTEX_POINT('',#8778);
#2548=VERTEX_POINT('',#8779);
#2549=VERTEX_POINT('',#8813);
#2550=VERTEX_POINT('',#8830);
#2551=VERTEX_POINT('',#8831);
#2552=VERTEX_POINT('',#8834);
#2553=VERTEX_POINT('',#8838);
#2554=VERTEX_POINT('',#8901);
#2555=VERTEX_POINT('',#8903);
#2556=VERTEX_POINT('',#8905);
#2557=VERTEX_POINT('',#8918);
#2558=VERTEX_POINT('',#8920);
#2559=VERTEX_POINT('',#8933);
#2560=VERTEX_POINT('',#8935);
#2561=VERTEX_POINT('',#8948);
#2562=VERTEX_POINT('',#8950);
#2563=VERTEX_POINT('',#9111);
#2564=VERTEX_POINT('',#9112);
#2565=VERTEX_POINT('',#9114);
#2566=VERTEX_POINT('',#9118);
#2567=VERTEX_POINT('',#9120);
#2568=VERTEX_POINT('',#9122);
#2569=VERTEX_POINT('',#9124);
#2570=VERTEX_POINT('',#9126);
#2571=VERTEX_POINT('',#9130);
#2572=VERTEX_POINT('',#9131);
#2573=VERTEX_POINT('',#9135);
#2574=VERTEX_POINT('',#9137);
#2575=VERTEX_POINT('',#9139);
#2576=VERTEX_POINT('',#9141);
#2577=VERTEX_POINT('',#9143);
#2578=VERTEX_POINT('',#9145);
#2579=VERTEX_POINT('',#9149);
#2580=VERTEX_POINT('',#9151);
#2581=VERTEX_POINT('',#9155);
#2582=VERTEX_POINT('',#9156);
#2583=VERTEX_POINT('',#9161);
#2584=VERTEX_POINT('',#9162);
#2585=VERTEX_POINT('',#9167);
#2586=VERTEX_POINT('',#9168);
#2587=VERTEX_POINT('',#9173);
#2588=VERTEX_POINT('',#9174);
#2589=VERTEX_POINT('',#9179);
#2590=VERTEX_POINT('',#9180);
#2591=VERTEX_POINT('',#9185);
#2592=VERTEX_POINT('',#9186);
#2593=VERTEX_POINT('',#9188);
#2594=VERTEX_POINT('',#9190);
#2595=VERTEX_POINT('',#9195);
#2596=VERTEX_POINT('',#9196);
#2597=VERTEX_POINT('',#9250);
#2598=VERTEX_POINT('',#9251);
#2599=VERTEX_POINT('',#9307);
#2600=VERTEX_POINT('',#9309);
#2601=VERTEX_POINT('',#9325);
#2602=VERTEX_POINT('',#9327);
#2603=VERTEX_POINT('',#9340);
#2604=VERTEX_POINT('',#9347);
#2605=VERTEX_POINT('',#9349);
#2606=VERTEX_POINT('',#9354);
#2607=VERTEX_POINT('',#9367);
#2608=VERTEX_POINT('',#9372);
#2609=VERTEX_POINT('',#9384);
#2610=VERTEX_POINT('',#9386);
#2611=VERTEX_POINT('',#9388);
#2612=VERTEX_POINT('',#9390);
#2613=VERTEX_POINT('',#9392);
#2614=VERTEX_POINT('',#9394);
#2615=VERTEX_POINT('',#9398);
#2616=VERTEX_POINT('',#9399);
#2617=VERTEX_POINT('',#9403);
#2618=VERTEX_POINT('',#9405);
#2619=VERTEX_POINT('',#9407);
#2620=VERTEX_POINT('',#9409);
#2621=VERTEX_POINT('',#9411);
#2622=VERTEX_POINT('',#9413);
#2623=VERTEX_POINT('',#9417);
#2624=VERTEX_POINT('',#9428);
#2625=VERTEX_POINT('',#9432);
#2626=VERTEX_POINT('',#9434);
#2627=VERTEX_POINT('',#9438);
#2628=VERTEX_POINT('',#9439);
#2629=VERTEX_POINT('',#9444);
#2630=VERTEX_POINT('',#9445);
#2631=VERTEX_POINT('',#9450);
#2632=VERTEX_POINT('',#9451);
#2633=VERTEX_POINT('',#9456);
#2634=VERTEX_POINT('',#9457);
#2635=VERTEX_POINT('',#9963);
#2636=VERTEX_POINT('',#9964);
#2637=VERTEX_POINT('',#9966);
#2638=VERTEX_POINT('',#9968);
#2639=VERTEX_POINT('',#9972);
#2640=VERTEX_POINT('',#9974);
#2641=VERTEX_POINT('',#9978);
#2642=VERTEX_POINT('',#9980);
#2643=VERTEX_POINT('',#9987);
#2644=VERTEX_POINT('',#9988);
#2645=VERTEX_POINT('',#9990);
#2646=VERTEX_POINT('',#9992);
#2647=VERTEX_POINT('',#9996);
#2648=VERTEX_POINT('',#9998);
#2649=VERTEX_POINT('',#10002);
#2650=VERTEX_POINT('',#10004);
#2651=VERTEX_POINT('',#10013);
#2652=VERTEX_POINT('',#10014);
#2653=VERTEX_POINT('',#10016);
#2654=VERTEX_POINT('',#10018);
#2655=VERTEX_POINT('',#10022);
#2656=VERTEX_POINT('',#10024);
#2657=VERTEX_POINT('',#10028);
#2658=VERTEX_POINT('',#10030);
#2659=VERTEX_POINT('',#10039);
#2660=VERTEX_POINT('',#10040);
#2661=VERTEX_POINT('',#10042);
#2662=VERTEX_POINT('',#10044);
#2663=VERTEX_POINT('',#10048);
#2664=VERTEX_POINT('',#10050);
#2665=VERTEX_POINT('',#10054);
#2666=VERTEX_POINT('',#10056);
#2667=VERTEX_POINT('',#10065);
#2668=VERTEX_POINT('',#10066);
#2669=VERTEX_POINT('',#10068);
#2670=VERTEX_POINT('',#10070);
#2671=VERTEX_POINT('',#10074);
#2672=VERTEX_POINT('',#10076);
#2673=VERTEX_POINT('',#10080);
#2674=VERTEX_POINT('',#10082);
#2675=VERTEX_POINT('',#10084);
#2676=VERTEX_POINT('',#10086);
#2677=VERTEX_POINT('',#10088);
#2678=VERTEX_POINT('',#10091);
#2679=VERTEX_POINT('',#10094);
#2680=VERTEX_POINT('',#10098);
#2681=VERTEX_POINT('',#10102);
#2682=VERTEX_POINT('',#10106);
#2683=VERTEX_POINT('',#10110);
#2684=VERTEX_POINT('',#10114);
#2685=VERTEX_POINT('',#10121);
#2686=VERTEX_POINT('',#10122);
#2687=VERTEX_POINT('',#10124);
#2688=VERTEX_POINT('',#10126);
#2689=VERTEX_POINT('',#10130);
#2690=VERTEX_POINT('',#10132);
#2691=VERTEX_POINT('',#10136);
#2692=VERTEX_POINT('',#10138);
#2693=VERTEX_POINT('',#10140);
#2694=VERTEX_POINT('',#10142);
#2695=VERTEX_POINT('',#10144);
#2696=VERTEX_POINT('',#10147);
#2697=VERTEX_POINT('',#10148);
#2698=VERTEX_POINT('',#10150);
#2699=VERTEX_POINT('',#10152);
#2700=VERTEX_POINT('',#10156);
#2701=VERTEX_POINT('',#10157);
#2702=VERTEX_POINT('',#10162);
#2703=VERTEX_POINT('',#10166);
#2704=VERTEX_POINT('',#10170);
#2705=VERTEX_POINT('',#10174);
#2706=VERTEX_POINT('',#10176);
#2707=VERTEX_POINT('',#10180);
#2708=VERTEX_POINT('',#10184);
#2709=VERTEX_POINT('',#10195);
#2710=VERTEX_POINT('',#10196);
#2711=VERTEX_POINT('',#10198);
#2712=VERTEX_POINT('',#10200);
#2713=VERTEX_POINT('',#10204);
#2714=VERTEX_POINT('',#10206);
#2715=VERTEX_POINT('',#10210);
#2716=VERTEX_POINT('',#10212);
#2717=VERTEX_POINT('',#10219);
#2718=VERTEX_POINT('',#10221);
#2719=VERTEX_POINT('',#10225);
#2720=VERTEX_POINT('',#10229);
#2721=VERTEX_POINT('',#10231);
#2722=VERTEX_POINT('',#10233);
#2723=VERTEX_POINT('',#10235);
#2724=VERTEX_POINT('',#10239);
#2725=VERTEX_POINT('',#10241);
#2726=VERTEX_POINT('',#10243);
#2727=VERTEX_POINT('',#10245);
#2728=VERTEX_POINT('',#10247);
#2729=VERTEX_POINT('',#10251);
#2730=VERTEX_POINT('',#10255);
#2731=VERTEX_POINT('',#10259);
#2732=VERTEX_POINT('',#10261);
#2733=VERTEX_POINT('',#10265);
#2734=VERTEX_POINT('',#10267);
#2735=VERTEX_POINT('',#10271);
#2736=VERTEX_POINT('',#10273);
#2737=VERTEX_POINT('',#10277);
#2738=VERTEX_POINT('',#10279);
#2739=VERTEX_POINT('',#10281);
#2740=VERTEX_POINT('',#10283);
#2741=VERTEX_POINT('',#10285);
#2742=VERTEX_POINT('',#10289);
#2743=VERTEX_POINT('',#10291);
#2744=VERTEX_POINT('',#10295);
#2745=VERTEX_POINT('',#10297);
#2746=VERTEX_POINT('',#10299);
#2747=VERTEX_POINT('',#10302);
#2748=VERTEX_POINT('',#10317);
#2749=VERTEX_POINT('',#10325);
#2750=VERTEX_POINT('',#10326);
#2751=VERTEX_POINT('',#10328);
#2752=VERTEX_POINT('',#10330);
#2753=VERTEX_POINT('',#10334);
#2754=VERTEX_POINT('',#10336);
#2755=VERTEX_POINT('',#10340);
#2756=VERTEX_POINT('',#10342);
#2757=VERTEX_POINT('',#10351);
#2758=VERTEX_POINT('',#10352);
#2759=VERTEX_POINT('',#10354);
#2760=VERTEX_POINT('',#10356);
#2761=VERTEX_POINT('',#10360);
#2762=VERTEX_POINT('',#10362);
#2763=VERTEX_POINT('',#10366);
#2764=VERTEX_POINT('',#10368);
#2765=VERTEX_POINT('',#10375);
#2766=VERTEX_POINT('',#10377);
#2767=VERTEX_POINT('',#10381);
#2768=VERTEX_POINT('',#10385);
#2769=VERTEX_POINT('',#10387);
#2770=VERTEX_POINT('',#10389);
#2771=VERTEX_POINT('',#10391);
#2772=VERTEX_POINT('',#10395);
#2773=VERTEX_POINT('',#10397);
#2774=VERTEX_POINT('',#10399);
#2775=VERTEX_POINT('',#10401);
#2776=VERTEX_POINT('',#10403);
#2777=VERTEX_POINT('',#10407);
#2778=VERTEX_POINT('',#10411);
#2779=VERTEX_POINT('',#10415);
#2780=VERTEX_POINT('',#10417);
#2781=VERTEX_POINT('',#10421);
#2782=VERTEX_POINT('',#10423);
#2783=VERTEX_POINT('',#10427);
#2784=VERTEX_POINT('',#10429);
#2785=VERTEX_POINT('',#10433);
#2786=VERTEX_POINT('',#10435);
#2787=VERTEX_POINT('',#10437);
#2788=VERTEX_POINT('',#10439);
#2789=VERTEX_POINT('',#10441);
#2790=VERTEX_POINT('',#10445);
#2791=VERTEX_POINT('',#10447);
#2792=VERTEX_POINT('',#10451);
#2793=VERTEX_POINT('',#10454);
#2794=VERTEX_POINT('',#10456);
#2795=VERTEX_POINT('',#10458);
#2796=VERTEX_POINT('',#10473);
#2797=VERTEX_POINT('',#10481);
#2798=VERTEX_POINT('',#10482);
#2799=VERTEX_POINT('',#10484);
#2800=VERTEX_POINT('',#10486);
#2801=VERTEX_POINT('',#10490);
#2802=VERTEX_POINT('',#10492);
#2803=VERTEX_POINT('',#10496);
#2804=VERTEX_POINT('',#10498);
#2805=VERTEX_POINT('',#10507);
#2806=VERTEX_POINT('',#10508);
#2807=VERTEX_POINT('',#10510);
#2808=VERTEX_POINT('',#10512);
#2809=VERTEX_POINT('',#10516);
#2810=VERTEX_POINT('',#10518);
#2811=VERTEX_POINT('',#10522);
#2812=VERTEX_POINT('',#10524);
#2813=VERTEX_POINT('',#10531);
#2814=VERTEX_POINT('',#10533);
#2815=VERTEX_POINT('',#10537);
#2816=VERTEX_POINT('',#10541);
#2817=VERTEX_POINT('',#10543);
#2818=VERTEX_POINT('',#10545);
#2819=VERTEX_POINT('',#10547);
#2820=VERTEX_POINT('',#10551);
#2821=VERTEX_POINT('',#10553);
#2822=VERTEX_POINT('',#10555);
#2823=VERTEX_POINT('',#10557);
#2824=VERTEX_POINT('',#10559);
#2825=VERTEX_POINT('',#10563);
#2826=VERTEX_POINT('',#10567);
#2827=VERTEX_POINT('',#10571);
#2828=VERTEX_POINT('',#10573);
#2829=VERTEX_POINT('',#10577);
#2830=VERTEX_POINT('',#10579);
#2831=VERTEX_POINT('',#10583);
#2832=VERTEX_POINT('',#10585);
#2833=VERTEX_POINT('',#10589);
#2834=VERTEX_POINT('',#10591);
#2835=VERTEX_POINT('',#10593);
#2836=VERTEX_POINT('',#10595);
#2837=VERTEX_POINT('',#10597);
#2838=VERTEX_POINT('',#10601);
#2839=VERTEX_POINT('',#10603);
#2840=VERTEX_POINT('',#10607);
#2841=VERTEX_POINT('',#10610);
#2842=VERTEX_POINT('',#10612);
#2843=VERTEX_POINT('',#10614);
#2844=VERTEX_POINT('',#10629);
#2845=VERTEX_POINT('',#10637);
#2846=VERTEX_POINT('',#10638);
#2847=VERTEX_POINT('',#10640);
#2848=VERTEX_POINT('',#10642);
#2849=VERTEX_POINT('',#10646);
#2850=VERTEX_POINT('',#10648);
#2851=VERTEX_POINT('',#10652);
#2852=VERTEX_POINT('',#10654);
#2853=VERTEX_POINT('',#10663);
#2854=VERTEX_POINT('',#10664);
#2855=VERTEX_POINT('',#10666);
#2856=VERTEX_POINT('',#10668);
#2857=VERTEX_POINT('',#10672);
#2858=VERTEX_POINT('',#10674);
#2859=VERTEX_POINT('',#10678);
#2860=VERTEX_POINT('',#10680);
#2861=VERTEX_POINT('',#10687);
#2862=VERTEX_POINT('',#10689);
#2863=VERTEX_POINT('',#10693);
#2864=VERTEX_POINT('',#10697);
#2865=VERTEX_POINT('',#10699);
#2866=VERTEX_POINT('',#10701);
#2867=VERTEX_POINT('',#10703);
#2868=VERTEX_POINT('',#10707);
#2869=VERTEX_POINT('',#10709);
#2870=VERTEX_POINT('',#10711);
#2871=VERTEX_POINT('',#10713);
#2872=VERTEX_POINT('',#10715);
#2873=VERTEX_POINT('',#10719);
#2874=VERTEX_POINT('',#10723);
#2875=VERTEX_POINT('',#10727);
#2876=VERTEX_POINT('',#10729);
#2877=VERTEX_POINT('',#10733);
#2878=VERTEX_POINT('',#10735);
#2879=VERTEX_POINT('',#10739);
#2880=VERTEX_POINT('',#10741);
#2881=VERTEX_POINT('',#10745);
#2882=VERTEX_POINT('',#10747);
#2883=VERTEX_POINT('',#10749);
#2884=VERTEX_POINT('',#10751);
#2885=VERTEX_POINT('',#10753);
#2886=VERTEX_POINT('',#10757);
#2887=VERTEX_POINT('',#10759);
#2888=VERTEX_POINT('',#10763);
#2889=VERTEX_POINT('',#10765);
#2890=VERTEX_POINT('',#10767);
#2891=VERTEX_POINT('',#10770);
#2892=VERTEX_POINT('',#10785);
#2893=VERTEX_POINT('',#10793);
#2894=VERTEX_POINT('',#10794);
#2895=VERTEX_POINT('',#10796);
#2896=VERTEX_POINT('',#10798);
#2897=VERTEX_POINT('',#10802);
#2898=VERTEX_POINT('',#10804);
#2899=VERTEX_POINT('',#10808);
#2900=VERTEX_POINT('',#10810);
#2901=VERTEX_POINT('',#10819);
#2902=VERTEX_POINT('',#10820);
#2903=VERTEX_POINT('',#10822);
#2904=VERTEX_POINT('',#10824);
#2905=VERTEX_POINT('',#10826);
#2906=VERTEX_POINT('',#10830);
#2907=VERTEX_POINT('',#10832);
#2908=VERTEX_POINT('',#10836);
#2909=VERTEX_POINT('',#10840);
#2910=VERTEX_POINT('',#10841);
#2911=VERTEX_POINT('',#10846);
#2912=VERTEX_POINT('',#10848);
#2913=VERTEX_POINT('',#10850);
#2914=VERTEX_POINT('',#10852);
#2915=VERTEX_POINT('',#10856);
#2916=VERTEX_POINT('',#10860);
#2917=VERTEX_POINT('',#10864);
#2918=VERTEX_POINT('',#10866);
#2919=VERTEX_POINT('',#10870);
#2920=VERTEX_POINT('',#10874);
#2921=VERTEX_POINT('',#10881);
#2922=VERTEX_POINT('',#10882);
#2923=VERTEX_POINT('',#10884);
#2924=VERTEX_POINT('',#10886);
#2925=VERTEX_POINT('',#10888);
#2926=VERTEX_POINT('',#10892);
#2927=VERTEX_POINT('',#10894);
#2928=VERTEX_POINT('',#10898);
#2929=VERTEX_POINT('',#10902);
#2930=VERTEX_POINT('',#10903);
#2931=VERTEX_POINT('',#10908);
#2932=VERTEX_POINT('',#10910);
#2933=VERTEX_POINT('',#10912);
#2934=VERTEX_POINT('',#10914);
#2935=VERTEX_POINT('',#10918);
#2936=VERTEX_POINT('',#10922);
#2937=VERTEX_POINT('',#10926);
#2938=VERTEX_POINT('',#10928);
#2939=VERTEX_POINT('',#10932);
#2940=VERTEX_POINT('',#10936);
#2941=VERTEX_POINT('',#10943);
#2942=VERTEX_POINT('',#10944);
#2943=VERTEX_POINT('',#10946);
#2944=VERTEX_POINT('',#10948);
#2945=VERTEX_POINT('',#10950);
#2946=VERTEX_POINT('',#10954);
#2947=VERTEX_POINT('',#10956);
#2948=VERTEX_POINT('',#10960);
#2949=VERTEX_POINT('',#10964);
#2950=VERTEX_POINT('',#10965);
#2951=VERTEX_POINT('',#10970);
#2952=VERTEX_POINT('',#10972);
#2953=VERTEX_POINT('',#10974);
#2954=VERTEX_POINT('',#10976);
#2955=VERTEX_POINT('',#10980);
#2956=VERTEX_POINT('',#10984);
#2957=VERTEX_POINT('',#10988);
#2958=VERTEX_POINT('',#10990);
#2959=VERTEX_POINT('',#10994);
#2960=VERTEX_POINT('',#10998);
#2961=VERTEX_POINT('',#11005);
#2962=VERTEX_POINT('',#11006);
#2963=VERTEX_POINT('',#11008);
#2964=VERTEX_POINT('',#11010);
#2965=VERTEX_POINT('',#11012);
#2966=VERTEX_POINT('',#11016);
#2967=VERTEX_POINT('',#11018);
#2968=VERTEX_POINT('',#11022);
#2969=VERTEX_POINT('',#11026);
#2970=VERTEX_POINT('',#11027);
#2971=VERTEX_POINT('',#11032);
#2972=VERTEX_POINT('',#11034);
#2973=VERTEX_POINT('',#11036);
#2974=VERTEX_POINT('',#11038);
#2975=VERTEX_POINT('',#11042);
#2976=VERTEX_POINT('',#11046);
#2977=VERTEX_POINT('',#11050);
#2978=VERTEX_POINT('',#11052);
#2979=VERTEX_POINT('',#11056);
#2980=VERTEX_POINT('',#11060);
#2981=VERTEX_POINT('',#11067);
#2982=VERTEX_POINT('',#11068);
#2983=VERTEX_POINT('',#11070);
#2984=VERTEX_POINT('',#11072);
#2985=VERTEX_POINT('',#11074);
#2986=VERTEX_POINT('',#11078);
#2987=VERTEX_POINT('',#11080);
#2988=VERTEX_POINT('',#11084);
#2989=VERTEX_POINT('',#11088);
#2990=VERTEX_POINT('',#11089);
#2991=VERTEX_POINT('',#11094);
#2992=VERTEX_POINT('',#11096);
#2993=VERTEX_POINT('',#11098);
#2994=VERTEX_POINT('',#11100);
#2995=VERTEX_POINT('',#11104);
#2996=VERTEX_POINT('',#11108);
#2997=VERTEX_POINT('',#11112);
#2998=VERTEX_POINT('',#11114);
#2999=VERTEX_POINT('',#11118);
#3000=VERTEX_POINT('',#11122);
#3001=VERTEX_POINT('',#11129);
#3002=VERTEX_POINT('',#11130);
#3003=VERTEX_POINT('',#11132);
#3004=VERTEX_POINT('',#11134);
#3005=VERTEX_POINT('',#11136);
#3006=VERTEX_POINT('',#11140);
#3007=VERTEX_POINT('',#11142);
#3008=VERTEX_POINT('',#11146);
#3009=VERTEX_POINT('',#11150);
#3010=VERTEX_POINT('',#11151);
#3011=VERTEX_POINT('',#11156);
#3012=VERTEX_POINT('',#11158);
#3013=VERTEX_POINT('',#11160);
#3014=VERTEX_POINT('',#11162);
#3015=VERTEX_POINT('',#11166);
#3016=VERTEX_POINT('',#11170);
#3017=VERTEX_POINT('',#11174);
#3018=VERTEX_POINT('',#11176);
#3019=VERTEX_POINT('',#11180);
#3020=VERTEX_POINT('',#11184);
#3021=VERTEX_POINT('',#11191);
#3022=VERTEX_POINT('',#11192);
#3023=VERTEX_POINT('',#11194);
#3024=VERTEX_POINT('',#11196);
#3025=VERTEX_POINT('',#11198);
#3026=VERTEX_POINT('',#11202);
#3027=VERTEX_POINT('',#11204);
#3028=VERTEX_POINT('',#11208);
#3029=VERTEX_POINT('',#11212);
#3030=VERTEX_POINT('',#11213);
#3031=VERTEX_POINT('',#11218);
#3032=VERTEX_POINT('',#11220);
#3033=VERTEX_POINT('',#11222);
#3034=VERTEX_POINT('',#11224);
#3035=VERTEX_POINT('',#11228);
#3036=VERTEX_POINT('',#11232);
#3037=VERTEX_POINT('',#11236);
#3038=VERTEX_POINT('',#11238);
#3039=VERTEX_POINT('',#11242);
#3040=VERTEX_POINT('',#11246);
#3041=VERTEX_POINT('',#11253);
#3042=VERTEX_POINT('',#11254);
#3043=VERTEX_POINT('',#11256);
#3044=VERTEX_POINT('',#11258);
#3045=VERTEX_POINT('',#11260);
#3046=VERTEX_POINT('',#11264);
#3047=VERTEX_POINT('',#11266);
#3048=VERTEX_POINT('',#11270);
#3049=VERTEX_POINT('',#11274);
#3050=VERTEX_POINT('',#11275);
#3051=VERTEX_POINT('',#11280);
#3052=VERTEX_POINT('',#11282);
#3053=VERTEX_POINT('',#11284);
#3054=VERTEX_POINT('',#11286);
#3055=VERTEX_POINT('',#11290);
#3056=VERTEX_POINT('',#11294);
#3057=VERTEX_POINT('',#11298);
#3058=VERTEX_POINT('',#11300);
#3059=VERTEX_POINT('',#11304);
#3060=VERTEX_POINT('',#11308);
#3061=EDGE_CURVE('',#2518,#2519,#1260,.T.);
#3062=EDGE_CURVE('',#2519,#2520,#1212,.T.);
#3063=EDGE_CURVE('',#2520,#2521,#1071,.T.);
#3064=EDGE_CURVE('',#2518,#2521,#1213,.F.);
#3065=EDGE_CURVE('',#2522,#2523,#1261,.T.);
#3066=EDGE_CURVE('',#2523,#2519,#1214,.T.);
#3067=EDGE_CURVE('',#2522,#2518,#1215,.F.);
#3068=EDGE_CURVE('',#2524,#2525,#1262,.T.);
#3069=EDGE_CURVE('',#2525,#2523,#1216,.T.);
#3070=EDGE_CURVE('',#2524,#2522,#1217,.F.);
#3071=EDGE_CURVE('',#2526,#2527,#1263,.T.);
#3072=EDGE_CURVE('',#2528,#2526,#1218,.F.);
#3073=EDGE_CURVE('',#2529,#2528,#1072,.T.);
#3074=EDGE_CURVE('',#2529,#2527,#1219,.T.);
#3075=EDGE_CURVE('',#2530,#2531,#1264,.T.);
#3076=EDGE_CURVE('',#2531,#2532,#1073,.T.);
#3077=EDGE_CURVE('',#2532,#2530,#1220,.T.);
#3078=EDGE_CURVE('',#2533,#2534,#1265,.T.);
#3079=EDGE_CURVE('',#2531,#2534,#1221,.F.);
#3080=EDGE_CURVE('',#2530,#2533,#1222,.T.);
#3081=EDGE_CURVE('',#2535,#2536,#1266,.T.);
#3082=EDGE_CURVE('',#2534,#2536,#1223,.F.);
#3083=EDGE_CURVE('',#2533,#2535,#1224,.T.);
#3084=EDGE_CURVE('',#2537,#2538,#1267,.T.);
#3085=EDGE_CURVE('',#2536,#2538,#1225,.F.);
#3086=EDGE_CURVE('',#2535,#2537,#1226,.T.);
#3087=EDGE_CURVE('',#2539,#2540,#1268,.T.);
#3088=EDGE_CURVE('',#2538,#2540,#1227,.F.);
#3089=EDGE_CURVE('',#2537,#2539,#1228,.T.);
#3090=EDGE_CURVE('',#2541,#2542,#1269,.T.);
#3091=EDGE_CURVE('',#2541,#2543,#1229,.T.);
#3092=EDGE_CURVE('',#2543,#2544,#1074,.T.);
#3093=EDGE_CURVE('',#2542,#2544,#1230,.F.);
#3094=EDGE_CURVE('',#2545,#2546,#1270,.T.);
#3095=EDGE_CURVE('',#2545,#2529,#1231,.T.);
#3096=EDGE_CURVE('',#2528,#2546,#1232,.T.);
#3097=EDGE_CURVE('',#2547,#2548,#1271,.T.);
#3098=EDGE_CURVE('',#2521,#2547,#1233,.F.);
#3099=EDGE_CURVE('',#2549,#2520,#1234,.T.);
#3100=EDGE_CURVE('',#2548,#2549,#1075,.T.);
#3101=EDGE_CURVE('',#2550,#2551,#1076,.T.);
#3102=EDGE_CURVE('',#2551,#2550,#1077,.T.);
#3103=EDGE_CURVE('',#2551,#2552,#1272,.T.);
#3104=EDGE_CURVE('',#2552,#2552,#1078,.T.);
#3105=EDGE_CURVE('',#2553,#2548,#1079,.T.);
#3106=EDGE_CURVE('',#2547,#2553,#1235,.F.);
#3107=EDGE_CURVE('',#2546,#2532,#1236,.T.);
#3108=EDGE_CURVE('',#2532,#2531,#1080,.T.);
#3109=EDGE_CURVE('',#2531,#2545,#1237,.T.);
#3110=EDGE_CURVE('',#2550,#2554,#1273,.T.);
#3111=EDGE_CURVE('',#2555,#2554,#1081,.T.);
#3112=EDGE_CURVE('',#2555,#2556,#1238,.T.);
#3113=EDGE_CURVE('',#2557,#2556,#1082,.T.);
#3114=EDGE_CURVE('',#2557,#2558,#1239,.T.);
#3115=EDGE_CURVE('',#2559,#2558,#1083,.T.);
#3116=EDGE_CURVE('',#2559,#2560,#1240,.T.);
#3117=EDGE_CURVE('',#2561,#2560,#1084,.T.);
#3118=EDGE_CURVE('',#2561,#2562,#1241,.T.);
#3119=EDGE_CURVE('',#2554,#2562,#1085,.T.);
#3120=EDGE_CURVE('',#2540,#2542,#1242,.F.);
#3121=EDGE_CURVE('',#2539,#2541,#1243,.T.);
#3122=EDGE_CURVE('',#2527,#2525,#1244,.T.);
#3123=EDGE_CURVE('',#2526,#2524,#1245,.F.);
#3124=EDGE_CURVE('',#2563,#2564,#1274,.T.);
#3125=EDGE_CURVE('',#2563,#2565,#125,.T.);
#3126=EDGE_CURVE('',#2566,#2565,#1275,.T.);
#3127=EDGE_CURVE('',#2567,#2566,#1086,.T.);
#3128=EDGE_CURVE('',#2568,#2567,#1087,.T.);
#3129=EDGE_CURVE('',#2569,#2568,#1088,.T.);
#3130=EDGE_CURVE('',#2570,#2569,#1089,.T.);
#3131=EDGE_CURVE('',#2564,#2570,#1090,.T.);
#3132=EDGE_CURVE('',#2571,#2572,#126,.T.);
#3133=EDGE_CURVE('',#2573,#2571,#1276,.T.);
#3134=EDGE_CURVE('',#2574,#2573,#1091,.T.);
#3135=EDGE_CURVE('',#2575,#2574,#1092,.T.);
#3136=EDGE_CURVE('',#2576,#2575,#1093,.T.);
#3137=EDGE_CURVE('',#2577,#2576,#1094,.T.);
#3138=EDGE_CURVE('',#2578,#2577,#1095,.T.);
#3139=EDGE_CURVE('',#2572,#2578,#1277,.T.);
#3140=EDGE_CURVE('',#2555,#2579,#1278,.T.);
#3141=EDGE_CURVE('',#2580,#2562,#1279,.T.);
#3142=EDGE_CURVE('',#2580,#2579,#1280,.T.);
#3143=EDGE_CURVE('',#2581,#2582,#1281,.T.);
#3144=EDGE_CURVE('',#2579,#2582,#1096,.T.);
#3145=EDGE_CURVE('',#2581,#2580,#1097,.T.);
#3146=EDGE_CURVE('',#2583,#2584,#1282,.T.);
#3147=EDGE_CURVE('',#2582,#2584,#1098,.T.);
#3148=EDGE_CURVE('',#2583,#2581,#1099,.T.);
#3149=EDGE_CURVE('',#2585,#2586,#1283,.T.);
#3150=EDGE_CURVE('',#2584,#2586,#1100,.T.);
#3151=EDGE_CURVE('',#2585,#2583,#1101,.T.);
#3152=EDGE_CURVE('',#2587,#2588,#1284,.T.);
#3153=EDGE_CURVE('',#2586,#2588,#1102,.T.);
#3154=EDGE_CURVE('',#2587,#2585,#1103,.T.);
#3155=EDGE_CURVE('',#2589,#2590,#1285,.T.);
#3156=EDGE_CURVE('',#2588,#2590,#1104,.T.);
#3157=EDGE_CURVE('',#2589,#2587,#1105,.T.);
#3158=EDGE_CURVE('',#2591,#2592,#1286,.T.);
#3159=EDGE_CURVE('',#2592,#2593,#1287,.T.);
#3160=EDGE_CURVE('',#2593,#2594,#1288,.T.);
#3161=EDGE_CURVE('',#2590,#2594,#1289,.T.);
#3162=EDGE_CURVE('',#2591,#2589,#1290,.T.);
#3163=EDGE_CURVE('',#2595,#2596,#1246,.T.);
#3164=EDGE_CURVE('',#2595,#2591,#127,.T.);
#3165=EDGE_CURVE('',#2589,#2566,#1106,.T.);
#3166=EDGE_CURVE('',#2565,#2596,#1247,.T.);
#3167=EDGE_CURVE('',#2587,#2567,#1107,.T.);
#3168=EDGE_CURVE('',#2585,#2568,#1108,.T.);
#3169=EDGE_CURVE('',#2583,#2569,#1109,.T.);
#3170=EDGE_CURVE('',#2581,#2570,#1110,.T.);
#3171=EDGE_CURVE('',#2580,#2564,#1111,.T.);
#3172=EDGE_CURVE('',#2561,#2563,#1248,.T.);
#3173=EDGE_CURVE('',#2597,#2598,#1249,.T.);
#3174=EDGE_CURVE('',#2597,#2572,#1250,.T.);
#3175=EDGE_CURVE('',#2578,#2590,#1112,.T.);
#3176=EDGE_CURVE('',#2594,#2598,#128,.T.);
#3177=EDGE_CURVE('',#2577,#2588,#1113,.T.);
#3178=EDGE_CURVE('',#2576,#2586,#1114,.T.);
#3179=EDGE_CURVE('',#2575,#2584,#1115,.T.);
#3180=EDGE_CURVE('',#2574,#2582,#1116,.T.);
#3181=EDGE_CURVE('',#2573,#2579,#1117,.T.);
#3182=EDGE_CURVE('',#2571,#2556,#1251,.T.);
#3183=EDGE_CURVE('',#2592,#2599,#1118,.T.);
#3184=EDGE_CURVE('',#2599,#2600,#1291,.T.);
#3185=EDGE_CURVE('',#2600,#2593,#1119,.T.);
#3186=EDGE_CURVE('',#2543,#2553,#1252,.T.);
#3187=EDGE_CURVE('',#2549,#2544,#1253,.T.);
#3188=EDGE_CURVE('',#2601,#2596,#1120,.T.);
#3189=EDGE_CURVE('',#2601,#2602,#1254,.T.);
#3190=EDGE_CURVE('',#2602,#2603,#129,.T.);
#3191=EDGE_CURVE('',#2603,#2599,#1292,.T.);
#3192=EDGE_CURVE('',#2600,#2604,#1293,.T.);
#3193=EDGE_CURVE('',#2604,#2605,#130,.T.);
#3194=EDGE_CURVE('',#2605,#2606,#1255,.T.);
#3195=EDGE_CURVE('',#2597,#2606,#1121,.T.);
#3196=EDGE_CURVE('',#2607,#2560,#1256,.T.);
#3197=EDGE_CURVE('',#2608,#2607,#131,.T.);
#3198=EDGE_CURVE('',#2601,#2608,#1257,.T.);
#3199=EDGE_CURVE('',#2609,#2608,#1294,.T.);
#3200=EDGE_CURVE('',#2607,#2610,#1295,.T.);
#3201=EDGE_CURVE('',#2610,#2611,#1122,.T.);
#3202=EDGE_CURVE('',#2611,#2612,#1123,.T.);
#3203=EDGE_CURVE('',#2612,#2613,#1124,.T.);
#3204=EDGE_CURVE('',#2613,#2614,#1125,.T.);
#3205=EDGE_CURVE('',#2614,#2609,#1126,.T.);
#3206=EDGE_CURVE('',#2615,#2616,#132,.T.);
#3207=EDGE_CURVE('',#2615,#2617,#1296,.T.);
#3208=EDGE_CURVE('',#2617,#2618,#1127,.T.);
#3209=EDGE_CURVE('',#2618,#2619,#1128,.T.);
#3210=EDGE_CURVE('',#2619,#2620,#1129,.T.);
#3211=EDGE_CURVE('',#2620,#2621,#1130,.T.);
#3212=EDGE_CURVE('',#2621,#2622,#1131,.T.);
#3213=EDGE_CURVE('',#2622,#2616,#1297,.T.);
#3214=EDGE_CURVE('',#2623,#2609,#1132,.T.);
#3215=EDGE_CURVE('',#2603,#2623,#1298,.T.);
#3216=EDGE_CURVE('',#2615,#2606,#1258,.T.);
#3217=EDGE_CURVE('',#2624,#2604,#1299,.T.);
#3218=EDGE_CURVE('',#2617,#2624,#1133,.T.);
#3219=EDGE_CURVE('',#2625,#2559,#1300,.T.);
#3220=EDGE_CURVE('',#2558,#2626,#1301,.T.);
#3221=EDGE_CURVE('',#2625,#2626,#1302,.T.);
#3222=EDGE_CURVE('',#2627,#2628,#1303,.T.);
#3223=EDGE_CURVE('',#2627,#2625,#1134,.T.);
#3224=EDGE_CURVE('',#2626,#2628,#1135,.T.);
#3225=EDGE_CURVE('',#2629,#2630,#1304,.T.);
#3226=EDGE_CURVE('',#2629,#2627,#1136,.T.);
#3227=EDGE_CURVE('',#2628,#2630,#1137,.T.);
#3228=EDGE_CURVE('',#2631,#2632,#1305,.T.);
#3229=EDGE_CURVE('',#2631,#2629,#1138,.T.);
#3230=EDGE_CURVE('',#2630,#2632,#1139,.T.);
#3231=EDGE_CURVE('',#2633,#2634,#1306,.T.);
#3232=EDGE_CURVE('',#2633,#2631,#1140,.T.);
#3233=EDGE_CURVE('',#2632,#2634,#1141,.T.);
#3234=EDGE_CURVE('',#2623,#2624,#1307,.T.);
#3235=EDGE_CURVE('',#2623,#2633,#1142,.T.);
#3236=EDGE_CURVE('',#2634,#2624,#1143,.T.);
#3237=EDGE_CURVE('',#2633,#2614,#1144,.T.);
#3238=EDGE_CURVE('',#2631,#2613,#1145,.T.);
#3239=EDGE_CURVE('',#2629,#2612,#1146,.T.);
#3240=EDGE_CURVE('',#2627,#2611,#1147,.T.);
#3241=EDGE_CURVE('',#2625,#2610,#1148,.T.);
#3242=EDGE_CURVE('',#2618,#2634,#1149,.T.);
#3243=EDGE_CURVE('',#2619,#2632,#1150,.T.);
#3244=EDGE_CURVE('',#2620,#2630,#1151,.T.);
#3245=EDGE_CURVE('',#2621,#2628,#1152,.T.);
#3246=EDGE_CURVE('',#2622,#2626,#1153,.T.);
#3247=EDGE_CURVE('',#2557,#2616,#1259,.T.);
#3248=EDGE_CURVE('',#2635,#2636,#1308,.T.);
#3249=EDGE_CURVE('',#2635,#2637,#1309,.T.);
#3250=EDGE_CURVE('',#2638,#2637,#1310,.T.);
#3251=EDGE_CURVE('',#2636,#2638,#1311,.T.);
#3252=EDGE_CURVE('',#2636,#2639,#1312,.T.);
#3253=EDGE_CURVE('',#2640,#2638,#1313,.T.);
#3254=EDGE_CURVE('',#2639,#2640,#1314,.T.);
#3255=EDGE_CURVE('',#2639,#2641,#1315,.T.);
#3256=EDGE_CURVE('',#2642,#2640,#1316,.T.);
#3257=EDGE_CURVE('',#2641,#2642,#1317,.T.);
#3258=EDGE_CURVE('',#2641,#2635,#1318,.T.);
#3259=EDGE_CURVE('',#2637,#2642,#1319,.T.);
#3260=EDGE_CURVE('',#2643,#2644,#1320,.T.);
#3261=EDGE_CURVE('',#2643,#2645,#1321,.T.);
#3262=EDGE_CURVE('',#2646,#2645,#1322,.T.);
#3263=EDGE_CURVE('',#2644,#2646,#1323,.T.);
#3264=EDGE_CURVE('',#2644,#2647,#1324,.T.);
#3265=EDGE_CURVE('',#2648,#2646,#1325,.T.);
#3266=EDGE_CURVE('',#2647,#2648,#1326,.T.);
#3267=EDGE_CURVE('',#2647,#2649,#1327,.T.);
#3268=EDGE_CURVE('',#2650,#2648,#1328,.T.);
#3269=EDGE_CURVE('',#2649,#2650,#1329,.T.);
#3270=EDGE_CURVE('',#2649,#2643,#1330,.T.);
#3271=EDGE_CURVE('',#2645,#2650,#1331,.T.);
#3272=EDGE_CURVE('',#2651,#2652,#1332,.T.);
#3273=EDGE_CURVE('',#2651,#2653,#1333,.T.);
#3274=EDGE_CURVE('',#2654,#2653,#1334,.T.);
#3275=EDGE_CURVE('',#2652,#2654,#1335,.T.);
#3276=EDGE_CURVE('',#2652,#2655,#1336,.T.);
#3277=EDGE_CURVE('',#2656,#2654,#1337,.T.);
#3278=EDGE_CURVE('',#2655,#2656,#1338,.T.);
#3279=EDGE_CURVE('',#2655,#2657,#1339,.T.);
#3280=EDGE_CURVE('',#2658,#2656,#1340,.T.);
#3281=EDGE_CURVE('',#2657,#2658,#1341,.T.);
#3282=EDGE_CURVE('',#2657,#2651,#1342,.T.);
#3283=EDGE_CURVE('',#2653,#2658,#1343,.T.);
#3284=EDGE_CURVE('',#2659,#2660,#1344,.T.);
#3285=EDGE_CURVE('',#2659,#2661,#1345,.T.);
#3286=EDGE_CURVE('',#2662,#2661,#1346,.T.);
#3287=EDGE_CURVE('',#2660,#2662,#1347,.T.);
#3288=EDGE_CURVE('',#2660,#2663,#1348,.T.);
#3289=EDGE_CURVE('',#2664,#2662,#1349,.T.);
#3290=EDGE_CURVE('',#2663,#2664,#1350,.T.);
#3291=EDGE_CURVE('',#2663,#2665,#1351,.T.);
#3292=EDGE_CURVE('',#2666,#2664,#1352,.T.);
#3293=EDGE_CURVE('',#2665,#2666,#1353,.T.);
#3294=EDGE_CURVE('',#2665,#2659,#1354,.T.);
#3295=EDGE_CURVE('',#2661,#2666,#1355,.T.);
#3296=EDGE_CURVE('',#2667,#2668,#1154,.T.);
#3297=EDGE_CURVE('',#2668,#2669,#1356,.T.);
#3298=EDGE_CURVE('',#2669,#2670,#1155,.T.);
#3299=EDGE_CURVE('',#2670,#2667,#1357,.T.);
#3300=EDGE_CURVE('',#2671,#2668,#1358,.T.);
#3301=EDGE_CURVE('',#2672,#2671,#1359,.T.);
#3302=EDGE_CURVE('',#2672,#2669,#1360,.T.);
#3303=EDGE_CURVE('',#2667,#2673,#1361,.T.);
#3304=EDGE_CURVE('',#2674,#2673,#1156,.T.);
#3305=EDGE_CURVE('',#2674,#2675,#1362,.T.);
#3306=EDGE_CURVE('',#2676,#2675,#1157,.T.);
#3307=EDGE_CURVE('',#2676,#2677,#1363,.T.);
#3308=EDGE_CURVE('',#2671,#2677,#1158,.T.);
#3309=EDGE_CURVE('',#2678,#2678,#1159,.T.);
#3310=EDGE_CURVE('',#2677,#2679,#1364,.T.);
#3311=EDGE_CURVE('',#2679,#2672,#1160,.T.);
#3312=EDGE_CURVE('',#2680,#2676,#1365,.T.);
#3313=EDGE_CURVE('',#2680,#2679,#1366,.T.);
#3314=EDGE_CURVE('',#2675,#2681,#1367,.T.);
#3315=EDGE_CURVE('',#2681,#2680,#1161,.T.);
#3316=EDGE_CURVE('',#2682,#2674,#1368,.T.);
#3317=EDGE_CURVE('',#2682,#2681,#1369,.T.);
#3318=EDGE_CURVE('',#2673,#2683,#1370,.T.);
#3319=EDGE_CURVE('',#2683,#2682,#1162,.T.);
#3320=EDGE_CURVE('',#2678,#2684,#1371,.T.);
#3321=EDGE_CURVE('',#2684,#2684,#1163,.T.);
#3322=EDGE_CURVE('',#2670,#2683,#1372,.T.);
#3323=EDGE_CURVE('',#2685,#2686,#1164,.T.);
#3324=EDGE_CURVE('',#2686,#2687,#1373,.T.);
#3325=EDGE_CURVE('',#2687,#2688,#1165,.T.);
#3326=EDGE_CURVE('',#2688,#2685,#1374,.T.);
#3327=EDGE_CURVE('',#2689,#2688,#1375,.T.);
#3328=EDGE_CURVE('',#2690,#2689,#1376,.T.);
#3329=EDGE_CURVE('',#2685,#2690,#1377,.T.);
#3330=EDGE_CURVE('',#2687,#2691,#1378,.T.);
#3331=EDGE_CURVE('',#2692,#2691,#1166,.T.);
#3332=EDGE_CURVE('',#2692,#2693,#1379,.T.);
#3333=EDGE_CURVE('',#2694,#2693,#1167,.T.);
#3334=EDGE_CURVE('',#2694,#2695,#1380,.T.);
#3335=EDGE_CURVE('',#2689,#2695,#1168,.T.);
#3336=EDGE_CURVE('',#2696,#2697,#1381,.T.);
#3337=EDGE_CURVE('',#2697,#2698,#1382,.T.);
#3338=EDGE_CURVE('',#2698,#2699,#1383,.T.);
#3339=EDGE_CURVE('',#2699,#2696,#1384,.T.);
#3340=EDGE_CURVE('',#2700,#2701,#1169,.T.);
#3341=EDGE_CURVE('',#2701,#2692,#1385,.T.);
#3342=EDGE_CURVE('',#2691,#2700,#1386,.T.);
#3343=EDGE_CURVE('',#2702,#2701,#1387,.T.);
#3344=EDGE_CURVE('',#2693,#2702,#1388,.T.);
#3345=EDGE_CURVE('',#2702,#2703,#1170,.T.);
#3346=EDGE_CURVE('',#2703,#2694,#1389,.T.);
#3347=EDGE_CURVE('',#2704,#2690,#1171,.T.);
#3348=EDGE_CURVE('',#2695,#2704,#1390,.T.);
#3349=EDGE_CURVE('',#2697,#2705,#1391,.T.);
#3350=EDGE_CURVE('',#2706,#2705,#1392,.T.);
#3351=EDGE_CURVE('',#2698,#2706,#1393,.T.);
#3352=EDGE_CURVE('',#2707,#2706,#1394,.T.);
#3353=EDGE_CURVE('',#2699,#2707,#1395,.T.);
#3354=EDGE_CURVE('',#2708,#2707,#1396,.T.);
#3355=EDGE_CURVE('',#2696,#2708,#1397,.T.);
#3356=EDGE_CURVE('',#2705,#2708,#1398,.T.);
#3357=EDGE_CURVE('',#2700,#2686,#1399,.T.);
#3358=EDGE_CURVE('',#2704,#2703,#1400,.T.);
#3359=EDGE_CURVE('',#2709,#2710,#1401,.T.);
#3360=EDGE_CURVE('',#2710,#2711,#27,.T.);
#3361=EDGE_CURVE('',#2711,#2712,#1402,.T.);
#3362=EDGE_CURVE('',#2712,#2709,#28,.T.);
#3363=EDGE_CURVE('',#2712,#2713,#1403,.T.);
#3364=EDGE_CURVE('',#2713,#2714,#29,.T.);
#3365=EDGE_CURVE('',#2714,#2709,#1404,.T.);
#3366=EDGE_CURVE('',#2713,#2715,#1405,.T.);
#3367=EDGE_CURVE('',#2716,#2715,#30,.T.);
#3368=EDGE_CURVE('',#2716,#2714,#1406,.T.);
#3369=EDGE_CURVE('',#2710,#2716,#1407,.T.);
#3370=EDGE_CURVE('',#2715,#2711,#1408,.T.);
#3371=EDGE_CURVE('',#2712,#2717,#1409,.T.);
#3372=EDGE_CURVE('',#2717,#2718,#1410,.T.);
#3373=EDGE_CURVE('',#2713,#2718,#1411,.T.);
#3374=EDGE_CURVE('',#2711,#2719,#1412,.T.);
#3375=EDGE_CURVE('',#2719,#2717,#1413,.T.);
#3376=EDGE_CURVE('',#2710,#2720,#1414,.T.);
#3377=EDGE_CURVE('',#2721,#2720,#1172,.T.);
#3378=EDGE_CURVE('',#2721,#2722,#1415,.T.);
#3379=EDGE_CURVE('',#2723,#2722,#1173,.T.);
#3380=EDGE_CURVE('',#2716,#2723,#1416,.T.);
#3381=EDGE_CURVE('',#2724,#2709,#1417,.T.);
#3382=EDGE_CURVE('',#2725,#2724,#1418,.T.);
#3383=EDGE_CURVE('',#2725,#2726,#1419,.T.);
#3384=EDGE_CURVE('',#2726,#2727,#1420,.T.);
#3385=EDGE_CURVE('',#2727,#2728,#1421,.T.);
#3386=EDGE_CURVE('',#2720,#2728,#1422,.T.);
#3387=EDGE_CURVE('',#2728,#2729,#1174,.F.);
#3388=EDGE_CURVE('',#2729,#2721,#1423,.T.);
#3389=EDGE_CURVE('',#2729,#2730,#1424,.F.);
#3390=EDGE_CURVE('',#2722,#2730,#1425,.T.);
#3391=EDGE_CURVE('',#2727,#2731,#1426,.T.);
#3392=EDGE_CURVE('',#2732,#2731,#1427,.F.);
#3393=EDGE_CURVE('',#2730,#2732,#1175,.F.);
#3394=EDGE_CURVE('',#2724,#2733,#1176,.T.);
#3395=EDGE_CURVE('',#2733,#2734,#1428,.T.);
#3396=EDGE_CURVE('',#2734,#2725,#1177,.F.);
#3397=EDGE_CURVE('',#2733,#2735,#1429,.T.);
#3398=EDGE_CURVE('',#2735,#2736,#1430,.T.);
#3399=EDGE_CURVE('',#2734,#2736,#1431,.T.);
#3400=EDGE_CURVE('',#2737,#2714,#1432,.T.);
#3401=EDGE_CURVE('',#2738,#2737,#1178,.T.);
#3402=EDGE_CURVE('',#2739,#2738,#1433,.T.);
#3403=EDGE_CURVE('',#2739,#2740,#1434,.T.);
#3404=EDGE_CURVE('',#2740,#2741,#1179,.T.);
#3405=EDGE_CURVE('',#2741,#2735,#1435,.T.);
#3406=EDGE_CURVE('',#2737,#2742,#1436,.T.);
#3407=EDGE_CURVE('',#2742,#2743,#1180,.F.);
#3408=EDGE_CURVE('',#2743,#2738,#1437,.T.);
#3409=EDGE_CURVE('',#2736,#2744,#1438,.F.);
#3410=EDGE_CURVE('',#2744,#2745,#1181,.F.);
#3411=EDGE_CURVE('',#2745,#2746,#1439,.F.);
#3412=EDGE_CURVE('',#2746,#2743,#1440,.T.);
#3413=EDGE_CURVE('',#2747,#2742,#1441,.F.);
#3414=EDGE_CURVE('',#2726,#2747,#1442,.T.);
#3415=EDGE_CURVE('',#2732,#2723,#1443,.T.);
#3416=EDGE_CURVE('',#2731,#2747,#1444,.F.);
#3417=EDGE_CURVE('',#2740,#2745,#1445,.T.);
#3418=EDGE_CURVE('',#2741,#2744,#1446,.T.);
#3419=EDGE_CURVE('',#2746,#2739,#1447,.T.);
#3420=EDGE_CURVE('',#2718,#2748,#1448,.T.);
#3421=EDGE_CURVE('',#2715,#2748,#1449,.T.);
#3422=EDGE_CURVE('',#2748,#2719,#1450,.T.);
#3423=EDGE_CURVE('',#2749,#2750,#1451,.T.);
#3424=EDGE_CURVE('',#2749,#2751,#1452,.T.);
#3425=EDGE_CURVE('',#2752,#2751,#1453,.T.);
#3426=EDGE_CURVE('',#2750,#2752,#1454,.T.);
#3427=EDGE_CURVE('',#2750,#2753,#1455,.T.);
#3428=EDGE_CURVE('',#2754,#2752,#1456,.T.);
#3429=EDGE_CURVE('',#2753,#2754,#1457,.T.);
#3430=EDGE_CURVE('',#2753,#2755,#1458,.T.);
#3431=EDGE_CURVE('',#2756,#2754,#1459,.T.);
#3432=EDGE_CURVE('',#2755,#2756,#1460,.T.);
#3433=EDGE_CURVE('',#2755,#2749,#1461,.T.);
#3434=EDGE_CURVE('',#2751,#2756,#1462,.T.);
#3435=EDGE_CURVE('',#2757,#2758,#1463,.T.);
#3436=EDGE_CURVE('',#2759,#2757,#31,.T.);
#3437=EDGE_CURVE('',#2760,#2759,#1464,.T.);
#3438=EDGE_CURVE('',#2758,#2760,#32,.T.);
#3439=EDGE_CURVE('',#2759,#2761,#1465,.T.);
#3440=EDGE_CURVE('',#2762,#2757,#1466,.T.);
#3441=EDGE_CURVE('',#2761,#2762,#33,.T.);
#3442=EDGE_CURVE('',#2761,#2763,#1467,.T.);
#3443=EDGE_CURVE('',#2764,#2762,#1468,.T.);
#3444=EDGE_CURVE('',#2764,#2763,#34,.T.);
#3445=EDGE_CURVE('',#2758,#2764,#1469,.T.);
#3446=EDGE_CURVE('',#2763,#2760,#1470,.T.);
#3447=EDGE_CURVE('',#2761,#2765,#1471,.T.);
#3448=EDGE_CURVE('',#2766,#2765,#1472,.T.);
#3449=EDGE_CURVE('',#2759,#2766,#1473,.T.);
#3450=EDGE_CURVE('',#2767,#2766,#1474,.T.);
#3451=EDGE_CURVE('',#2760,#2767,#1475,.T.);
#3452=EDGE_CURVE('',#2764,#2768,#1476,.T.);
#3453=EDGE_CURVE('',#2768,#2769,#1182,.T.);
#3454=EDGE_CURVE('',#2770,#2769,#1477,.T.);
#3455=EDGE_CURVE('',#2770,#2771,#1183,.T.);
#3456=EDGE_CURVE('',#2758,#2771,#1478,.T.);
#3457=EDGE_CURVE('',#2771,#2772,#1479,.T.);
#3458=EDGE_CURVE('',#2773,#2772,#1480,.F.);
#3459=EDGE_CURVE('',#2774,#2773,#1481,.F.);
#3460=EDGE_CURVE('',#2775,#2774,#1482,.F.);
#3461=EDGE_CURVE('',#2775,#2776,#1483,.T.);
#3462=EDGE_CURVE('',#2776,#2757,#1484,.T.);
#3463=EDGE_CURVE('',#2777,#2770,#1485,.T.);
#3464=EDGE_CURVE('',#2772,#2777,#1184,.T.);
#3465=EDGE_CURVE('',#2769,#2778,#1486,.T.);
#3466=EDGE_CURVE('',#2777,#2778,#1487,.T.);
#3467=EDGE_CURVE('',#2778,#2779,#1185,.T.);
#3468=EDGE_CURVE('',#2779,#2780,#1488,.T.);
#3469=EDGE_CURVE('',#2773,#2780,#1489,.F.);
#3470=EDGE_CURVE('',#2776,#2781,#1186,.T.);
#3471=EDGE_CURVE('',#2782,#2775,#1187,.T.);
#3472=EDGE_CURVE('',#2781,#2782,#1490,.T.);
#3473=EDGE_CURVE('',#2782,#2783,#1491,.F.);
#3474=EDGE_CURVE('',#2784,#2783,#1492,.T.);
#3475=EDGE_CURVE('',#2781,#2784,#1493,.T.);
#3476=EDGE_CURVE('',#2785,#2784,#1494,.T.);
#3477=EDGE_CURVE('',#2786,#2785,#1188,.T.);
#3478=EDGE_CURVE('',#2787,#2786,#1495,.T.);
#3479=EDGE_CURVE('',#2787,#2788,#1496,.T.);
#3480=EDGE_CURVE('',#2788,#2789,#1189,.T.);
#3481=EDGE_CURVE('',#2789,#2762,#1497,.T.);
#3482=EDGE_CURVE('',#2790,#2788,#1498,.T.);
#3483=EDGE_CURVE('',#2791,#2790,#1190,.T.);
#3484=EDGE_CURVE('',#2789,#2791,#1499,.T.);
#3485=EDGE_CURVE('',#2774,#2792,#1500,.F.);
#3486=EDGE_CURVE('',#2792,#2791,#1501,.T.);
#3487=EDGE_CURVE('',#2793,#2790,#1502,.F.);
#3488=EDGE_CURVE('',#2794,#2793,#1503,.T.);
#3489=EDGE_CURVE('',#2795,#2794,#1191,.T.);
#3490=EDGE_CURVE('',#2783,#2795,#1504,.T.);
#3491=EDGE_CURVE('',#2780,#2792,#1505,.T.);
#3492=EDGE_CURVE('',#2779,#2768,#1506,.T.);
#3493=EDGE_CURVE('',#2785,#2795,#1507,.T.);
#3494=EDGE_CURVE('',#2786,#2794,#1508,.T.);
#3495=EDGE_CURVE('',#2793,#2787,#1509,.T.);
#3496=EDGE_CURVE('',#2763,#2796,#1510,.T.);
#3497=EDGE_CURVE('',#2765,#2796,#1511,.T.);
#3498=EDGE_CURVE('',#2796,#2767,#1512,.T.);
#3499=EDGE_CURVE('',#2797,#2798,#1513,.T.);
#3500=EDGE_CURVE('',#2798,#2799,#1514,.T.);
#3501=EDGE_CURVE('',#2799,#2800,#1515,.T.);
#3502=EDGE_CURVE('',#2797,#2800,#1516,.T.);
#3503=EDGE_CURVE('',#2798,#2801,#1517,.T.);
#3504=EDGE_CURVE('',#2801,#2802,#1518,.T.);
#3505=EDGE_CURVE('',#2802,#2799,#1519,.T.);
#3506=EDGE_CURVE('',#2801,#2803,#1520,.T.);
#3507=EDGE_CURVE('',#2803,#2804,#1521,.T.);
#3508=EDGE_CURVE('',#2804,#2802,#1522,.T.);
#3509=EDGE_CURVE('',#2803,#2797,#1523,.T.);
#3510=EDGE_CURVE('',#2800,#2804,#1524,.T.);
#3511=EDGE_CURVE('',#2805,#2806,#1525,.T.);
#3512=EDGE_CURVE('',#2807,#2805,#35,.T.);
#3513=EDGE_CURVE('',#2808,#2807,#1526,.T.);
#3514=EDGE_CURVE('',#2806,#2808,#36,.T.);
#3515=EDGE_CURVE('',#2807,#2809,#1527,.T.);
#3516=EDGE_CURVE('',#2810,#2805,#1528,.T.);
#3517=EDGE_CURVE('',#2809,#2810,#37,.T.);
#3518=EDGE_CURVE('',#2809,#2811,#1529,.T.);
#3519=EDGE_CURVE('',#2812,#2810,#1530,.T.);
#3520=EDGE_CURVE('',#2812,#2811,#38,.T.);
#3521=EDGE_CURVE('',#2806,#2812,#1531,.T.);
#3522=EDGE_CURVE('',#2811,#2808,#1532,.T.);
#3523=EDGE_CURVE('',#2809,#2813,#1533,.T.);
#3524=EDGE_CURVE('',#2814,#2813,#1534,.T.);
#3525=EDGE_CURVE('',#2807,#2814,#1535,.T.);
#3526=EDGE_CURVE('',#2815,#2814,#1536,.T.);
#3527=EDGE_CURVE('',#2808,#2815,#1537,.T.);
#3528=EDGE_CURVE('',#2812,#2816,#1538,.T.);
#3529=EDGE_CURVE('',#2816,#2817,#1192,.T.);
#3530=EDGE_CURVE('',#2818,#2817,#1539,.T.);
#3531=EDGE_CURVE('',#2818,#2819,#1193,.T.);
#3532=EDGE_CURVE('',#2806,#2819,#1540,.T.);
#3533=EDGE_CURVE('',#2819,#2820,#1541,.T.);
#3534=EDGE_CURVE('',#2821,#2820,#1542,.F.);
#3535=EDGE_CURVE('',#2822,#2821,#1543,.F.);
#3536=EDGE_CURVE('',#2823,#2822,#1544,.F.);
#3537=EDGE_CURVE('',#2823,#2824,#1545,.T.);
#3538=EDGE_CURVE('',#2824,#2805,#1546,.T.);
#3539=EDGE_CURVE('',#2825,#2818,#1547,.T.);
#3540=EDGE_CURVE('',#2820,#2825,#1194,.T.);
#3541=EDGE_CURVE('',#2817,#2826,#1548,.T.);
#3542=EDGE_CURVE('',#2825,#2826,#1549,.T.);
#3543=EDGE_CURVE('',#2826,#2827,#1195,.T.);
#3544=EDGE_CURVE('',#2827,#2828,#1550,.T.);
#3545=EDGE_CURVE('',#2821,#2828,#1551,.T.);
#3546=EDGE_CURVE('',#2824,#2829,#1196,.T.);
#3547=EDGE_CURVE('',#2830,#2823,#1197,.T.);
#3548=EDGE_CURVE('',#2829,#2830,#1552,.T.);
#3549=EDGE_CURVE('',#2830,#2831,#1553,.F.);
#3550=EDGE_CURVE('',#2832,#2831,#1554,.T.);
#3551=EDGE_CURVE('',#2829,#2832,#1555,.T.);
#3552=EDGE_CURVE('',#2833,#2832,#1556,.T.);
#3553=EDGE_CURVE('',#2834,#2833,#1198,.T.);
#3554=EDGE_CURVE('',#2835,#2834,#1557,.T.);
#3555=EDGE_CURVE('',#2835,#2836,#1558,.T.);
#3556=EDGE_CURVE('',#2836,#2837,#1199,.T.);
#3557=EDGE_CURVE('',#2837,#2810,#1559,.T.);
#3558=EDGE_CURVE('',#2838,#2836,#1560,.T.);
#3559=EDGE_CURVE('',#2839,#2838,#1200,.T.);
#3560=EDGE_CURVE('',#2837,#2839,#1561,.T.);
#3561=EDGE_CURVE('',#2822,#2840,#1562,.T.);
#3562=EDGE_CURVE('',#2840,#2839,#1563,.T.);
#3563=EDGE_CURVE('',#2841,#2838,#1564,.F.);
#3564=EDGE_CURVE('',#2842,#2841,#1565,.T.);
#3565=EDGE_CURVE('',#2843,#2842,#1201,.T.);
#3566=EDGE_CURVE('',#2831,#2843,#1566,.T.);
#3567=EDGE_CURVE('',#2828,#2840,#1567,.T.);
#3568=EDGE_CURVE('',#2827,#2816,#1568,.T.);
#3569=EDGE_CURVE('',#2833,#2843,#1569,.T.);
#3570=EDGE_CURVE('',#2834,#2842,#1570,.T.);
#3571=EDGE_CURVE('',#2841,#2835,#1571,.T.);
#3572=EDGE_CURVE('',#2811,#2844,#1572,.T.);
#3573=EDGE_CURVE('',#2813,#2844,#1573,.T.);
#3574=EDGE_CURVE('',#2844,#2815,#1574,.T.);
#3575=EDGE_CURVE('',#2845,#2846,#1575,.T.);
#3576=EDGE_CURVE('',#2846,#2847,#1576,.T.);
#3577=EDGE_CURVE('',#2847,#2848,#1577,.T.);
#3578=EDGE_CURVE('',#2845,#2848,#1578,.T.);
#3579=EDGE_CURVE('',#2846,#2849,#1579,.T.);
#3580=EDGE_CURVE('',#2849,#2850,#1580,.T.);
#3581=EDGE_CURVE('',#2850,#2847,#1581,.T.);
#3582=EDGE_CURVE('',#2849,#2851,#1582,.T.);
#3583=EDGE_CURVE('',#2851,#2852,#1583,.T.);
#3584=EDGE_CURVE('',#2852,#2850,#1584,.T.);
#3585=EDGE_CURVE('',#2851,#2845,#1585,.T.);
#3586=EDGE_CURVE('',#2848,#2852,#1586,.T.);
#3587=EDGE_CURVE('',#2853,#2854,#1587,.T.);
#3588=EDGE_CURVE('',#2854,#2855,#39,.T.);
#3589=EDGE_CURVE('',#2855,#2856,#1588,.T.);
#3590=EDGE_CURVE('',#2856,#2853,#40,.T.);
#3591=EDGE_CURVE('',#2856,#2857,#1589,.T.);
#3592=EDGE_CURVE('',#2857,#2858,#41,.T.);
#3593=EDGE_CURVE('',#2858,#2853,#1590,.T.);
#3594=EDGE_CURVE('',#2857,#2859,#1591,.T.);
#3595=EDGE_CURVE('',#2860,#2859,#42,.T.);
#3596=EDGE_CURVE('',#2860,#2858,#1592,.T.);
#3597=EDGE_CURVE('',#2854,#2860,#1593,.T.);
#3598=EDGE_CURVE('',#2859,#2855,#1594,.T.);
#3599=EDGE_CURVE('',#2856,#2861,#1595,.T.);
#3600=EDGE_CURVE('',#2861,#2862,#1596,.T.);
#3601=EDGE_CURVE('',#2857,#2862,#1597,.T.);
#3602=EDGE_CURVE('',#2855,#2863,#1598,.T.);
#3603=EDGE_CURVE('',#2863,#2861,#1599,.T.);
#3604=EDGE_CURVE('',#2854,#2864,#1600,.T.);
#3605=EDGE_CURVE('',#2865,#2864,#1202,.T.);
#3606=EDGE_CURVE('',#2865,#2866,#1601,.T.);
#3607=EDGE_CURVE('',#2867,#2866,#1203,.T.);
#3608=EDGE_CURVE('',#2860,#2867,#1602,.T.);
#3609=EDGE_CURVE('',#2868,#2853,#1603,.T.);
#3610=EDGE_CURVE('',#2869,#2868,#1604,.T.);
#3611=EDGE_CURVE('',#2869,#2870,#1605,.T.);
#3612=EDGE_CURVE('',#2870,#2871,#1606,.T.);
#3613=EDGE_CURVE('',#2871,#2872,#1607,.T.);
#3614=EDGE_CURVE('',#2864,#2872,#1608,.T.);
#3615=EDGE_CURVE('',#2872,#2873,#1204,.F.);
#3616=EDGE_CURVE('',#2873,#2865,#1609,.T.);
#3617=EDGE_CURVE('',#2873,#2874,#1610,.F.);
#3618=EDGE_CURVE('',#2866,#2874,#1611,.T.);
#3619=EDGE_CURVE('',#2871,#2875,#1612,.F.);
#3620=EDGE_CURVE('',#2876,#2875,#1613,.F.);
#3621=EDGE_CURVE('',#2874,#2876,#1205,.F.);
#3622=EDGE_CURVE('',#2868,#2877,#1206,.T.);
#3623=EDGE_CURVE('',#2877,#2878,#1614,.T.);
#3624=EDGE_CURVE('',#2878,#2869,#1207,.F.);
#3625=EDGE_CURVE('',#2877,#2879,#1615,.T.);
#3626=EDGE_CURVE('',#2879,#2880,#1616,.T.);
#3627=EDGE_CURVE('',#2878,#2880,#1617,.T.);
#3628=EDGE_CURVE('',#2881,#2858,#1618,.T.);
#3629=EDGE_CURVE('',#2882,#2881,#1208,.T.);
#3630=EDGE_CURVE('',#2883,#2882,#1619,.T.);
#3631=EDGE_CURVE('',#2883,#2884,#1620,.T.);
#3632=EDGE_CURVE('',#2884,#2885,#1209,.T.);
#3633=EDGE_CURVE('',#2885,#2879,#1621,.T.);
#3634=EDGE_CURVE('',#2881,#2886,#1622,.T.);
#3635=EDGE_CURVE('',#2886,#2887,#1210,.F.);
#3636=EDGE_CURVE('',#2887,#2882,#1623,.T.);
#3637=EDGE_CURVE('',#2880,#2888,#1624,.F.);
#3638=EDGE_CURVE('',#2888,#2889,#1211,.F.);
#3639=EDGE_CURVE('',#2889,#2890,#1625,.F.);
#3640=EDGE_CURVE('',#2890,#2887,#1626,.T.);
#3641=EDGE_CURVE('',#2891,#2886,#1627,.F.);
#3642=EDGE_CURVE('',#2870,#2891,#1628,.F.);
#3643=EDGE_CURVE('',#2876,#2867,#1629,.T.);
#3644=EDGE_CURVE('',#2875,#2891,#1630,.F.);
#3645=EDGE_CURVE('',#2884,#2889,#1631,.T.);
#3646=EDGE_CURVE('',#2885,#2888,#1632,.T.);
#3647=EDGE_CURVE('',#2890,#2883,#1633,.T.);
#3648=EDGE_CURVE('',#2862,#2892,#1634,.T.);
#3649=EDGE_CURVE('',#2859,#2892,#1635,.T.);
#3650=EDGE_CURVE('',#2892,#2863,#1636,.T.);
#3651=EDGE_CURVE('',#2893,#2894,#1637,.T.);
#3652=EDGE_CURVE('',#2893,#2895,#1638,.T.);
#3653=EDGE_CURVE('',#2896,#2895,#1639,.T.);
#3654=EDGE_CURVE('',#2894,#2896,#1640,.T.);
#3655=EDGE_CURVE('',#2894,#2897,#1641,.T.);
#3656=EDGE_CURVE('',#2898,#2896,#1642,.T.);
#3657=EDGE_CURVE('',#2897,#2898,#1643,.T.);
#3658=EDGE_CURVE('',#2897,#2899,#1644,.T.);
#3659=EDGE_CURVE('',#2900,#2898,#1645,.T.);
#3660=EDGE_CURVE('',#2899,#2900,#1646,.T.);
#3661=EDGE_CURVE('',#2899,#2893,#1647,.T.);
#3662=EDGE_CURVE('',#2895,#2900,#1648,.T.);
#3663=EDGE_CURVE('',#2901,#2902,#1649,.T.);
#3664=EDGE_CURVE('',#2903,#2901,#1650,.T.);
#3665=EDGE_CURVE('',#2904,#2903,#1651,.T.);
#3666=EDGE_CURVE('',#2905,#2904,#1652,.T.);
#3667=EDGE_CURVE('',#2902,#2905,#1653,.T.);
#3668=EDGE_CURVE('',#2906,#2903,#1654,.T.);
#3669=EDGE_CURVE('',#2906,#2907,#1655,.F.);
#3670=EDGE_CURVE('',#2904,#2907,#1656,.T.);
#3671=EDGE_CURVE('',#2907,#2908,#1657,.F.);
#3672=EDGE_CURVE('',#2905,#2908,#1658,.T.);
#3673=EDGE_CURVE('',#2909,#2910,#1659,.T.);
#3674=EDGE_CURVE('',#2908,#2909,#1660,.T.);
#3675=EDGE_CURVE('',#2910,#2906,#1661,.T.);
#3676=EDGE_CURVE('',#2911,#2901,#1662,.T.);
#3677=EDGE_CURVE('',#2912,#2911,#1663,.T.);
#3678=EDGE_CURVE('',#2912,#2913,#1664,.T.);
#3679=EDGE_CURVE('',#2914,#2913,#1665,.T.);
#3680=EDGE_CURVE('',#2910,#2914,#1666,.T.);
#3681=EDGE_CURVE('',#2902,#2915,#1667,.T.);
#3682=EDGE_CURVE('',#2915,#2911,#1668,.T.);
#3683=EDGE_CURVE('',#2914,#2916,#1669,.T.);
#3684=EDGE_CURVE('',#2916,#2909,#1670,.T.);
#3685=EDGE_CURVE('',#2915,#2917,#1671,.T.);
#3686=EDGE_CURVE('',#2917,#2918,#1672,.T.);
#3687=EDGE_CURVE('',#2918,#2912,#1673,.T.);
#3688=EDGE_CURVE('',#2919,#2916,#1674,.T.);
#3689=EDGE_CURVE('',#2917,#2919,#1675,.T.);
#3690=EDGE_CURVE('',#2918,#2920,#1676,.T.);
#3691=EDGE_CURVE('',#2913,#2920,#1677,.T.);
#3692=EDGE_CURVE('',#2920,#2919,#1678,.T.);
#3693=EDGE_CURVE('',#2921,#2922,#1679,.T.);
#3694=EDGE_CURVE('',#2923,#2921,#1680,.T.);
#3695=EDGE_CURVE('',#2924,#2923,#1681,.T.);
#3696=EDGE_CURVE('',#2925,#2924,#1682,.T.);
#3697=EDGE_CURVE('',#2922,#2925,#1683,.T.);
#3698=EDGE_CURVE('',#2926,#2923,#1684,.T.);
#3699=EDGE_CURVE('',#2926,#2927,#1685,.F.);
#3700=EDGE_CURVE('',#2924,#2927,#1686,.T.);
#3701=EDGE_CURVE('',#2927,#2928,#1687,.F.);
#3702=EDGE_CURVE('',#2925,#2928,#1688,.T.);
#3703=EDGE_CURVE('',#2929,#2930,#1689,.T.);
#3704=EDGE_CURVE('',#2928,#2929,#1690,.T.);
#3705=EDGE_CURVE('',#2930,#2926,#1691,.T.);
#3706=EDGE_CURVE('',#2931,#2921,#1692,.T.);
#3707=EDGE_CURVE('',#2932,#2931,#1693,.T.);
#3708=EDGE_CURVE('',#2932,#2933,#1694,.T.);
#3709=EDGE_CURVE('',#2934,#2933,#1695,.T.);
#3710=EDGE_CURVE('',#2930,#2934,#1696,.T.);
#3711=EDGE_CURVE('',#2922,#2935,#1697,.T.);
#3712=EDGE_CURVE('',#2935,#2931,#1698,.T.);
#3713=EDGE_CURVE('',#2934,#2936,#1699,.T.);
#3714=EDGE_CURVE('',#2936,#2929,#1700,.T.);
#3715=EDGE_CURVE('',#2935,#2937,#1701,.T.);
#3716=EDGE_CURVE('',#2937,#2938,#1702,.T.);
#3717=EDGE_CURVE('',#2938,#2932,#1703,.T.);
#3718=EDGE_CURVE('',#2939,#2936,#1704,.T.);
#3719=EDGE_CURVE('',#2937,#2939,#1705,.T.);
#3720=EDGE_CURVE('',#2938,#2940,#1706,.T.);
#3721=EDGE_CURVE('',#2933,#2940,#1707,.T.);
#3722=EDGE_CURVE('',#2940,#2939,#1708,.T.);
#3723=EDGE_CURVE('',#2941,#2942,#1709,.T.);
#3724=EDGE_CURVE('',#2942,#2943,#1710,.T.);
#3725=EDGE_CURVE('',#2943,#2944,#1711,.T.);
#3726=EDGE_CURVE('',#2944,#2945,#1712,.T.);
#3727=EDGE_CURVE('',#2945,#2941,#1713,.T.);
#3728=EDGE_CURVE('',#2944,#2946,#1714,.T.);
#3729=EDGE_CURVE('',#2947,#2946,#1715,.F.);
#3730=EDGE_CURVE('',#2947,#2945,#1716,.T.);
#3731=EDGE_CURVE('',#2943,#2948,#1717,.T.);
#3732=EDGE_CURVE('',#2946,#2948,#1718,.F.);
#3733=EDGE_CURVE('',#2949,#2950,#1719,.T.);
#3734=EDGE_CURVE('',#2950,#2947,#1720,.T.);
#3735=EDGE_CURVE('',#2948,#2949,#1721,.T.);
#3736=EDGE_CURVE('',#2950,#2951,#1722,.T.);
#3737=EDGE_CURVE('',#2951,#2952,#1723,.T.);
#3738=EDGE_CURVE('',#2953,#2952,#1724,.T.);
#3739=EDGE_CURVE('',#2953,#2954,#1725,.T.);
#3740=EDGE_CURVE('',#2954,#2941,#1726,.T.);
#3741=EDGE_CURVE('',#2955,#2954,#1727,.T.);
#3742=EDGE_CURVE('',#2942,#2955,#1728,.T.);
#3743=EDGE_CURVE('',#2956,#2949,#1729,.T.);
#3744=EDGE_CURVE('',#2951,#2956,#1730,.T.);
#3745=EDGE_CURVE('',#2957,#2953,#1731,.T.);
#3746=EDGE_CURVE('',#2958,#2957,#1732,.T.);
#3747=EDGE_CURVE('',#2955,#2958,#1733,.T.);
#3748=EDGE_CURVE('',#2958,#2959,#1734,.T.);
#3749=EDGE_CURVE('',#2959,#2956,#1735,.T.);
#3750=EDGE_CURVE('',#2952,#2960,#1736,.T.);
#3751=EDGE_CURVE('',#2957,#2960,#1737,.T.);
#3752=EDGE_CURVE('',#2960,#2959,#1738,.T.);
#3753=EDGE_CURVE('',#2961,#2962,#1739,.T.);
#3754=EDGE_CURVE('',#2962,#2963,#1740,.T.);
#3755=EDGE_CURVE('',#2963,#2964,#1741,.T.);
#3756=EDGE_CURVE('',#2964,#2965,#1742,.T.);
#3757=EDGE_CURVE('',#2965,#2961,#1743,.T.);
#3758=EDGE_CURVE('',#2964,#2966,#1744,.T.);
#3759=EDGE_CURVE('',#2967,#2966,#1745,.F.);
#3760=EDGE_CURVE('',#2967,#2965,#1746,.T.);
#3761=EDGE_CURVE('',#2963,#2968,#1747,.T.);
#3762=EDGE_CURVE('',#2966,#2968,#1748,.F.);
#3763=EDGE_CURVE('',#2969,#2970,#1749,.T.);
#3764=EDGE_CURVE('',#2970,#2967,#1750,.T.);
#3765=EDGE_CURVE('',#2968,#2969,#1751,.T.);
#3766=EDGE_CURVE('',#2970,#2971,#1752,.T.);
#3767=EDGE_CURVE('',#2971,#2972,#1753,.T.);
#3768=EDGE_CURVE('',#2973,#2972,#1754,.T.);
#3769=EDGE_CURVE('',#2973,#2974,#1755,.T.);
#3770=EDGE_CURVE('',#2974,#2961,#1756,.T.);
#3771=EDGE_CURVE('',#2975,#2974,#1757,.T.);
#3772=EDGE_CURVE('',#2962,#2975,#1758,.T.);
#3773=EDGE_CURVE('',#2976,#2969,#1759,.T.);
#3774=EDGE_CURVE('',#2971,#2976,#1760,.T.);
#3775=EDGE_CURVE('',#2977,#2973,#1761,.T.);
#3776=EDGE_CURVE('',#2978,#2977,#1762,.T.);
#3777=EDGE_CURVE('',#2975,#2978,#1763,.T.);
#3778=EDGE_CURVE('',#2978,#2979,#1764,.T.);
#3779=EDGE_CURVE('',#2979,#2976,#1765,.T.);
#3780=EDGE_CURVE('',#2972,#2980,#1766,.T.);
#3781=EDGE_CURVE('',#2977,#2980,#1767,.T.);
#3782=EDGE_CURVE('',#2980,#2979,#1768,.T.);
#3783=EDGE_CURVE('',#2981,#2982,#1769,.T.);
#3784=EDGE_CURVE('',#2982,#2983,#1770,.T.);
#3785=EDGE_CURVE('',#2983,#2984,#1771,.T.);
#3786=EDGE_CURVE('',#2984,#2985,#1772,.T.);
#3787=EDGE_CURVE('',#2985,#2981,#1773,.T.);
#3788=EDGE_CURVE('',#2984,#2986,#1774,.T.);
#3789=EDGE_CURVE('',#2987,#2986,#1775,.F.);
#3790=EDGE_CURVE('',#2987,#2985,#1776,.T.);
#3791=EDGE_CURVE('',#2983,#2988,#1777,.T.);
#3792=EDGE_CURVE('',#2986,#2988,#1778,.F.);
#3793=EDGE_CURVE('',#2989,#2990,#1779,.T.);
#3794=EDGE_CURVE('',#2990,#2987,#1780,.T.);
#3795=EDGE_CURVE('',#2988,#2989,#1781,.T.);
#3796=EDGE_CURVE('',#2990,#2991,#1782,.T.);
#3797=EDGE_CURVE('',#2991,#2992,#1783,.T.);
#3798=EDGE_CURVE('',#2993,#2992,#1784,.T.);
#3799=EDGE_CURVE('',#2993,#2994,#1785,.T.);
#3800=EDGE_CURVE('',#2994,#2981,#1786,.T.);
#3801=EDGE_CURVE('',#2995,#2994,#1787,.T.);
#3802=EDGE_CURVE('',#2982,#2995,#1788,.T.);
#3803=EDGE_CURVE('',#2996,#2989,#1789,.T.);
#3804=EDGE_CURVE('',#2991,#2996,#1790,.T.);
#3805=EDGE_CURVE('',#2997,#2993,#1791,.T.);
#3806=EDGE_CURVE('',#2998,#2997,#1792,.T.);
#3807=EDGE_CURVE('',#2995,#2998,#1793,.T.);
#3808=EDGE_CURVE('',#2998,#2999,#1794,.T.);
#3809=EDGE_CURVE('',#2999,#2996,#1795,.T.);
#3810=EDGE_CURVE('',#2992,#3000,#1796,.T.);
#3811=EDGE_CURVE('',#2997,#3000,#1797,.T.);
#3812=EDGE_CURVE('',#3000,#2999,#1798,.T.);
#3813=EDGE_CURVE('',#3001,#3002,#1799,.T.);
#3814=EDGE_CURVE('',#3003,#3001,#1800,.T.);
#3815=EDGE_CURVE('',#3004,#3003,#1801,.T.);
#3816=EDGE_CURVE('',#3005,#3004,#1802,.T.);
#3817=EDGE_CURVE('',#3002,#3005,#1803,.T.);
#3818=EDGE_CURVE('',#3006,#3003,#1804,.T.);
#3819=EDGE_CURVE('',#3006,#3007,#1805,.F.);
#3820=EDGE_CURVE('',#3004,#3007,#1806,.T.);
#3821=EDGE_CURVE('',#3007,#3008,#1807,.F.);
#3822=EDGE_CURVE('',#3005,#3008,#1808,.T.);
#3823=EDGE_CURVE('',#3009,#3010,#1809,.T.);
#3824=EDGE_CURVE('',#3008,#3009,#1810,.T.);
#3825=EDGE_CURVE('',#3010,#3006,#1811,.T.);
#3826=EDGE_CURVE('',#3011,#3001,#1812,.T.);
#3827=EDGE_CURVE('',#3012,#3011,#1813,.T.);
#3828=EDGE_CURVE('',#3012,#3013,#1814,.T.);
#3829=EDGE_CURVE('',#3014,#3013,#1815,.T.);
#3830=EDGE_CURVE('',#3010,#3014,#1816,.T.);
#3831=EDGE_CURVE('',#3002,#3015,#1817,.T.);
#3832=EDGE_CURVE('',#3015,#3011,#1818,.T.);
#3833=EDGE_CURVE('',#3014,#3016,#1819,.T.);
#3834=EDGE_CURVE('',#3016,#3009,#1820,.T.);
#3835=EDGE_CURVE('',#3015,#3017,#1821,.T.);
#3836=EDGE_CURVE('',#3017,#3018,#1822,.T.);
#3837=EDGE_CURVE('',#3018,#3012,#1823,.T.);
#3838=EDGE_CURVE('',#3019,#3016,#1824,.T.);
#3839=EDGE_CURVE('',#3017,#3019,#1825,.T.);
#3840=EDGE_CURVE('',#3018,#3020,#1826,.T.);
#3841=EDGE_CURVE('',#3013,#3020,#1827,.T.);
#3842=EDGE_CURVE('',#3020,#3019,#1828,.T.);
#3843=EDGE_CURVE('',#3021,#3022,#1829,.T.);
#3844=EDGE_CURVE('',#3022,#3023,#1830,.T.);
#3845=EDGE_CURVE('',#3023,#3024,#1831,.T.);
#3846=EDGE_CURVE('',#3024,#3025,#1832,.T.);
#3847=EDGE_CURVE('',#3025,#3021,#1833,.T.);
#3848=EDGE_CURVE('',#3024,#3026,#1834,.T.);
#3849=EDGE_CURVE('',#3027,#3026,#1835,.F.);
#3850=EDGE_CURVE('',#3027,#3025,#1836,.T.);
#3851=EDGE_CURVE('',#3023,#3028,#1837,.T.);
#3852=EDGE_CURVE('',#3026,#3028,#1838,.F.);
#3853=EDGE_CURVE('',#3029,#3030,#1839,.T.);
#3854=EDGE_CURVE('',#3030,#3027,#1840,.T.);
#3855=EDGE_CURVE('',#3028,#3029,#1841,.T.);
#3856=EDGE_CURVE('',#3030,#3031,#1842,.T.);
#3857=EDGE_CURVE('',#3031,#3032,#1843,.T.);
#3858=EDGE_CURVE('',#3033,#3032,#1844,.T.);
#3859=EDGE_CURVE('',#3033,#3034,#1845,.T.);
#3860=EDGE_CURVE('',#3034,#3021,#1846,.T.);
#3861=EDGE_CURVE('',#3035,#3034,#1847,.T.);
#3862=EDGE_CURVE('',#3022,#3035,#1848,.T.);
#3863=EDGE_CURVE('',#3036,#3029,#1849,.T.);
#3864=EDGE_CURVE('',#3031,#3036,#1850,.T.);
#3865=EDGE_CURVE('',#3037,#3033,#1851,.T.);
#3866=EDGE_CURVE('',#3038,#3037,#1852,.T.);
#3867=EDGE_CURVE('',#3035,#3038,#1853,.T.);
#3868=EDGE_CURVE('',#3038,#3039,#1854,.T.);
#3869=EDGE_CURVE('',#3039,#3036,#1855,.T.);
#3870=EDGE_CURVE('',#3032,#3040,#1856,.T.);
#3871=EDGE_CURVE('',#3037,#3040,#1857,.T.);
#3872=EDGE_CURVE('',#3040,#3039,#1858,.T.);
#3873=EDGE_CURVE('',#3041,#3042,#1859,.T.);
#3874=EDGE_CURVE('',#3043,#3041,#1860,.T.);
#3875=EDGE_CURVE('',#3044,#3043,#1861,.T.);
#3876=EDGE_CURVE('',#3045,#3044,#1862,.T.);
#3877=EDGE_CURVE('',#3042,#3045,#1863,.T.);
#3878=EDGE_CURVE('',#3046,#3043,#1864,.T.);
#3879=EDGE_CURVE('',#3046,#3047,#1865,.F.);
#3880=EDGE_CURVE('',#3044,#3047,#1866,.T.);
#3881=EDGE_CURVE('',#3047,#3048,#1867,.F.);
#3882=EDGE_CURVE('',#3045,#3048,#1868,.T.);
#3883=EDGE_CURVE('',#3049,#3050,#1869,.T.);
#3884=EDGE_CURVE('',#3048,#3049,#1870,.T.);
#3885=EDGE_CURVE('',#3050,#3046,#1871,.T.);
#3886=EDGE_CURVE('',#3051,#3041,#1872,.T.);
#3887=EDGE_CURVE('',#3052,#3051,#1873,.T.);
#3888=EDGE_CURVE('',#3052,#3053,#1874,.T.);
#3889=EDGE_CURVE('',#3054,#3053,#1875,.T.);
#3890=EDGE_CURVE('',#3050,#3054,#1876,.T.);
#3891=EDGE_CURVE('',#3042,#3055,#1877,.T.);
#3892=EDGE_CURVE('',#3055,#3051,#1878,.T.);
#3893=EDGE_CURVE('',#3054,#3056,#1879,.T.);
#3894=EDGE_CURVE('',#3056,#3049,#1880,.T.);
#3895=EDGE_CURVE('',#3055,#3057,#1881,.T.);
#3896=EDGE_CURVE('',#3057,#3058,#1882,.T.);
#3897=EDGE_CURVE('',#3058,#3052,#1883,.T.);
#3898=EDGE_CURVE('',#3059,#3056,#1884,.T.);
#3899=EDGE_CURVE('',#3057,#3059,#1885,.T.);
#3900=EDGE_CURVE('',#3058,#3060,#1886,.T.);
#3901=EDGE_CURVE('',#3053,#3060,#1887,.T.);
#3902=EDGE_CURVE('',#3060,#3059,#1888,.T.);
#3903=ORIENTED_EDGE('',*,*,#3061,.T.);
#3904=ORIENTED_EDGE('',*,*,#3062,.T.);
#3905=ORIENTED_EDGE('',*,*,#3063,.T.);
#3906=ORIENTED_EDGE('',*,*,#3064,.F.);
#3907=ORIENTED_EDGE('',*,*,#3065,.T.);
#3908=ORIENTED_EDGE('',*,*,#3066,.T.);
#3909=ORIENTED_EDGE('',*,*,#3061,.F.);
#3910=ORIENTED_EDGE('',*,*,#3067,.F.);
#3911=ORIENTED_EDGE('',*,*,#3068,.T.);
#3912=ORIENTED_EDGE('',*,*,#3069,.T.);
#3913=ORIENTED_EDGE('',*,*,#3065,.F.);
#3914=ORIENTED_EDGE('',*,*,#3070,.F.);
#3915=ORIENTED_EDGE('',*,*,#3071,.F.);
#3916=ORIENTED_EDGE('',*,*,#3072,.F.);
#3917=ORIENTED_EDGE('',*,*,#3073,.F.);
#3918=ORIENTED_EDGE('',*,*,#3074,.T.);
#3919=ORIENTED_EDGE('',*,*,#3075,.T.);
#3920=ORIENTED_EDGE('',*,*,#3076,.T.);
#3921=ORIENTED_EDGE('',*,*,#3077,.T.);
#3922=ORIENTED_EDGE('',*,*,#3078,.T.);
#3923=ORIENTED_EDGE('',*,*,#3079,.F.);
#3924=ORIENTED_EDGE('',*,*,#3075,.F.);
#3925=ORIENTED_EDGE('',*,*,#3080,.T.);
#3926=ORIENTED_EDGE('',*,*,#3081,.T.);
#3927=ORIENTED_EDGE('',*,*,#3082,.F.);
#3928=ORIENTED_EDGE('',*,*,#3078,.F.);
#3929=ORIENTED_EDGE('',*,*,#3083,.T.);
#3930=ORIENTED_EDGE('',*,*,#3084,.T.);
#3931=ORIENTED_EDGE('',*,*,#3085,.F.);
#3932=ORIENTED_EDGE('',*,*,#3081,.F.);
#3933=ORIENTED_EDGE('',*,*,#3086,.T.);
#3934=ORIENTED_EDGE('',*,*,#3087,.T.);
#3935=ORIENTED_EDGE('',*,*,#3088,.F.);
#3936=ORIENTED_EDGE('',*,*,#3084,.F.);
#3937=ORIENTED_EDGE('',*,*,#3089,.T.);
#3938=ORIENTED_EDGE('',*,*,#3090,.F.);
#3939=ORIENTED_EDGE('',*,*,#3091,.T.);
#3940=ORIENTED_EDGE('',*,*,#3092,.T.);
#3941=ORIENTED_EDGE('',*,*,#3093,.F.);
#3942=ORIENTED_EDGE('',*,*,#3094,.F.);
#3943=ORIENTED_EDGE('',*,*,#3095,.T.);
#3944=ORIENTED_EDGE('',*,*,#3073,.T.);
#3945=ORIENTED_EDGE('',*,*,#3096,.T.);
#3946=ORIENTED_EDGE('',*,*,#3097,.F.);
#3947=ORIENTED_EDGE('',*,*,#3098,.F.);
#3948=ORIENTED_EDGE('',*,*,#3063,.F.);
#3949=ORIENTED_EDGE('',*,*,#3099,.F.);
#3950=ORIENTED_EDGE('',*,*,#3100,.F.);
#3951=ORIENTED_EDGE('',*,*,#3101,.F.);
#3952=ORIENTED_EDGE('',*,*,#3102,.F.);
#3953=ORIENTED_EDGE('',*,*,#3103,.T.);
#3954=ORIENTED_EDGE('',*,*,#3104,.F.);
#3955=ORIENTED_EDGE('',*,*,#3103,.F.);
#3956=ORIENTED_EDGE('',*,*,#3097,.T.);
#3957=ORIENTED_EDGE('',*,*,#3105,.F.);
#3958=ORIENTED_EDGE('',*,*,#3106,.F.);
#3959=ORIENTED_EDGE('',*,*,#3094,.T.);
#3960=ORIENTED_EDGE('',*,*,#3107,.T.);
#3961=ORIENTED_EDGE('',*,*,#3108,.T.);
#3962=ORIENTED_EDGE('',*,*,#3109,.T.);
#3963=ORIENTED_EDGE('',*,*,#3101,.T.);
#3964=ORIENTED_EDGE('',*,*,#3102,.T.);
#3965=ORIENTED_EDGE('',*,*,#3110,.T.);
#3966=ORIENTED_EDGE('',*,*,#3111,.F.);
#3967=ORIENTED_EDGE('',*,*,#3112,.T.);
#3968=ORIENTED_EDGE('',*,*,#3113,.F.);
#3969=ORIENTED_EDGE('',*,*,#3114,.T.);
#3970=ORIENTED_EDGE('',*,*,#3115,.F.);
#3971=ORIENTED_EDGE('',*,*,#3116,.T.);
#3972=ORIENTED_EDGE('',*,*,#3117,.F.);
#3973=ORIENTED_EDGE('',*,*,#3118,.T.);
#3974=ORIENTED_EDGE('',*,*,#3119,.F.);
#3975=ORIENTED_EDGE('',*,*,#3110,.F.);
#3976=ORIENTED_EDGE('',*,*,#3090,.T.);
#3977=ORIENTED_EDGE('',*,*,#3120,.F.);
#3978=ORIENTED_EDGE('',*,*,#3087,.F.);
#3979=ORIENTED_EDGE('',*,*,#3121,.T.);
#3980=ORIENTED_EDGE('',*,*,#3071,.T.);
#3981=ORIENTED_EDGE('',*,*,#3122,.T.);
#3982=ORIENTED_EDGE('',*,*,#3068,.F.);
#3983=ORIENTED_EDGE('',*,*,#3123,.F.);
#3984=ORIENTED_EDGE('',*,*,#3124,.F.);
#3985=ORIENTED_EDGE('',*,*,#3125,.T.);
#3986=ORIENTED_EDGE('',*,*,#3126,.F.);
#3987=ORIENTED_EDGE('',*,*,#3127,.F.);
#3988=ORIENTED_EDGE('',*,*,#3128,.F.);
#3989=ORIENTED_EDGE('',*,*,#3129,.F.);
#3990=ORIENTED_EDGE('',*,*,#3130,.F.);
#3991=ORIENTED_EDGE('',*,*,#3131,.F.);
#3992=ORIENTED_EDGE('',*,*,#3132,.F.);
#3993=ORIENTED_EDGE('',*,*,#3133,.F.);
#3994=ORIENTED_EDGE('',*,*,#3134,.F.);
#3995=ORIENTED_EDGE('',*,*,#3135,.F.);
#3996=ORIENTED_EDGE('',*,*,#3136,.F.);
#3997=ORIENTED_EDGE('',*,*,#3137,.F.);
#3998=ORIENTED_EDGE('',*,*,#3138,.F.);
#3999=ORIENTED_EDGE('',*,*,#3139,.F.);
#4000=ORIENTED_EDGE('',*,*,#3140,.F.);
#4001=ORIENTED_EDGE('',*,*,#3111,.T.);
#4002=ORIENTED_EDGE('',*,*,#3119,.T.);
#4003=ORIENTED_EDGE('',*,*,#3141,.F.);
#4004=ORIENTED_EDGE('',*,*,#3142,.T.);
#4005=ORIENTED_EDGE('',*,*,#3143,.T.);
#4006=ORIENTED_EDGE('',*,*,#3144,.F.);
#4007=ORIENTED_EDGE('',*,*,#3142,.F.);
#4008=ORIENTED_EDGE('',*,*,#3145,.F.);
#4009=ORIENTED_EDGE('',*,*,#3146,.T.);
#4010=ORIENTED_EDGE('',*,*,#3147,.F.);
#4011=ORIENTED_EDGE('',*,*,#3143,.F.);
#4012=ORIENTED_EDGE('',*,*,#3148,.F.);
#4013=ORIENTED_EDGE('',*,*,#3149,.T.);
#4014=ORIENTED_EDGE('',*,*,#3150,.F.);
#4015=ORIENTED_EDGE('',*,*,#3146,.F.);
#4016=ORIENTED_EDGE('',*,*,#3151,.F.);
#4017=ORIENTED_EDGE('',*,*,#3152,.T.);
#4018=ORIENTED_EDGE('',*,*,#3153,.F.);
#4019=ORIENTED_EDGE('',*,*,#3149,.F.);
#4020=ORIENTED_EDGE('',*,*,#3154,.F.);
#4021=ORIENTED_EDGE('',*,*,#3155,.T.);
#4022=ORIENTED_EDGE('',*,*,#3156,.F.);
#4023=ORIENTED_EDGE('',*,*,#3152,.F.);
#4024=ORIENTED_EDGE('',*,*,#3157,.F.);
#4025=ORIENTED_EDGE('',*,*,#3158,.T.);
#4026=ORIENTED_EDGE('',*,*,#3159,.T.);
#4027=ORIENTED_EDGE('',*,*,#3160,.T.);
#4028=ORIENTED_EDGE('',*,*,#3161,.F.);
#4029=ORIENTED_EDGE('',*,*,#3155,.F.);
#4030=ORIENTED_EDGE('',*,*,#3162,.F.);
#4031=ORIENTED_EDGE('',*,*,#3163,.F.);
#4032=ORIENTED_EDGE('',*,*,#3164,.T.);
#4033=ORIENTED_EDGE('',*,*,#3162,.T.);
#4034=ORIENTED_EDGE('',*,*,#3165,.T.);
#4035=ORIENTED_EDGE('',*,*,#3126,.T.);
#4036=ORIENTED_EDGE('',*,*,#3166,.T.);
#4037=ORIENTED_EDGE('',*,*,#3165,.F.);
#4038=ORIENTED_EDGE('',*,*,#3157,.T.);
#4039=ORIENTED_EDGE('',*,*,#3167,.T.);
#4040=ORIENTED_EDGE('',*,*,#3127,.T.);
#4041=ORIENTED_EDGE('',*,*,#3167,.F.);
#4042=ORIENTED_EDGE('',*,*,#3154,.T.);
#4043=ORIENTED_EDGE('',*,*,#3168,.T.);
#4044=ORIENTED_EDGE('',*,*,#3128,.T.);
#4045=ORIENTED_EDGE('',*,*,#3168,.F.);
#4046=ORIENTED_EDGE('',*,*,#3151,.T.);
#4047=ORIENTED_EDGE('',*,*,#3169,.T.);
#4048=ORIENTED_EDGE('',*,*,#3129,.T.);
#4049=ORIENTED_EDGE('',*,*,#3169,.F.);
#4050=ORIENTED_EDGE('',*,*,#3148,.T.);
#4051=ORIENTED_EDGE('',*,*,#3170,.T.);
#4052=ORIENTED_EDGE('',*,*,#3130,.T.);
#4053=ORIENTED_EDGE('',*,*,#3170,.F.);
#4054=ORIENTED_EDGE('',*,*,#3145,.T.);
#4055=ORIENTED_EDGE('',*,*,#3171,.T.);
#4056=ORIENTED_EDGE('',*,*,#3131,.T.);
#4057=ORIENTED_EDGE('',*,*,#3118,.F.);
#4058=ORIENTED_EDGE('',*,*,#3172,.T.);
#4059=ORIENTED_EDGE('',*,*,#3124,.T.);
#4060=ORIENTED_EDGE('',*,*,#3171,.F.);
#4061=ORIENTED_EDGE('',*,*,#3141,.T.);
#4062=ORIENTED_EDGE('',*,*,#3173,.F.);
#4063=ORIENTED_EDGE('',*,*,#3174,.T.);
#4064=ORIENTED_EDGE('',*,*,#3139,.T.);
#4065=ORIENTED_EDGE('',*,*,#3175,.T.);
#4066=ORIENTED_EDGE('',*,*,#3161,.T.);
#4067=ORIENTED_EDGE('',*,*,#3176,.T.);
#4068=ORIENTED_EDGE('',*,*,#3175,.F.);
#4069=ORIENTED_EDGE('',*,*,#3138,.T.);
#4070=ORIENTED_EDGE('',*,*,#3177,.T.);
#4071=ORIENTED_EDGE('',*,*,#3156,.T.);
#4072=ORIENTED_EDGE('',*,*,#3177,.F.);
#4073=ORIENTED_EDGE('',*,*,#3137,.T.);
#4074=ORIENTED_EDGE('',*,*,#3178,.T.);
#4075=ORIENTED_EDGE('',*,*,#3153,.T.);
#4076=ORIENTED_EDGE('',*,*,#3178,.F.);
#4077=ORIENTED_EDGE('',*,*,#3136,.T.);
#4078=ORIENTED_EDGE('',*,*,#3179,.T.);
#4079=ORIENTED_EDGE('',*,*,#3150,.T.);
#4080=ORIENTED_EDGE('',*,*,#3179,.F.);
#4081=ORIENTED_EDGE('',*,*,#3135,.T.);
#4082=ORIENTED_EDGE('',*,*,#3180,.T.);
#4083=ORIENTED_EDGE('',*,*,#3147,.T.);
#4084=ORIENTED_EDGE('',*,*,#3180,.F.);
#4085=ORIENTED_EDGE('',*,*,#3134,.T.);
#4086=ORIENTED_EDGE('',*,*,#3181,.T.);
#4087=ORIENTED_EDGE('',*,*,#3144,.T.);
#4088=ORIENTED_EDGE('',*,*,#3112,.F.);
#4089=ORIENTED_EDGE('',*,*,#3140,.T.);
#4090=ORIENTED_EDGE('',*,*,#3181,.F.);
#4091=ORIENTED_EDGE('',*,*,#3133,.T.);
#4092=ORIENTED_EDGE('',*,*,#3182,.T.);
#4093=ORIENTED_EDGE('',*,*,#3159,.F.);
#4094=ORIENTED_EDGE('',*,*,#3183,.T.);
#4095=ORIENTED_EDGE('',*,*,#3184,.T.);
#4096=ORIENTED_EDGE('',*,*,#3185,.T.);
#4097=ORIENTED_EDGE('',*,*,#3186,.T.);
#4098=ORIENTED_EDGE('',*,*,#3105,.T.);
#4099=ORIENTED_EDGE('',*,*,#3100,.T.);
#4100=ORIENTED_EDGE('',*,*,#3187,.T.);
#4101=ORIENTED_EDGE('',*,*,#3092,.F.);
#4102=ORIENTED_EDGE('',*,*,#3164,.F.);
#4103=ORIENTED_EDGE('',*,*,#3163,.T.);
#4104=ORIENTED_EDGE('',*,*,#3188,.F.);
#4105=ORIENTED_EDGE('',*,*,#3189,.T.);
#4106=ORIENTED_EDGE('',*,*,#3190,.T.);
#4107=ORIENTED_EDGE('',*,*,#3191,.T.);
#4108=ORIENTED_EDGE('',*,*,#3183,.F.);
#4109=ORIENTED_EDGE('',*,*,#3158,.F.);
#4110=ORIENTED_EDGE('',*,*,#3160,.F.);
#4111=ORIENTED_EDGE('',*,*,#3185,.F.);
#4112=ORIENTED_EDGE('',*,*,#3192,.T.);
#4113=ORIENTED_EDGE('',*,*,#3193,.T.);
#4114=ORIENTED_EDGE('',*,*,#3194,.T.);
#4115=ORIENTED_EDGE('',*,*,#3195,.F.);
#4116=ORIENTED_EDGE('',*,*,#3173,.T.);
#4117=ORIENTED_EDGE('',*,*,#3176,.F.);
#4118=ORIENTED_EDGE('',*,*,#3166,.F.);
#4119=ORIENTED_EDGE('',*,*,#3125,.F.);
#4120=ORIENTED_EDGE('',*,*,#3172,.F.);
#4121=ORIENTED_EDGE('',*,*,#3117,.T.);
#4122=ORIENTED_EDGE('',*,*,#3196,.F.);
#4123=ORIENTED_EDGE('',*,*,#3197,.F.);
#4124=ORIENTED_EDGE('',*,*,#3198,.F.);
#4125=ORIENTED_EDGE('',*,*,#3188,.T.);
#4126=ORIENTED_EDGE('',*,*,#3199,.T.);
#4127=ORIENTED_EDGE('',*,*,#3197,.T.);
#4128=ORIENTED_EDGE('',*,*,#3200,.T.);
#4129=ORIENTED_EDGE('',*,*,#3201,.T.);
#4130=ORIENTED_EDGE('',*,*,#3202,.T.);
#4131=ORIENTED_EDGE('',*,*,#3203,.T.);
#4132=ORIENTED_EDGE('',*,*,#3204,.T.);
#4133=ORIENTED_EDGE('',*,*,#3205,.T.);
#4134=ORIENTED_EDGE('',*,*,#3206,.F.);
#4135=ORIENTED_EDGE('',*,*,#3207,.T.);
#4136=ORIENTED_EDGE('',*,*,#3208,.T.);
#4137=ORIENTED_EDGE('',*,*,#3209,.T.);
#4138=ORIENTED_EDGE('',*,*,#3210,.T.);
#4139=ORIENTED_EDGE('',*,*,#3211,.T.);
#4140=ORIENTED_EDGE('',*,*,#3212,.T.);
#4141=ORIENTED_EDGE('',*,*,#3213,.T.);
#4142=ORIENTED_EDGE('',*,*,#3189,.F.);
#4143=ORIENTED_EDGE('',*,*,#3198,.T.);
#4144=ORIENTED_EDGE('',*,*,#3199,.F.);
#4145=ORIENTED_EDGE('',*,*,#3214,.F.);
#4146=ORIENTED_EDGE('',*,*,#3215,.F.);
#4147=ORIENTED_EDGE('',*,*,#3190,.F.);
#4148=ORIENTED_EDGE('',*,*,#3207,.F.);
#4149=ORIENTED_EDGE('',*,*,#3216,.T.);
#4150=ORIENTED_EDGE('',*,*,#3194,.F.);
#4151=ORIENTED_EDGE('',*,*,#3193,.F.);
#4152=ORIENTED_EDGE('',*,*,#3217,.F.);
#4153=ORIENTED_EDGE('',*,*,#3218,.F.);
#4154=ORIENTED_EDGE('',*,*,#3219,.T.);
#4155=ORIENTED_EDGE('',*,*,#3115,.T.);
#4156=ORIENTED_EDGE('',*,*,#3220,.T.);
#4157=ORIENTED_EDGE('',*,*,#3221,.F.);
#4158=ORIENTED_EDGE('',*,*,#3222,.F.);
#4159=ORIENTED_EDGE('',*,*,#3223,.T.);
#4160=ORIENTED_EDGE('',*,*,#3221,.T.);
#4161=ORIENTED_EDGE('',*,*,#3224,.T.);
#4162=ORIENTED_EDGE('',*,*,#3225,.F.);
#4163=ORIENTED_EDGE('',*,*,#3226,.T.);
#4164=ORIENTED_EDGE('',*,*,#3222,.T.);
#4165=ORIENTED_EDGE('',*,*,#3227,.T.);
#4166=ORIENTED_EDGE('',*,*,#3228,.F.);
#4167=ORIENTED_EDGE('',*,*,#3229,.T.);
#4168=ORIENTED_EDGE('',*,*,#3225,.T.);
#4169=ORIENTED_EDGE('',*,*,#3230,.T.);
#4170=ORIENTED_EDGE('',*,*,#3231,.F.);
#4171=ORIENTED_EDGE('',*,*,#3232,.T.);
#4172=ORIENTED_EDGE('',*,*,#3228,.T.);
#4173=ORIENTED_EDGE('',*,*,#3233,.T.);
#4174=ORIENTED_EDGE('',*,*,#3234,.F.);
#4175=ORIENTED_EDGE('',*,*,#3235,.T.);
#4176=ORIENTED_EDGE('',*,*,#3231,.T.);
#4177=ORIENTED_EDGE('',*,*,#3236,.T.);
#4178=ORIENTED_EDGE('',*,*,#3191,.F.);
#4179=ORIENTED_EDGE('',*,*,#3215,.T.);
#4180=ORIENTED_EDGE('',*,*,#3234,.T.);
#4181=ORIENTED_EDGE('',*,*,#3217,.T.);
#4182=ORIENTED_EDGE('',*,*,#3192,.F.);
#4183=ORIENTED_EDGE('',*,*,#3184,.F.);
#4184=ORIENTED_EDGE('',*,*,#3214,.T.);
#4185=ORIENTED_EDGE('',*,*,#3205,.F.);
#4186=ORIENTED_EDGE('',*,*,#3237,.F.);
#4187=ORIENTED_EDGE('',*,*,#3235,.F.);
#4188=ORIENTED_EDGE('',*,*,#3237,.T.);
#4189=ORIENTED_EDGE('',*,*,#3204,.F.);
#4190=ORIENTED_EDGE('',*,*,#3238,.F.);
#4191=ORIENTED_EDGE('',*,*,#3232,.F.);
#4192=ORIENTED_EDGE('',*,*,#3238,.T.);
#4193=ORIENTED_EDGE('',*,*,#3203,.F.);
#4194=ORIENTED_EDGE('',*,*,#3239,.F.);
#4195=ORIENTED_EDGE('',*,*,#3229,.F.);
#4196=ORIENTED_EDGE('',*,*,#3239,.T.);
#4197=ORIENTED_EDGE('',*,*,#3202,.F.);
#4198=ORIENTED_EDGE('',*,*,#3240,.F.);
#4199=ORIENTED_EDGE('',*,*,#3226,.F.);
#4200=ORIENTED_EDGE('',*,*,#3240,.T.);
#4201=ORIENTED_EDGE('',*,*,#3201,.F.);
#4202=ORIENTED_EDGE('',*,*,#3241,.F.);
#4203=ORIENTED_EDGE('',*,*,#3223,.F.);
#4204=ORIENTED_EDGE('',*,*,#3116,.F.);
#4205=ORIENTED_EDGE('',*,*,#3219,.F.);
#4206=ORIENTED_EDGE('',*,*,#3241,.T.);
#4207=ORIENTED_EDGE('',*,*,#3200,.F.);
#4208=ORIENTED_EDGE('',*,*,#3196,.T.);
#4209=ORIENTED_EDGE('',*,*,#3218,.T.);
#4210=ORIENTED_EDGE('',*,*,#3236,.F.);
#4211=ORIENTED_EDGE('',*,*,#3242,.F.);
#4212=ORIENTED_EDGE('',*,*,#3208,.F.);
#4213=ORIENTED_EDGE('',*,*,#3242,.T.);
#4214=ORIENTED_EDGE('',*,*,#3233,.F.);
#4215=ORIENTED_EDGE('',*,*,#3243,.F.);
#4216=ORIENTED_EDGE('',*,*,#3209,.F.);
#4217=ORIENTED_EDGE('',*,*,#3243,.T.);
#4218=ORIENTED_EDGE('',*,*,#3230,.F.);
#4219=ORIENTED_EDGE('',*,*,#3244,.F.);
#4220=ORIENTED_EDGE('',*,*,#3210,.F.);
#4221=ORIENTED_EDGE('',*,*,#3244,.T.);
#4222=ORIENTED_EDGE('',*,*,#3227,.F.);
#4223=ORIENTED_EDGE('',*,*,#3245,.F.);
#4224=ORIENTED_EDGE('',*,*,#3211,.F.);
#4225=ORIENTED_EDGE('',*,*,#3245,.T.);
#4226=ORIENTED_EDGE('',*,*,#3224,.F.);
#4227=ORIENTED_EDGE('',*,*,#3246,.F.);
#4228=ORIENTED_EDGE('',*,*,#3212,.F.);
#4229=ORIENTED_EDGE('',*,*,#3114,.F.);
#4230=ORIENTED_EDGE('',*,*,#3247,.T.);
#4231=ORIENTED_EDGE('',*,*,#3213,.F.);
#4232=ORIENTED_EDGE('',*,*,#3246,.T.);
#4233=ORIENTED_EDGE('',*,*,#3220,.F.);
#4234=ORIENTED_EDGE('',*,*,#3187,.F.);
#4235=ORIENTED_EDGE('',*,*,#3099,.T.);
#4236=ORIENTED_EDGE('',*,*,#3062,.F.);
#4237=ORIENTED_EDGE('',*,*,#3066,.F.);
#4238=ORIENTED_EDGE('',*,*,#3069,.F.);
#4239=ORIENTED_EDGE('',*,*,#3122,.F.);
#4240=ORIENTED_EDGE('',*,*,#3074,.F.);
#4241=ORIENTED_EDGE('',*,*,#3095,.F.);
#4242=ORIENTED_EDGE('',*,*,#3109,.F.);
#4243=ORIENTED_EDGE('',*,*,#3079,.T.);
#4244=ORIENTED_EDGE('',*,*,#3082,.T.);
#4245=ORIENTED_EDGE('',*,*,#3085,.T.);
#4246=ORIENTED_EDGE('',*,*,#3088,.T.);
#4247=ORIENTED_EDGE('',*,*,#3120,.T.);
#4248=ORIENTED_EDGE('',*,*,#3093,.T.);
#4249=ORIENTED_EDGE('',*,*,#3072,.T.);
#4250=ORIENTED_EDGE('',*,*,#3123,.T.);
#4251=ORIENTED_EDGE('',*,*,#3070,.T.);
#4252=ORIENTED_EDGE('',*,*,#3067,.T.);
#4253=ORIENTED_EDGE('',*,*,#3064,.T.);
#4254=ORIENTED_EDGE('',*,*,#3098,.T.);
#4255=ORIENTED_EDGE('',*,*,#3106,.T.);
#4256=ORIENTED_EDGE('',*,*,#3186,.F.);
#4257=ORIENTED_EDGE('',*,*,#3091,.F.);
#4258=ORIENTED_EDGE('',*,*,#3121,.F.);
#4259=ORIENTED_EDGE('',*,*,#3089,.F.);
#4260=ORIENTED_EDGE('',*,*,#3086,.F.);
#4261=ORIENTED_EDGE('',*,*,#3083,.F.);
#4262=ORIENTED_EDGE('',*,*,#3080,.F.);
#4263=ORIENTED_EDGE('',*,*,#3077,.F.);
#4264=ORIENTED_EDGE('',*,*,#3107,.F.);
#4265=ORIENTED_EDGE('',*,*,#3096,.F.);
#4266=ORIENTED_EDGE('',*,*,#3104,.T.);
#4267=ORIENTED_EDGE('',*,*,#3108,.F.);
#4268=ORIENTED_EDGE('',*,*,#3076,.F.);
#4269=ORIENTED_EDGE('',*,*,#3174,.F.);
#4270=ORIENTED_EDGE('',*,*,#3195,.T.);
#4271=ORIENTED_EDGE('',*,*,#3216,.F.);
#4272=ORIENTED_EDGE('',*,*,#3206,.T.);
#4273=ORIENTED_EDGE('',*,*,#3247,.F.);
#4274=ORIENTED_EDGE('',*,*,#3113,.T.);
#4275=ORIENTED_EDGE('',*,*,#3182,.F.);
#4276=ORIENTED_EDGE('',*,*,#3132,.T.);
#4277=ORIENTED_EDGE('',*,*,#3248,.F.);
#4278=ORIENTED_EDGE('',*,*,#3249,.T.);
#4279=ORIENTED_EDGE('',*,*,#3250,.F.);
#4280=ORIENTED_EDGE('',*,*,#3251,.F.);
#4281=ORIENTED_EDGE('',*,*,#3252,.F.);
#4282=ORIENTED_EDGE('',*,*,#3251,.T.);
#4283=ORIENTED_EDGE('',*,*,#3253,.F.);
#4284=ORIENTED_EDGE('',*,*,#3254,.F.);
#4285=ORIENTED_EDGE('',*,*,#3255,.F.);
#4286=ORIENTED_EDGE('',*,*,#3254,.T.);
#4287=ORIENTED_EDGE('',*,*,#3256,.F.);
#4288=ORIENTED_EDGE('',*,*,#3257,.F.);
#4289=ORIENTED_EDGE('',*,*,#3258,.F.);
#4290=ORIENTED_EDGE('',*,*,#3257,.T.);
#4291=ORIENTED_EDGE('',*,*,#3259,.F.);
#4292=ORIENTED_EDGE('',*,*,#3249,.F.);
#4293=ORIENTED_EDGE('',*,*,#3260,.F.);
#4294=ORIENTED_EDGE('',*,*,#3261,.T.);
#4295=ORIENTED_EDGE('',*,*,#3262,.F.);
#4296=ORIENTED_EDGE('',*,*,#3263,.F.);
#4297=ORIENTED_EDGE('',*,*,#3264,.F.);
#4298=ORIENTED_EDGE('',*,*,#3263,.T.);
#4299=ORIENTED_EDGE('',*,*,#3265,.F.);
#4300=ORIENTED_EDGE('',*,*,#3266,.F.);
#4301=ORIENTED_EDGE('',*,*,#3267,.F.);
#4302=ORIENTED_EDGE('',*,*,#3266,.T.);
#4303=ORIENTED_EDGE('',*,*,#3268,.F.);
#4304=ORIENTED_EDGE('',*,*,#3269,.F.);
#4305=ORIENTED_EDGE('',*,*,#3270,.F.);
#4306=ORIENTED_EDGE('',*,*,#3269,.T.);
#4307=ORIENTED_EDGE('',*,*,#3271,.F.);
#4308=ORIENTED_EDGE('',*,*,#3261,.F.);
#4309=ORIENTED_EDGE('',*,*,#3270,.T.);
#4310=ORIENTED_EDGE('',*,*,#3260,.T.);
#4311=ORIENTED_EDGE('',*,*,#3264,.T.);
#4312=ORIENTED_EDGE('',*,*,#3267,.T.);
#4313=ORIENTED_EDGE('',*,*,#3258,.T.);
#4314=ORIENTED_EDGE('',*,*,#3248,.T.);
#4315=ORIENTED_EDGE('',*,*,#3252,.T.);
#4316=ORIENTED_EDGE('',*,*,#3255,.T.);
#4317=ORIENTED_EDGE('',*,*,#3271,.T.);
#4318=ORIENTED_EDGE('',*,*,#3268,.T.);
#4319=ORIENTED_EDGE('',*,*,#3265,.T.);
#4320=ORIENTED_EDGE('',*,*,#3262,.T.);
#4321=ORIENTED_EDGE('',*,*,#3259,.T.);
#4322=ORIENTED_EDGE('',*,*,#3256,.T.);
#4323=ORIENTED_EDGE('',*,*,#3253,.T.);
#4324=ORIENTED_EDGE('',*,*,#3250,.T.);
#4325=ORIENTED_EDGE('',*,*,#3272,.F.);
#4326=ORIENTED_EDGE('',*,*,#3273,.T.);
#4327=ORIENTED_EDGE('',*,*,#3274,.F.);
#4328=ORIENTED_EDGE('',*,*,#3275,.F.);
#4329=ORIENTED_EDGE('',*,*,#3276,.F.);
#4330=ORIENTED_EDGE('',*,*,#3275,.T.);
#4331=ORIENTED_EDGE('',*,*,#3277,.F.);
#4332=ORIENTED_EDGE('',*,*,#3278,.F.);
#4333=ORIENTED_EDGE('',*,*,#3279,.F.);
#4334=ORIENTED_EDGE('',*,*,#3278,.T.);
#4335=ORIENTED_EDGE('',*,*,#3280,.F.);
#4336=ORIENTED_EDGE('',*,*,#3281,.F.);
#4337=ORIENTED_EDGE('',*,*,#3282,.F.);
#4338=ORIENTED_EDGE('',*,*,#3281,.T.);
#4339=ORIENTED_EDGE('',*,*,#3283,.F.);
#4340=ORIENTED_EDGE('',*,*,#3273,.F.);
#4341=ORIENTED_EDGE('',*,*,#3282,.T.);
#4342=ORIENTED_EDGE('',*,*,#3272,.T.);
#4343=ORIENTED_EDGE('',*,*,#3276,.T.);
#4344=ORIENTED_EDGE('',*,*,#3279,.T.);
#4345=ORIENTED_EDGE('',*,*,#3283,.T.);
#4346=ORIENTED_EDGE('',*,*,#3280,.T.);
#4347=ORIENTED_EDGE('',*,*,#3277,.T.);
#4348=ORIENTED_EDGE('',*,*,#3274,.T.);
#4349=ORIENTED_EDGE('',*,*,#3284,.F.);
#4350=ORIENTED_EDGE('',*,*,#3285,.T.);
#4351=ORIENTED_EDGE('',*,*,#3286,.F.);
#4352=ORIENTED_EDGE('',*,*,#3287,.F.);
#4353=ORIENTED_EDGE('',*,*,#3288,.F.);
#4354=ORIENTED_EDGE('',*,*,#3287,.T.);
#4355=ORIENTED_EDGE('',*,*,#3289,.F.);
#4356=ORIENTED_EDGE('',*,*,#3290,.F.);
#4357=ORIENTED_EDGE('',*,*,#3291,.F.);
#4358=ORIENTED_EDGE('',*,*,#3290,.T.);
#4359=ORIENTED_EDGE('',*,*,#3292,.F.);
#4360=ORIENTED_EDGE('',*,*,#3293,.F.);
#4361=ORIENTED_EDGE('',*,*,#3294,.F.);
#4362=ORIENTED_EDGE('',*,*,#3293,.T.);
#4363=ORIENTED_EDGE('',*,*,#3295,.F.);
#4364=ORIENTED_EDGE('',*,*,#3285,.F.);
#4365=ORIENTED_EDGE('',*,*,#3294,.T.);
#4366=ORIENTED_EDGE('',*,*,#3284,.T.);
#4367=ORIENTED_EDGE('',*,*,#3288,.T.);
#4368=ORIENTED_EDGE('',*,*,#3291,.T.);
#4369=ORIENTED_EDGE('',*,*,#3295,.T.);
#4370=ORIENTED_EDGE('',*,*,#3292,.T.);
#4371=ORIENTED_EDGE('',*,*,#3289,.T.);
#4372=ORIENTED_EDGE('',*,*,#3286,.T.);
#4373=ORIENTED_EDGE('',*,*,#3296,.T.);
#4374=ORIENTED_EDGE('',*,*,#3297,.T.);
#4375=ORIENTED_EDGE('',*,*,#3298,.T.);
#4376=ORIENTED_EDGE('',*,*,#3299,.T.);
#4377=ORIENTED_EDGE('',*,*,#3297,.F.);
#4378=ORIENTED_EDGE('',*,*,#3300,.F.);
#4379=ORIENTED_EDGE('',*,*,#3301,.F.);
#4380=ORIENTED_EDGE('',*,*,#3302,.T.);
#4381=ORIENTED_EDGE('',*,*,#3296,.F.);
#4382=ORIENTED_EDGE('',*,*,#3303,.T.);
#4383=ORIENTED_EDGE('',*,*,#3304,.F.);
#4384=ORIENTED_EDGE('',*,*,#3305,.T.);
#4385=ORIENTED_EDGE('',*,*,#3306,.F.);
#4386=ORIENTED_EDGE('',*,*,#3307,.T.);
#4387=ORIENTED_EDGE('',*,*,#3308,.F.);
#4388=ORIENTED_EDGE('',*,*,#3300,.T.);
#4389=ORIENTED_EDGE('',*,*,#3309,.T.);
#4390=ORIENTED_EDGE('',*,*,#3308,.T.);
#4391=ORIENTED_EDGE('',*,*,#3310,.T.);
#4392=ORIENTED_EDGE('',*,*,#3311,.T.);
#4393=ORIENTED_EDGE('',*,*,#3301,.T.);
#4394=ORIENTED_EDGE('',*,*,#3310,.F.);
#4395=ORIENTED_EDGE('',*,*,#3307,.F.);
#4396=ORIENTED_EDGE('',*,*,#3312,.F.);
#4397=ORIENTED_EDGE('',*,*,#3313,.T.);
#4398=ORIENTED_EDGE('',*,*,#3306,.T.);
#4399=ORIENTED_EDGE('',*,*,#3314,.T.);
#4400=ORIENTED_EDGE('',*,*,#3315,.T.);
#4401=ORIENTED_EDGE('',*,*,#3312,.T.);
#4402=ORIENTED_EDGE('',*,*,#3314,.F.);
#4403=ORIENTED_EDGE('',*,*,#3305,.F.);
#4404=ORIENTED_EDGE('',*,*,#3316,.F.);
#4405=ORIENTED_EDGE('',*,*,#3317,.T.);
#4406=ORIENTED_EDGE('',*,*,#3304,.T.);
#4407=ORIENTED_EDGE('',*,*,#3318,.T.);
#4408=ORIENTED_EDGE('',*,*,#3319,.T.);
#4409=ORIENTED_EDGE('',*,*,#3316,.T.);
#4410=ORIENTED_EDGE('',*,*,#3309,.F.);
#4411=ORIENTED_EDGE('',*,*,#3320,.T.);
#4412=ORIENTED_EDGE('',*,*,#3321,.T.);
#4413=ORIENTED_EDGE('',*,*,#3320,.F.);
#4414=ORIENTED_EDGE('',*,*,#3299,.F.);
#4415=ORIENTED_EDGE('',*,*,#3322,.T.);
#4416=ORIENTED_EDGE('',*,*,#3318,.F.);
#4417=ORIENTED_EDGE('',*,*,#3303,.F.);
#4418=ORIENTED_EDGE('',*,*,#3298,.F.);
#4419=ORIENTED_EDGE('',*,*,#3302,.F.);
#4420=ORIENTED_EDGE('',*,*,#3311,.F.);
#4421=ORIENTED_EDGE('',*,*,#3313,.F.);
#4422=ORIENTED_EDGE('',*,*,#3315,.F.);
#4423=ORIENTED_EDGE('',*,*,#3317,.F.);
#4424=ORIENTED_EDGE('',*,*,#3319,.F.);
#4425=ORIENTED_EDGE('',*,*,#3322,.F.);
#4426=ORIENTED_EDGE('',*,*,#3321,.F.);
#4427=ORIENTED_EDGE('',*,*,#3323,.T.);
#4428=ORIENTED_EDGE('',*,*,#3324,.T.);
#4429=ORIENTED_EDGE('',*,*,#3325,.T.);
#4430=ORIENTED_EDGE('',*,*,#3326,.T.);
#4431=ORIENTED_EDGE('',*,*,#3326,.F.);
#4432=ORIENTED_EDGE('',*,*,#3327,.F.);
#4433=ORIENTED_EDGE('',*,*,#3328,.F.);
#4434=ORIENTED_EDGE('',*,*,#3329,.F.);
#4435=ORIENTED_EDGE('',*,*,#3325,.F.);
#4436=ORIENTED_EDGE('',*,*,#3330,.T.);
#4437=ORIENTED_EDGE('',*,*,#3331,.F.);
#4438=ORIENTED_EDGE('',*,*,#3332,.T.);
#4439=ORIENTED_EDGE('',*,*,#3333,.F.);
#4440=ORIENTED_EDGE('',*,*,#3334,.T.);
#4441=ORIENTED_EDGE('',*,*,#3335,.F.);
#4442=ORIENTED_EDGE('',*,*,#3327,.T.);
#4443=ORIENTED_EDGE('',*,*,#3336,.T.);
#4444=ORIENTED_EDGE('',*,*,#3337,.T.);
#4445=ORIENTED_EDGE('',*,*,#3338,.T.);
#4446=ORIENTED_EDGE('',*,*,#3339,.T.);
#4447=ORIENTED_EDGE('',*,*,#3340,.T.);
#4448=ORIENTED_EDGE('',*,*,#3341,.T.);
#4449=ORIENTED_EDGE('',*,*,#3331,.T.);
#4450=ORIENTED_EDGE('',*,*,#3342,.T.);
#4451=ORIENTED_EDGE('',*,*,#3341,.F.);
#4452=ORIENTED_EDGE('',*,*,#3343,.F.);
#4453=ORIENTED_EDGE('',*,*,#3344,.F.);
#4454=ORIENTED_EDGE('',*,*,#3332,.F.);
#4455=ORIENTED_EDGE('',*,*,#3345,.T.);
#4456=ORIENTED_EDGE('',*,*,#3346,.T.);
#4457=ORIENTED_EDGE('',*,*,#3333,.T.);
#4458=ORIENTED_EDGE('',*,*,#3344,.T.);
#4459=ORIENTED_EDGE('',*,*,#3347,.T.);
#4460=ORIENTED_EDGE('',*,*,#3328,.T.);
#4461=ORIENTED_EDGE('',*,*,#3335,.T.);
#4462=ORIENTED_EDGE('',*,*,#3348,.T.);
#4463=ORIENTED_EDGE('',*,*,#3337,.F.);
#4464=ORIENTED_EDGE('',*,*,#3349,.T.);
#4465=ORIENTED_EDGE('',*,*,#3350,.F.);
#4466=ORIENTED_EDGE('',*,*,#3351,.F.);
#4467=ORIENTED_EDGE('',*,*,#3338,.F.);
#4468=ORIENTED_EDGE('',*,*,#3351,.T.);
#4469=ORIENTED_EDGE('',*,*,#3352,.F.);
#4470=ORIENTED_EDGE('',*,*,#3353,.F.);
#4471=ORIENTED_EDGE('',*,*,#3339,.F.);
#4472=ORIENTED_EDGE('',*,*,#3353,.T.);
#4473=ORIENTED_EDGE('',*,*,#3354,.F.);
#4474=ORIENTED_EDGE('',*,*,#3355,.F.);
#4475=ORIENTED_EDGE('',*,*,#3336,.F.);
#4476=ORIENTED_EDGE('',*,*,#3355,.T.);
#4477=ORIENTED_EDGE('',*,*,#3356,.F.);
#4478=ORIENTED_EDGE('',*,*,#3349,.F.);
#4479=ORIENTED_EDGE('',*,*,#3324,.F.);
#4480=ORIENTED_EDGE('',*,*,#3357,.F.);
#4481=ORIENTED_EDGE('',*,*,#3342,.F.);
#4482=ORIENTED_EDGE('',*,*,#3330,.F.);
#4483=ORIENTED_EDGE('',*,*,#3346,.F.);
#4484=ORIENTED_EDGE('',*,*,#3358,.F.);
#4485=ORIENTED_EDGE('',*,*,#3348,.F.);
#4486=ORIENTED_EDGE('',*,*,#3334,.F.);
#4487=ORIENTED_EDGE('',*,*,#3323,.F.);
#4488=ORIENTED_EDGE('',*,*,#3329,.T.);
#4489=ORIENTED_EDGE('',*,*,#3347,.F.);
#4490=ORIENTED_EDGE('',*,*,#3358,.T.);
#4491=ORIENTED_EDGE('',*,*,#3345,.F.);
#4492=ORIENTED_EDGE('',*,*,#3343,.T.);
#4493=ORIENTED_EDGE('',*,*,#3340,.F.);
#4494=ORIENTED_EDGE('',*,*,#3357,.T.);
#4495=ORIENTED_EDGE('',*,*,#3356,.T.);
#4496=ORIENTED_EDGE('',*,*,#3354,.T.);
#4497=ORIENTED_EDGE('',*,*,#3352,.T.);
#4498=ORIENTED_EDGE('',*,*,#3350,.T.);
#4499=ORIENTED_EDGE('',*,*,#3359,.T.);
#4500=ORIENTED_EDGE('',*,*,#3360,.T.);
#4501=ORIENTED_EDGE('',*,*,#3361,.T.);
#4502=ORIENTED_EDGE('',*,*,#3362,.T.);
#4503=ORIENTED_EDGE('',*,*,#3363,.T.);
#4504=ORIENTED_EDGE('',*,*,#3364,.T.);
#4505=ORIENTED_EDGE('',*,*,#3365,.T.);
#4506=ORIENTED_EDGE('',*,*,#3362,.F.);
#4507=ORIENTED_EDGE('',*,*,#3366,.T.);
#4508=ORIENTED_EDGE('',*,*,#3367,.F.);
#4509=ORIENTED_EDGE('',*,*,#3368,.T.);
#4510=ORIENTED_EDGE('',*,*,#3364,.F.);
#4511=ORIENTED_EDGE('',*,*,#3369,.T.);
#4512=ORIENTED_EDGE('',*,*,#3367,.T.);
#4513=ORIENTED_EDGE('',*,*,#3370,.T.);
#4514=ORIENTED_EDGE('',*,*,#3360,.F.);
#4515=ORIENTED_EDGE('',*,*,#3363,.F.);
#4516=ORIENTED_EDGE('',*,*,#3371,.T.);
#4517=ORIENTED_EDGE('',*,*,#3372,.T.);
#4518=ORIENTED_EDGE('',*,*,#3373,.F.);
#4519=ORIENTED_EDGE('',*,*,#3361,.F.);
#4520=ORIENTED_EDGE('',*,*,#3374,.T.);
#4521=ORIENTED_EDGE('',*,*,#3375,.T.);
#4522=ORIENTED_EDGE('',*,*,#3371,.F.);
#4523=ORIENTED_EDGE('',*,*,#3369,.F.);
#4524=ORIENTED_EDGE('',*,*,#3376,.T.);
#4525=ORIENTED_EDGE('',*,*,#3377,.F.);
#4526=ORIENTED_EDGE('',*,*,#3378,.T.);
#4527=ORIENTED_EDGE('',*,*,#3379,.F.);
#4528=ORIENTED_EDGE('',*,*,#3380,.F.);
#4529=ORIENTED_EDGE('',*,*,#3359,.F.);
#4530=ORIENTED_EDGE('',*,*,#3381,.F.);
#4531=ORIENTED_EDGE('',*,*,#3382,.F.);
#4532=ORIENTED_EDGE('',*,*,#3383,.T.);
#4533=ORIENTED_EDGE('',*,*,#3384,.T.);
#4534=ORIENTED_EDGE('',*,*,#3385,.T.);
#4535=ORIENTED_EDGE('',*,*,#3386,.F.);
#4536=ORIENTED_EDGE('',*,*,#3376,.F.);
#4537=ORIENTED_EDGE('',*,*,#3377,.T.);
#4538=ORIENTED_EDGE('',*,*,#3386,.T.);
#4539=ORIENTED_EDGE('',*,*,#3387,.T.);
#4540=ORIENTED_EDGE('',*,*,#3388,.T.);
#4541=ORIENTED_EDGE('',*,*,#3388,.F.);
#4542=ORIENTED_EDGE('',*,*,#3389,.T.);
#4543=ORIENTED_EDGE('',*,*,#3390,.F.);
#4544=ORIENTED_EDGE('',*,*,#3378,.F.);
#4545=ORIENTED_EDGE('',*,*,#3387,.F.);
#4546=ORIENTED_EDGE('',*,*,#3385,.F.);
#4547=ORIENTED_EDGE('',*,*,#3391,.T.);
#4548=ORIENTED_EDGE('',*,*,#3392,.F.);
#4549=ORIENTED_EDGE('',*,*,#3393,.F.);
#4550=ORIENTED_EDGE('',*,*,#3389,.F.);
#4551=ORIENTED_EDGE('',*,*,#3394,.T.);
#4552=ORIENTED_EDGE('',*,*,#3395,.T.);
#4553=ORIENTED_EDGE('',*,*,#3396,.T.);
#4554=ORIENTED_EDGE('',*,*,#3382,.T.);
#4555=ORIENTED_EDGE('',*,*,#3395,.F.);
#4556=ORIENTED_EDGE('',*,*,#3397,.T.);
#4557=ORIENTED_EDGE('',*,*,#3398,.T.);
#4558=ORIENTED_EDGE('',*,*,#3399,.F.);
#4559=ORIENTED_EDGE('',*,*,#3365,.F.);
#4560=ORIENTED_EDGE('',*,*,#3400,.F.);
#4561=ORIENTED_EDGE('',*,*,#3401,.F.);
#4562=ORIENTED_EDGE('',*,*,#3402,.F.);
#4563=ORIENTED_EDGE('',*,*,#3403,.T.);
#4564=ORIENTED_EDGE('',*,*,#3404,.T.);
#4565=ORIENTED_EDGE('',*,*,#3405,.T.);
#4566=ORIENTED_EDGE('',*,*,#3397,.F.);
#4567=ORIENTED_EDGE('',*,*,#3394,.F.);
#4568=ORIENTED_EDGE('',*,*,#3381,.T.);
#4569=ORIENTED_EDGE('',*,*,#3401,.T.);
#4570=ORIENTED_EDGE('',*,*,#3406,.T.);
#4571=ORIENTED_EDGE('',*,*,#3407,.T.);
#4572=ORIENTED_EDGE('',*,*,#3408,.T.);
#4573=ORIENTED_EDGE('',*,*,#3396,.F.);
#4574=ORIENTED_EDGE('',*,*,#3399,.T.);
#4575=ORIENTED_EDGE('',*,*,#3409,.T.);
#4576=ORIENTED_EDGE('',*,*,#3410,.T.);
#4577=ORIENTED_EDGE('',*,*,#3411,.T.);
#4578=ORIENTED_EDGE('',*,*,#3412,.T.);
#4579=ORIENTED_EDGE('',*,*,#3407,.F.);
#4580=ORIENTED_EDGE('',*,*,#3413,.F.);
#4581=ORIENTED_EDGE('',*,*,#3414,.F.);
#4582=ORIENTED_EDGE('',*,*,#3383,.F.);
#4583=ORIENTED_EDGE('',*,*,#3368,.F.);
#4584=ORIENTED_EDGE('',*,*,#3380,.T.);
#4585=ORIENTED_EDGE('',*,*,#3415,.F.);
#4586=ORIENTED_EDGE('',*,*,#3392,.T.);
#4587=ORIENTED_EDGE('',*,*,#3416,.T.);
#4588=ORIENTED_EDGE('',*,*,#3413,.T.);
#4589=ORIENTED_EDGE('',*,*,#3406,.F.);
#4590=ORIENTED_EDGE('',*,*,#3400,.T.);
#4591=ORIENTED_EDGE('',*,*,#3379,.T.);
#4592=ORIENTED_EDGE('',*,*,#3390,.T.);
#4593=ORIENTED_EDGE('',*,*,#3393,.T.);
#4594=ORIENTED_EDGE('',*,*,#3415,.T.);
#4595=ORIENTED_EDGE('',*,*,#3404,.F.);
#4596=ORIENTED_EDGE('',*,*,#3417,.T.);
#4597=ORIENTED_EDGE('',*,*,#3410,.F.);
#4598=ORIENTED_EDGE('',*,*,#3418,.F.);
#4599=ORIENTED_EDGE('',*,*,#3403,.F.);
#4600=ORIENTED_EDGE('',*,*,#3419,.F.);
#4601=ORIENTED_EDGE('',*,*,#3411,.F.);
#4602=ORIENTED_EDGE('',*,*,#3417,.F.);
#4603=ORIENTED_EDGE('',*,*,#3405,.F.);
#4604=ORIENTED_EDGE('',*,*,#3418,.T.);
#4605=ORIENTED_EDGE('',*,*,#3409,.F.);
#4606=ORIENTED_EDGE('',*,*,#3398,.F.);
#4607=ORIENTED_EDGE('',*,*,#3408,.F.);
#4608=ORIENTED_EDGE('',*,*,#3412,.F.);
#4609=ORIENTED_EDGE('',*,*,#3419,.T.);
#4610=ORIENTED_EDGE('',*,*,#3402,.T.);
#4611=ORIENTED_EDGE('',*,*,#3366,.F.);
#4612=ORIENTED_EDGE('',*,*,#3373,.T.);
#4613=ORIENTED_EDGE('',*,*,#3420,.T.);
#4614=ORIENTED_EDGE('',*,*,#3421,.F.);
#4615=ORIENTED_EDGE('',*,*,#3370,.F.);
#4616=ORIENTED_EDGE('',*,*,#3421,.T.);
#4617=ORIENTED_EDGE('',*,*,#3422,.T.);
#4618=ORIENTED_EDGE('',*,*,#3374,.F.);
#4619=ORIENTED_EDGE('',*,*,#3372,.F.);
#4620=ORIENTED_EDGE('',*,*,#3375,.F.);
#4621=ORIENTED_EDGE('',*,*,#3422,.F.);
#4622=ORIENTED_EDGE('',*,*,#3420,.F.);
#4623=ORIENTED_EDGE('',*,*,#3384,.F.);
#4624=ORIENTED_EDGE('',*,*,#3414,.T.);
#4625=ORIENTED_EDGE('',*,*,#3416,.F.);
#4626=ORIENTED_EDGE('',*,*,#3391,.F.);
#4627=ORIENTED_EDGE('',*,*,#3423,.F.);
#4628=ORIENTED_EDGE('',*,*,#3424,.T.);
#4629=ORIENTED_EDGE('',*,*,#3425,.F.);
#4630=ORIENTED_EDGE('',*,*,#3426,.F.);
#4631=ORIENTED_EDGE('',*,*,#3427,.F.);
#4632=ORIENTED_EDGE('',*,*,#3426,.T.);
#4633=ORIENTED_EDGE('',*,*,#3428,.F.);
#4634=ORIENTED_EDGE('',*,*,#3429,.F.);
#4635=ORIENTED_EDGE('',*,*,#3430,.F.);
#4636=ORIENTED_EDGE('',*,*,#3429,.T.);
#4637=ORIENTED_EDGE('',*,*,#3431,.F.);
#4638=ORIENTED_EDGE('',*,*,#3432,.F.);
#4639=ORIENTED_EDGE('',*,*,#3433,.F.);
#4640=ORIENTED_EDGE('',*,*,#3432,.T.);
#4641=ORIENTED_EDGE('',*,*,#3434,.F.);
#4642=ORIENTED_EDGE('',*,*,#3424,.F.);
#4643=ORIENTED_EDGE('',*,*,#3434,.T.);
#4644=ORIENTED_EDGE('',*,*,#3431,.T.);
#4645=ORIENTED_EDGE('',*,*,#3428,.T.);
#4646=ORIENTED_EDGE('',*,*,#3425,.T.);
#4647=ORIENTED_EDGE('',*,*,#3433,.T.);
#4648=ORIENTED_EDGE('',*,*,#3423,.T.);
#4649=ORIENTED_EDGE('',*,*,#3427,.T.);
#4650=ORIENTED_EDGE('',*,*,#3430,.T.);
#4651=ORIENTED_EDGE('',*,*,#3435,.F.);
#4652=ORIENTED_EDGE('',*,*,#3436,.F.);
#4653=ORIENTED_EDGE('',*,*,#3437,.F.);
#4654=ORIENTED_EDGE('',*,*,#3438,.F.);
#4655=ORIENTED_EDGE('',*,*,#3439,.F.);
#4656=ORIENTED_EDGE('',*,*,#3436,.T.);
#4657=ORIENTED_EDGE('',*,*,#3440,.F.);
#4658=ORIENTED_EDGE('',*,*,#3441,.F.);
#4659=ORIENTED_EDGE('',*,*,#3442,.F.);
#4660=ORIENTED_EDGE('',*,*,#3441,.T.);
#4661=ORIENTED_EDGE('',*,*,#3443,.F.);
#4662=ORIENTED_EDGE('',*,*,#3444,.T.);
#4663=ORIENTED_EDGE('',*,*,#3445,.F.);
#4664=ORIENTED_EDGE('',*,*,#3438,.T.);
#4665=ORIENTED_EDGE('',*,*,#3446,.F.);
#4666=ORIENTED_EDGE('',*,*,#3444,.F.);
#4667=ORIENTED_EDGE('',*,*,#3439,.T.);
#4668=ORIENTED_EDGE('',*,*,#3447,.T.);
#4669=ORIENTED_EDGE('',*,*,#3448,.F.);
#4670=ORIENTED_EDGE('',*,*,#3449,.F.);
#4671=ORIENTED_EDGE('',*,*,#3437,.T.);
#4672=ORIENTED_EDGE('',*,*,#3449,.T.);
#4673=ORIENTED_EDGE('',*,*,#3450,.F.);
#4674=ORIENTED_EDGE('',*,*,#3451,.F.);
#4675=ORIENTED_EDGE('',*,*,#3445,.T.);
#4676=ORIENTED_EDGE('',*,*,#3452,.T.);
#4677=ORIENTED_EDGE('',*,*,#3453,.T.);
#4678=ORIENTED_EDGE('',*,*,#3454,.F.);
#4679=ORIENTED_EDGE('',*,*,#3455,.T.);
#4680=ORIENTED_EDGE('',*,*,#3456,.F.);
#4681=ORIENTED_EDGE('',*,*,#3435,.T.);
#4682=ORIENTED_EDGE('',*,*,#3456,.T.);
#4683=ORIENTED_EDGE('',*,*,#3457,.T.);
#4684=ORIENTED_EDGE('',*,*,#3458,.F.);
#4685=ORIENTED_EDGE('',*,*,#3459,.F.);
#4686=ORIENTED_EDGE('',*,*,#3460,.F.);
#4687=ORIENTED_EDGE('',*,*,#3461,.T.);
#4688=ORIENTED_EDGE('',*,*,#3462,.T.);
#4689=ORIENTED_EDGE('',*,*,#3455,.F.);
#4690=ORIENTED_EDGE('',*,*,#3463,.F.);
#4691=ORIENTED_EDGE('',*,*,#3464,.F.);
#4692=ORIENTED_EDGE('',*,*,#3457,.F.);
#4693=ORIENTED_EDGE('',*,*,#3463,.T.);
#4694=ORIENTED_EDGE('',*,*,#3454,.T.);
#4695=ORIENTED_EDGE('',*,*,#3465,.T.);
#4696=ORIENTED_EDGE('',*,*,#3466,.F.);
#4697=ORIENTED_EDGE('',*,*,#3464,.T.);
#4698=ORIENTED_EDGE('',*,*,#3466,.T.);
#4699=ORIENTED_EDGE('',*,*,#3467,.T.);
#4700=ORIENTED_EDGE('',*,*,#3468,.T.);
#4701=ORIENTED_EDGE('',*,*,#3469,.F.);
#4702=ORIENTED_EDGE('',*,*,#3458,.T.);
#4703=ORIENTED_EDGE('',*,*,#3470,.F.);
#4704=ORIENTED_EDGE('',*,*,#3461,.F.);
#4705=ORIENTED_EDGE('',*,*,#3471,.F.);
#4706=ORIENTED_EDGE('',*,*,#3472,.F.);
#4707=ORIENTED_EDGE('',*,*,#3472,.T.);
#4708=ORIENTED_EDGE('',*,*,#3473,.T.);
#4709=ORIENTED_EDGE('',*,*,#3474,.F.);
#4710=ORIENTED_EDGE('',*,*,#3475,.F.);
#4711=ORIENTED_EDGE('',*,*,#3440,.T.);
#4712=ORIENTED_EDGE('',*,*,#3462,.F.);
#4713=ORIENTED_EDGE('',*,*,#3470,.T.);
#4714=ORIENTED_EDGE('',*,*,#3475,.T.);
#4715=ORIENTED_EDGE('',*,*,#3476,.F.);
#4716=ORIENTED_EDGE('',*,*,#3477,.F.);
#4717=ORIENTED_EDGE('',*,*,#3478,.F.);
#4718=ORIENTED_EDGE('',*,*,#3479,.T.);
#4719=ORIENTED_EDGE('',*,*,#3480,.T.);
#4720=ORIENTED_EDGE('',*,*,#3481,.T.);
#4721=ORIENTED_EDGE('',*,*,#3480,.F.);
#4722=ORIENTED_EDGE('',*,*,#3482,.F.);
#4723=ORIENTED_EDGE('',*,*,#3483,.F.);
#4724=ORIENTED_EDGE('',*,*,#3484,.F.);
#4725=ORIENTED_EDGE('',*,*,#3471,.T.);
#4726=ORIENTED_EDGE('',*,*,#3460,.T.);
#4727=ORIENTED_EDGE('',*,*,#3485,.T.);
#4728=ORIENTED_EDGE('',*,*,#3486,.T.);
#4729=ORIENTED_EDGE('',*,*,#3483,.T.);
#4730=ORIENTED_EDGE('',*,*,#3487,.F.);
#4731=ORIENTED_EDGE('',*,*,#3488,.F.);
#4732=ORIENTED_EDGE('',*,*,#3489,.F.);
#4733=ORIENTED_EDGE('',*,*,#3490,.F.);
#4734=ORIENTED_EDGE('',*,*,#3473,.F.);
#4735=ORIENTED_EDGE('',*,*,#3443,.T.);
#4736=ORIENTED_EDGE('',*,*,#3481,.F.);
#4737=ORIENTED_EDGE('',*,*,#3484,.T.);
#4738=ORIENTED_EDGE('',*,*,#3486,.F.);
#4739=ORIENTED_EDGE('',*,*,#3491,.F.);
#4740=ORIENTED_EDGE('',*,*,#3468,.F.);
#4741=ORIENTED_EDGE('',*,*,#3492,.T.);
#4742=ORIENTED_EDGE('',*,*,#3452,.F.);
#4743=ORIENTED_EDGE('',*,*,#3453,.F.);
#4744=ORIENTED_EDGE('',*,*,#3492,.F.);
#4745=ORIENTED_EDGE('',*,*,#3467,.F.);
#4746=ORIENTED_EDGE('',*,*,#3465,.F.);
#4747=ORIENTED_EDGE('',*,*,#3477,.T.);
#4748=ORIENTED_EDGE('',*,*,#3493,.T.);
#4749=ORIENTED_EDGE('',*,*,#3489,.T.);
#4750=ORIENTED_EDGE('',*,*,#3494,.F.);
#4751=ORIENTED_EDGE('',*,*,#3478,.T.);
#4752=ORIENTED_EDGE('',*,*,#3494,.T.);
#4753=ORIENTED_EDGE('',*,*,#3488,.T.);
#4754=ORIENTED_EDGE('',*,*,#3495,.T.);
#4755=ORIENTED_EDGE('',*,*,#3476,.T.);
#4756=ORIENTED_EDGE('',*,*,#3474,.T.);
#4757=ORIENTED_EDGE('',*,*,#3490,.T.);
#4758=ORIENTED_EDGE('',*,*,#3493,.F.);
#4759=ORIENTED_EDGE('',*,*,#3482,.T.);
#4760=ORIENTED_EDGE('',*,*,#3479,.F.);
#4761=ORIENTED_EDGE('',*,*,#3495,.F.);
#4762=ORIENTED_EDGE('',*,*,#3487,.T.);
#4763=ORIENTED_EDGE('',*,*,#3442,.T.);
#4764=ORIENTED_EDGE('',*,*,#3496,.T.);
#4765=ORIENTED_EDGE('',*,*,#3497,.F.);
#4766=ORIENTED_EDGE('',*,*,#3447,.F.);
#4767=ORIENTED_EDGE('',*,*,#3446,.T.);
#4768=ORIENTED_EDGE('',*,*,#3451,.T.);
#4769=ORIENTED_EDGE('',*,*,#3498,.F.);
#4770=ORIENTED_EDGE('',*,*,#3496,.F.);
#4771=ORIENTED_EDGE('',*,*,#3448,.T.);
#4772=ORIENTED_EDGE('',*,*,#3497,.T.);
#4773=ORIENTED_EDGE('',*,*,#3498,.T.);
#4774=ORIENTED_EDGE('',*,*,#3450,.T.);
#4775=ORIENTED_EDGE('',*,*,#3459,.T.);
#4776=ORIENTED_EDGE('',*,*,#3469,.T.);
#4777=ORIENTED_EDGE('',*,*,#3491,.T.);
#4778=ORIENTED_EDGE('',*,*,#3485,.F.);
#4779=ORIENTED_EDGE('',*,*,#3499,.T.);
#4780=ORIENTED_EDGE('',*,*,#3500,.T.);
#4781=ORIENTED_EDGE('',*,*,#3501,.T.);
#4782=ORIENTED_EDGE('',*,*,#3502,.F.);
#4783=ORIENTED_EDGE('',*,*,#3503,.T.);
#4784=ORIENTED_EDGE('',*,*,#3504,.T.);
#4785=ORIENTED_EDGE('',*,*,#3505,.T.);
#4786=ORIENTED_EDGE('',*,*,#3500,.F.);
#4787=ORIENTED_EDGE('',*,*,#3506,.T.);
#4788=ORIENTED_EDGE('',*,*,#3507,.T.);
#4789=ORIENTED_EDGE('',*,*,#3508,.T.);
#4790=ORIENTED_EDGE('',*,*,#3504,.F.);
#4791=ORIENTED_EDGE('',*,*,#3509,.T.);
#4792=ORIENTED_EDGE('',*,*,#3502,.T.);
#4793=ORIENTED_EDGE('',*,*,#3510,.T.);
#4794=ORIENTED_EDGE('',*,*,#3507,.F.);
#4795=ORIENTED_EDGE('',*,*,#3510,.F.);
#4796=ORIENTED_EDGE('',*,*,#3501,.F.);
#4797=ORIENTED_EDGE('',*,*,#3505,.F.);
#4798=ORIENTED_EDGE('',*,*,#3508,.F.);
#4799=ORIENTED_EDGE('',*,*,#3509,.F.);
#4800=ORIENTED_EDGE('',*,*,#3506,.F.);
#4801=ORIENTED_EDGE('',*,*,#3503,.F.);
#4802=ORIENTED_EDGE('',*,*,#3499,.F.);
#4803=ORIENTED_EDGE('',*,*,#3511,.F.);
#4804=ORIENTED_EDGE('',*,*,#3512,.F.);
#4805=ORIENTED_EDGE('',*,*,#3513,.F.);
#4806=ORIENTED_EDGE('',*,*,#3514,.F.);
#4807=ORIENTED_EDGE('',*,*,#3515,.F.);
#4808=ORIENTED_EDGE('',*,*,#3512,.T.);
#4809=ORIENTED_EDGE('',*,*,#3516,.F.);
#4810=ORIENTED_EDGE('',*,*,#3517,.F.);
#4811=ORIENTED_EDGE('',*,*,#3518,.F.);
#4812=ORIENTED_EDGE('',*,*,#3517,.T.);
#4813=ORIENTED_EDGE('',*,*,#3519,.F.);
#4814=ORIENTED_EDGE('',*,*,#3520,.T.);
#4815=ORIENTED_EDGE('',*,*,#3521,.F.);
#4816=ORIENTED_EDGE('',*,*,#3514,.T.);
#4817=ORIENTED_EDGE('',*,*,#3522,.F.);
#4818=ORIENTED_EDGE('',*,*,#3520,.F.);
#4819=ORIENTED_EDGE('',*,*,#3515,.T.);
#4820=ORIENTED_EDGE('',*,*,#3523,.T.);
#4821=ORIENTED_EDGE('',*,*,#3524,.F.);
#4822=ORIENTED_EDGE('',*,*,#3525,.F.);
#4823=ORIENTED_EDGE('',*,*,#3513,.T.);
#4824=ORIENTED_EDGE('',*,*,#3525,.T.);
#4825=ORIENTED_EDGE('',*,*,#3526,.F.);
#4826=ORIENTED_EDGE('',*,*,#3527,.F.);
#4827=ORIENTED_EDGE('',*,*,#3521,.T.);
#4828=ORIENTED_EDGE('',*,*,#3528,.T.);
#4829=ORIENTED_EDGE('',*,*,#3529,.T.);
#4830=ORIENTED_EDGE('',*,*,#3530,.F.);
#4831=ORIENTED_EDGE('',*,*,#3531,.T.);
#4832=ORIENTED_EDGE('',*,*,#3532,.F.);
#4833=ORIENTED_EDGE('',*,*,#3511,.T.);
#4834=ORIENTED_EDGE('',*,*,#3532,.T.);
#4835=ORIENTED_EDGE('',*,*,#3533,.T.);
#4836=ORIENTED_EDGE('',*,*,#3534,.F.);
#4837=ORIENTED_EDGE('',*,*,#3535,.F.);
#4838=ORIENTED_EDGE('',*,*,#3536,.F.);
#4839=ORIENTED_EDGE('',*,*,#3537,.T.);
#4840=ORIENTED_EDGE('',*,*,#3538,.T.);
#4841=ORIENTED_EDGE('',*,*,#3531,.F.);
#4842=ORIENTED_EDGE('',*,*,#3539,.F.);
#4843=ORIENTED_EDGE('',*,*,#3540,.F.);
#4844=ORIENTED_EDGE('',*,*,#3533,.F.);
#4845=ORIENTED_EDGE('',*,*,#3539,.T.);
#4846=ORIENTED_EDGE('',*,*,#3530,.T.);
#4847=ORIENTED_EDGE('',*,*,#3541,.T.);
#4848=ORIENTED_EDGE('',*,*,#3542,.F.);
#4849=ORIENTED_EDGE('',*,*,#3540,.T.);
#4850=ORIENTED_EDGE('',*,*,#3542,.T.);
#4851=ORIENTED_EDGE('',*,*,#3543,.T.);
#4852=ORIENTED_EDGE('',*,*,#3544,.T.);
#4853=ORIENTED_EDGE('',*,*,#3545,.F.);
#4854=ORIENTED_EDGE('',*,*,#3534,.T.);
#4855=ORIENTED_EDGE('',*,*,#3546,.F.);
#4856=ORIENTED_EDGE('',*,*,#3537,.F.);
#4857=ORIENTED_EDGE('',*,*,#3547,.F.);
#4858=ORIENTED_EDGE('',*,*,#3548,.F.);
#4859=ORIENTED_EDGE('',*,*,#3548,.T.);
#4860=ORIENTED_EDGE('',*,*,#3549,.T.);
#4861=ORIENTED_EDGE('',*,*,#3550,.F.);
#4862=ORIENTED_EDGE('',*,*,#3551,.F.);
#4863=ORIENTED_EDGE('',*,*,#3516,.T.);
#4864=ORIENTED_EDGE('',*,*,#3538,.F.);
#4865=ORIENTED_EDGE('',*,*,#3546,.T.);
#4866=ORIENTED_EDGE('',*,*,#3551,.T.);
#4867=ORIENTED_EDGE('',*,*,#3552,.F.);
#4868=ORIENTED_EDGE('',*,*,#3553,.F.);
#4869=ORIENTED_EDGE('',*,*,#3554,.F.);
#4870=ORIENTED_EDGE('',*,*,#3555,.T.);
#4871=ORIENTED_EDGE('',*,*,#3556,.T.);
#4872=ORIENTED_EDGE('',*,*,#3557,.T.);
#4873=ORIENTED_EDGE('',*,*,#3556,.F.);
#4874=ORIENTED_EDGE('',*,*,#3558,.F.);
#4875=ORIENTED_EDGE('',*,*,#3559,.F.);
#4876=ORIENTED_EDGE('',*,*,#3560,.F.);
#4877=ORIENTED_EDGE('',*,*,#3547,.T.);
#4878=ORIENTED_EDGE('',*,*,#3536,.T.);
#4879=ORIENTED_EDGE('',*,*,#3561,.T.);
#4880=ORIENTED_EDGE('',*,*,#3562,.T.);
#4881=ORIENTED_EDGE('',*,*,#3559,.T.);
#4882=ORIENTED_EDGE('',*,*,#3563,.F.);
#4883=ORIENTED_EDGE('',*,*,#3564,.F.);
#4884=ORIENTED_EDGE('',*,*,#3565,.F.);
#4885=ORIENTED_EDGE('',*,*,#3566,.F.);
#4886=ORIENTED_EDGE('',*,*,#3549,.F.);
#4887=ORIENTED_EDGE('',*,*,#3519,.T.);
#4888=ORIENTED_EDGE('',*,*,#3557,.F.);
#4889=ORIENTED_EDGE('',*,*,#3560,.T.);
#4890=ORIENTED_EDGE('',*,*,#3562,.F.);
#4891=ORIENTED_EDGE('',*,*,#3567,.F.);
#4892=ORIENTED_EDGE('',*,*,#3544,.F.);
#4893=ORIENTED_EDGE('',*,*,#3568,.T.);
#4894=ORIENTED_EDGE('',*,*,#3528,.F.);
#4895=ORIENTED_EDGE('',*,*,#3529,.F.);
#4896=ORIENTED_EDGE('',*,*,#3568,.F.);
#4897=ORIENTED_EDGE('',*,*,#3543,.F.);
#4898=ORIENTED_EDGE('',*,*,#3541,.F.);
#4899=ORIENTED_EDGE('',*,*,#3553,.T.);
#4900=ORIENTED_EDGE('',*,*,#3569,.T.);
#4901=ORIENTED_EDGE('',*,*,#3565,.T.);
#4902=ORIENTED_EDGE('',*,*,#3570,.F.);
#4903=ORIENTED_EDGE('',*,*,#3554,.T.);
#4904=ORIENTED_EDGE('',*,*,#3570,.T.);
#4905=ORIENTED_EDGE('',*,*,#3564,.T.);
#4906=ORIENTED_EDGE('',*,*,#3571,.T.);
#4907=ORIENTED_EDGE('',*,*,#3552,.T.);
#4908=ORIENTED_EDGE('',*,*,#3550,.T.);
#4909=ORIENTED_EDGE('',*,*,#3566,.T.);
#4910=ORIENTED_EDGE('',*,*,#3569,.F.);
#4911=ORIENTED_EDGE('',*,*,#3558,.T.);
#4912=ORIENTED_EDGE('',*,*,#3555,.F.);
#4913=ORIENTED_EDGE('',*,*,#3571,.F.);
#4914=ORIENTED_EDGE('',*,*,#3563,.T.);
#4915=ORIENTED_EDGE('',*,*,#3518,.T.);
#4916=ORIENTED_EDGE('',*,*,#3572,.T.);
#4917=ORIENTED_EDGE('',*,*,#3573,.F.);
#4918=ORIENTED_EDGE('',*,*,#3523,.F.);
#4919=ORIENTED_EDGE('',*,*,#3522,.T.);
#4920=ORIENTED_EDGE('',*,*,#3527,.T.);
#4921=ORIENTED_EDGE('',*,*,#3574,.F.);
#4922=ORIENTED_EDGE('',*,*,#3572,.F.);
#4923=ORIENTED_EDGE('',*,*,#3524,.T.);
#4924=ORIENTED_EDGE('',*,*,#3573,.T.);
#4925=ORIENTED_EDGE('',*,*,#3574,.T.);
#4926=ORIENTED_EDGE('',*,*,#3526,.T.);
#4927=ORIENTED_EDGE('',*,*,#3535,.T.);
#4928=ORIENTED_EDGE('',*,*,#3545,.T.);
#4929=ORIENTED_EDGE('',*,*,#3567,.T.);
#4930=ORIENTED_EDGE('',*,*,#3561,.F.);
#4931=ORIENTED_EDGE('',*,*,#3575,.T.);
#4932=ORIENTED_EDGE('',*,*,#3576,.T.);
#4933=ORIENTED_EDGE('',*,*,#3577,.T.);
#4934=ORIENTED_EDGE('',*,*,#3578,.F.);
#4935=ORIENTED_EDGE('',*,*,#3579,.T.);
#4936=ORIENTED_EDGE('',*,*,#3580,.T.);
#4937=ORIENTED_EDGE('',*,*,#3581,.T.);
#4938=ORIENTED_EDGE('',*,*,#3576,.F.);
#4939=ORIENTED_EDGE('',*,*,#3582,.T.);
#4940=ORIENTED_EDGE('',*,*,#3583,.T.);
#4941=ORIENTED_EDGE('',*,*,#3584,.T.);
#4942=ORIENTED_EDGE('',*,*,#3580,.F.);
#4943=ORIENTED_EDGE('',*,*,#3585,.T.);
#4944=ORIENTED_EDGE('',*,*,#3578,.T.);
#4945=ORIENTED_EDGE('',*,*,#3586,.T.);
#4946=ORIENTED_EDGE('',*,*,#3583,.F.);
#4947=ORIENTED_EDGE('',*,*,#3586,.F.);
#4948=ORIENTED_EDGE('',*,*,#3577,.F.);
#4949=ORIENTED_EDGE('',*,*,#3581,.F.);
#4950=ORIENTED_EDGE('',*,*,#3584,.F.);
#4951=ORIENTED_EDGE('',*,*,#3585,.F.);
#4952=ORIENTED_EDGE('',*,*,#3582,.F.);
#4953=ORIENTED_EDGE('',*,*,#3579,.F.);
#4954=ORIENTED_EDGE('',*,*,#3575,.F.);
#4955=ORIENTED_EDGE('',*,*,#3587,.T.);
#4956=ORIENTED_EDGE('',*,*,#3588,.T.);
#4957=ORIENTED_EDGE('',*,*,#3589,.T.);
#4958=ORIENTED_EDGE('',*,*,#3590,.T.);
#4959=ORIENTED_EDGE('',*,*,#3591,.T.);
#4960=ORIENTED_EDGE('',*,*,#3592,.T.);
#4961=ORIENTED_EDGE('',*,*,#3593,.T.);
#4962=ORIENTED_EDGE('',*,*,#3590,.F.);
#4963=ORIENTED_EDGE('',*,*,#3594,.T.);
#4964=ORIENTED_EDGE('',*,*,#3595,.F.);
#4965=ORIENTED_EDGE('',*,*,#3596,.T.);
#4966=ORIENTED_EDGE('',*,*,#3592,.F.);
#4967=ORIENTED_EDGE('',*,*,#3597,.T.);
#4968=ORIENTED_EDGE('',*,*,#3595,.T.);
#4969=ORIENTED_EDGE('',*,*,#3598,.T.);
#4970=ORIENTED_EDGE('',*,*,#3588,.F.);
#4971=ORIENTED_EDGE('',*,*,#3591,.F.);
#4972=ORIENTED_EDGE('',*,*,#3599,.T.);
#4973=ORIENTED_EDGE('',*,*,#3600,.T.);
#4974=ORIENTED_EDGE('',*,*,#3601,.F.);
#4975=ORIENTED_EDGE('',*,*,#3589,.F.);
#4976=ORIENTED_EDGE('',*,*,#3602,.T.);
#4977=ORIENTED_EDGE('',*,*,#3603,.T.);
#4978=ORIENTED_EDGE('',*,*,#3599,.F.);
#4979=ORIENTED_EDGE('',*,*,#3597,.F.);
#4980=ORIENTED_EDGE('',*,*,#3604,.T.);
#4981=ORIENTED_EDGE('',*,*,#3605,.F.);
#4982=ORIENTED_EDGE('',*,*,#3606,.T.);
#4983=ORIENTED_EDGE('',*,*,#3607,.F.);
#4984=ORIENTED_EDGE('',*,*,#3608,.F.);
#4985=ORIENTED_EDGE('',*,*,#3587,.F.);
#4986=ORIENTED_EDGE('',*,*,#3609,.F.);
#4987=ORIENTED_EDGE('',*,*,#3610,.F.);
#4988=ORIENTED_EDGE('',*,*,#3611,.T.);
#4989=ORIENTED_EDGE('',*,*,#3612,.T.);
#4990=ORIENTED_EDGE('',*,*,#3613,.T.);
#4991=ORIENTED_EDGE('',*,*,#3614,.F.);
#4992=ORIENTED_EDGE('',*,*,#3604,.F.);
#4993=ORIENTED_EDGE('',*,*,#3605,.T.);
#4994=ORIENTED_EDGE('',*,*,#3614,.T.);
#4995=ORIENTED_EDGE('',*,*,#3615,.T.);
#4996=ORIENTED_EDGE('',*,*,#3616,.T.);
#4997=ORIENTED_EDGE('',*,*,#3616,.F.);
#4998=ORIENTED_EDGE('',*,*,#3617,.T.);
#4999=ORIENTED_EDGE('',*,*,#3618,.F.);
#5000=ORIENTED_EDGE('',*,*,#3606,.F.);
#5001=ORIENTED_EDGE('',*,*,#3615,.F.);
#5002=ORIENTED_EDGE('',*,*,#3613,.F.);
#5003=ORIENTED_EDGE('',*,*,#3619,.T.);
#5004=ORIENTED_EDGE('',*,*,#3620,.F.);
#5005=ORIENTED_EDGE('',*,*,#3621,.F.);
#5006=ORIENTED_EDGE('',*,*,#3617,.F.);
#5007=ORIENTED_EDGE('',*,*,#3622,.T.);
#5008=ORIENTED_EDGE('',*,*,#3623,.T.);
#5009=ORIENTED_EDGE('',*,*,#3624,.T.);
#5010=ORIENTED_EDGE('',*,*,#3610,.T.);
#5011=ORIENTED_EDGE('',*,*,#3623,.F.);
#5012=ORIENTED_EDGE('',*,*,#3625,.T.);
#5013=ORIENTED_EDGE('',*,*,#3626,.T.);
#5014=ORIENTED_EDGE('',*,*,#3627,.F.);
#5015=ORIENTED_EDGE('',*,*,#3593,.F.);
#5016=ORIENTED_EDGE('',*,*,#3628,.F.);
#5017=ORIENTED_EDGE('',*,*,#3629,.F.);
#5018=ORIENTED_EDGE('',*,*,#3630,.F.);
#5019=ORIENTED_EDGE('',*,*,#3631,.T.);
#5020=ORIENTED_EDGE('',*,*,#3632,.T.);
#5021=ORIENTED_EDGE('',*,*,#3633,.T.);
#5022=ORIENTED_EDGE('',*,*,#3625,.F.);
#5023=ORIENTED_EDGE('',*,*,#3622,.F.);
#5024=ORIENTED_EDGE('',*,*,#3609,.T.);
#5025=ORIENTED_EDGE('',*,*,#3629,.T.);
#5026=ORIENTED_EDGE('',*,*,#3634,.T.);
#5027=ORIENTED_EDGE('',*,*,#3635,.T.);
#5028=ORIENTED_EDGE('',*,*,#3636,.T.);
#5029=ORIENTED_EDGE('',*,*,#3624,.F.);
#5030=ORIENTED_EDGE('',*,*,#3627,.T.);
#5031=ORIENTED_EDGE('',*,*,#3637,.T.);
#5032=ORIENTED_EDGE('',*,*,#3638,.T.);
#5033=ORIENTED_EDGE('',*,*,#3639,.T.);
#5034=ORIENTED_EDGE('',*,*,#3640,.T.);
#5035=ORIENTED_EDGE('',*,*,#3635,.F.);
#5036=ORIENTED_EDGE('',*,*,#3641,.F.);
#5037=ORIENTED_EDGE('',*,*,#3642,.F.);
#5038=ORIENTED_EDGE('',*,*,#3611,.F.);
#5039=ORIENTED_EDGE('',*,*,#3596,.F.);
#5040=ORIENTED_EDGE('',*,*,#3608,.T.);
#5041=ORIENTED_EDGE('',*,*,#3643,.F.);
#5042=ORIENTED_EDGE('',*,*,#3620,.T.);
#5043=ORIENTED_EDGE('',*,*,#3644,.T.);
#5044=ORIENTED_EDGE('',*,*,#3641,.T.);
#5045=ORIENTED_EDGE('',*,*,#3634,.F.);
#5046=ORIENTED_EDGE('',*,*,#3628,.T.);
#5047=ORIENTED_EDGE('',*,*,#3607,.T.);
#5048=ORIENTED_EDGE('',*,*,#3618,.T.);
#5049=ORIENTED_EDGE('',*,*,#3621,.T.);
#5050=ORIENTED_EDGE('',*,*,#3643,.T.);
#5051=ORIENTED_EDGE('',*,*,#3632,.F.);
#5052=ORIENTED_EDGE('',*,*,#3645,.T.);
#5053=ORIENTED_EDGE('',*,*,#3638,.F.);
#5054=ORIENTED_EDGE('',*,*,#3646,.F.);
#5055=ORIENTED_EDGE('',*,*,#3631,.F.);
#5056=ORIENTED_EDGE('',*,*,#3647,.F.);
#5057=ORIENTED_EDGE('',*,*,#3639,.F.);
#5058=ORIENTED_EDGE('',*,*,#3645,.F.);
#5059=ORIENTED_EDGE('',*,*,#3633,.F.);
#5060=ORIENTED_EDGE('',*,*,#3646,.T.);
#5061=ORIENTED_EDGE('',*,*,#3637,.F.);
#5062=ORIENTED_EDGE('',*,*,#3626,.F.);
#5063=ORIENTED_EDGE('',*,*,#3636,.F.);
#5064=ORIENTED_EDGE('',*,*,#3640,.F.);
#5065=ORIENTED_EDGE('',*,*,#3647,.T.);
#5066=ORIENTED_EDGE('',*,*,#3630,.T.);
#5067=ORIENTED_EDGE('',*,*,#3594,.F.);
#5068=ORIENTED_EDGE('',*,*,#3601,.T.);
#5069=ORIENTED_EDGE('',*,*,#3648,.T.);
#5070=ORIENTED_EDGE('',*,*,#3649,.F.);
#5071=ORIENTED_EDGE('',*,*,#3598,.F.);
#5072=ORIENTED_EDGE('',*,*,#3649,.T.);
#5073=ORIENTED_EDGE('',*,*,#3650,.T.);
#5074=ORIENTED_EDGE('',*,*,#3602,.F.);
#5075=ORIENTED_EDGE('',*,*,#3600,.F.);
#5076=ORIENTED_EDGE('',*,*,#3603,.F.);
#5077=ORIENTED_EDGE('',*,*,#3650,.F.);
#5078=ORIENTED_EDGE('',*,*,#3648,.F.);
#5079=ORIENTED_EDGE('',*,*,#3612,.F.);
#5080=ORIENTED_EDGE('',*,*,#3642,.T.);
#5081=ORIENTED_EDGE('',*,*,#3644,.F.);
#5082=ORIENTED_EDGE('',*,*,#3619,.F.);
#5083=ORIENTED_EDGE('',*,*,#3651,.F.);
#5084=ORIENTED_EDGE('',*,*,#3652,.T.);
#5085=ORIENTED_EDGE('',*,*,#3653,.F.);
#5086=ORIENTED_EDGE('',*,*,#3654,.F.);
#5087=ORIENTED_EDGE('',*,*,#3655,.F.);
#5088=ORIENTED_EDGE('',*,*,#3654,.T.);
#5089=ORIENTED_EDGE('',*,*,#3656,.F.);
#5090=ORIENTED_EDGE('',*,*,#3657,.F.);
#5091=ORIENTED_EDGE('',*,*,#3658,.F.);
#5092=ORIENTED_EDGE('',*,*,#3657,.T.);
#5093=ORIENTED_EDGE('',*,*,#3659,.F.);
#5094=ORIENTED_EDGE('',*,*,#3660,.F.);
#5095=ORIENTED_EDGE('',*,*,#3661,.F.);
#5096=ORIENTED_EDGE('',*,*,#3660,.T.);
#5097=ORIENTED_EDGE('',*,*,#3662,.F.);
#5098=ORIENTED_EDGE('',*,*,#3652,.F.);
#5099=ORIENTED_EDGE('',*,*,#3662,.T.);
#5100=ORIENTED_EDGE('',*,*,#3659,.T.);
#5101=ORIENTED_EDGE('',*,*,#3656,.T.);
#5102=ORIENTED_EDGE('',*,*,#3653,.T.);
#5103=ORIENTED_EDGE('',*,*,#3661,.T.);
#5104=ORIENTED_EDGE('',*,*,#3651,.T.);
#5105=ORIENTED_EDGE('',*,*,#3655,.T.);
#5106=ORIENTED_EDGE('',*,*,#3658,.T.);
#5107=ORIENTED_EDGE('',*,*,#3663,.F.);
#5108=ORIENTED_EDGE('',*,*,#3664,.F.);
#5109=ORIENTED_EDGE('',*,*,#3665,.F.);
#5110=ORIENTED_EDGE('',*,*,#3666,.F.);
#5111=ORIENTED_EDGE('',*,*,#3667,.F.);
#5112=ORIENTED_EDGE('',*,*,#3665,.T.);
#5113=ORIENTED_EDGE('',*,*,#3668,.F.);
#5114=ORIENTED_EDGE('',*,*,#3669,.T.);
#5115=ORIENTED_EDGE('',*,*,#3670,.F.);
#5116=ORIENTED_EDGE('',*,*,#3666,.T.);
#5117=ORIENTED_EDGE('',*,*,#3670,.T.);
#5118=ORIENTED_EDGE('',*,*,#3671,.T.);
#5119=ORIENTED_EDGE('',*,*,#3672,.F.);
#5120=ORIENTED_EDGE('',*,*,#3673,.F.);
#5121=ORIENTED_EDGE('',*,*,#3674,.F.);
#5122=ORIENTED_EDGE('',*,*,#3671,.F.);
#5123=ORIENTED_EDGE('',*,*,#3669,.F.);
#5124=ORIENTED_EDGE('',*,*,#3675,.F.);
#5125=ORIENTED_EDGE('',*,*,#3675,.T.);
#5126=ORIENTED_EDGE('',*,*,#3668,.T.);
#5127=ORIENTED_EDGE('',*,*,#3664,.T.);
#5128=ORIENTED_EDGE('',*,*,#3676,.F.);
#5129=ORIENTED_EDGE('',*,*,#3677,.F.);
#5130=ORIENTED_EDGE('',*,*,#3678,.T.);
#5131=ORIENTED_EDGE('',*,*,#3679,.F.);
#5132=ORIENTED_EDGE('',*,*,#3680,.F.);
#5133=ORIENTED_EDGE('',*,*,#3663,.T.);
#5134=ORIENTED_EDGE('',*,*,#3681,.T.);
#5135=ORIENTED_EDGE('',*,*,#3682,.T.);
#5136=ORIENTED_EDGE('',*,*,#3676,.T.);
#5137=ORIENTED_EDGE('',*,*,#3673,.T.);
#5138=ORIENTED_EDGE('',*,*,#3680,.T.);
#5139=ORIENTED_EDGE('',*,*,#3683,.T.);
#5140=ORIENTED_EDGE('',*,*,#3684,.T.);
#5141=ORIENTED_EDGE('',*,*,#3682,.F.);
#5142=ORIENTED_EDGE('',*,*,#3685,.T.);
#5143=ORIENTED_EDGE('',*,*,#3686,.T.);
#5144=ORIENTED_EDGE('',*,*,#3687,.T.);
#5145=ORIENTED_EDGE('',*,*,#3677,.T.);
#5146=ORIENTED_EDGE('',*,*,#3674,.T.);
#5147=ORIENTED_EDGE('',*,*,#3684,.F.);
#5148=ORIENTED_EDGE('',*,*,#3688,.F.);
#5149=ORIENTED_EDGE('',*,*,#3689,.F.);
#5150=ORIENTED_EDGE('',*,*,#3685,.F.);
#5151=ORIENTED_EDGE('',*,*,#3681,.F.);
#5152=ORIENTED_EDGE('',*,*,#3667,.T.);
#5153=ORIENTED_EDGE('',*,*,#3672,.T.);
#5154=ORIENTED_EDGE('',*,*,#3687,.F.);
#5155=ORIENTED_EDGE('',*,*,#3690,.T.);
#5156=ORIENTED_EDGE('',*,*,#3691,.F.);
#5157=ORIENTED_EDGE('',*,*,#3678,.F.);
#5158=ORIENTED_EDGE('',*,*,#3686,.F.);
#5159=ORIENTED_EDGE('',*,*,#3689,.T.);
#5160=ORIENTED_EDGE('',*,*,#3692,.F.);
#5161=ORIENTED_EDGE('',*,*,#3690,.F.);
#5162=ORIENTED_EDGE('',*,*,#3683,.F.);
#5163=ORIENTED_EDGE('',*,*,#3679,.T.);
#5164=ORIENTED_EDGE('',*,*,#3691,.T.);
#5165=ORIENTED_EDGE('',*,*,#3692,.T.);
#5166=ORIENTED_EDGE('',*,*,#3688,.T.);
#5167=ORIENTED_EDGE('',*,*,#3693,.F.);
#5168=ORIENTED_EDGE('',*,*,#3694,.F.);
#5169=ORIENTED_EDGE('',*,*,#3695,.F.);
#5170=ORIENTED_EDGE('',*,*,#3696,.F.);
#5171=ORIENTED_EDGE('',*,*,#3697,.F.);
#5172=ORIENTED_EDGE('',*,*,#3695,.T.);
#5173=ORIENTED_EDGE('',*,*,#3698,.F.);
#5174=ORIENTED_EDGE('',*,*,#3699,.T.);
#5175=ORIENTED_EDGE('',*,*,#3700,.F.);
#5176=ORIENTED_EDGE('',*,*,#3696,.T.);
#5177=ORIENTED_EDGE('',*,*,#3700,.T.);
#5178=ORIENTED_EDGE('',*,*,#3701,.T.);
#5179=ORIENTED_EDGE('',*,*,#3702,.F.);
#5180=ORIENTED_EDGE('',*,*,#3703,.F.);
#5181=ORIENTED_EDGE('',*,*,#3704,.F.);
#5182=ORIENTED_EDGE('',*,*,#3701,.F.);
#5183=ORIENTED_EDGE('',*,*,#3699,.F.);
#5184=ORIENTED_EDGE('',*,*,#3705,.F.);
#5185=ORIENTED_EDGE('',*,*,#3705,.T.);
#5186=ORIENTED_EDGE('',*,*,#3698,.T.);
#5187=ORIENTED_EDGE('',*,*,#3694,.T.);
#5188=ORIENTED_EDGE('',*,*,#3706,.F.);
#5189=ORIENTED_EDGE('',*,*,#3707,.F.);
#5190=ORIENTED_EDGE('',*,*,#3708,.T.);
#5191=ORIENTED_EDGE('',*,*,#3709,.F.);
#5192=ORIENTED_EDGE('',*,*,#3710,.F.);
#5193=ORIENTED_EDGE('',*,*,#3693,.T.);
#5194=ORIENTED_EDGE('',*,*,#3711,.T.);
#5195=ORIENTED_EDGE('',*,*,#3712,.T.);
#5196=ORIENTED_EDGE('',*,*,#3706,.T.);
#5197=ORIENTED_EDGE('',*,*,#3703,.T.);
#5198=ORIENTED_EDGE('',*,*,#3710,.T.);
#5199=ORIENTED_EDGE('',*,*,#3713,.T.);
#5200=ORIENTED_EDGE('',*,*,#3714,.T.);
#5201=ORIENTED_EDGE('',*,*,#3712,.F.);
#5202=ORIENTED_EDGE('',*,*,#3715,.T.);
#5203=ORIENTED_EDGE('',*,*,#3716,.T.);
#5204=ORIENTED_EDGE('',*,*,#3717,.T.);
#5205=ORIENTED_EDGE('',*,*,#3707,.T.);
#5206=ORIENTED_EDGE('',*,*,#3704,.T.);
#5207=ORIENTED_EDGE('',*,*,#3714,.F.);
#5208=ORIENTED_EDGE('',*,*,#3718,.F.);
#5209=ORIENTED_EDGE('',*,*,#3719,.F.);
#5210=ORIENTED_EDGE('',*,*,#3715,.F.);
#5211=ORIENTED_EDGE('',*,*,#3711,.F.);
#5212=ORIENTED_EDGE('',*,*,#3697,.T.);
#5213=ORIENTED_EDGE('',*,*,#3702,.T.);
#5214=ORIENTED_EDGE('',*,*,#3717,.F.);
#5215=ORIENTED_EDGE('',*,*,#3720,.T.);
#5216=ORIENTED_EDGE('',*,*,#3721,.F.);
#5217=ORIENTED_EDGE('',*,*,#3708,.F.);
#5218=ORIENTED_EDGE('',*,*,#3716,.F.);
#5219=ORIENTED_EDGE('',*,*,#3719,.T.);
#5220=ORIENTED_EDGE('',*,*,#3722,.F.);
#5221=ORIENTED_EDGE('',*,*,#3720,.F.);
#5222=ORIENTED_EDGE('',*,*,#3713,.F.);
#5223=ORIENTED_EDGE('',*,*,#3709,.T.);
#5224=ORIENTED_EDGE('',*,*,#3721,.T.);
#5225=ORIENTED_EDGE('',*,*,#3722,.T.);
#5226=ORIENTED_EDGE('',*,*,#3718,.T.);
#5227=ORIENTED_EDGE('',*,*,#3723,.T.);
#5228=ORIENTED_EDGE('',*,*,#3724,.T.);
#5229=ORIENTED_EDGE('',*,*,#3725,.T.);
#5230=ORIENTED_EDGE('',*,*,#3726,.T.);
#5231=ORIENTED_EDGE('',*,*,#3727,.T.);
#5232=ORIENTED_EDGE('',*,*,#3726,.F.);
#5233=ORIENTED_EDGE('',*,*,#3728,.T.);
#5234=ORIENTED_EDGE('',*,*,#3729,.F.);
#5235=ORIENTED_EDGE('',*,*,#3730,.T.);
#5236=ORIENTED_EDGE('',*,*,#3725,.F.);
#5237=ORIENTED_EDGE('',*,*,#3731,.T.);
#5238=ORIENTED_EDGE('',*,*,#3732,.F.);
#5239=ORIENTED_EDGE('',*,*,#3728,.F.);
#5240=ORIENTED_EDGE('',*,*,#3733,.T.);
#5241=ORIENTED_EDGE('',*,*,#3734,.T.);
#5242=ORIENTED_EDGE('',*,*,#3729,.T.);
#5243=ORIENTED_EDGE('',*,*,#3732,.T.);
#5244=ORIENTED_EDGE('',*,*,#3735,.T.);
#5245=ORIENTED_EDGE('',*,*,#3734,.F.);
#5246=ORIENTED_EDGE('',*,*,#3736,.T.);
#5247=ORIENTED_EDGE('',*,*,#3737,.T.);
#5248=ORIENTED_EDGE('',*,*,#3738,.F.);
#5249=ORIENTED_EDGE('',*,*,#3739,.T.);
#5250=ORIENTED_EDGE('',*,*,#3740,.T.);
#5251=ORIENTED_EDGE('',*,*,#3727,.F.);
#5252=ORIENTED_EDGE('',*,*,#3730,.F.);
#5253=ORIENTED_EDGE('',*,*,#3723,.F.);
#5254=ORIENTED_EDGE('',*,*,#3740,.F.);
#5255=ORIENTED_EDGE('',*,*,#3741,.F.);
#5256=ORIENTED_EDGE('',*,*,#3742,.F.);
#5257=ORIENTED_EDGE('',*,*,#3733,.F.);
#5258=ORIENTED_EDGE('',*,*,#3743,.F.);
#5259=ORIENTED_EDGE('',*,*,#3744,.F.);
#5260=ORIENTED_EDGE('',*,*,#3736,.F.);
#5261=ORIENTED_EDGE('',*,*,#3741,.T.);
#5262=ORIENTED_EDGE('',*,*,#3739,.F.);
#5263=ORIENTED_EDGE('',*,*,#3745,.F.);
#5264=ORIENTED_EDGE('',*,*,#3746,.F.);
#5265=ORIENTED_EDGE('',*,*,#3747,.F.);
#5266=ORIENTED_EDGE('',*,*,#3735,.F.);
#5267=ORIENTED_EDGE('',*,*,#3731,.F.);
#5268=ORIENTED_EDGE('',*,*,#3724,.F.);
#5269=ORIENTED_EDGE('',*,*,#3742,.T.);
#5270=ORIENTED_EDGE('',*,*,#3747,.T.);
#5271=ORIENTED_EDGE('',*,*,#3748,.T.);
#5272=ORIENTED_EDGE('',*,*,#3749,.T.);
#5273=ORIENTED_EDGE('',*,*,#3743,.T.);
#5274=ORIENTED_EDGE('',*,*,#3745,.T.);
#5275=ORIENTED_EDGE('',*,*,#3738,.T.);
#5276=ORIENTED_EDGE('',*,*,#3750,.T.);
#5277=ORIENTED_EDGE('',*,*,#3751,.F.);
#5278=ORIENTED_EDGE('',*,*,#3746,.T.);
#5279=ORIENTED_EDGE('',*,*,#3751,.T.);
#5280=ORIENTED_EDGE('',*,*,#3752,.T.);
#5281=ORIENTED_EDGE('',*,*,#3748,.F.);
#5282=ORIENTED_EDGE('',*,*,#3744,.T.);
#5283=ORIENTED_EDGE('',*,*,#3749,.F.);
#5284=ORIENTED_EDGE('',*,*,#3752,.F.);
#5285=ORIENTED_EDGE('',*,*,#3750,.F.);
#5286=ORIENTED_EDGE('',*,*,#3737,.F.);
#5287=ORIENTED_EDGE('',*,*,#3753,.T.);
#5288=ORIENTED_EDGE('',*,*,#3754,.T.);
#5289=ORIENTED_EDGE('',*,*,#3755,.T.);
#5290=ORIENTED_EDGE('',*,*,#3756,.T.);
#5291=ORIENTED_EDGE('',*,*,#3757,.T.);
#5292=ORIENTED_EDGE('',*,*,#3756,.F.);
#5293=ORIENTED_EDGE('',*,*,#3758,.T.);
#5294=ORIENTED_EDGE('',*,*,#3759,.F.);
#5295=ORIENTED_EDGE('',*,*,#3760,.T.);
#5296=ORIENTED_EDGE('',*,*,#3755,.F.);
#5297=ORIENTED_EDGE('',*,*,#3761,.T.);
#5298=ORIENTED_EDGE('',*,*,#3762,.F.);
#5299=ORIENTED_EDGE('',*,*,#3758,.F.);
#5300=ORIENTED_EDGE('',*,*,#3763,.T.);
#5301=ORIENTED_EDGE('',*,*,#3764,.T.);
#5302=ORIENTED_EDGE('',*,*,#3759,.T.);
#5303=ORIENTED_EDGE('',*,*,#3762,.T.);
#5304=ORIENTED_EDGE('',*,*,#3765,.T.);
#5305=ORIENTED_EDGE('',*,*,#3764,.F.);
#5306=ORIENTED_EDGE('',*,*,#3766,.T.);
#5307=ORIENTED_EDGE('',*,*,#3767,.T.);
#5308=ORIENTED_EDGE('',*,*,#3768,.F.);
#5309=ORIENTED_EDGE('',*,*,#3769,.T.);
#5310=ORIENTED_EDGE('',*,*,#3770,.T.);
#5311=ORIENTED_EDGE('',*,*,#3757,.F.);
#5312=ORIENTED_EDGE('',*,*,#3760,.F.);
#5313=ORIENTED_EDGE('',*,*,#3753,.F.);
#5314=ORIENTED_EDGE('',*,*,#3770,.F.);
#5315=ORIENTED_EDGE('',*,*,#3771,.F.);
#5316=ORIENTED_EDGE('',*,*,#3772,.F.);
#5317=ORIENTED_EDGE('',*,*,#3763,.F.);
#5318=ORIENTED_EDGE('',*,*,#3773,.F.);
#5319=ORIENTED_EDGE('',*,*,#3774,.F.);
#5320=ORIENTED_EDGE('',*,*,#3766,.F.);
#5321=ORIENTED_EDGE('',*,*,#3771,.T.);
#5322=ORIENTED_EDGE('',*,*,#3769,.F.);
#5323=ORIENTED_EDGE('',*,*,#3775,.F.);
#5324=ORIENTED_EDGE('',*,*,#3776,.F.);
#5325=ORIENTED_EDGE('',*,*,#3777,.F.);
#5326=ORIENTED_EDGE('',*,*,#3765,.F.);
#5327=ORIENTED_EDGE('',*,*,#3761,.F.);
#5328=ORIENTED_EDGE('',*,*,#3754,.F.);
#5329=ORIENTED_EDGE('',*,*,#3772,.T.);
#5330=ORIENTED_EDGE('',*,*,#3777,.T.);
#5331=ORIENTED_EDGE('',*,*,#3778,.T.);
#5332=ORIENTED_EDGE('',*,*,#3779,.T.);
#5333=ORIENTED_EDGE('',*,*,#3773,.T.);
#5334=ORIENTED_EDGE('',*,*,#3775,.T.);
#5335=ORIENTED_EDGE('',*,*,#3768,.T.);
#5336=ORIENTED_EDGE('',*,*,#3780,.T.);
#5337=ORIENTED_EDGE('',*,*,#3781,.F.);
#5338=ORIENTED_EDGE('',*,*,#3776,.T.);
#5339=ORIENTED_EDGE('',*,*,#3781,.T.);
#5340=ORIENTED_EDGE('',*,*,#3782,.T.);
#5341=ORIENTED_EDGE('',*,*,#3778,.F.);
#5342=ORIENTED_EDGE('',*,*,#3774,.T.);
#5343=ORIENTED_EDGE('',*,*,#3779,.F.);
#5344=ORIENTED_EDGE('',*,*,#3782,.F.);
#5345=ORIENTED_EDGE('',*,*,#3780,.F.);
#5346=ORIENTED_EDGE('',*,*,#3767,.F.);
#5347=ORIENTED_EDGE('',*,*,#3783,.T.);
#5348=ORIENTED_EDGE('',*,*,#3784,.T.);
#5349=ORIENTED_EDGE('',*,*,#3785,.T.);
#5350=ORIENTED_EDGE('',*,*,#3786,.T.);
#5351=ORIENTED_EDGE('',*,*,#3787,.T.);
#5352=ORIENTED_EDGE('',*,*,#3786,.F.);
#5353=ORIENTED_EDGE('',*,*,#3788,.T.);
#5354=ORIENTED_EDGE('',*,*,#3789,.F.);
#5355=ORIENTED_EDGE('',*,*,#3790,.T.);
#5356=ORIENTED_EDGE('',*,*,#3785,.F.);
#5357=ORIENTED_EDGE('',*,*,#3791,.T.);
#5358=ORIENTED_EDGE('',*,*,#3792,.F.);
#5359=ORIENTED_EDGE('',*,*,#3788,.F.);
#5360=ORIENTED_EDGE('',*,*,#3793,.T.);
#5361=ORIENTED_EDGE('',*,*,#3794,.T.);
#5362=ORIENTED_EDGE('',*,*,#3789,.T.);
#5363=ORIENTED_EDGE('',*,*,#3792,.T.);
#5364=ORIENTED_EDGE('',*,*,#3795,.T.);
#5365=ORIENTED_EDGE('',*,*,#3794,.F.);
#5366=ORIENTED_EDGE('',*,*,#3796,.T.);
#5367=ORIENTED_EDGE('',*,*,#3797,.T.);
#5368=ORIENTED_EDGE('',*,*,#3798,.F.);
#5369=ORIENTED_EDGE('',*,*,#3799,.T.);
#5370=ORIENTED_EDGE('',*,*,#3800,.T.);
#5371=ORIENTED_EDGE('',*,*,#3787,.F.);
#5372=ORIENTED_EDGE('',*,*,#3790,.F.);
#5373=ORIENTED_EDGE('',*,*,#3783,.F.);
#5374=ORIENTED_EDGE('',*,*,#3800,.F.);
#5375=ORIENTED_EDGE('',*,*,#3801,.F.);
#5376=ORIENTED_EDGE('',*,*,#3802,.F.);
#5377=ORIENTED_EDGE('',*,*,#3793,.F.);
#5378=ORIENTED_EDGE('',*,*,#3803,.F.);
#5379=ORIENTED_EDGE('',*,*,#3804,.F.);
#5380=ORIENTED_EDGE('',*,*,#3796,.F.);
#5381=ORIENTED_EDGE('',*,*,#3801,.T.);
#5382=ORIENTED_EDGE('',*,*,#3799,.F.);
#5383=ORIENTED_EDGE('',*,*,#3805,.F.);
#5384=ORIENTED_EDGE('',*,*,#3806,.F.);
#5385=ORIENTED_EDGE('',*,*,#3807,.F.);
#5386=ORIENTED_EDGE('',*,*,#3795,.F.);
#5387=ORIENTED_EDGE('',*,*,#3791,.F.);
#5388=ORIENTED_EDGE('',*,*,#3784,.F.);
#5389=ORIENTED_EDGE('',*,*,#3802,.T.);
#5390=ORIENTED_EDGE('',*,*,#3807,.T.);
#5391=ORIENTED_EDGE('',*,*,#3808,.T.);
#5392=ORIENTED_EDGE('',*,*,#3809,.T.);
#5393=ORIENTED_EDGE('',*,*,#3803,.T.);
#5394=ORIENTED_EDGE('',*,*,#3805,.T.);
#5395=ORIENTED_EDGE('',*,*,#3798,.T.);
#5396=ORIENTED_EDGE('',*,*,#3810,.T.);
#5397=ORIENTED_EDGE('',*,*,#3811,.F.);
#5398=ORIENTED_EDGE('',*,*,#3806,.T.);
#5399=ORIENTED_EDGE('',*,*,#3811,.T.);
#5400=ORIENTED_EDGE('',*,*,#3812,.T.);
#5401=ORIENTED_EDGE('',*,*,#3808,.F.);
#5402=ORIENTED_EDGE('',*,*,#3804,.T.);
#5403=ORIENTED_EDGE('',*,*,#3809,.F.);
#5404=ORIENTED_EDGE('',*,*,#3812,.F.);
#5405=ORIENTED_EDGE('',*,*,#3810,.F.);
#5406=ORIENTED_EDGE('',*,*,#3797,.F.);
#5407=ORIENTED_EDGE('',*,*,#3813,.F.);
#5408=ORIENTED_EDGE('',*,*,#3814,.F.);
#5409=ORIENTED_EDGE('',*,*,#3815,.F.);
#5410=ORIENTED_EDGE('',*,*,#3816,.F.);
#5411=ORIENTED_EDGE('',*,*,#3817,.F.);
#5412=ORIENTED_EDGE('',*,*,#3815,.T.);
#5413=ORIENTED_EDGE('',*,*,#3818,.F.);
#5414=ORIENTED_EDGE('',*,*,#3819,.T.);
#5415=ORIENTED_EDGE('',*,*,#3820,.F.);
#5416=ORIENTED_EDGE('',*,*,#3816,.T.);
#5417=ORIENTED_EDGE('',*,*,#3820,.T.);
#5418=ORIENTED_EDGE('',*,*,#3821,.T.);
#5419=ORIENTED_EDGE('',*,*,#3822,.F.);
#5420=ORIENTED_EDGE('',*,*,#3823,.F.);
#5421=ORIENTED_EDGE('',*,*,#3824,.F.);
#5422=ORIENTED_EDGE('',*,*,#3821,.F.);
#5423=ORIENTED_EDGE('',*,*,#3819,.F.);
#5424=ORIENTED_EDGE('',*,*,#3825,.F.);
#5425=ORIENTED_EDGE('',*,*,#3825,.T.);
#5426=ORIENTED_EDGE('',*,*,#3818,.T.);
#5427=ORIENTED_EDGE('',*,*,#3814,.T.);
#5428=ORIENTED_EDGE('',*,*,#3826,.F.);
#5429=ORIENTED_EDGE('',*,*,#3827,.F.);
#5430=ORIENTED_EDGE('',*,*,#3828,.T.);
#5431=ORIENTED_EDGE('',*,*,#3829,.F.);
#5432=ORIENTED_EDGE('',*,*,#3830,.F.);
#5433=ORIENTED_EDGE('',*,*,#3813,.T.);
#5434=ORIENTED_EDGE('',*,*,#3831,.T.);
#5435=ORIENTED_EDGE('',*,*,#3832,.T.);
#5436=ORIENTED_EDGE('',*,*,#3826,.T.);
#5437=ORIENTED_EDGE('',*,*,#3823,.T.);
#5438=ORIENTED_EDGE('',*,*,#3830,.T.);
#5439=ORIENTED_EDGE('',*,*,#3833,.T.);
#5440=ORIENTED_EDGE('',*,*,#3834,.T.);
#5441=ORIENTED_EDGE('',*,*,#3832,.F.);
#5442=ORIENTED_EDGE('',*,*,#3835,.T.);
#5443=ORIENTED_EDGE('',*,*,#3836,.T.);
#5444=ORIENTED_EDGE('',*,*,#3837,.T.);
#5445=ORIENTED_EDGE('',*,*,#3827,.T.);
#5446=ORIENTED_EDGE('',*,*,#3824,.T.);
#5447=ORIENTED_EDGE('',*,*,#3834,.F.);
#5448=ORIENTED_EDGE('',*,*,#3838,.F.);
#5449=ORIENTED_EDGE('',*,*,#3839,.F.);
#5450=ORIENTED_EDGE('',*,*,#3835,.F.);
#5451=ORIENTED_EDGE('',*,*,#3831,.F.);
#5452=ORIENTED_EDGE('',*,*,#3817,.T.);
#5453=ORIENTED_EDGE('',*,*,#3822,.T.);
#5454=ORIENTED_EDGE('',*,*,#3837,.F.);
#5455=ORIENTED_EDGE('',*,*,#3840,.T.);
#5456=ORIENTED_EDGE('',*,*,#3841,.F.);
#5457=ORIENTED_EDGE('',*,*,#3828,.F.);
#5458=ORIENTED_EDGE('',*,*,#3836,.F.);
#5459=ORIENTED_EDGE('',*,*,#3839,.T.);
#5460=ORIENTED_EDGE('',*,*,#3842,.F.);
#5461=ORIENTED_EDGE('',*,*,#3840,.F.);
#5462=ORIENTED_EDGE('',*,*,#3833,.F.);
#5463=ORIENTED_EDGE('',*,*,#3829,.T.);
#5464=ORIENTED_EDGE('',*,*,#3841,.T.);
#5465=ORIENTED_EDGE('',*,*,#3842,.T.);
#5466=ORIENTED_EDGE('',*,*,#3838,.T.);
#5467=ORIENTED_EDGE('',*,*,#3843,.T.);
#5468=ORIENTED_EDGE('',*,*,#3844,.T.);
#5469=ORIENTED_EDGE('',*,*,#3845,.T.);
#5470=ORIENTED_EDGE('',*,*,#3846,.T.);
#5471=ORIENTED_EDGE('',*,*,#3847,.T.);
#5472=ORIENTED_EDGE('',*,*,#3846,.F.);
#5473=ORIENTED_EDGE('',*,*,#3848,.T.);
#5474=ORIENTED_EDGE('',*,*,#3849,.F.);
#5475=ORIENTED_EDGE('',*,*,#3850,.T.);
#5476=ORIENTED_EDGE('',*,*,#3845,.F.);
#5477=ORIENTED_EDGE('',*,*,#3851,.T.);
#5478=ORIENTED_EDGE('',*,*,#3852,.F.);
#5479=ORIENTED_EDGE('',*,*,#3848,.F.);
#5480=ORIENTED_EDGE('',*,*,#3853,.T.);
#5481=ORIENTED_EDGE('',*,*,#3854,.T.);
#5482=ORIENTED_EDGE('',*,*,#3849,.T.);
#5483=ORIENTED_EDGE('',*,*,#3852,.T.);
#5484=ORIENTED_EDGE('',*,*,#3855,.T.);
#5485=ORIENTED_EDGE('',*,*,#3854,.F.);
#5486=ORIENTED_EDGE('',*,*,#3856,.T.);
#5487=ORIENTED_EDGE('',*,*,#3857,.T.);
#5488=ORIENTED_EDGE('',*,*,#3858,.F.);
#5489=ORIENTED_EDGE('',*,*,#3859,.T.);
#5490=ORIENTED_EDGE('',*,*,#3860,.T.);
#5491=ORIENTED_EDGE('',*,*,#3847,.F.);
#5492=ORIENTED_EDGE('',*,*,#3850,.F.);
#5493=ORIENTED_EDGE('',*,*,#3843,.F.);
#5494=ORIENTED_EDGE('',*,*,#3860,.F.);
#5495=ORIENTED_EDGE('',*,*,#3861,.F.);
#5496=ORIENTED_EDGE('',*,*,#3862,.F.);
#5497=ORIENTED_EDGE('',*,*,#3853,.F.);
#5498=ORIENTED_EDGE('',*,*,#3863,.F.);
#5499=ORIENTED_EDGE('',*,*,#3864,.F.);
#5500=ORIENTED_EDGE('',*,*,#3856,.F.);
#5501=ORIENTED_EDGE('',*,*,#3861,.T.);
#5502=ORIENTED_EDGE('',*,*,#3859,.F.);
#5503=ORIENTED_EDGE('',*,*,#3865,.F.);
#5504=ORIENTED_EDGE('',*,*,#3866,.F.);
#5505=ORIENTED_EDGE('',*,*,#3867,.F.);
#5506=ORIENTED_EDGE('',*,*,#3855,.F.);
#5507=ORIENTED_EDGE('',*,*,#3851,.F.);
#5508=ORIENTED_EDGE('',*,*,#3844,.F.);
#5509=ORIENTED_EDGE('',*,*,#3862,.T.);
#5510=ORIENTED_EDGE('',*,*,#3867,.T.);
#5511=ORIENTED_EDGE('',*,*,#3868,.T.);
#5512=ORIENTED_EDGE('',*,*,#3869,.T.);
#5513=ORIENTED_EDGE('',*,*,#3863,.T.);
#5514=ORIENTED_EDGE('',*,*,#3865,.T.);
#5515=ORIENTED_EDGE('',*,*,#3858,.T.);
#5516=ORIENTED_EDGE('',*,*,#3870,.T.);
#5517=ORIENTED_EDGE('',*,*,#3871,.F.);
#5518=ORIENTED_EDGE('',*,*,#3866,.T.);
#5519=ORIENTED_EDGE('',*,*,#3871,.T.);
#5520=ORIENTED_EDGE('',*,*,#3872,.T.);
#5521=ORIENTED_EDGE('',*,*,#3868,.F.);
#5522=ORIENTED_EDGE('',*,*,#3864,.T.);
#5523=ORIENTED_EDGE('',*,*,#3869,.F.);
#5524=ORIENTED_EDGE('',*,*,#3872,.F.);
#5525=ORIENTED_EDGE('',*,*,#3870,.F.);
#5526=ORIENTED_EDGE('',*,*,#3857,.F.);
#5527=ORIENTED_EDGE('',*,*,#3873,.F.);
#5528=ORIENTED_EDGE('',*,*,#3874,.F.);
#5529=ORIENTED_EDGE('',*,*,#3875,.F.);
#5530=ORIENTED_EDGE('',*,*,#3876,.F.);
#5531=ORIENTED_EDGE('',*,*,#3877,.F.);
#5532=ORIENTED_EDGE('',*,*,#3875,.T.);
#5533=ORIENTED_EDGE('',*,*,#3878,.F.);
#5534=ORIENTED_EDGE('',*,*,#3879,.T.);
#5535=ORIENTED_EDGE('',*,*,#3880,.F.);
#5536=ORIENTED_EDGE('',*,*,#3876,.T.);
#5537=ORIENTED_EDGE('',*,*,#3880,.T.);
#5538=ORIENTED_EDGE('',*,*,#3881,.T.);
#5539=ORIENTED_EDGE('',*,*,#3882,.F.);
#5540=ORIENTED_EDGE('',*,*,#3883,.F.);
#5541=ORIENTED_EDGE('',*,*,#3884,.F.);
#5542=ORIENTED_EDGE('',*,*,#3881,.F.);
#5543=ORIENTED_EDGE('',*,*,#3879,.F.);
#5544=ORIENTED_EDGE('',*,*,#3885,.F.);
#5545=ORIENTED_EDGE('',*,*,#3885,.T.);
#5546=ORIENTED_EDGE('',*,*,#3878,.T.);
#5547=ORIENTED_EDGE('',*,*,#3874,.T.);
#5548=ORIENTED_EDGE('',*,*,#3886,.F.);
#5549=ORIENTED_EDGE('',*,*,#3887,.F.);
#5550=ORIENTED_EDGE('',*,*,#3888,.T.);
#5551=ORIENTED_EDGE('',*,*,#3889,.F.);
#5552=ORIENTED_EDGE('',*,*,#3890,.F.);
#5553=ORIENTED_EDGE('',*,*,#3873,.T.);
#5554=ORIENTED_EDGE('',*,*,#3891,.T.);
#5555=ORIENTED_EDGE('',*,*,#3892,.T.);
#5556=ORIENTED_EDGE('',*,*,#3886,.T.);
#5557=ORIENTED_EDGE('',*,*,#3883,.T.);
#5558=ORIENTED_EDGE('',*,*,#3890,.T.);
#5559=ORIENTED_EDGE('',*,*,#3893,.T.);
#5560=ORIENTED_EDGE('',*,*,#3894,.T.);
#5561=ORIENTED_EDGE('',*,*,#3892,.F.);
#5562=ORIENTED_EDGE('',*,*,#3895,.T.);
#5563=ORIENTED_EDGE('',*,*,#3896,.T.);
#5564=ORIENTED_EDGE('',*,*,#3897,.T.);
#5565=ORIENTED_EDGE('',*,*,#3887,.T.);
#5566=ORIENTED_EDGE('',*,*,#3884,.T.);
#5567=ORIENTED_EDGE('',*,*,#3894,.F.);
#5568=ORIENTED_EDGE('',*,*,#3898,.F.);
#5569=ORIENTED_EDGE('',*,*,#3899,.F.);
#5570=ORIENTED_EDGE('',*,*,#3895,.F.);
#5571=ORIENTED_EDGE('',*,*,#3891,.F.);
#5572=ORIENTED_EDGE('',*,*,#3877,.T.);
#5573=ORIENTED_EDGE('',*,*,#3882,.T.);
#5574=ORIENTED_EDGE('',*,*,#3897,.F.);
#5575=ORIENTED_EDGE('',*,*,#3900,.T.);
#5576=ORIENTED_EDGE('',*,*,#3901,.F.);
#5577=ORIENTED_EDGE('',*,*,#3888,.F.);
#5578=ORIENTED_EDGE('',*,*,#3896,.F.);
#5579=ORIENTED_EDGE('',*,*,#3899,.T.);
#5580=ORIENTED_EDGE('',*,*,#3902,.F.);
#5581=ORIENTED_EDGE('',*,*,#3900,.F.);
#5582=ORIENTED_EDGE('',*,*,#3893,.F.);
#5583=ORIENTED_EDGE('',*,*,#3889,.T.);
#5584=ORIENTED_EDGE('',*,*,#3901,.T.);
#5585=ORIENTED_EDGE('',*,*,#3902,.T.);
#5586=ORIENTED_EDGE('',*,*,#3898,.T.);
#5587=CYLINDRICAL_SURFACE('',#6041,1.54533666301317);
#5588=CYLINDRICAL_SURFACE('',#6043,1.54533666301317);
#5589=CYLINDRICAL_SURFACE('',#6044,1.54533666301317);
#5590=CYLINDRICAL_SURFACE('',#6045,1.54533666301317);
#5591=CYLINDRICAL_SURFACE('',#6047,2.);
#5592=CYLINDRICAL_SURFACE('',#6049,2.);
#5593=CYLINDRICAL_SURFACE('',#6050,2.);
#5594=CYLINDRICAL_SURFACE('',#6051,2.);
#5595=CYLINDRICAL_SURFACE('',#6052,2.);
#5596=CYLINDRICAL_SURFACE('',#6053,2.);
#5597=CYLINDRICAL_SURFACE('',#6072,2.);
#5598=CYLINDRICAL_SURFACE('',#6073,1.54533666301317);
#5599=CYLINDRICAL_SURFACE('',#6087,5.22281024775547);
#5600=CYLINDRICAL_SURFACE('',#6090,9.05314280204747);
#5601=CYLINDRICAL_SURFACE('',#6093,0.625000000000001);
#5602=CYLINDRICAL_SURFACE('',#6096,9.77178660287109);
#5603=CYLINDRICAL_SURFACE('',#6099,0.625000000000001);
#5604=CYLINDRICAL_SURFACE('',#6103,0.375);
#5605=CYLINDRICAL_SURFACE('',#6113,0.375);
#5606=CYLINDRICAL_SURFACE('',#6114,0.375);
#5607=CYLINDRICAL_SURFACE('',#6124,0.375);
#5608=CYLINDRICAL_SURFACE('',#6145,0.375);
#5609=CYLINDRICAL_SURFACE('',#6147,0.375);
#5610=CYLINDRICAL_SURFACE('',#6150,5.22281024775547);
#5611=CYLINDRICAL_SURFACE('',#6153,9.05314280204747);
#5612=CYLINDRICAL_SURFACE('',#6156,0.625000000000001);
#5613=CYLINDRICAL_SURFACE('',#6159,9.77178660287109);
#5614=CYLINDRICAL_SURFACE('',#6162,0.625000000000001);
#5615=CYLINDRICAL_SURFACE('',#6174,0.375);
#5616=CYLINDRICAL_SURFACE('',#6183,0.375);
#5617=CYLINDRICAL_SURFACE('',#6208,8.);
#5618=CYLINDRICAL_SURFACE('',#6217,8.);
#5619=CYLINDRICAL_SURFACE('',#6220,8.);
#5620=CYLINDRICAL_SURFACE('',#6223,8.);
#5621=CYLINDRICAL_SURFACE('',#6225,5.);
#5622=CYLINDRICAL_SURFACE('',#6229,8.);
#5623=CYLINDRICAL_SURFACE('',#6237,8.);
#5624=CYLINDRICAL_SURFACE('',#6240,8.);
#5625=CYLINDRICAL_SURFACE('',#6242,8.);
#5626=CYLINDRICAL_SURFACE('',#6251,18.);
#5627=CYLINDRICAL_SURFACE('',#6254,18.);
#5628=CYLINDRICAL_SURFACE('',#6256,18.);
#5629=CYLINDRICAL_SURFACE('',#6258,18.);
#5630=CYLINDRICAL_SURFACE('',#6265,5.);
#5631=CYLINDRICAL_SURFACE('',#6270,5.);
#5632=CYLINDRICAL_SURFACE('',#6277,5.);
#5633=CYLINDRICAL_SURFACE('',#6282,5.);
#5634=CYLINDRICAL_SURFACE('',#6283,2.6);
#5635=CYLINDRICAL_SURFACE('',#6297,18.);
#5636=CYLINDRICAL_SURFACE('',#6300,18.);
#5637=CYLINDRICAL_SURFACE('',#6302,18.);
#5638=CYLINDRICAL_SURFACE('',#6304,18.);
#5639=CYLINDRICAL_SURFACE('',#6311,5.);
#5640=CYLINDRICAL_SURFACE('',#6316,5.);
#5641=CYLINDRICAL_SURFACE('',#6323,5.);
#5642=CYLINDRICAL_SURFACE('',#6328,5.);
#5643=CYLINDRICAL_SURFACE('',#6329,2.6);
#5644=CYLINDRICAL_SURFACE('',#6343,18.);
#5645=CYLINDRICAL_SURFACE('',#6346,18.);
#5646=CYLINDRICAL_SURFACE('',#6348,18.);
#5647=CYLINDRICAL_SURFACE('',#6350,18.);
#5648=CYLINDRICAL_SURFACE('',#6357,5.);
#5649=CYLINDRICAL_SURFACE('',#6362,5.);
#5650=CYLINDRICAL_SURFACE('',#6369,5.);
#5651=CYLINDRICAL_SURFACE('',#6374,5.);
#5652=CYLINDRICAL_SURFACE('',#6375,2.6);
#5653=CYLINDRICAL_SURFACE('',#6389,18.);
#5654=CYLINDRICAL_SURFACE('',#6392,18.);
#5655=CYLINDRICAL_SURFACE('',#6394,18.);
#5656=CYLINDRICAL_SURFACE('',#6396,18.);
#5657=CYLINDRICAL_SURFACE('',#6403,5.);
#5658=CYLINDRICAL_SURFACE('',#6408,5.);
#5659=CYLINDRICAL_SURFACE('',#6415,5.);
#5660=CYLINDRICAL_SURFACE('',#6420,5.);
#5661=CYLINDRICAL_SURFACE('',#6421,2.6);
#5662=ADVANCED_FACE('',(#377),#5587,.F.);
#5663=ADVANCED_FACE('',(#378),#5588,.F.);
#5664=ADVANCED_FACE('',(#379),#5589,.F.);
#5665=ADVANCED_FACE('',(#380),#5590,.F.);
#5666=ADVANCED_FACE('',(#381),#5591,.F.);
#5667=ADVANCED_FACE('',(#382),#5592,.F.);
#5668=ADVANCED_FACE('',(#383),#5593,.F.);
#5669=ADVANCED_FACE('',(#384),#5594,.F.);
#5670=ADVANCED_FACE('',(#385),#5595,.F.);
#5671=ADVANCED_FACE('',(#386),#5596,.F.);
#5672=ADVANCED_FACE('',(#387),#369,.F.);
#5673=ADVANCED_FACE('',(#388),#370,.F.);
#5674=ADVANCED_FACE('',(#389),#371,.T.);
#5675=ADVANCED_FACE('',(#390),#372,.F.);
#5676=ADVANCED_FACE('',(#391),#373,.F.);
#5677=ADVANCED_FACE('',(#392),#374,.T.);
#5678=ADVANCED_FACE('',(#393),#5597,.F.);
#5679=ADVANCED_FACE('',(#394),#5598,.F.);
#5680=ADVANCED_FACE('',(#395),#133,.T.);
#5681=ADVANCED_FACE('',(#396),#134,.F.);
#5682=ADVANCED_FACE('',(#397),#135,.F.);
#5683=ADVANCED_FACE('',(#398),#5599,.T.);
#5684=ADVANCED_FACE('',(#399),#5600,.T.);
#5685=ADVANCED_FACE('',(#400),#5601,.T.);
#5686=ADVANCED_FACE('',(#401),#5602,.T.);
#5687=ADVANCED_FACE('',(#402),#5603,.T.);
#5688=ADVANCED_FACE('',(#403),#136,.F.);
#5689=ADVANCED_FACE('',(#404),#5604,.T.);
#5690=ADVANCED_FACE('',(#405),#115,.F.);
#5691=ADVANCED_FACE('',(#406),#101,.T.);
#5692=ADVANCED_FACE('',(#407),#116,.F.);
#5693=ADVANCED_FACE('',(#408),#102,.T.);
#5694=ADVANCED_FACE('',(#409),#103,.T.);
#5695=ADVANCED_FACE('',(#410),#5605,.T.);
#5696=ADVANCED_FACE('',(#411),#5606,.T.);
#5697=ADVANCED_FACE('',(#412),#117,.F.);
#5698=ADVANCED_FACE('',(#413),#104,.T.);
#5699=ADVANCED_FACE('',(#414),#118,.F.);
#5700=ADVANCED_FACE('',(#415),#105,.T.);
#5701=ADVANCED_FACE('',(#416),#106,.T.);
#5702=ADVANCED_FACE('',(#417),#5607,.T.);
#5703=ADVANCED_FACE('',(#418,#93),#137,.T.);
#5704=ADVANCED_FACE('',(#419),#107,.T.);
#5705=ADVANCED_FACE('',(#420),#108,.T.);
#5706=ADVANCED_FACE('',(#421),#375,.T.);
#5707=ADVANCED_FACE('',(#422),#138,.T.);
#5708=ADVANCED_FACE('',(#423),#139,.F.);
#5709=ADVANCED_FACE('',(#424),#5608,.T.);
#5710=ADVANCED_FACE('',(#425),#5609,.T.);
#5711=ADVANCED_FACE('',(#426),#140,.F.);
#5712=ADVANCED_FACE('',(#427),#5610,.T.);
#5713=ADVANCED_FACE('',(#428),#5611,.T.);
#5714=ADVANCED_FACE('',(#429),#5612,.T.);
#5715=ADVANCED_FACE('',(#430),#5613,.T.);
#5716=ADVANCED_FACE('',(#431),#5614,.T.);
#5717=ADVANCED_FACE('',(#432),#141,.F.);
#5718=ADVANCED_FACE('',(#433),#119,.F.);
#5719=ADVANCED_FACE('',(#434),#109,.T.);
#5720=ADVANCED_FACE('',(#435),#120,.F.);
#5721=ADVANCED_FACE('',(#436),#110,.T.);
#5722=ADVANCED_FACE('',(#437),#111,.T.);
#5723=ADVANCED_FACE('',(#438),#5615,.T.);
#5724=ADVANCED_FACE('',(#439),#121,.F.);
#5725=ADVANCED_FACE('',(#440),#112,.T.);
#5726=ADVANCED_FACE('',(#441),#122,.F.);
#5727=ADVANCED_FACE('',(#442),#113,.T.);
#5728=ADVANCED_FACE('',(#443),#114,.T.);
#5729=ADVANCED_FACE('',(#444),#5616,.T.);
#5730=ADVANCED_FACE('',(#445),#123,.T.);
#5731=ADVANCED_FACE('',(#446),#124,.T.);
#5732=ADVANCED_FACE('',(#447,#94),#142,.T.);
#5733=ADVANCED_FACE('',(#448),#376,.T.);
#5734=ADVANCED_FACE('',(#449),#143,.T.);
#5735=ADVANCED_FACE('',(#450),#144,.T.);
#5736=ADVANCED_FACE('',(#451),#145,.T.);
#5737=ADVANCED_FACE('',(#452),#146,.T.);
#5738=ADVANCED_FACE('',(#453),#147,.T.);
#5739=ADVANCED_FACE('',(#454),#148,.T.);
#5740=ADVANCED_FACE('',(#455),#149,.T.);
#5741=ADVANCED_FACE('',(#456),#150,.T.);
#5742=ADVANCED_FACE('',(#457,#95),#151,.T.);
#5743=ADVANCED_FACE('',(#458,#96),#152,.T.);
#5744=ADVANCED_FACE('',(#459),#153,.T.);
#5745=ADVANCED_FACE('',(#460),#154,.T.);
#5746=ADVANCED_FACE('',(#461),#155,.T.);
#5747=ADVANCED_FACE('',(#462),#156,.T.);
#5748=ADVANCED_FACE('',(#463),#157,.T.);
#5749=ADVANCED_FACE('',(#464),#158,.T.);
#5750=ADVANCED_FACE('',(#465),#159,.T.);
#5751=ADVANCED_FACE('',(#466),#160,.T.);
#5752=ADVANCED_FACE('',(#467),#161,.T.);
#5753=ADVANCED_FACE('',(#468),#162,.T.);
#5754=ADVANCED_FACE('',(#469),#163,.T.);
#5755=ADVANCED_FACE('',(#470),#164,.T.);
#5756=ADVANCED_FACE('',(#471),#5617,.T.);
#5757=ADVANCED_FACE('',(#472),#165,.T.);
#5758=ADVANCED_FACE('',(#473,#97),#166,.T.);
#5759=ADVANCED_FACE('',(#474),#5618,.T.);
#5760=ADVANCED_FACE('',(#475),#167,.T.);
#5761=ADVANCED_FACE('',(#476),#5619,.T.);
#5762=ADVANCED_FACE('',(#477),#168,.T.);
#5763=ADVANCED_FACE('',(#478),#5620,.T.);
#5764=ADVANCED_FACE('',(#479),#5621,.F.);
#5765=ADVANCED_FACE('',(#480),#169,.T.);
#5766=ADVANCED_FACE('',(#481,#98),#170,.F.);
#5767=ADVANCED_FACE('',(#482),#5622,.T.);
#5768=ADVANCED_FACE('',(#483),#171,.T.);
#5769=ADVANCED_FACE('',(#484,#99),#172,.F.);
#5770=ADVANCED_FACE('',(#485),#5623,.T.);
#5771=ADVANCED_FACE('',(#486),#173,.T.);
#5772=ADVANCED_FACE('',(#487),#5624,.T.);
#5773=ADVANCED_FACE('',(#488),#5625,.T.);
#5774=ADVANCED_FACE('',(#489),#174,.T.);
#5775=ADVANCED_FACE('',(#490),#175,.T.);
#5776=ADVANCED_FACE('',(#491),#176,.T.);
#5777=ADVANCED_FACE('',(#492),#177,.T.);
#5778=ADVANCED_FACE('',(#493),#178,.T.);
#5779=ADVANCED_FACE('',(#494),#179,.T.);
#5780=ADVANCED_FACE('',(#495,#100),#180,.T.);
#5781=ADVANCED_FACE('',(#496),#5626,.F.);
#5782=ADVANCED_FACE('',(#497),#5627,.F.);
#5783=ADVANCED_FACE('',(#498),#5628,.F.);
#5784=ADVANCED_FACE('',(#499),#5629,.F.);
#5785=ADVANCED_FACE('',(#500),#181,.T.);
#5786=ADVANCED_FACE('',(#501),#182,.T.);
#5787=ADVANCED_FACE('',(#502),#183,.T.);
#5788=ADVANCED_FACE('',(#503),#184,.F.);
#5789=ADVANCED_FACE('',(#504),#5630,.T.);
#5790=ADVANCED_FACE('',(#505),#185,.T.);
#5791=ADVANCED_FACE('',(#506),#186,.T.);
#5792=ADVANCED_FACE('',(#507),#5631,.T.);
#5793=ADVANCED_FACE('',(#508),#187,.T.);
#5794=ADVANCED_FACE('',(#509),#188,.T.);
#5795=ADVANCED_FACE('',(#510),#5632,.T.);
#5796=ADVANCED_FACE('',(#511),#189,.T.);
#5797=ADVANCED_FACE('',(#512),#190,.T.);
#5798=ADVANCED_FACE('',(#513),#5633,.T.);
#5799=ADVANCED_FACE('',(#514),#5634,.F.);
#5800=ADVANCED_FACE('',(#515),#191,.F.);
#5801=ADVANCED_FACE('',(#516),#192,.F.);
#5802=ADVANCED_FACE('',(#517),#193,.T.);
#5803=ADVANCED_FACE('',(#518),#194,.T.);
#5804=ADVANCED_FACE('',(#519),#195,.T.);
#5805=ADVANCED_FACE('',(#520),#196,.T.);
#5806=ADVANCED_FACE('',(#521),#197,.T.);
#5807=ADVANCED_FACE('',(#522),#198,.T.);
#5808=ADVANCED_FACE('',(#523),#199,.T.);
#5809=ADVANCED_FACE('',(#524),#200,.T.);
#5810=ADVANCED_FACE('',(#525),#201,.T.);
#5811=ADVANCED_FACE('',(#526),#202,.T.);
#5812=ADVANCED_FACE('',(#527),#203,.F.);
#5813=ADVANCED_FACE('',(#528),#5635,.F.);
#5814=ADVANCED_FACE('',(#529),#5636,.F.);
#5815=ADVANCED_FACE('',(#530),#5637,.F.);
#5816=ADVANCED_FACE('',(#531),#5638,.F.);
#5817=ADVANCED_FACE('',(#532),#204,.F.);
#5818=ADVANCED_FACE('',(#533),#205,.F.);
#5819=ADVANCED_FACE('',(#534),#206,.F.);
#5820=ADVANCED_FACE('',(#535),#207,.T.);
#5821=ADVANCED_FACE('',(#536),#5639,.T.);
#5822=ADVANCED_FACE('',(#537),#208,.F.);
#5823=ADVANCED_FACE('',(#538),#209,.F.);
#5824=ADVANCED_FACE('',(#539),#5640,.T.);
#5825=ADVANCED_FACE('',(#540),#210,.F.);
#5826=ADVANCED_FACE('',(#541),#211,.F.);
#5827=ADVANCED_FACE('',(#542),#5641,.T.);
#5828=ADVANCED_FACE('',(#543),#212,.F.);
#5829=ADVANCED_FACE('',(#544),#213,.F.);
#5830=ADVANCED_FACE('',(#545),#5642,.T.);
#5831=ADVANCED_FACE('',(#546),#5643,.F.);
#5832=ADVANCED_FACE('',(#547),#214,.T.);
#5833=ADVANCED_FACE('',(#548),#215,.T.);
#5834=ADVANCED_FACE('',(#549),#216,.F.);
#5835=ADVANCED_FACE('',(#550),#217,.F.);
#5836=ADVANCED_FACE('',(#551),#218,.F.);
#5837=ADVANCED_FACE('',(#552),#219,.F.);
#5838=ADVANCED_FACE('',(#553),#220,.F.);
#5839=ADVANCED_FACE('',(#554),#221,.F.);
#5840=ADVANCED_FACE('',(#555),#222,.F.);
#5841=ADVANCED_FACE('',(#556),#223,.F.);
#5842=ADVANCED_FACE('',(#557),#224,.F.);
#5843=ADVANCED_FACE('',(#558),#225,.F.);
#5844=ADVANCED_FACE('',(#559),#226,.T.);
#5845=ADVANCED_FACE('',(#560),#5644,.F.);
#5846=ADVANCED_FACE('',(#561),#5645,.F.);
#5847=ADVANCED_FACE('',(#562),#5646,.F.);
#5848=ADVANCED_FACE('',(#563),#5647,.F.);
#5849=ADVANCED_FACE('',(#564),#227,.F.);
#5850=ADVANCED_FACE('',(#565),#228,.F.);
#5851=ADVANCED_FACE('',(#566),#229,.F.);
#5852=ADVANCED_FACE('',(#567),#230,.T.);
#5853=ADVANCED_FACE('',(#568),#5648,.T.);
#5854=ADVANCED_FACE('',(#569),#231,.F.);
#5855=ADVANCED_FACE('',(#570),#232,.F.);
#5856=ADVANCED_FACE('',(#571),#5649,.T.);
#5857=ADVANCED_FACE('',(#572),#233,.F.);
#5858=ADVANCED_FACE('',(#573),#234,.F.);
#5859=ADVANCED_FACE('',(#574),#5650,.T.);
#5860=ADVANCED_FACE('',(#575),#235,.F.);
#5861=ADVANCED_FACE('',(#576),#236,.F.);
#5862=ADVANCED_FACE('',(#577),#5651,.T.);
#5863=ADVANCED_FACE('',(#578),#5652,.F.);
#5864=ADVANCED_FACE('',(#579),#237,.T.);
#5865=ADVANCED_FACE('',(#580),#238,.T.);
#5866=ADVANCED_FACE('',(#581),#239,.F.);
#5867=ADVANCED_FACE('',(#582),#240,.F.);
#5868=ADVANCED_FACE('',(#583),#241,.F.);
#5869=ADVANCED_FACE('',(#584),#242,.F.);
#5870=ADVANCED_FACE('',(#585),#243,.F.);
#5871=ADVANCED_FACE('',(#586),#244,.F.);
#5872=ADVANCED_FACE('',(#587),#245,.F.);
#5873=ADVANCED_FACE('',(#588),#246,.F.);
#5874=ADVANCED_FACE('',(#589),#247,.F.);
#5875=ADVANCED_FACE('',(#590),#248,.F.);
#5876=ADVANCED_FACE('',(#591),#249,.T.);
#5877=ADVANCED_FACE('',(#592),#5653,.F.);
#5878=ADVANCED_FACE('',(#593),#5654,.F.);
#5879=ADVANCED_FACE('',(#594),#5655,.F.);
#5880=ADVANCED_FACE('',(#595),#5656,.F.);
#5881=ADVANCED_FACE('',(#596),#250,.T.);
#5882=ADVANCED_FACE('',(#597),#251,.T.);
#5883=ADVANCED_FACE('',(#598),#252,.T.);
#5884=ADVANCED_FACE('',(#599),#253,.F.);
#5885=ADVANCED_FACE('',(#600),#5657,.T.);
#5886=ADVANCED_FACE('',(#601),#254,.T.);
#5887=ADVANCED_FACE('',(#602),#255,.T.);
#5888=ADVANCED_FACE('',(#603),#5658,.T.);
#5889=ADVANCED_FACE('',(#604),#256,.T.);
#5890=ADVANCED_FACE('',(#605),#257,.T.);
#5891=ADVANCED_FACE('',(#606),#5659,.T.);
#5892=ADVANCED_FACE('',(#607),#258,.T.);
#5893=ADVANCED_FACE('',(#608),#259,.T.);
#5894=ADVANCED_FACE('',(#609),#5660,.T.);
#5895=ADVANCED_FACE('',(#610),#5661,.F.);
#5896=ADVANCED_FACE('',(#611),#260,.F.);
#5897=ADVANCED_FACE('',(#612),#261,.F.);
#5898=ADVANCED_FACE('',(#613),#262,.T.);
#5899=ADVANCED_FACE('',(#614),#263,.T.);
#5900=ADVANCED_FACE('',(#615),#264,.T.);
#5901=ADVANCED_FACE('',(#616),#265,.T.);
#5902=ADVANCED_FACE('',(#617),#266,.T.);
#5903=ADVANCED_FACE('',(#618),#267,.T.);
#5904=ADVANCED_FACE('',(#619),#268,.T.);
#5905=ADVANCED_FACE('',(#620),#269,.T.);
#5906=ADVANCED_FACE('',(#621),#270,.T.);
#5907=ADVANCED_FACE('',(#622),#271,.T.);
#5908=ADVANCED_FACE('',(#623),#272,.F.);
#5909=ADVANCED_FACE('',(#624),#273,.F.);
#5910=ADVANCED_FACE('',(#625),#274,.F.);
#5911=ADVANCED_FACE('',(#626),#275,.F.);
#5912=ADVANCED_FACE('',(#627),#276,.F.);
#5913=ADVANCED_FACE('',(#628),#277,.T.);
#5914=ADVANCED_FACE('',(#629),#278,.T.);
#5915=ADVANCED_FACE('',(#630),#279,.T.);
#5916=ADVANCED_FACE('',(#631),#280,.T.);
#5917=ADVANCED_FACE('',(#632),#281,.T.);
#5918=ADVANCED_FACE('',(#633),#282,.T.);
#5919=ADVANCED_FACE('',(#634),#283,.T.);
#5920=ADVANCED_FACE('',(#635),#284,.T.);
#5921=ADVANCED_FACE('',(#636),#285,.F.);
#5922=ADVANCED_FACE('',(#637),#286,.F.);
#5923=ADVANCED_FACE('',(#638),#287,.F.);
#5924=ADVANCED_FACE('',(#639),#288,.F.);
#5925=ADVANCED_FACE('',(#640),#289,.T.);
#5926=ADVANCED_FACE('',(#641),#290,.T.);
#5927=ADVANCED_FACE('',(#642),#291,.T.);
#5928=ADVANCED_FACE('',(#643),#292,.T.);
#5929=ADVANCED_FACE('',(#644),#293,.T.);
#5930=ADVANCED_FACE('',(#645),#294,.T.);
#5931=ADVANCED_FACE('',(#646),#295,.T.);
#5932=ADVANCED_FACE('',(#647),#296,.T.);
#5933=ADVANCED_FACE('',(#648),#297,.T.);
#5934=ADVANCED_FACE('',(#649),#298,.T.);
#5935=ADVANCED_FACE('',(#650),#299,.T.);
#5936=ADVANCED_FACE('',(#651),#300,.T.);
#5937=ADVANCED_FACE('',(#652),#301,.F.);
#5938=ADVANCED_FACE('',(#653),#302,.F.);
#5939=ADVANCED_FACE('',(#654),#303,.F.);
#5940=ADVANCED_FACE('',(#655),#304,.F.);
#5941=ADVANCED_FACE('',(#656),#305,.F.);
#5942=ADVANCED_FACE('',(#657),#306,.F.);
#5943=ADVANCED_FACE('',(#658),#307,.F.);
#5944=ADVANCED_FACE('',(#659),#308,.F.);
#5945=ADVANCED_FACE('',(#660),#309,.T.);
#5946=ADVANCED_FACE('',(#661),#310,.T.);
#5947=ADVANCED_FACE('',(#662),#311,.T.);
#5948=ADVANCED_FACE('',(#663),#312,.T.);
#5949=ADVANCED_FACE('',(#664),#313,.F.);
#5950=ADVANCED_FACE('',(#665),#314,.F.);
#5951=ADVANCED_FACE('',(#666),#315,.F.);
#5952=ADVANCED_FACE('',(#667),#316,.F.);
#5953=ADVANCED_FACE('',(#668),#317,.F.);
#5954=ADVANCED_FACE('',(#669),#318,.F.);
#5955=ADVANCED_FACE('',(#670),#319,.F.);
#5956=ADVANCED_FACE('',(#671),#320,.F.);
#5957=ADVANCED_FACE('',(#672),#321,.T.);
#5958=ADVANCED_FACE('',(#673),#322,.T.);
#5959=ADVANCED_FACE('',(#674),#323,.T.);
#5960=ADVANCED_FACE('',(#675),#324,.T.);
#5961=ADVANCED_FACE('',(#676),#325,.F.);
#5962=ADVANCED_FACE('',(#677),#326,.F.);
#5963=ADVANCED_FACE('',(#678),#327,.F.);
#5964=ADVANCED_FACE('',(#679),#328,.F.);
#5965=ADVANCED_FACE('',(#680),#329,.F.);
#5966=ADVANCED_FACE('',(#681),#330,.F.);
#5967=ADVANCED_FACE('',(#682),#331,.F.);
#5968=ADVANCED_FACE('',(#683),#332,.F.);
#5969=ADVANCED_FACE('',(#684),#333,.F.);
#5970=ADVANCED_FACE('',(#685),#334,.F.);
#5971=ADVANCED_FACE('',(#686),#335,.F.);
#5972=ADVANCED_FACE('',(#687),#336,.F.);
#5973=ADVANCED_FACE('',(#688),#337,.T.);
#5974=ADVANCED_FACE('',(#689),#338,.T.);
#5975=ADVANCED_FACE('',(#690),#339,.T.);
#5976=ADVANCED_FACE('',(#691),#340,.T.);
#5977=ADVANCED_FACE('',(#692),#341,.T.);
#5978=ADVANCED_FACE('',(#693),#342,.T.);
#5979=ADVANCED_FACE('',(#694),#343,.T.);
#5980=ADVANCED_FACE('',(#695),#344,.T.);
#5981=ADVANCED_FACE('',(#696),#345,.T.);
#5982=ADVANCED_FACE('',(#697),#346,.T.);
#5983=ADVANCED_FACE('',(#698),#347,.T.);
#5984=ADVANCED_FACE('',(#699),#348,.T.);
#5985=ADVANCED_FACE('',(#700),#349,.F.);
#5986=ADVANCED_FACE('',(#701),#350,.F.);
#5987=ADVANCED_FACE('',(#702),#351,.F.);
#5988=ADVANCED_FACE('',(#703),#352,.F.);
#5989=ADVANCED_FACE('',(#704),#353,.F.);
#5990=ADVANCED_FACE('',(#705),#354,.F.);
#5991=ADVANCED_FACE('',(#706),#355,.F.);
#5992=ADVANCED_FACE('',(#707),#356,.F.);
#5993=ADVANCED_FACE('',(#708),#357,.F.);
#5994=ADVANCED_FACE('',(#709),#358,.F.);
#5995=ADVANCED_FACE('',(#710),#359,.F.);
#5996=ADVANCED_FACE('',(#711),#360,.F.);
#5997=ADVANCED_FACE('',(#712),#361,.T.);
#5998=ADVANCED_FACE('',(#713),#362,.T.);
#5999=ADVANCED_FACE('',(#714),#363,.T.);
#6000=ADVANCED_FACE('',(#715),#364,.T.);
#6001=ADVANCED_FACE('',(#716),#365,.T.);
#6002=ADVANCED_FACE('',(#717),#366,.T.);
#6003=ADVANCED_FACE('',(#718),#367,.T.);
#6004=ADVANCED_FACE('',(#719),#368,.T.);
#6005=CLOSED_SHELL('',(#5662,#5663,#5664,#5665,#5666,#5667,#5668,#5669,
#5670,#5671,#5672,#5673,#5674,#5675,#5676,#5677,#5678,#5679,#5680,#5681,
#5682,#5683,#5684,#5685,#5686,#5687,#5688,#5689,#5690,#5691,#5692,#5693,
#5694,#5695,#5696,#5697,#5698,#5699,#5700,#5701,#5702,#5703,#5704,#5705,
#5706,#5707,#5708,#5709,#5710,#5711,#5712,#5713,#5714,#5715,#5716,#5717,
#5718,#5719,#5720,#5721,#5722,#5723,#5724,#5725,#5726,#5727,#5728,#5729,
#5730,#5731,#5732,#5733));
#6006=CLOSED_SHELL('',(#5734,#5735,#5736,#5737,#5738,#5739,#5740,#5741,
#5742,#5743));
#6007=CLOSED_SHELL('',(#5744,#5745,#5746,#5747,#5748,#5749));
#6008=CLOSED_SHELL('',(#5750,#5751,#5752,#5753,#5754,#5755));
#6009=CLOSED_SHELL('',(#5756,#5757,#5758,#5759,#5760,#5761,#5762,#5763,
#5764,#5765,#5766));
#6010=CLOSED_SHELL('',(#5767,#5768,#5769,#5770,#5771,#5772,#5773,#5774,
#5775,#5776,#5777,#5778,#5779,#5780));
#6011=CLOSED_SHELL('',(#5781,#5782,#5783,#5784,#5785,#5786,#5787,#5788,
#5789,#5790,#5791,#5792,#5793,#5794,#5795,#5796,#5797,#5798,#5799,#5800,
#5801,#5802,#5803,#5804,#5805,#5806));
#6012=CLOSED_SHELL('',(#5807,#5808,#5809,#5810,#5811,#5812));
#6013=CLOSED_SHELL('',(#5813,#5814,#5815,#5816,#5817,#5818,#5819,#5820,
#5821,#5822,#5823,#5824,#5825,#5826,#5827,#5828,#5829,#5830,#5831,#5832,
#5833,#5834,#5835,#5836,#5837,#5838));
#6014=CLOSED_SHELL('',(#5839,#5840,#5841,#5842,#5843,#5844));
#6015=CLOSED_SHELL('',(#5845,#5846,#5847,#5848,#5849,#5850,#5851,#5852,
#5853,#5854,#5855,#5856,#5857,#5858,#5859,#5860,#5861,#5862,#5863,#5864,
#5865,#5866,#5867,#5868,#5869,#5870));
#6016=CLOSED_SHELL('',(#5871,#5872,#5873,#5874,#5875,#5876));
#6017=CLOSED_SHELL('',(#5877,#5878,#5879,#5880,#5881,#5882,#5883,#5884,
#5885,#5886,#5887,#5888,#5889,#5890,#5891,#5892,#5893,#5894,#5895,#5896,
#5897,#5898,#5899,#5900,#5901,#5902));
#6018=CLOSED_SHELL('',(#5903,#5904,#5905,#5906,#5907,#5908));
#6019=CLOSED_SHELL('',(#5909,#5910,#5911,#5912,#5913,#5914,#5915,#5916,
#5917,#5918,#5919,#5920));
#6020=CLOSED_SHELL('',(#5921,#5922,#5923,#5924,#5925,#5926,#5927,#5928,
#5929,#5930,#5931,#5932));
#6021=CLOSED_SHELL('',(#5933,#5934,#5935,#5936,#5937,#5938,#5939,#5940,
#5941,#5942,#5943,#5944));
#6022=CLOSED_SHELL('',(#5945,#5946,#5947,#5948,#5949,#5950,#5951,#5952,
#5953,#5954,#5955,#5956));
#6023=CLOSED_SHELL('',(#5957,#5958,#5959,#5960,#5961,#5962,#5963,#5964,
#5965,#5966,#5967,#5968));
#6024=CLOSED_SHELL('',(#5969,#5970,#5971,#5972,#5973,#5974,#5975,#5976,
#5977,#5978,#5979,#5980));
#6025=CLOSED_SHELL('',(#5981,#5982,#5983,#5984,#5985,#5986,#5987,#5988,
#5989,#5990,#5991,#5992));
#6026=CLOSED_SHELL('',(#5993,#5994,#5995,#5996,#5997,#5998,#5999,#6000,
#6001,#6002,#6003,#6004));
#6027=DERIVED_UNIT_ELEMENT(#6029,1.);
#6028=DERIVED_UNIT_ELEMENT(#11325,-3.);
#6029=(
MASS_UNIT()
NAMED_UNIT(*)
SI_UNIT(.KILO.,.GRAM.)
);
#6030=DERIVED_UNIT((#6027,#6028));
#6031=MEASURE_REPRESENTATION_ITEM('density measure',
POSITIVE_RATIO_MEASURE(7850.),#6030);
#6032=PROPERTY_DEFINITION_REPRESENTATION(#6037,#6034);
#6033=PROPERTY_DEFINITION_REPRESENTATION(#6038,#6035);
#6034=REPRESENTATION('material name',(#6036),#11322);
#6035=REPRESENTATION('density',(#6031),#11322);
#6036=DESCRIPTIVE_REPRESENTATION_ITEM('Steel','Steel');
#6037=PROPERTY_DEFINITION('material property','material name',#11340);
#6038=PROPERTY_DEFINITION('material property','density of part',#11340);
#6039=AXIS2_PLACEMENT_3D('',#8156,#6535,#6536);
#6040=AXIS2_PLACEMENT_3D('',#8157,#6537,#6538);
#6041=AXIS2_PLACEMENT_3D('',#8158,#6539,#6540);
#6042=AXIS2_PLACEMENT_3D('',#8188,#6542,#6543);
#6043=AXIS2_PLACEMENT_3D('',#8217,#6544,#6545);
#6044=AXIS2_PLACEMENT_3D('',#8293,#6547,#6548);
#6045=AXIS2_PLACEMENT_3D('',#8369,#6550,#6551);
#6046=AXIS2_PLACEMENT_3D('',#8391,#6553,#6554);
#6047=AXIS2_PLACEMENT_3D('',#8412,#6555,#6556);
#6048=AXIS2_PLACEMENT_3D('',#8417,#6558,#6559);
#6049=AXIS2_PLACEMENT_3D('',#8426,#6560,#6561);
#6050=AXIS2_PLACEMENT_3D('',#8502,#6563,#6564);
#6051=AXIS2_PLACEMENT_3D('',#8578,#6566,#6567);
#6052=AXIS2_PLACEMENT_3D('',#8654,#6569,#6570);
#6053=AXIS2_PLACEMENT_3D('',#8732,#6572,#6573);
#6054=AXIS2_PLACEMENT_3D('',#8746,#6575,#6576);
#6055=AXIS2_PLACEMENT_3D('',#8761,#6577,#6578);
#6056=AXIS2_PLACEMENT_3D('',#8777,#6580,#6581);
#6057=AXIS2_PLACEMENT_3D('',#8828,#6583,#6584);
#6058=AXIS2_PLACEMENT_3D('',#8829,#6585,#6586);
#6059=AXIS2_PLACEMENT_3D('',#8832,#6587,#6588);
#6060=AXIS2_PLACEMENT_3D('',#8833,#6589,#6590);
#6061=AXIS2_PLACEMENT_3D('',#8836,#6592,#6593);
#6062=AXIS2_PLACEMENT_3D('',#8837,#6594,#6595);
#6063=AXIS2_PLACEMENT_3D('',#8839,#6596,#6597);
#6064=AXIS2_PLACEMENT_3D('',#8848,#6598,#6599);
#6065=AXIS2_PLACEMENT_3D('',#8859,#6600,#6601);
#6066=AXIS2_PLACEMENT_3D('',#8900,#6602,#6603);
#6067=AXIS2_PLACEMENT_3D('',#8904,#6605,#6606);
#6068=AXIS2_PLACEMENT_3D('',#8919,#6607,#6608);
#6069=AXIS2_PLACEMENT_3D('',#8934,#6609,#6610);
#6070=AXIS2_PLACEMENT_3D('',#8949,#6611,#6612);
#6071=AXIS2_PLACEMENT_3D('',#8963,#6613,#6614);
#6072=AXIS2_PLACEMENT_3D('',#8964,#6615,#6616);
#6073=AXIS2_PLACEMENT_3D('',#9037,#6617,#6618);
#6074=AXIS2_PLACEMENT_3D('',#9110,#6619,#6620);
#6075=AXIS2_PLACEMENT_3D('',#9121,#6623,#6624);
#6076=AXIS2_PLACEMENT_3D('',#9123,#6625,#6626);
#6077=AXIS2_PLACEMENT_3D('',#9125,#6627,#6628);
#6078=AXIS2_PLACEMENT_3D('',#9127,#6629,#6630);
#6079=AXIS2_PLACEMENT_3D('',#9128,#6631,#6632);
#6080=AXIS2_PLACEMENT_3D('',#9129,#6633,#6634);
#6081=AXIS2_PLACEMENT_3D('',#9138,#6636,#6637);
#6082=AXIS2_PLACEMENT_3D('',#9140,#6638,#6639);
#6083=AXIS2_PLACEMENT_3D('',#9142,#6640,#6641);
#6084=AXIS2_PLACEMENT_3D('',#9144,#6642,#6643);
#6085=AXIS2_PLACEMENT_3D('',#9146,#6644,#6645);
#6086=AXIS2_PLACEMENT_3D('',#9148,#6647,#6648);
#6087=AXIS2_PLACEMENT_3D('',#9154,#6652,#6653);
#6088=AXIS2_PLACEMENT_3D('',#9158,#6655,#6656);
#6089=AXIS2_PLACEMENT_3D('',#9159,#6657,#6658);
#6090=AXIS2_PLACEMENT_3D('',#9160,#6659,#6660);
#6091=AXIS2_PLACEMENT_3D('',#9164,#6662,#6663);
#6092=AXIS2_PLACEMENT_3D('',#9165,#6664,#6665);
#6093=AXIS2_PLACEMENT_3D('',#9166,#6666,#6667);
#6094=AXIS2_PLACEMENT_3D('',#9170,#6669,#6670);
#6095=AXIS2_PLACEMENT_3D('',#9171,#6671,#6672);
#6096=AXIS2_PLACEMENT_3D('',#9172,#6673,#6674);
#6097=AXIS2_PLACEMENT_3D('',#9176,#6676,#6677);
#6098=AXIS2_PLACEMENT_3D('',#9177,#6678,#6679);
#6099=AXIS2_PLACEMENT_3D('',#9178,#6680,#6681);
#6100=AXIS2_PLACEMENT_3D('',#9182,#6683,#6684);
#6101=AXIS2_PLACEMENT_3D('',#9183,#6685,#6686);
#6102=AXIS2_PLACEMENT_3D('',#9184,#6687,#6688);
#6103=AXIS2_PLACEMENT_3D('',#9194,#6694,#6695);
#6104=AXIS2_PLACEMENT_3D('',#9211,#6696,#6697);
#6105=AXIS2_PLACEMENT_3D('',#9227,#6698,#6699);
#6106=AXIS2_PLACEMENT_3D('',#9228,#6700,#6701);
#6107=AXIS2_PLACEMENT_3D('',#9229,#6702,#6703);
#6108=AXIS2_PLACEMENT_3D('',#9239,#6704,#6705);
#6109=AXIS2_PLACEMENT_3D('',#9240,#6706,#6707);
#6110=AXIS2_PLACEMENT_3D('',#9241,#6708,#6709);
#6111=AXIS2_PLACEMENT_3D('',#9242,#6710,#6711);
#6112=AXIS2_PLACEMENT_3D('',#9243,#6712,#6713);
#6113=AXIS2_PLACEMENT_3D('',#9244,#6714,#6715);
#6114=AXIS2_PLACEMENT_3D('',#9249,#6716,#6717);
#6115=AXIS2_PLACEMENT_3D('',#9270,#6718,#6719);
#6116=AXIS2_PLACEMENT_3D('',#9284,#6720,#6721);
#6117=AXIS2_PLACEMENT_3D('',#9285,#6722,#6723);
#6118=AXIS2_PLACEMENT_3D('',#9286,#6724,#6725);
#6119=AXIS2_PLACEMENT_3D('',#9296,#6726,#6727);
#6120=AXIS2_PLACEMENT_3D('',#9297,#6728,#6729);
#6121=AXIS2_PLACEMENT_3D('',#9298,#6730,#6731);
#6122=AXIS2_PLACEMENT_3D('',#9299,#6732,#6733);
#6123=AXIS2_PLACEMENT_3D('',#9300,#6734,#6735);
#6124=AXIS2_PLACEMENT_3D('',#9301,#6736,#6737);
#6125=AXIS2_PLACEMENT_3D('',#9306,#6738,#6739);
#6126=AXIS2_PLACEMENT_3D('',#9308,#6740,#6741);
#6127=AXIS2_PLACEMENT_3D('',#9311,#6743,#6744);
#6128=AXIS2_PLACEMENT_3D('',#9324,#6745,#6746);
#6129=AXIS2_PLACEMENT_3D('',#9326,#6747,#6748);
#6130=AXIS2_PLACEMENT_3D('',#9346,#6750,#6751);
#6131=AXIS2_PLACEMENT_3D('',#9365,#6753,#6754);
#6132=AXIS2_PLACEMENT_3D('',#9366,#6755,#6756);
#6133=AXIS2_PLACEMENT_3D('',#9383,#6757,#6758);
#6134=AXIS2_PLACEMENT_3D('',#9389,#6761,#6762);
#6135=AXIS2_PLACEMENT_3D('',#9391,#6763,#6764);
#6136=AXIS2_PLACEMENT_3D('',#9393,#6765,#6766);
#6137=AXIS2_PLACEMENT_3D('',#9395,#6767,#6768);
#6138=AXIS2_PLACEMENT_3D('',#9396,#6769,#6770);
#6139=AXIS2_PLACEMENT_3D('',#9397,#6771,#6772);
#6140=AXIS2_PLACEMENT_3D('',#9406,#6774,#6775);
#6141=AXIS2_PLACEMENT_3D('',#9408,#6776,#6777);
#6142=AXIS2_PLACEMENT_3D('',#9410,#6778,#6779);
#6143=AXIS2_PLACEMENT_3D('',#9412,#6780,#6781);
#6144=AXIS2_PLACEMENT_3D('',#9414,#6782,#6783);
#6145=AXIS2_PLACEMENT_3D('',#9416,#6785,#6786);
#6146=AXIS2_PLACEMENT_3D('',#9418,#6787,#6788);
#6147=AXIS2_PLACEMENT_3D('',#9420,#6790,#6791);
#6148=AXIS2_PLACEMENT_3D('',#9430,#6793,#6794);
#6149=AXIS2_PLACEMENT_3D('',#9431,#6795,#6796);
#6150=AXIS2_PLACEMENT_3D('',#9437,#6800,#6801);
#6151=AXIS2_PLACEMENT_3D('',#9441,#6803,#6804);
#6152=AXIS2_PLACEMENT_3D('',#9442,#6805,#6806);
#6153=AXIS2_PLACEMENT_3D('',#9443,#6807,#6808);
#6154=AXIS2_PLACEMENT_3D('',#9447,#6810,#6811);
#6155=AXIS2_PLACEMENT_3D('',#9448,#6812,#6813);
#6156=AXIS2_PLACEMENT_3D('',#9449,#6814,#6815);
#6157=AXIS2_PLACEMENT_3D('',#9453,#6817,#6818);
#6158=AXIS2_PLACEMENT_3D('',#9454,#6819,#6820);
#6159=AXIS2_PLACEMENT_3D('',#9455,#6821,#6822);
#6160=AXIS2_PLACEMENT_3D('',#9459,#6824,#6825);
#6161=AXIS2_PLACEMENT_3D('',#9460,#6826,#6827);
#6162=AXIS2_PLACEMENT_3D('',#9461,#6828,#6829);
#6163=AXIS2_PLACEMENT_3D('',#9463,#6831,#6832);
#6164=AXIS2_PLACEMENT_3D('',#9464,#6833,#6834);
#6165=AXIS2_PLACEMENT_3D('',#9465,#6835,#6836);
#6166=AXIS2_PLACEMENT_3D('',#9475,#6837,#6838);
#6167=AXIS2_PLACEMENT_3D('',#9476,#6839,#6840);
#6168=AXIS2_PLACEMENT_3D('',#9477,#6841,#6842);
#6169=AXIS2_PLACEMENT_3D('',#9487,#6843,#6844);
#6170=AXIS2_PLACEMENT_3D('',#9488,#6845,#6846);
#6171=AXIS2_PLACEMENT_3D('',#9489,#6847,#6848);
#6172=AXIS2_PLACEMENT_3D('',#9490,#6849,#6850);
#6173=AXIS2_PLACEMENT_3D('',#9491,#6851,#6852);
#6174=AXIS2_PLACEMENT_3D('',#9492,#6853,#6854);
#6175=AXIS2_PLACEMENT_3D('',#9502,#6855,#6856);
#6176=AXIS2_PLACEMENT_3D('',#9503,#6857,#6858);
#6177=AXIS2_PLACEMENT_3D('',#9504,#6859,#6860);
#6178=AXIS2_PLACEMENT_3D('',#9514,#6861,#6862);
#6179=AXIS2_PLACEMENT_3D('',#9515,#6863,#6864);
#6180=AXIS2_PLACEMENT_3D('',#9516,#6865,#6866);
#6181=AXIS2_PLACEMENT_3D('',#9517,#6867,#6868);
#6182=AXIS2_PLACEMENT_3D('',#9518,#6869,#6870);
#6183=AXIS2_PLACEMENT_3D('',#9519,#6871,#6872);
#6184=AXIS2_PLACEMENT_3D('',#9960,#6873,#6874);
#6185=AXIS2_PLACEMENT_3D('',#9961,#6875,#6876);
#6186=AXIS2_PLACEMENT_3D('',#9962,#6877,#6878);
#6187=AXIS2_PLACEMENT_3D('',#9971,#6883,#6884);
#6188=AXIS2_PLACEMENT_3D('',#9977,#6888,#6889);
#6189=AXIS2_PLACEMENT_3D('',#9983,#6893,#6894);
#6190=AXIS2_PLACEMENT_3D('',#9986,#6897,#6898);
#6191=AXIS2_PLACEMENT_3D('',#9995,#6903,#6904);
#6192=AXIS2_PLACEMENT_3D('',#10001,#6908,#6909);
#6193=AXIS2_PLACEMENT_3D('',#10007,#6913,#6914);
#6194=AXIS2_PLACEMENT_3D('',#10010,#6917,#6918);
#6195=AXIS2_PLACEMENT_3D('',#10011,#6919,#6920);
#6196=AXIS2_PLACEMENT_3D('',#10012,#6921,#6922);
#6197=AXIS2_PLACEMENT_3D('',#10021,#6927,#6928);
#6198=AXIS2_PLACEMENT_3D('',#10027,#6932,#6933);
#6199=AXIS2_PLACEMENT_3D('',#10033,#6937,#6938);
#6200=AXIS2_PLACEMENT_3D('',#10036,#6941,#6942);
#6201=AXIS2_PLACEMENT_3D('',#10037,#6943,#6944);
#6202=AXIS2_PLACEMENT_3D('',#10038,#6945,#6946);
#6203=AXIS2_PLACEMENT_3D('',#10047,#6951,#6952);
#6204=AXIS2_PLACEMENT_3D('',#10053,#6956,#6957);
#6205=AXIS2_PLACEMENT_3D('',#10059,#6961,#6962);
#6206=AXIS2_PLACEMENT_3D('',#10062,#6965,#6966);
#6207=AXIS2_PLACEMENT_3D('',#10063,#6967,#6968);
#6208=AXIS2_PLACEMENT_3D('',#10064,#6969,#6970);
#6209=AXIS2_PLACEMENT_3D('',#10067,#6971,#6972);
#6210=AXIS2_PLACEMENT_3D('',#10071,#6974,#6975);
#6211=AXIS2_PLACEMENT_3D('',#10073,#6977,#6978);
#6212=AXIS2_PLACEMENT_3D('',#10079,#6982,#6983);
#6213=AXIS2_PLACEMENT_3D('',#10083,#6985,#6986);
#6214=AXIS2_PLACEMENT_3D('',#10087,#6988,#6989);
#6215=AXIS2_PLACEMENT_3D('',#10090,#6991,#6992);
#6216=AXIS2_PLACEMENT_3D('',#10092,#6993,#6994);
#6217=AXIS2_PLACEMENT_3D('',#10093,#6995,#6996);
#6218=AXIS2_PLACEMENT_3D('',#10096,#6998,#6999);
#6219=AXIS2_PLACEMENT_3D('',#10097,#7000,#7001);
#6220=AXIS2_PLACEMENT_3D('',#10101,#7004,#7005);
#6221=AXIS2_PLACEMENT_3D('',#10104,#7007,#7008);
#6222=AXIS2_PLACEMENT_3D('',#10105,#7009,#7010);
#6223=AXIS2_PLACEMENT_3D('',#10109,#7013,#7014);
#6224=AXIS2_PLACEMENT_3D('',#10112,#7016,#7017);
#6225=AXIS2_PLACEMENT_3D('',#10113,#7018,#7019);
#6226=AXIS2_PLACEMENT_3D('',#10116,#7021,#7022);
#6227=AXIS2_PLACEMENT_3D('',#10117,#7023,#7024);
#6228=AXIS2_PLACEMENT_3D('',#10119,#7026,#7027);
#6229=AXIS2_PLACEMENT_3D('',#10120,#7028,#7029);
#6230=AXIS2_PLACEMENT_3D('',#10123,#7030,#7031);
#6231=AXIS2_PLACEMENT_3D('',#10127,#7033,#7034);
#6232=AXIS2_PLACEMENT_3D('',#10129,#7036,#7037);
#6233=AXIS2_PLACEMENT_3D('',#10135,#7041,#7042);
#6234=AXIS2_PLACEMENT_3D('',#10139,#7044,#7045);
#6235=AXIS2_PLACEMENT_3D('',#10143,#7047,#7048);
#6236=AXIS2_PLACEMENT_3D('',#10146,#7050,#7051);
#6237=AXIS2_PLACEMENT_3D('',#10155,#7056,#7057);
#6238=AXIS2_PLACEMENT_3D('',#10158,#7058,#7059);
#6239=AXIS2_PLACEMENT_3D('',#10161,#7062,#7063);
#6240=AXIS2_PLACEMENT_3D('',#10165,#7066,#7067);
#6241=AXIS2_PLACEMENT_3D('',#10167,#7068,#7069);
#6242=AXIS2_PLACEMENT_3D('',#10169,#7071,#7072);
#6243=AXIS2_PLACEMENT_3D('',#10171,#7073,#7074);
#6244=AXIS2_PLACEMENT_3D('',#10173,#7076,#7077);
#6245=AXIS2_PLACEMENT_3D('',#10179,#7081,#7082);
#6246=AXIS2_PLACEMENT_3D('',#10183,#7085,#7086);
#6247=AXIS2_PLACEMENT_3D('',#10187,#7089,#7090);
#6248=AXIS2_PLACEMENT_3D('',#10189,#7092,#7093);
#6249=AXIS2_PLACEMENT_3D('',#10191,#7095,#7096);
#6250=AXIS2_PLACEMENT_3D('',#10193,#7098,#7099);
#6251=AXIS2_PLACEMENT_3D('',#10194,#7100,#7101);
#6252=AXIS2_PLACEMENT_3D('',#10199,#7103,#7104);
#6253=AXIS2_PLACEMENT_3D('',#10202,#7106,#7107);
#6254=AXIS2_PLACEMENT_3D('',#10203,#7108,#7109);
#6255=AXIS2_PLACEMENT_3D('',#10207,#7111,#7112);
#6256=AXIS2_PLACEMENT_3D('',#10209,#7114,#7115);
#6257=AXIS2_PLACEMENT_3D('',#10213,#7117,#7118);
#6258=AXIS2_PLACEMENT_3D('',#10215,#7120,#7121);
#6259=AXIS2_PLACEMENT_3D('',#10218,#7124,#7125);
#6260=AXIS2_PLACEMENT_3D('',#10224,#7129,#7130);
#6261=AXIS2_PLACEMENT_3D('',#10228,#7133,#7134);
#6262=AXIS2_PLACEMENT_3D('',#10232,#7136,#7137);
#6263=AXIS2_PLACEMENT_3D('',#10236,#7139,#7140);
#6264=AXIS2_PLACEMENT_3D('',#10238,#7142,#7143);
#6265=AXIS2_PLACEMENT_3D('',#10250,#7150,#7151);
#6266=AXIS2_PLACEMENT_3D('',#10252,#7152,#7153);
#6267=AXIS2_PLACEMENT_3D('',#10254,#7155,#7156);
#6268=AXIS2_PLACEMENT_3D('',#10258,#7159,#7160);
#6269=AXIS2_PLACEMENT_3D('',#10263,#7163,#7164);
#6270=AXIS2_PLACEMENT_3D('',#10264,#7165,#7166);
#6271=AXIS2_PLACEMENT_3D('',#10266,#7167,#7168);
#6272=AXIS2_PLACEMENT_3D('',#10269,#7170,#7171);
#6273=AXIS2_PLACEMENT_3D('',#10270,#7172,#7173);
#6274=AXIS2_PLACEMENT_3D('',#10276,#7177,#7178);
#6275=AXIS2_PLACEMENT_3D('',#10280,#7180,#7181);
#6276=AXIS2_PLACEMENT_3D('',#10286,#7184,#7185);
#6277=AXIS2_PLACEMENT_3D('',#10288,#7187,#7188);
#6278=AXIS2_PLACEMENT_3D('',#10292,#7190,#7191);
#6279=AXIS2_PLACEMENT_3D('',#10294,#7193,#7194);
#6280=AXIS2_PLACEMENT_3D('',#10298,#7196,#7197);
#6281=AXIS2_PLACEMENT_3D('',#10305,#7202,#7203);
#6282=AXIS2_PLACEMENT_3D('',#10308,#7206,#7207);
#6283=AXIS2_PLACEMENT_3D('',#10309,#7208,#7209);
#6284=AXIS2_PLACEMENT_3D('',#10312,#7212,#7213);
#6285=AXIS2_PLACEMENT_3D('',#10314,#7215,#7216);
#6286=AXIS2_PLACEMENT_3D('',#10315,#7217,#7218);
#6287=AXIS2_PLACEMENT_3D('',#10316,#7219,#7220);
#6288=AXIS2_PLACEMENT_3D('',#10320,#7223,#7224);
#6289=AXIS2_PLACEMENT_3D('',#10322,#7226,#7227);
#6290=AXIS2_PLACEMENT_3D('',#10323,#7228,#7229);
#6291=AXIS2_PLACEMENT_3D('',#10324,#7230,#7231);
#6292=AXIS2_PLACEMENT_3D('',#10333,#7236,#7237);
#6293=AXIS2_PLACEMENT_3D('',#10339,#7241,#7242);
#6294=AXIS2_PLACEMENT_3D('',#10345,#7246,#7247);
#6295=AXIS2_PLACEMENT_3D('',#10348,#7250,#7251);
#6296=AXIS2_PLACEMENT_3D('',#10349,#7252,#7253);
#6297=AXIS2_PLACEMENT_3D('',#10350,#7254,#7255);
#6298=AXIS2_PLACEMENT_3D('',#10355,#7257,#7258);
#6299=AXIS2_PLACEMENT_3D('',#10358,#7260,#7261);
#6300=AXIS2_PLACEMENT_3D('',#10359,#7262,#7263);
#6301=AXIS2_PLACEMENT_3D('',#10364,#7266,#7267);
#6302=AXIS2_PLACEMENT_3D('',#10365,#7268,#7269);
#6303=AXIS2_PLACEMENT_3D('',#10370,#7272,#7273);
#6304=AXIS2_PLACEMENT_3D('',#10371,#7274,#7275);
#6305=AXIS2_PLACEMENT_3D('',#10374,#7278,#7279);
#6306=AXIS2_PLACEMENT_3D('',#10380,#7283,#7284);
#6307=AXIS2_PLACEMENT_3D('',#10384,#7287,#7288);
#6308=AXIS2_PLACEMENT_3D('',#10388,#7290,#7291);
#6309=AXIS2_PLACEMENT_3D('',#10392,#7293,#7294);
#6310=AXIS2_PLACEMENT_3D('',#10394,#7296,#7297);
#6311=AXIS2_PLACEMENT_3D('',#10406,#7304,#7305);
#6312=AXIS2_PLACEMENT_3D('',#10409,#7307,#7308);
#6313=AXIS2_PLACEMENT_3D('',#10410,#7309,#7310);
#6314=AXIS2_PLACEMENT_3D('',#10414,#7313,#7314);
#6315=AXIS2_PLACEMENT_3D('',#10416,#7315,#7316);
#6316=AXIS2_PLACEMENT_3D('',#10420,#7319,#7320);
#6317=AXIS2_PLACEMENT_3D('',#10422,#7321,#7322);
#6318=AXIS2_PLACEMENT_3D('',#10424,#7323,#7324);
#6319=AXIS2_PLACEMENT_3D('',#10426,#7326,#7327);
#6320=AXIS2_PLACEMENT_3D('',#10432,#7331,#7332);
#6321=AXIS2_PLACEMENT_3D('',#10436,#7334,#7335);
#6322=AXIS2_PLACEMENT_3D('',#10442,#7338,#7339);
#6323=AXIS2_PLACEMENT_3D('',#10444,#7341,#7342);
#6324=AXIS2_PLACEMENT_3D('',#10448,#7344,#7345);
#6325=AXIS2_PLACEMENT_3D('',#10450,#7347,#7348);
#6326=AXIS2_PLACEMENT_3D('',#10459,#7353,#7354);
#6327=AXIS2_PLACEMENT_3D('',#10461,#7356,#7357);
#6328=AXIS2_PLACEMENT_3D('',#10464,#7360,#7361);
#6329=AXIS2_PLACEMENT_3D('',#10465,#7362,#7363);
#6330=AXIS2_PLACEMENT_3D('',#10468,#7366,#7367);
#6331=AXIS2_PLACEMENT_3D('',#10470,#7369,#7370);
#6332=AXIS2_PLACEMENT_3D('',#10471,#7371,#7372);
#6333=AXIS2_PLACEMENT_3D('',#10472,#7373,#7374);
#6334=AXIS2_PLACEMENT_3D('',#10476,#7377,#7378);
#6335=AXIS2_PLACEMENT_3D('',#10478,#7380,#7381);
#6336=AXIS2_PLACEMENT_3D('',#10479,#7382,#7383);
#6337=AXIS2_PLACEMENT_3D('',#10480,#7384,#7385);
#6338=AXIS2_PLACEMENT_3D('',#10489,#7390,#7391);
#6339=AXIS2_PLACEMENT_3D('',#10495,#7395,#7396);
#6340=AXIS2_PLACEMENT_3D('',#10501,#7400,#7401);
#6341=AXIS2_PLACEMENT_3D('',#10504,#7404,#7405);
#6342=AXIS2_PLACEMENT_3D('',#10505,#7406,#7407);
#6343=AXIS2_PLACEMENT_3D('',#10506,#7408,#7409);
#6344=AXIS2_PLACEMENT_3D('',#10511,#7411,#7412);
#6345=AXIS2_PLACEMENT_3D('',#10514,#7414,#7415);
#6346=AXIS2_PLACEMENT_3D('',#10515,#7416,#7417);
#6347=AXIS2_PLACEMENT_3D('',#10520,#7420,#7421);
#6348=AXIS2_PLACEMENT_3D('',#10521,#7422,#7423);
#6349=AXIS2_PLACEMENT_3D('',#10526,#7426,#7427);
#6350=AXIS2_PLACEMENT_3D('',#10527,#7428,#7429);
#6351=AXIS2_PLACEMENT_3D('',#10530,#7432,#7433);
#6352=AXIS2_PLACEMENT_3D('',#10536,#7437,#7438);
#6353=AXIS2_PLACEMENT_3D('',#10540,#7441,#7442);
#6354=AXIS2_PLACEMENT_3D('',#10544,#7444,#7445);
#6355=AXIS2_PLACEMENT_3D('',#10548,#7447,#7448);
#6356=AXIS2_PLACEMENT_3D('',#10550,#7450,#7451);
#6357=AXIS2_PLACEMENT_3D('',#10562,#7458,#7459);
#6358=AXIS2_PLACEMENT_3D('',#10565,#7461,#7462);
#6359=AXIS2_PLACEMENT_3D('',#10566,#7463,#7464);
#6360=AXIS2_PLACEMENT_3D('',#10570,#7467,#7468);
#6361=AXIS2_PLACEMENT_3D('',#10572,#7469,#7470);
#6362=AXIS2_PLACEMENT_3D('',#10576,#7473,#7474);
#6363=AXIS2_PLACEMENT_3D('',#10578,#7475,#7476);
#6364=AXIS2_PLACEMENT_3D('',#10580,#7477,#7478);
#6365=AXIS2_PLACEMENT_3D('',#10582,#7480,#7481);
#6366=AXIS2_PLACEMENT_3D('',#10588,#7485,#7486);
#6367=AXIS2_PLACEMENT_3D('',#10592,#7488,#7489);
#6368=AXIS2_PLACEMENT_3D('',#10598,#7492,#7493);
#6369=AXIS2_PLACEMENT_3D('',#10600,#7495,#7496);
#6370=AXIS2_PLACEMENT_3D('',#10604,#7498,#7499);
#6371=AXIS2_PLACEMENT_3D('',#10606,#7501,#7502);
#6372=AXIS2_PLACEMENT_3D('',#10615,#7507,#7508);
#6373=AXIS2_PLACEMENT_3D('',#10617,#7510,#7511);
#6374=AXIS2_PLACEMENT_3D('',#10620,#7514,#7515);
#6375=AXIS2_PLACEMENT_3D('',#10621,#7516,#7517);
#6376=AXIS2_PLACEMENT_3D('',#10624,#7520,#7521);
#6377=AXIS2_PLACEMENT_3D('',#10626,#7523,#7524);
#6378=AXIS2_PLACEMENT_3D('',#10627,#7525,#7526);
#6379=AXIS2_PLACEMENT_3D('',#10628,#7527,#7528);
#6380=AXIS2_PLACEMENT_3D('',#10632,#7531,#7532);
#6381=AXIS2_PLACEMENT_3D('',#10634,#7534,#7535);
#6382=AXIS2_PLACEMENT_3D('',#10635,#7536,#7537);
#6383=AXIS2_PLACEMENT_3D('',#10636,#7538,#7539);
#6384=AXIS2_PLACEMENT_3D('',#10645,#7544,#7545);
#6385=AXIS2_PLACEMENT_3D('',#10651,#7549,#7550);
#6386=AXIS2_PLACEMENT_3D('',#10657,#7554,#7555);
#6387=AXIS2_PLACEMENT_3D('',#10660,#7558,#7559);
#6388=AXIS2_PLACEMENT_3D('',#10661,#7560,#7561);
#6389=AXIS2_PLACEMENT_3D('',#10662,#7562,#7563);
#6390=AXIS2_PLACEMENT_3D('',#10667,#7565,#7566);
#6391=AXIS2_PLACEMENT_3D('',#10670,#7568,#7569);
#6392=AXIS2_PLACEMENT_3D('',#10671,#7570,#7571);
#6393=AXIS2_PLACEMENT_3D('',#10675,#7573,#7574);
#6394=AXIS2_PLACEMENT_3D('',#10677,#7576,#7577);
#6395=AXIS2_PLACEMENT_3D('',#10681,#7579,#7580);
#6396=AXIS2_PLACEMENT_3D('',#10683,#7582,#7583);
#6397=AXIS2_PLACEMENT_3D('',#10686,#7586,#7587);
#6398=AXIS2_PLACEMENT_3D('',#10692,#7591,#7592);
#6399=AXIS2_PLACEMENT_3D('',#10696,#7595,#7596);
#6400=AXIS2_PLACEMENT_3D('',#10700,#7598,#7599);
#6401=AXIS2_PLACEMENT_3D('',#10704,#7601,#7602);
#6402=AXIS2_PLACEMENT_3D('',#10706,#7604,#7605);
#6403=AXIS2_PLACEMENT_3D('',#10718,#7612,#7613);
#6404=AXIS2_PLACEMENT_3D('',#10720,#7614,#7615);
#6405=AXIS2_PLACEMENT_3D('',#10722,#7617,#7618);
#6406=AXIS2_PLACEMENT_3D('',#10726,#7621,#7622);
#6407=AXIS2_PLACEMENT_3D('',#10731,#7625,#7626);
#6408=AXIS2_PLACEMENT_3D('',#10732,#7627,#7628);
#6409=AXIS2_PLACEMENT_3D('',#10734,#7629,#7630);
#6410=AXIS2_PLACEMENT_3D('',#10737,#7632,#7633);
#6411=AXIS2_PLACEMENT_3D('',#10738,#7634,#7635);
#6412=AXIS2_PLACEMENT_3D('',#10744,#7639,#7640);
#6413=AXIS2_PLACEMENT_3D('',#10748,#7642,#7643);
#6414=AXIS2_PLACEMENT_3D('',#10754,#7646,#7647);
#6415=AXIS2_PLACEMENT_3D('',#10756,#7649,#7650);
#6416=AXIS2_PLACEMENT_3D('',#10760,#7652,#7653);
#6417=AXIS2_PLACEMENT_3D('',#10762,#7655,#7656);
#6418=AXIS2_PLACEMENT_3D('',#10766,#7658,#7659);
#6419=AXIS2_PLACEMENT_3D('',#10773,#7664,#7665);
#6420=AXIS2_PLACEMENT_3D('',#10776,#7668,#7669);
#6421=AXIS2_PLACEMENT_3D('',#10777,#7670,#7671);
#6422=AXIS2_PLACEMENT_3D('',#10780,#7674,#7675);
#6423=AXIS2_PLACEMENT_3D('',#10782,#7677,#7678);
#6424=AXIS2_PLACEMENT_3D('',#10783,#7679,#7680);
#6425=AXIS2_PLACEMENT_3D('',#10784,#7681,#7682);
#6426=AXIS2_PLACEMENT_3D('',#10788,#7685,#7686);
#6427=AXIS2_PLACEMENT_3D('',#10790,#7688,#7689);
#6428=AXIS2_PLACEMENT_3D('',#10791,#7690,#7691);
#6429=AXIS2_PLACEMENT_3D('',#10792,#7692,#7693);
#6430=AXIS2_PLACEMENT_3D('',#10801,#7698,#7699);
#6431=AXIS2_PLACEMENT_3D('',#10807,#7703,#7704);
#6432=AXIS2_PLACEMENT_3D('',#10813,#7708,#7709);
#6433=AXIS2_PLACEMENT_3D('',#10816,#7712,#7713);
#6434=AXIS2_PLACEMENT_3D('',#10817,#7714,#7715);
#6435=AXIS2_PLACEMENT_3D('',#10818,#7716,#7717);
#6436=AXIS2_PLACEMENT_3D('',#10829,#7723,#7724);
#6437=AXIS2_PLACEMENT_3D('',#10835,#7728,#7729);
#6438=AXIS2_PLACEMENT_3D('',#10839,#7732,#7733);
#6439=AXIS2_PLACEMENT_3D('',#10845,#7737,#7738);
#6440=AXIS2_PLACEMENT_3D('',#10855,#7744,#7745);
#6441=AXIS2_PLACEMENT_3D('',#10859,#7748,#7749);
#6442=AXIS2_PLACEMENT_3D('',#10863,#7752,#7753);
#6443=AXIS2_PLACEMENT_3D('',#10869,#7757,#7758);
#6444=AXIS2_PLACEMENT_3D('',#10873,#7761,#7762);
#6445=AXIS2_PLACEMENT_3D('',#10877,#7765,#7766);
#6446=AXIS2_PLACEMENT_3D('',#10879,#7768,#7769);
#6447=AXIS2_PLACEMENT_3D('',#10880,#7770,#7771);
#6448=AXIS2_PLACEMENT_3D('',#10891,#7777,#7778);
#6449=AXIS2_PLACEMENT_3D('',#10897,#7782,#7783);
#6450=AXIS2_PLACEMENT_3D('',#10901,#7786,#7787);
#6451=AXIS2_PLACEMENT_3D('',#10907,#7791,#7792);
#6452=AXIS2_PLACEMENT_3D('',#10917,#7798,#7799);
#6453=AXIS2_PLACEMENT_3D('',#10921,#7802,#7803);
#6454=AXIS2_PLACEMENT_3D('',#10925,#7806,#7807);
#6455=AXIS2_PLACEMENT_3D('',#10931,#7811,#7812);
#6456=AXIS2_PLACEMENT_3D('',#10935,#7815,#7816);
#6457=AXIS2_PLACEMENT_3D('',#10939,#7819,#7820);
#6458=AXIS2_PLACEMENT_3D('',#10941,#7822,#7823);
#6459=AXIS2_PLACEMENT_3D('',#10942,#7824,#7825);
#6460=AXIS2_PLACEMENT_3D('',#10953,#7831,#7832);
#6461=AXIS2_PLACEMENT_3D('',#10959,#7836,#7837);
#6462=AXIS2_PLACEMENT_3D('',#10963,#7840,#7841);
#6463=AXIS2_PLACEMENT_3D('',#10969,#7845,#7846);
#6464=AXIS2_PLACEMENT_3D('',#10979,#7852,#7853);
#6465=AXIS2_PLACEMENT_3D('',#10983,#7856,#7857);
#6466=AXIS2_PLACEMENT_3D('',#10987,#7860,#7861);
#6467=AXIS2_PLACEMENT_3D('',#10993,#7865,#7866);
#6468=AXIS2_PLACEMENT_3D('',#10997,#7869,#7870);
#6469=AXIS2_PLACEMENT_3D('',#11001,#7873,#7874);
#6470=AXIS2_PLACEMENT_3D('',#11003,#7876,#7877);
#6471=AXIS2_PLACEMENT_3D('',#11004,#7878,#7879);
#6472=AXIS2_PLACEMENT_3D('',#11015,#7885,#7886);
#6473=AXIS2_PLACEMENT_3D('',#11021,#7890,#7891);
#6474=AXIS2_PLACEMENT_3D('',#11025,#7894,#7895);
#6475=AXIS2_PLACEMENT_3D('',#11031,#7899,#7900);
#6476=AXIS2_PLACEMENT_3D('',#11041,#7906,#7907);
#6477=AXIS2_PLACEMENT_3D('',#11045,#7910,#7911);
#6478=AXIS2_PLACEMENT_3D('',#11049,#7914,#7915);
#6479=AXIS2_PLACEMENT_3D('',#11055,#7919,#7920);
#6480=AXIS2_PLACEMENT_3D('',#11059,#7923,#7924);
#6481=AXIS2_PLACEMENT_3D('',#11063,#7927,#7928);
#6482=AXIS2_PLACEMENT_3D('',#11065,#7930,#7931);
#6483=AXIS2_PLACEMENT_3D('',#11066,#7932,#7933);
#6484=AXIS2_PLACEMENT_3D('',#11077,#7939,#7940);
#6485=AXIS2_PLACEMENT_3D('',#11083,#7944,#7945);
#6486=AXIS2_PLACEMENT_3D('',#11087,#7948,#7949);
#6487=AXIS2_PLACEMENT_3D('',#11093,#7953,#7954);
#6488=AXIS2_PLACEMENT_3D('',#11103,#7960,#7961);
#6489=AXIS2_PLACEMENT_3D('',#11107,#7964,#7965);
#6490=AXIS2_PLACEMENT_3D('',#11111,#7968,#7969);
#6491=AXIS2_PLACEMENT_3D('',#11117,#7973,#7974);
#6492=AXIS2_PLACEMENT_3D('',#11121,#7977,#7978);
#6493=AXIS2_PLACEMENT_3D('',#11125,#7981,#7982);
#6494=AXIS2_PLACEMENT_3D('',#11127,#7984,#7985);
#6495=AXIS2_PLACEMENT_3D('',#11128,#7986,#7987);
#6496=AXIS2_PLACEMENT_3D('',#11139,#7993,#7994);
#6497=AXIS2_PLACEMENT_3D('',#11145,#7998,#7999);
#6498=AXIS2_PLACEMENT_3D('',#11149,#8002,#8003);
#6499=AXIS2_PLACEMENT_3D('',#11155,#8007,#8008);
#6500=AXIS2_PLACEMENT_3D('',#11165,#8014,#8015);
#6501=AXIS2_PLACEMENT_3D('',#11169,#8018,#8019);
#6502=AXIS2_PLACEMENT_3D('',#11173,#8022,#8023);
#6503=AXIS2_PLACEMENT_3D('',#11179,#8027,#8028);
#6504=AXIS2_PLACEMENT_3D('',#11183,#8031,#8032);
#6505=AXIS2_PLACEMENT_3D('',#11187,#8035,#8036);
#6506=AXIS2_PLACEMENT_3D('',#11189,#8038,#8039);
#6507=AXIS2_PLACEMENT_3D('',#11190,#8040,#8041);
#6508=AXIS2_PLACEMENT_3D('',#11201,#8047,#8048);
#6509=AXIS2_PLACEMENT_3D('',#11207,#8052,#8053);
#6510=AXIS2_PLACEMENT_3D('',#11211,#8056,#8057);
#6511=AXIS2_PLACEMENT_3D('',#11217,#8061,#8062);
#6512=AXIS2_PLACEMENT_3D('',#11227,#8068,#8069);
#6513=AXIS2_PLACEMENT_3D('',#11231,#8072,#8073);
#6514=AXIS2_PLACEMENT_3D('',#11235,#8076,#8077);
#6515=AXIS2_PLACEMENT_3D('',#11241,#8081,#8082);
#6516=AXIS2_PLACEMENT_3D('',#11245,#8085,#8086);
#6517=AXIS2_PLACEMENT_3D('',#11249,#8089,#8090);
#6518=AXIS2_PLACEMENT_3D('',#11251,#8092,#8093);
#6519=AXIS2_PLACEMENT_3D('',#11252,#8094,#8095);
#6520=AXIS2_PLACEMENT_3D('',#11263,#8101,#8102);
#6521=AXIS2_PLACEMENT_3D('',#11269,#8106,#8107);
#6522=AXIS2_PLACEMENT_3D('',#11273,#8110,#8111);
#6523=AXIS2_PLACEMENT_3D('',#11279,#8115,#8116);
#6524=AXIS2_PLACEMENT_3D('',#11289,#8122,#8123);
#6525=AXIS2_PLACEMENT_3D('',#11293,#8126,#8127);
#6526=AXIS2_PLACEMENT_3D('',#11297,#8130,#8131);
#6527=AXIS2_PLACEMENT_3D('',#11303,#8135,#8136);
#6528=AXIS2_PLACEMENT_3D('',#11307,#8139,#8140);
#6529=AXIS2_PLACEMENT_3D('',#11311,#8143,#8144);
#6530=AXIS2_PLACEMENT_3D('',#11313,#8146,#8147);
#6531=AXIS2_PLACEMENT_3D('',#11314,#8148,#8149);
#6532=AXIS2_PLACEMENT_3D('',#11315,#8150,#8151);
#6533=AXIS2_PLACEMENT_3D('',#11316,#8152,#8153);
#6534=AXIS2_PLACEMENT_3D('',#11317,#8154,#8155);
#6535=DIRECTION('axis',(0.,0.,1.));
#6536=DIRECTION('refdir',(1.,0.,0.));
#6537=DIRECTION('axis',(0.,0.,1.));
#6538=DIRECTION('refdir',(1.,0.,0.));
#6539=DIRECTION('center_axis',(0.,0.,-1.));
#6540=DIRECTION('ref_axis',(-1.,0.,0.));
#6541=DIRECTION('',(0.,0.,-1.));
#6542=DIRECTION('center_axis',(0.,0.,-1.));
#6543=DIRECTION('ref_axis',(-1.,0.,0.));
#6544=DIRECTION('center_axis',(0.,0.,-1.));
#6545=DIRECTION('ref_axis',(-1.,0.,0.));
#6546=DIRECTION('',(0.,0.,-1.));
#6547=DIRECTION('center_axis',(0.,0.,-1.));
#6548=DIRECTION('ref_axis',(-1.,0.,0.));
#6549=DIRECTION('',(0.,0.,-1.));
#6550=DIRECTION('center_axis',(0.,0.,-1.));
#6551=DIRECTION('ref_axis',(-1.,0.,0.));
#6552=DIRECTION('',(0.,0.,-1.));
#6553=DIRECTION('center_axis',(0.,0.,-1.));
#6554=DIRECTION('ref_axis',(1.,-1.77635683940025E-15,0.));
#6555=DIRECTION('center_axis',(0.,0.,1.));
#6556=DIRECTION('ref_axis',(1.,0.,0.));
#6557=DIRECTION('',(0.,0.,1.));
#6558=DIRECTION('center_axis',(0.,0.,1.));
#6559=DIRECTION('ref_axis',(1.,0.,0.));
#6560=DIRECTION('center_axis',(0.,0.,1.));
#6561=DIRECTION('ref_axis',(1.,0.,0.));
#6562=DIRECTION('',(0.,0.,1.));
#6563=DIRECTION('center_axis',(0.,0.,1.));
#6564=DIRECTION('ref_axis',(1.,0.,0.));
#6565=DIRECTION('',(0.,0.,1.));
#6566=DIRECTION('center_axis',(0.,0.,1.));
#6567=DIRECTION('ref_axis',(1.,0.,0.));
#6568=DIRECTION('',(0.,0.,1.));
#6569=DIRECTION('center_axis',(0.,0.,1.));
#6570=DIRECTION('ref_axis',(1.,0.,0.));
#6571=DIRECTION('',(0.,0.,1.));
#6572=DIRECTION('center_axis',(0.,0.,1.));
#6573=DIRECTION('ref_axis',(1.,0.,0.));
#6574=DIRECTION('',(0.,0.,1.));
#6575=DIRECTION('center_axis',(0.,0.,-1.));
#6576=DIRECTION('ref_axis',(-1.,0.,0.));
#6577=DIRECTION('center_axis',(0.,0.,1.));
#6578=DIRECTION('ref_axis',(1.,0.,0.));
#6579=DIRECTION('',(-0.707106781186549,-8.65956056235495E-17,0.707106781186546));
#6580=DIRECTION('center_axis',(0.,0.,-1.));
#6581=DIRECTION('ref_axis',(1.,0.,0.));
#6582=DIRECTION('',(-0.707106781186549,8.65956056235495E-17,-0.707106781186546));
#6583=DIRECTION('center_axis',(0.,0.,1.));
#6584=DIRECTION('ref_axis',(-1.,-1.77635683940025E-15,0.));
#6585=DIRECTION('center_axis',(0.,0.,-1.));
#6586=DIRECTION('ref_axis',(-1.,0.,0.));
#6587=DIRECTION('center_axis',(0.,0.,-1.));
#6588=DIRECTION('ref_axis',(-1.,0.,0.));
#6589=DIRECTION('center_axis',(0.,0.,-1.));
#6590=DIRECTION('ref_axis',(-1.,0.,0.));
#6591=DIRECTION('',(-0.642787609686534,7.87187788734192E-17,0.766044443118982));
#6592=DIRECTION('center_axis',(0.,0.,1.));
#6593=DIRECTION('ref_axis',(1.,0.,0.));
#6594=DIRECTION('center_axis',(0.,0.,-1.));
#6595=DIRECTION('ref_axis',(1.,0.,0.));
#6596=DIRECTION('center_axis',(0.,0.,1.));
#6597=DIRECTION('ref_axis',(-1.,-1.77635683940025E-15,0.));
#6598=DIRECTION('center_axis',(0.,0.,1.));
#6599=DIRECTION('ref_axis',(1.,0.,0.));
#6600=DIRECTION('center_axis',(0.,0.,1.));
#6601=DIRECTION('ref_axis',(1.,0.,0.));
#6602=DIRECTION('center_axis',(0.,0.,1.));
#6603=DIRECTION('ref_axis',(1.,0.,0.));
#6604=DIRECTION('',(0.0871557427476584,1.0673500138323E-17,-0.996194698091746));
#6605=DIRECTION('center_axis',(-6.24641673662676E-17,0.,-1.));
#6606=DIRECTION('ref_axis',(-1.,0.,6.24641673662676E-17));
#6607=DIRECTION('center_axis',(0.,0.,-1.));
#6608=DIRECTION('ref_axis',(-1.,0.,0.));
#6609=DIRECTION('center_axis',(6.24641673662676E-17,0.,-1.));
#6610=DIRECTION('ref_axis',(-1.,0.,-6.24641673662676E-17));
#6611=DIRECTION('center_axis',(0.,0.,-1.));
#6612=DIRECTION('ref_axis',(-1.,0.,0.));
#6613=DIRECTION('center_axis',(-6.24641673662676E-17,0.,-1.));
#6614=DIRECTION('ref_axis',(-1.,0.,6.24641673662676E-17));
#6615=DIRECTION('center_axis',(0.,0.,1.));
#6616=DIRECTION('ref_axis',(1.,0.,0.));
#6617=DIRECTION('center_axis',(0.,0.,-1.));
#6618=DIRECTION('ref_axis',(-1.,0.,0.));
#6619=DIRECTION('center_axis',(0.,1.,0.));
#6620=DIRECTION('ref_axis',(0.,0.,1.));
#6621=DIRECTION('',(-1.,0.,6.24641673662676E-17));
#6622=DIRECTION('',(0.258819045102514,0.,0.96592582628907));
#6623=DIRECTION('center_axis',(0.,-1.,0.));
#6624=DIRECTION('ref_axis',(0.,0.,1.));
#6625=DIRECTION('center_axis',(0.,-1.,0.));
#6626=DIRECTION('ref_axis',(0.,0.,1.));
#6627=DIRECTION('center_axis',(0.,-1.,0.));
#6628=DIRECTION('ref_axis',(0.,0.,1.));
#6629=DIRECTION('center_axis',(0.,-1.,0.));
#6630=DIRECTION('ref_axis',(0.,0.,1.));
#6631=DIRECTION('center_axis',(0.,-1.,0.));
#6632=DIRECTION('ref_axis',(0.,0.,1.));
#6633=DIRECTION('center_axis',(0.,1.,0.));
#6634=DIRECTION('ref_axis',(0.,0.,1.));
#6635=DIRECTION('',(1.,0.,-6.24641673662676E-17));
#6636=DIRECTION('center_axis',(0.,1.,0.));
#6637=DIRECTION('ref_axis',(0.,0.,1.));
#6638=DIRECTION('center_axis',(0.,1.,0.));
#6639=DIRECTION('ref_axis',(0.,0.,1.));
#6640=DIRECTION('center_axis',(0.,1.,0.));
#6641=DIRECTION('ref_axis',(0.,0.,1.));
#6642=DIRECTION('center_axis',(0.,1.,0.));
#6643=DIRECTION('ref_axis',(0.,0.,1.));
#6644=DIRECTION('center_axis',(0.,1.,0.));
#6645=DIRECTION('ref_axis',(0.,0.,1.));
#6646=DIRECTION('',(-0.258819045102514,0.,-0.96592582628907));
#6647=DIRECTION('center_axis',(-6.24641673662676E-17,0.,-1.));
#6648=DIRECTION('ref_axis',(1.,0.,-6.24641673662676E-17));
#6649=DIRECTION('',(-1.,0.,6.24641673662676E-17));
#6650=DIRECTION('',(1.,0.,-6.24641673662676E-17));
#6651=DIRECTION('',(0.,-1.,0.));
#6652=DIRECTION('center_axis',(0.,-1.,0.));
#6653=DIRECTION('ref_axis',(0.,0.,-1.));
#6654=DIRECTION('',(0.,-1.,0.));
#6655=DIRECTION('center_axis',(0.,-1.,0.));
#6656=DIRECTION('ref_axis',(0.,0.,1.));
#6657=DIRECTION('center_axis',(0.,1.,0.));
#6658=DIRECTION('ref_axis',(0.,0.,1.));
#6659=DIRECTION('center_axis',(0.,-1.,0.));
#6660=DIRECTION('ref_axis',(0.,0.,-1.));
#6661=DIRECTION('',(0.,-1.,0.));
#6662=DIRECTION('center_axis',(0.,-1.,0.));
#6663=DIRECTION('ref_axis',(0.,0.,1.));
#6664=DIRECTION('center_axis',(0.,1.,0.));
#6665=DIRECTION('ref_axis',(0.,0.,1.));
#6666=DIRECTION('center_axis',(0.,-1.,0.));
#6667=DIRECTION('ref_axis',(0.,0.,-1.));
#6668=DIRECTION('',(0.,-1.,0.));
#6669=DIRECTION('center_axis',(0.,-1.,0.));
#6670=DIRECTION('ref_axis',(0.,0.,1.));
#6671=DIRECTION('center_axis',(0.,1.,0.));
#6672=DIRECTION('ref_axis',(0.,0.,1.));
#6673=DIRECTION('center_axis',(0.,-1.,0.));
#6674=DIRECTION('ref_axis',(0.,0.,-1.));
#6675=DIRECTION('',(0.,-1.,0.));
#6676=DIRECTION('center_axis',(0.,-1.,0.));
#6677=DIRECTION('ref_axis',(0.,0.,1.));
#6678=DIRECTION('center_axis',(0.,1.,0.));
#6679=DIRECTION('ref_axis',(0.,0.,1.));
#6680=DIRECTION('center_axis',(0.,-1.,0.));
#6681=DIRECTION('ref_axis',(0.,0.,-1.));
#6682=DIRECTION('',(0.,-1.,0.));
#6683=DIRECTION('center_axis',(0.,-1.,0.));
#6684=DIRECTION('ref_axis',(0.,0.,1.));
#6685=DIRECTION('center_axis',(0.,1.,0.));
#6686=DIRECTION('ref_axis',(0.,0.,1.));
#6687=DIRECTION('center_axis',(-0.96592582628907,0.,0.258819045102514));
#6688=DIRECTION('ref_axis',(-0.258819045102514,0.,-0.96592582628907));
#6689=DIRECTION('',(0.,-1.,0.));
#6690=DIRECTION('',(0.,-1.,0.));
#6691=DIRECTION('',(0.,-1.,0.));
#6692=DIRECTION('',(0.258819045102514,0.,0.96592582628907));
#6693=DIRECTION('',(-0.258819045102514,0.,-0.96592582628907));
#6694=DIRECTION('center_axis',(-0.258819045102514,0.,-0.96592582628907));
#6695=DIRECTION('ref_axis',(0.96592582628907,0.,-0.258819045102514));
#6696=DIRECTION('center_axis',(0.258819045102513,5.98639298092305E-16,0.965925826289071));
#6697=DIRECTION('ref_axis',(0.96592582628907,-3.20474742746036E-31,-0.258819045102513));
#6698=DIRECTION('center_axis',(1.,0.,-2.31296463463574E-15));
#6699=DIRECTION('ref_axis',(-2.31296463463574E-15,0.,-1.));
#6700=DIRECTION('center_axis',(0.,1.,0.));
#6701=DIRECTION('ref_axis',(0.,0.,1.));
#6702=DIRECTION('center_axis',(0.829037572555041,0.,-0.559192903470748));
#6703=DIRECTION('ref_axis',(-0.559192903470748,0.,-0.829037572555041));
#6704=DIRECTION('center_axis',(0.,0.,-1.));
#6705=DIRECTION('ref_axis',(-1.,0.,0.));
#6706=DIRECTION('center_axis',(0.,1.,0.));
#6707=DIRECTION('ref_axis',(0.,0.,1.));
#6708=DIRECTION('center_axis',(-0.68148989005451,-8.4634559468009E-16,-0.73182752732696));
#6709=DIRECTION('ref_axis',(-0.73182752732696,0.,0.68148989005451));
#6710=DIRECTION('center_axis',(0.,1.,0.));
#6711=DIRECTION('ref_axis',(0.,0.,1.));
#6712=DIRECTION('center_axis',(-1.,2.31296463463574E-15,2.31296463463574E-15));
#6713=DIRECTION('ref_axis',(-2.31296463463574E-15,-1.,3.50324616081204E-45));
#6714=DIRECTION('center_axis',(1.,0.,-6.24641673662676E-17));
#6715=DIRECTION('ref_axis',(6.24641673662676E-17,0.,1.));
#6716=DIRECTION('center_axis',(0.258819045102514,0.,0.96592582628907));
#6717=DIRECTION('ref_axis',(-0.96592582628907,0.,0.258819045102514));
#6718=DIRECTION('center_axis',(0.258819045102512,0.,0.965925826289071));
#6719=DIRECTION('ref_axis',(0.965925826289071,0.,-0.258819045102512));
#6720=DIRECTION('center_axis',(1.,0.,-2.31296463463574E-15));
#6721=DIRECTION('ref_axis',(-2.31296463463574E-15,0.,-1.));
#6722=DIRECTION('center_axis',(0.,1.,0.));
#6723=DIRECTION('ref_axis',(0.,0.,1.));
#6724=DIRECTION('center_axis',(0.829037572555041,0.,-0.559192903470748));
#6725=DIRECTION('ref_axis',(-0.559192903470748,0.,-0.829037572555041));
#6726=DIRECTION('center_axis',(0.,0.,-1.));
#6727=DIRECTION('ref_axis',(-1.,0.,0.));
#6728=DIRECTION('center_axis',(0.,1.,0.));
#6729=DIRECTION('ref_axis',(0.,0.,1.));
#6730=DIRECTION('center_axis',(-0.68148989005451,0.,-0.731827527326959));
#6731=DIRECTION('ref_axis',(-0.731827527326959,0.,0.68148989005451));
#6732=DIRECTION('center_axis',(0.,1.,0.));
#6733=DIRECTION('ref_axis',(0.,0.,1.));
#6734=DIRECTION('center_axis',(-1.,0.,0.));
#6735=DIRECTION('ref_axis',(0.,0.,1.));
#6736=DIRECTION('center_axis',(-1.,0.,6.24641673662676E-17));
#6737=DIRECTION('ref_axis',(-6.24641673662676E-17,0.,-1.));
#6738=DIRECTION('center_axis',(0.,0.,-1.));
#6739=DIRECTION('ref_axis',(-1.,0.,0.));
#6740=DIRECTION('center_axis',(0.,0.,-1.));
#6741=DIRECTION('ref_axis',(-1.,0.,0.));
#6742=DIRECTION('',(0.,-1.,0.));
#6743=DIRECTION('center_axis',(0.,0.,-1.));
#6744=DIRECTION('ref_axis',(-1.,0.,0.));
#6745=DIRECTION('center_axis',(0.,0.,-1.));
#6746=DIRECTION('ref_axis',(-1.,0.,0.));
#6747=DIRECTION('center_axis',(0.,0.,1.));
#6748=DIRECTION('ref_axis',(1.,0.,0.));
#6749=DIRECTION('',(0.,-1.,0.));
#6750=DIRECTION('center_axis',(0.,0.,-1.));
#6751=DIRECTION('ref_axis',(-1.,0.,0.));
#6752=DIRECTION('',(0.,-1.,0.));
#6753=DIRECTION('center_axis',(0.,0.,1.));
#6754=DIRECTION('ref_axis',(1.,0.,0.));
#6755=DIRECTION('center_axis',(0.,0.,1.));
#6756=DIRECTION('ref_axis',(-1.,0.,0.));
#6757=DIRECTION('center_axis',(0.,1.,0.));
#6758=DIRECTION('ref_axis',(0.,0.,1.));
#6759=DIRECTION('',(-0.258819045102514,0.,0.96592582628907));
#6760=DIRECTION('',(1.,0.,6.24641673662676E-17));
#6761=DIRECTION('center_axis',(0.,1.,0.));
#6762=DIRECTION('ref_axis',(0.,0.,1.));
#6763=DIRECTION('center_axis',(0.,1.,0.));
#6764=DIRECTION('ref_axis',(0.,0.,1.));
#6765=DIRECTION('center_axis',(0.,1.,0.));
#6766=DIRECTION('ref_axis',(0.,0.,1.));
#6767=DIRECTION('center_axis',(0.,1.,0.));
#6768=DIRECTION('ref_axis',(0.,0.,1.));
#6769=DIRECTION('center_axis',(0.,1.,0.));
#6770=DIRECTION('ref_axis',(0.,0.,1.));
#6771=DIRECTION('center_axis',(0.,1.,0.));
#6772=DIRECTION('ref_axis',(0.,0.,1.));
#6773=DIRECTION('',(0.258819045102514,0.,-0.96592582628907));
#6774=DIRECTION('center_axis',(0.,-1.,0.));
#6775=DIRECTION('ref_axis',(0.,0.,1.));
#6776=DIRECTION('center_axis',(0.,-1.,0.));
#6777=DIRECTION('ref_axis',(0.,0.,1.));
#6778=DIRECTION('center_axis',(0.,-1.,0.));
#6779=DIRECTION('ref_axis',(0.,0.,1.));
#6780=DIRECTION('center_axis',(0.,-1.,0.));
#6781=DIRECTION('ref_axis',(0.,0.,1.));
#6782=DIRECTION('center_axis',(0.,-1.,0.));
#6783=DIRECTION('ref_axis',(0.,0.,1.));
#6784=DIRECTION('',(-1.,0.,-6.24641673662676E-17));
#6785=DIRECTION('center_axis',(0.258819045102514,0.,-0.96592582628907));
#6786=DIRECTION('ref_axis',(-0.96592582628907,0.,-0.258819045102514));
#6787=DIRECTION('center_axis',(0.258819045102513,-5.98639298092305E-16,
-0.965925826289071));
#6788=DIRECTION('ref_axis',(-0.96592582628907,-3.20474742746036E-31,-0.258819045102513));
#6789=DIRECTION('',(0.258819045102514,0.,-0.96592582628907));
#6790=DIRECTION('center_axis',(-0.258819045102514,0.,0.96592582628907));
#6791=DIRECTION('ref_axis',(0.96592582628907,0.,0.258819045102514));
#6792=DIRECTION('',(-0.258819045102514,0.,0.96592582628907));
#6793=DIRECTION('center_axis',(0.258819045102512,0.,-0.965925826289071));
#6794=DIRECTION('ref_axis',(-0.965925826289071,0.,-0.258819045102512));
#6795=DIRECTION('center_axis',(6.24641673662676E-17,0.,-1.));
#6796=DIRECTION('ref_axis',(-1.,0.,-6.24641673662676E-17));
#6797=DIRECTION('',(-1.,0.,-6.24641673662676E-17));
#6798=DIRECTION('',(1.,0.,6.24641673662676E-17));
#6799=DIRECTION('',(0.,-1.,0.));
#6800=DIRECTION('center_axis',(0.,-1.,0.));
#6801=DIRECTION('ref_axis',(0.,0.,-1.));
#6802=DIRECTION('',(0.,-1.,0.));
#6803=DIRECTION('center_axis',(0.,-1.,0.));
#6804=DIRECTION('ref_axis',(0.,0.,1.));
#6805=DIRECTION('center_axis',(0.,1.,0.));
#6806=DIRECTION('ref_axis',(0.,0.,1.));
#6807=DIRECTION('center_axis',(0.,-1.,0.));
#6808=DIRECTION('ref_axis',(0.,0.,-1.));
#6809=DIRECTION('',(0.,-1.,0.));
#6810=DIRECTION('center_axis',(0.,-1.,0.));
#6811=DIRECTION('ref_axis',(0.,0.,1.));
#6812=DIRECTION('center_axis',(0.,1.,0.));
#6813=DIRECTION('ref_axis',(0.,0.,1.));
#6814=DIRECTION('center_axis',(0.,-1.,0.));
#6815=DIRECTION('ref_axis',(0.,0.,-1.));
#6816=DIRECTION('',(0.,-1.,0.));
#6817=DIRECTION('center_axis',(0.,-1.,0.));
#6818=DIRECTION('ref_axis',(0.,0.,1.));
#6819=DIRECTION('center_axis',(0.,1.,0.));
#6820=DIRECTION('ref_axis',(0.,0.,1.));
#6821=DIRECTION('center_axis',(0.,-1.,0.));
#6822=DIRECTION('ref_axis',(0.,0.,-1.));
#6823=DIRECTION('',(0.,-1.,0.));
#6824=DIRECTION('center_axis',(0.,-1.,0.));
#6825=DIRECTION('ref_axis',(0.,0.,1.));
#6826=DIRECTION('center_axis',(0.,1.,0.));
#6827=DIRECTION('ref_axis',(0.,0.,1.));
#6828=DIRECTION('center_axis',(0.,-1.,0.));
#6829=DIRECTION('ref_axis',(0.,0.,-1.));
#6830=DIRECTION('',(0.,-1.,0.));
#6831=DIRECTION('center_axis',(0.,-1.,0.));
#6832=DIRECTION('ref_axis',(0.,0.,1.));
#6833=DIRECTION('center_axis',(0.,1.,0.));
#6834=DIRECTION('ref_axis',(0.,0.,1.));
#6835=DIRECTION('center_axis',(0.96592582628907,0.,0.258819045102514));
#6836=DIRECTION('ref_axis',(0.258819045102514,0.,-0.96592582628907));
#6837=DIRECTION('center_axis',(1.,0.,2.31296463463574E-15));
#6838=DIRECTION('ref_axis',(2.31296463463574E-15,0.,-1.));
#6839=DIRECTION('center_axis',(0.,1.,0.));
#6840=DIRECTION('ref_axis',(0.,0.,1.));
#6841=DIRECTION('center_axis',(0.829037572555041,0.,0.559192903470748));
#6842=DIRECTION('ref_axis',(0.559192903470748,0.,-0.829037572555041));
#6843=DIRECTION('center_axis',(0.,0.,1.));
#6844=DIRECTION('ref_axis',(1.,0.,0.));
#6845=DIRECTION('center_axis',(0.,1.,0.));
#6846=DIRECTION('ref_axis',(0.,0.,1.));
#6847=DIRECTION('center_axis',(-0.68148989005451,8.4634559468009E-16,0.73182752732696));
#6848=DIRECTION('ref_axis',(0.73182752732696,0.,0.68148989005451));
#6849=DIRECTION('center_axis',(0.,1.,0.));
#6850=DIRECTION('ref_axis',(0.,0.,1.));
#6851=DIRECTION('center_axis',(-1.,-2.31296463463574E-15,-2.31296463463574E-15));
#6852=DIRECTION('ref_axis',(2.31296463463574E-15,-1.,3.50324616081204E-45));
#6853=DIRECTION('center_axis',(-1.,0.,-6.24641673662676E-17));
#6854=DIRECTION('ref_axis',(-6.24641673662676E-17,0.,1.));
#6855=DIRECTION('center_axis',(1.,0.,2.31296463463574E-15));
#6856=DIRECTION('ref_axis',(2.31296463463574E-15,0.,-1.));
#6857=DIRECTION('center_axis',(0.,1.,0.));
#6858=DIRECTION('ref_axis',(0.,0.,1.));
#6859=DIRECTION('center_axis',(0.829037572555041,0.,0.559192903470748));
#6860=DIRECTION('ref_axis',(0.559192903470748,0.,-0.829037572555041));
#6861=DIRECTION('center_axis',(0.,0.,1.));
#6862=DIRECTION('ref_axis',(1.,0.,0.));
#6863=DIRECTION('center_axis',(0.,1.,0.));
#6864=DIRECTION('ref_axis',(0.,0.,1.));
#6865=DIRECTION('center_axis',(-0.68148989005451,0.,0.731827527326959));
#6866=DIRECTION('ref_axis',(0.731827527326959,0.,0.68148989005451));
#6867=DIRECTION('center_axis',(0.,1.,0.));
#6868=DIRECTION('ref_axis',(0.,0.,1.));
#6869=DIRECTION('center_axis',(-1.,0.,0.));
#6870=DIRECTION('ref_axis',(0.,0.,1.));
#6871=DIRECTION('center_axis',(1.,0.,6.24641673662676E-17));
#6872=DIRECTION('ref_axis',(6.24641673662676E-17,0.,-1.));
#6873=DIRECTION('center_axis',(0.,0.,1.));
#6874=DIRECTION('ref_axis',(1.,0.,0.));
#6875=DIRECTION('center_axis',(0.,0.,1.));
#6876=DIRECTION('ref_axis',(-1.,0.,0.));
#6877=DIRECTION('center_axis',(1.,0.,0.));
#6878=DIRECTION('ref_axis',(0.,-1.,0.));
#6879=DIRECTION('',(0.,1.,0.));
#6880=DIRECTION('',(0.,0.,-1.));
#6881=DIRECTION('',(0.,-1.,0.));
#6882=DIRECTION('',(0.,0.,-1.));
#6883=DIRECTION('center_axis',(0.,-1.,0.));
#6884=DIRECTION('ref_axis',(-1.,0.,0.));
#6885=DIRECTION('',(1.,0.,0.));
#6886=DIRECTION('',(-1.,0.,0.));
#6887=DIRECTION('',(0.,0.,-1.));
#6888=DIRECTION('center_axis',(-1.,0.,0.));
#6889=DIRECTION('ref_axis',(0.,1.,0.));
#6890=DIRECTION('',(0.,-1.,0.));
#6891=DIRECTION('',(0.,1.,0.));
#6892=DIRECTION('',(0.,0.,-1.));
#6893=DIRECTION('center_axis',(0.,1.,0.));
#6894=DIRECTION('ref_axis',(1.,0.,0.));
#6895=DIRECTION('',(-1.,0.,0.));
#6896=DIRECTION('',(1.,0.,0.));
#6897=DIRECTION('center_axis',(0.,-1.,0.));
#6898=DIRECTION('ref_axis',(-1.,0.,0.));
#6899=DIRECTION('',(1.,0.,0.));
#6900=DIRECTION('',(0.,0.,-1.));
#6901=DIRECTION('',(-1.,0.,0.));
#6902=DIRECTION('',(0.,0.,-1.));
#6903=DIRECTION('center_axis',(1.,0.,0.));
#6904=DIRECTION('ref_axis',(0.,-1.,0.));
#6905=DIRECTION('',(0.,1.,0.));
#6906=DIRECTION('',(0.,-1.,0.));
#6907=DIRECTION('',(0.,0.,-1.));
#6908=DIRECTION('center_axis',(0.,1.,0.));
#6909=DIRECTION('ref_axis',(1.,0.,0.));
#6910=DIRECTION('',(-1.,0.,0.));
#6911=DIRECTION('',(1.,0.,0.));
#6912=DIRECTION('',(0.,0.,-1.));
#6913=DIRECTION('center_axis',(-1.,0.,0.));
#6914=DIRECTION('ref_axis',(0.,1.,0.));
#6915=DIRECTION('',(0.,-1.,0.));
#6916=DIRECTION('',(0.,1.,0.));
#6917=DIRECTION('center_axis',(0.,0.,1.));
#6918=DIRECTION('ref_axis',(1.,0.,0.));
#6919=DIRECTION('center_axis',(0.,0.,-1.));
#6920=DIRECTION('ref_axis',(-1.,0.,0.));
#6921=DIRECTION('center_axis',(0.,1.,0.));
#6922=DIRECTION('ref_axis',(1.,0.,0.));
#6923=DIRECTION('',(-1.,0.,0.));
#6924=DIRECTION('',(0.,0.,-1.));
#6925=DIRECTION('',(1.,0.,0.));
#6926=DIRECTION('',(0.,0.,-1.));
#6927=DIRECTION('center_axis',(-1.,0.,0.));
#6928=DIRECTION('ref_axis',(0.,1.,0.));
#6929=DIRECTION('',(0.,-1.,0.));
#6930=DIRECTION('',(0.,1.,0.));
#6931=DIRECTION('',(0.,0.,-1.));
#6932=DIRECTION('center_axis',(0.,-1.,0.));
#6933=DIRECTION('ref_axis',(-1.,0.,0.));
#6934=DIRECTION('',(1.,0.,0.));
#6935=DIRECTION('',(-1.,0.,0.));
#6936=DIRECTION('',(0.,0.,-1.));
#6937=DIRECTION('center_axis',(1.,0.,0.));
#6938=DIRECTION('ref_axis',(0.,-1.,0.));
#6939=DIRECTION('',(0.,1.,0.));
#6940=DIRECTION('',(0.,-1.,0.));
#6941=DIRECTION('center_axis',(0.,0.,1.));
#6942=DIRECTION('ref_axis',(1.,0.,0.));
#6943=DIRECTION('center_axis',(0.,0.,-1.));
#6944=DIRECTION('ref_axis',(-1.,0.,0.));
#6945=DIRECTION('center_axis',(0.,1.,0.));
#6946=DIRECTION('ref_axis',(1.,0.,0.));
#6947=DIRECTION('',(-1.,0.,0.));
#6948=DIRECTION('',(0.,0.,-1.));
#6949=DIRECTION('',(1.,0.,0.));
#6950=DIRECTION('',(0.,0.,-1.));
#6951=DIRECTION('center_axis',(-1.,0.,0.));
#6952=DIRECTION('ref_axis',(0.,1.,0.));
#6953=DIRECTION('',(0.,-1.,0.));
#6954=DIRECTION('',(0.,1.,0.));
#6955=DIRECTION('',(0.,0.,-1.));
#6956=DIRECTION('center_axis',(0.,-1.,0.));
#6957=DIRECTION('ref_axis',(-1.,0.,0.));
#6958=DIRECTION('',(1.,0.,0.));
#6959=DIRECTION('',(-1.,0.,0.));
#6960=DIRECTION('',(0.,0.,-1.));
#6961=DIRECTION('center_axis',(1.,0.,0.));
#6962=DIRECTION('ref_axis',(0.,-1.,0.));
#6963=DIRECTION('',(0.,1.,0.));
#6964=DIRECTION('',(0.,-1.,0.));
#6965=DIRECTION('center_axis',(0.,0.,1.));
#6966=DIRECTION('ref_axis',(1.,0.,0.));
#6967=DIRECTION('center_axis',(0.,0.,-1.));
#6968=DIRECTION('ref_axis',(-1.,0.,0.));
#6969=DIRECTION('center_axis',(0.,0.,1.));
#6970=DIRECTION('ref_axis',(0.707106781186548,0.707106781186548,0.));
#6971=DIRECTION('center_axis',(0.,0.,-1.));
#6972=DIRECTION('ref_axis',(0.707106781186548,0.707106781186548,0.));
#6973=DIRECTION('',(0.,0.,-1.));
#6974=DIRECTION('center_axis',(0.,0.,1.));
#6975=DIRECTION('ref_axis',(0.707106781186548,0.707106781186548,0.));
#6976=DIRECTION('',(0.,0.,1.));
#6977=DIRECTION('center_axis',(1.,0.,0.));
#6978=DIRECTION('ref_axis',(0.,1.,0.));
#6979=DIRECTION('',(0.,1.,0.));
#6980=DIRECTION('',(0.,0.,1.));
#6981=DIRECTION('',(0.,1.,0.));
#6982=DIRECTION('center_axis',(0.,0.,1.));
#6983=DIRECTION('ref_axis',(1.,0.,0.));
#6984=DIRECTION('',(-1.,0.,0.));
#6985=DIRECTION('center_axis',(0.,0.,-1.));
#6986=DIRECTION('ref_axis',(-0.707106781186548,0.707106781186548,0.));
#6987=DIRECTION('',(0.,-1.,0.));
#6988=DIRECTION('center_axis',(0.,0.,-1.));
#6989=DIRECTION('ref_axis',(-0.707106781186548,-0.707106781186548,0.));
#6990=DIRECTION('',(1.,0.,0.));
#6991=DIRECTION('center_axis',(0.,0.,-1.));
#6992=DIRECTION('ref_axis',(0.707106781186548,-0.707106781186548,0.));
#6993=DIRECTION('center_axis',(0.,0.,-1.));
#6994=DIRECTION('ref_axis',(1.,0.,0.));
#6995=DIRECTION('center_axis',(0.,0.,1.));
#6996=DIRECTION('ref_axis',(0.707106781186548,-0.707106781186548,0.));
#6997=DIRECTION('',(0.,0.,-1.));
#6998=DIRECTION('center_axis',(0.,0.,1.));
#6999=DIRECTION('ref_axis',(0.707106781186548,-0.707106781186548,0.));
#7000=DIRECTION('center_axis',(0.,-1.,0.));
#7001=DIRECTION('ref_axis',(1.,0.,0.));
#7002=DIRECTION('',(0.,0.,1.));
#7003=DIRECTION('',(1.,0.,0.));
#7004=DIRECTION('center_axis',(0.,0.,1.));
#7005=DIRECTION('ref_axis',(-0.707106781186548,-0.707106781186548,0.));
#7006=DIRECTION('',(0.,0.,-1.));
#7007=DIRECTION('center_axis',(0.,0.,1.));
#7008=DIRECTION('ref_axis',(-0.707106781186548,-0.707106781186548,0.));
#7009=DIRECTION('center_axis',(-1.,0.,0.));
#7010=DIRECTION('ref_axis',(0.,-1.,0.));
#7011=DIRECTION('',(0.,0.,1.));
#7012=DIRECTION('',(0.,-1.,0.));
#7013=DIRECTION('center_axis',(0.,0.,1.));
#7014=DIRECTION('ref_axis',(-0.707106781186548,0.707106781186548,0.));
#7015=DIRECTION('',(0.,0.,-1.));
#7016=DIRECTION('center_axis',(0.,0.,1.));
#7017=DIRECTION('ref_axis',(-0.707106781186548,0.707106781186548,0.));
#7018=DIRECTION('center_axis',(0.,0.,1.));
#7019=DIRECTION('ref_axis',(1.,0.,0.));
#7020=DIRECTION('',(0.,0.,-1.));
#7021=DIRECTION('center_axis',(0.,0.,-1.));
#7022=DIRECTION('ref_axis',(1.,0.,0.));
#7023=DIRECTION('center_axis',(0.,1.,0.));
#7024=DIRECTION('ref_axis',(-1.,0.,0.));
#7025=DIRECTION('',(-1.,0.,0.));
#7026=DIRECTION('center_axis',(0.,0.,1.));
#7027=DIRECTION('ref_axis',(1.,0.,0.));
#7028=DIRECTION('center_axis',(0.,0.,1.));
#7029=DIRECTION('ref_axis',(0.707106781186548,0.707106781186548,0.));
#7030=DIRECTION('center_axis',(0.,0.,-1.));
#7031=DIRECTION('ref_axis',(0.707106781186548,0.707106781186548,0.));
#7032=DIRECTION('',(0.,0.,-1.));
#7033=DIRECTION('center_axis',(0.,0.,1.));
#7034=DIRECTION('ref_axis',(0.707106781186548,0.707106781186548,0.));
#7035=DIRECTION('',(0.,0.,1.));
#7036=DIRECTION('center_axis',(0.,1.,0.));
#7037=DIRECTION('ref_axis',(-1.,0.,0.));
#7038=DIRECTION('',(1.,0.,0.));
#7039=DIRECTION('',(0.,0.,-1.));
#7040=DIRECTION('',(-1.,0.,0.));
#7041=DIRECTION('center_axis',(0.,0.,1.));
#7042=DIRECTION('ref_axis',(1.,0.,0.));
#7043=DIRECTION('',(0.,-1.,0.));
#7044=DIRECTION('center_axis',(0.,0.,1.));
#7045=DIRECTION('ref_axis',(0.707106781186548,-0.707106781186548,0.));
#7046=DIRECTION('',(-1.,0.,0.));
#7047=DIRECTION('center_axis',(0.,0.,1.));
#7048=DIRECTION('ref_axis',(-0.707106781186548,-0.707106781186548,0.));
#7049=DIRECTION('',(0.,1.,0.));
#7050=DIRECTION('center_axis',(0.,0.,1.));
#7051=DIRECTION('ref_axis',(-0.707106781186548,0.707106781186548,0.));
#7052=DIRECTION('',(1.,0.,0.));
#7053=DIRECTION('',(0.,1.,0.));
#7054=DIRECTION('',(-1.,0.,0.));
#7055=DIRECTION('',(0.,-1.,0.));
#7056=DIRECTION('center_axis',(0.,0.,1.));
#7057=DIRECTION('ref_axis',(0.707106781186548,-0.707106781186548,0.));
#7058=DIRECTION('center_axis',(0.,0.,-1.));
#7059=DIRECTION('ref_axis',(0.707106781186548,-0.707106781186548,0.));
#7060=DIRECTION('',(0.,0.,-1.));
#7061=DIRECTION('',(0.,0.,1.));
#7062=DIRECTION('center_axis',(0.,-1.,0.));
#7063=DIRECTION('ref_axis',(1.,0.,0.));
#7064=DIRECTION('',(1.,0.,0.));
#7065=DIRECTION('',(0.,0.,1.));
#7066=DIRECTION('center_axis',(0.,0.,1.));
#7067=DIRECTION('ref_axis',(-0.707106781186548,-0.707106781186548,0.));
#7068=DIRECTION('center_axis',(0.,0.,-1.));
#7069=DIRECTION('ref_axis',(-0.707106781186548,-0.707106781186548,0.));
#7070=DIRECTION('',(0.,0.,-1.));
#7071=DIRECTION('center_axis',(0.,0.,1.));
#7072=DIRECTION('ref_axis',(-0.707106781186548,0.707106781186548,0.));
#7073=DIRECTION('center_axis',(0.,0.,-1.));
#7074=DIRECTION('ref_axis',(-0.707106781186548,0.707106781186548,0.));
#7075=DIRECTION('',(0.,0.,1.));
#7076=DIRECTION('center_axis',(-1.,0.,0.));
#7077=DIRECTION('ref_axis',(0.,-1.,0.));
#7078=DIRECTION('',(0.,0.,1.));
#7079=DIRECTION('',(0.,-1.,0.));
#7080=DIRECTION('',(0.,0.,1.));
#7081=DIRECTION('center_axis',(0.,-1.,0.));
#7082=DIRECTION('ref_axis',(1.,0.,0.));
#7083=DIRECTION('',(1.,0.,0.));
#7084=DIRECTION('',(0.,0.,1.));
#7085=DIRECTION('center_axis',(1.,0.,0.));
#7086=DIRECTION('ref_axis',(0.,1.,0.));
#7087=DIRECTION('',(0.,1.,0.));
#7088=DIRECTION('',(0.,0.,1.));
#7089=DIRECTION('center_axis',(0.,1.,0.));
#7090=DIRECTION('ref_axis',(-1.,0.,0.));
#7091=DIRECTION('',(-1.,0.,0.));
#7092=DIRECTION('center_axis',(1.,0.,0.));
#7093=DIRECTION('ref_axis',(0.,1.,0.));
#7094=DIRECTION('',(0.,1.,0.));
#7095=DIRECTION('center_axis',(-1.,0.,0.));
#7096=DIRECTION('ref_axis',(0.,-1.,0.));
#7097=DIRECTION('',(0.,-1.,0.));
#7098=DIRECTION('center_axis',(0.,0.,1.));
#7099=DIRECTION('ref_axis',(1.,0.,0.));
#7100=DIRECTION('center_axis',(1.,0.,0.));
#7101=DIRECTION('ref_axis',(0.,0.976296007119933,0.216439613938103));
#7102=DIRECTION('',(1.,0.,0.));
#7103=DIRECTION('center_axis',(0.707106781186548,0.707106781186548,0.));
#7104=DIRECTION('ref_axis',(-0.707106781186548,0.707106781186548,0.));
#7105=DIRECTION('',(-1.,0.,0.));
#7106=DIRECTION('center_axis',(-0.707106781186548,0.707106781186548,0.));
#7107=DIRECTION('ref_axis',(-0.707106781186548,-0.707106781186548,0.));
#7108=DIRECTION('center_axis',(0.,1.,0.));
#7109=DIRECTION('ref_axis',(0.976296007119933,0.,0.216439613938103));
#7110=DIRECTION('',(0.,1.,0.));
#7111=DIRECTION('center_axis',(0.707106781186548,0.707106781186548,0.));
#7112=DIRECTION('ref_axis',(0.707106781186548,-0.707106781186548,0.));
#7113=DIRECTION('',(0.,-1.,0.));
#7114=DIRECTION('center_axis',(1.,0.,0.));
#7115=DIRECTION('ref_axis',(0.,-0.976296007119933,0.216439613938103));
#7116=DIRECTION('',(1.,0.,0.));
#7117=DIRECTION('center_axis',(-0.707106781186548,0.707106781186548,1.59542506845668E-15));
#7118=DIRECTION('ref_axis',(-0.707106781186548,-0.707106781186548,1.59542506845668E-15));
#7119=DIRECTION('',(-1.,0.,0.));
#7120=DIRECTION('center_axis',(0.,1.,0.));
#7121=DIRECTION('ref_axis',(-0.976296007119933,0.,0.216439613938103));
#7122=DIRECTION('',(0.,1.,0.));
#7123=DIRECTION('',(0.,-1.,0.));
#7124=DIRECTION('center_axis',(-0.90630778703665,0.,-0.4226182617407));
#7125=DIRECTION('ref_axis',(0.,-1.,0.));
#7126=DIRECTION('',(-0.389281620635025,-0.389281620635025,0.834817129478988));
#7127=DIRECTION('',(0.,1.,0.));
#7128=DIRECTION('',(-0.389281620635025,0.389281620635025,0.834817129478988));
#7129=DIRECTION('center_axis',(0.,-0.90630778703665,-0.4226182617407));
#7130=DIRECTION('ref_axis',(1.,0.,0.));
#7131=DIRECTION('',(0.389281620635025,-0.389281620635025,0.834817129478988));
#7132=DIRECTION('',(-1.,0.,0.));
#7133=DIRECTION('center_axis',(1.,0.,0.));
#7134=DIRECTION('ref_axis',(0.,0.,-1.));
#7135=DIRECTION('',(0.,0.,-1.));
#7136=DIRECTION('center_axis',(-1.,0.,0.));
#7137=DIRECTION('ref_axis',(0.,-0.707106781186547,-0.707106781186547));
#7138=DIRECTION('',(0.,1.,0.));
#7139=DIRECTION('center_axis',(-1.,0.,0.));
#7140=DIRECTION('ref_axis',(0.,0.707106781186547,-0.707106781186547));
#7141=DIRECTION('',(0.,0.,-1.));
#7142=DIRECTION('center_axis',(0.,1.,0.));
#7143=DIRECTION('ref_axis',(1.,0.,0.));
#7144=DIRECTION('',(0.,0.,1.));
#7145=DIRECTION('',(-1.,0.,0.));
#7146=DIRECTION('',(0.,0.,1.));
#7147=DIRECTION('',(1.,0.,0.));
#7148=DIRECTION('',(0.,0.,-1.));
#7149=DIRECTION('',(-1.,0.,0.));
#7150=DIRECTION('center_axis',(1.,0.,0.));
#7151=DIRECTION('ref_axis',(0.,-0.707106781186547,-0.707106781186547));
#7152=DIRECTION('center_axis',(-1.,0.,0.));
#7153=DIRECTION('ref_axis',(0.,-0.707106781186547,-0.707106781186547));
#7154=DIRECTION('',(1.,0.,0.));
#7155=DIRECTION('center_axis',(0.,0.,-1.));
#7156=DIRECTION('ref_axis',(-1.,0.,0.));
#7157=DIRECTION('',(0.,-1.,0.));
#7158=DIRECTION('',(-1.,0.,0.));
#7159=DIRECTION('center_axis',(-1.,0.,0.));
#7160=DIRECTION('ref_axis',(0.,0.,1.));
#7161=DIRECTION('',(0.,1.,0.));
#7162=DIRECTION('',(0.,0.,-1.));
#7163=DIRECTION('center_axis',(-1.,0.,0.));
#7164=DIRECTION('ref_axis',(0.,0.707106781186547,-0.707106781186547));
#7165=DIRECTION('center_axis',(-1.,0.,0.));
#7166=DIRECTION('ref_axis',(0.,-0.707106781186547,-0.707106781186547));
#7167=DIRECTION('center_axis',(1.,0.,0.));
#7168=DIRECTION('ref_axis',(0.,-0.707106781186547,-0.707106781186547));
#7169=DIRECTION('',(1.,0.,0.));
#7170=DIRECTION('center_axis',(1.,0.,0.));
#7171=DIRECTION('ref_axis',(0.,-0.707106781186547,-0.707106781186547));
#7172=DIRECTION('center_axis',(0.,0.,-1.));
#7173=DIRECTION('ref_axis',(-1.,0.,0.));
#7174=DIRECTION('',(0.,1.,0.));
#7175=DIRECTION('',(1.,0.,0.));
#7176=DIRECTION('',(0.,1.,0.));
#7177=DIRECTION('center_axis',(-1.,0.,0.));
#7178=DIRECTION('ref_axis',(0.,0.,1.));
#7179=DIRECTION('',(0.,0.,1.));
#7180=DIRECTION('center_axis',(1.,0.,0.));
#7181=DIRECTION('ref_axis',(0.,0.707106781186547,-0.707106781186547));
#7182=DIRECTION('',(0.,1.,0.));
#7183=DIRECTION('',(0.,0.,1.));
#7184=DIRECTION('center_axis',(1.,0.,0.));
#7185=DIRECTION('ref_axis',(0.,-1.,0.));
#7186=DIRECTION('',(0.,0.,-1.));
#7187=DIRECTION('center_axis',(-1.,0.,0.));
#7188=DIRECTION('ref_axis',(0.,0.707106781186547,-0.707106781186547));
#7189=DIRECTION('',(1.,0.,0.));
#7190=DIRECTION('center_axis',(1.,0.,0.));
#7191=DIRECTION('ref_axis',(0.,0.707106781186547,-0.707106781186547));
#7192=DIRECTION('',(-1.,0.,0.));
#7193=DIRECTION('center_axis',(1.,0.,0.));
#7194=DIRECTION('ref_axis',(0.,0.,-1.));
#7195=DIRECTION('',(0.,0.,-1.));
#7196=DIRECTION('center_axis',(1.,0.,0.));
#7197=DIRECTION('ref_axis',(0.,-1.,0.));
#7198=DIRECTION('',(0.,0.,1.));
#7199=DIRECTION('',(0.,1.,0.));
#7200=DIRECTION('',(0.,0.,1.));
#7201=DIRECTION('',(0.,1.,0.));
#7202=DIRECTION('center_axis',(0.,1.,0.));
#7203=DIRECTION('ref_axis',(0.,0.,1.));
#7204=DIRECTION('',(1.,0.,0.));
#7205=DIRECTION('',(1.,0.,0.));
#7206=DIRECTION('center_axis',(-1.,0.,0.));
#7207=DIRECTION('ref_axis',(0.,0.707106781186547,-0.707106781186547));
#7208=DIRECTION('center_axis',(1.,0.,0.));
#7209=DIRECTION('ref_axis',(0.,-1.,0.));
#7210=DIRECTION('',(1.,0.,0.));
#7211=DIRECTION('',(1.,0.,0.));
#7212=DIRECTION('center_axis',(0.,1.,0.));
#7213=DIRECTION('ref_axis',(0.,0.,1.));
#7214=DIRECTION('',(-1.,0.,0.));
#7215=DIRECTION('center_axis',(0.,-1.,0.));
#7216=DIRECTION('ref_axis',(0.,0.,-1.));
#7217=DIRECTION('center_axis',(0.,0.,-1.));
#7218=DIRECTION('ref_axis',(-1.,0.,0.));
#7219=DIRECTION('center_axis',(0.,0.90630778703665,-0.4226182617407));
#7220=DIRECTION('ref_axis',(-1.,0.,0.));
#7221=DIRECTION('',(1.,0.,0.));
#7222=DIRECTION('',(0.389281620635025,0.389281620635025,0.834817129478988));
#7223=DIRECTION('center_axis',(0.90630778703665,0.,-0.4226182617407));
#7224=DIRECTION('ref_axis',(0.,1.,0.));
#7225=DIRECTION('',(0.,-1.,0.));
#7226=DIRECTION('center_axis',(0.,0.,1.));
#7227=DIRECTION('ref_axis',(1.,0.,0.));
#7228=DIRECTION('center_axis',(0.,0.,-1.));
#7229=DIRECTION('ref_axis',(-1.,0.,0.));
#7230=DIRECTION('center_axis',(0.,1.,0.));
#7231=DIRECTION('ref_axis',(-1.,0.,0.));
#7232=DIRECTION('',(1.,0.,0.));
#7233=DIRECTION('',(0.,0.,1.));
#7234=DIRECTION('',(-1.,0.,0.));
#7235=DIRECTION('',(0.,0.,1.));
#7236=DIRECTION('center_axis',(1.,0.,0.));
#7237=DIRECTION('ref_axis',(0.,1.,0.));
#7238=DIRECTION('',(0.,-1.,0.));
#7239=DIRECTION('',(0.,1.,0.));
#7240=DIRECTION('',(0.,0.,1.));
#7241=DIRECTION('center_axis',(0.,-1.,0.));
#7242=DIRECTION('ref_axis',(1.,0.,0.));
#7243=DIRECTION('',(-1.,0.,0.));
#7244=DIRECTION('',(1.,0.,0.));
#7245=DIRECTION('',(0.,0.,1.));
#7246=DIRECTION('center_axis',(-1.,0.,0.));
#7247=DIRECTION('ref_axis',(0.,-1.,0.));
#7248=DIRECTION('',(0.,1.,0.));
#7249=DIRECTION('',(0.,-1.,0.));
#7250=DIRECTION('center_axis',(0.,0.,1.));
#7251=DIRECTION('ref_axis',(1.,0.,0.));
#7252=DIRECTION('center_axis',(0.,0.,1.));
#7253=DIRECTION('ref_axis',(1.,0.,0.));
#7254=DIRECTION('center_axis',(-1.,0.,0.));
#7255=DIRECTION('ref_axis',(0.,-0.976296007119933,0.216439613938103));
#7256=DIRECTION('',(1.,0.,0.));
#7257=DIRECTION('center_axis',(0.707106781186548,0.707106781186548,0.));
#7258=DIRECTION('ref_axis',(-0.707106781186548,0.707106781186548,0.));
#7259=DIRECTION('',(-1.,0.,0.));
#7260=DIRECTION('center_axis',(-0.707106781186548,0.707106781186548,0.));
#7261=DIRECTION('ref_axis',(-0.707106781186548,-0.707106781186548,0.));
#7262=DIRECTION('center_axis',(0.,1.,0.));
#7263=DIRECTION('ref_axis',(0.976296007119933,0.,0.216439613938103));
#7264=DIRECTION('',(0.,-1.,0.));
#7265=DIRECTION('',(0.,1.,0.));
#7266=DIRECTION('center_axis',(-0.707106781186548,0.707106781186548,0.));
#7267=DIRECTION('ref_axis',(0.707106781186548,0.707106781186548,0.));
#7268=DIRECTION('center_axis',(-1.,0.,0.));
#7269=DIRECTION('ref_axis',(0.,0.976296007119933,0.216439613938103));
#7270=DIRECTION('',(1.,0.,0.));
#7271=DIRECTION('',(-1.,0.,0.));
#7272=DIRECTION('center_axis',(0.707106781186548,0.707106781186548,-1.59542506845668E-15));
#7273=DIRECTION('ref_axis',(-0.707106781186548,0.707106781186548,1.59542506845668E-15));
#7274=DIRECTION('center_axis',(0.,1.,0.));
#7275=DIRECTION('ref_axis',(-0.976296007119933,0.,0.216439613938103));
#7276=DIRECTION('',(0.,-1.,0.));
#7277=DIRECTION('',(0.,1.,0.));
#7278=DIRECTION('center_axis',(0.90630778703665,0.,0.4226182617407));
#7279=DIRECTION('ref_axis',(0.,1.,0.));
#7280=DIRECTION('',(-0.389281620635025,-0.389281620635025,0.834817129478988));
#7281=DIRECTION('',(0.,-1.,0.));
#7282=DIRECTION('',(-0.389281620635025,0.389281620635025,0.834817129478988));
#7283=DIRECTION('center_axis',(0.,-0.90630778703665,0.4226182617407));
#7284=DIRECTION('ref_axis',(1.,0.,0.));
#7285=DIRECTION('',(-1.,0.,0.));
#7286=DIRECTION('',(0.389281620635025,0.389281620635025,0.834817129478988));
#7287=DIRECTION('center_axis',(-1.,0.,0.));
#7288=DIRECTION('ref_axis',(0.,0.,-1.));
#7289=DIRECTION('',(0.,0.,-1.));
#7290=DIRECTION('center_axis',(1.,0.,0.));
#7291=DIRECTION('ref_axis',(0.,-0.707106781186547,-0.707106781186547));
#7292=DIRECTION('',(0.,-1.,0.));
#7293=DIRECTION('center_axis',(1.,0.,0.));
#7294=DIRECTION('ref_axis',(0.,0.707106781186547,-0.707106781186547));
#7295=DIRECTION('',(0.,0.,-1.));
#7296=DIRECTION('center_axis',(0.,1.,0.));
#7297=DIRECTION('ref_axis',(1.,0.,0.));
#7298=DIRECTION('',(-1.,0.,0.));
#7299=DIRECTION('',(0.,0.,1.));
#7300=DIRECTION('',(-1.,0.,0.));
#7301=DIRECTION('',(0.,0.,-1.));
#7302=DIRECTION('',(-1.,0.,0.));
#7303=DIRECTION('',(0.,0.,1.));
#7304=DIRECTION('center_axis',(-1.,0.,0.));
#7305=DIRECTION('ref_axis',(0.,0.707106781186547,-0.707106781186547));
#7306=DIRECTION('',(1.,0.,0.));
#7307=DIRECTION('center_axis',(-1.,0.,0.));
#7308=DIRECTION('ref_axis',(0.,0.707106781186547,-0.707106781186547));
#7309=DIRECTION('center_axis',(0.,0.,1.));
#7310=DIRECTION('ref_axis',(-1.,0.,0.));
#7311=DIRECTION('',(-1.,0.,0.));
#7312=DIRECTION('',(0.,-1.,0.));
#7313=DIRECTION('center_axis',(1.,0.,0.));
#7314=DIRECTION('ref_axis',(0.,0.,1.));
#7315=DIRECTION('center_axis',(-1.,0.,0.));
#7316=DIRECTION('ref_axis',(0.,-0.707106781186547,-0.707106781186547));
#7317=DIRECTION('',(0.,0.,1.));
#7318=DIRECTION('',(0.,1.,0.));
#7319=DIRECTION('center_axis',(1.,0.,0.));
#7320=DIRECTION('ref_axis',(0.,0.707106781186547,-0.707106781186547));
#7321=DIRECTION('center_axis',(-1.,0.,0.));
#7322=DIRECTION('ref_axis',(0.,0.707106781186547,-0.707106781186547));
#7323=DIRECTION('center_axis',(1.,0.,0.));
#7324=DIRECTION('ref_axis',(0.,0.707106781186547,-0.707106781186547));
#7325=DIRECTION('',(1.,0.,0.));
#7326=DIRECTION('center_axis',(0.,0.,1.));
#7327=DIRECTION('ref_axis',(-1.,0.,0.));
#7328=DIRECTION('',(0.,1.,0.));
#7329=DIRECTION('',(1.,0.,0.));
#7330=DIRECTION('',(0.,-1.,0.));
#7331=DIRECTION('center_axis',(1.,0.,0.));
#7332=DIRECTION('ref_axis',(0.,0.,1.));
#7333=DIRECTION('',(0.,0.,-1.));
#7334=DIRECTION('center_axis',(-1.,0.,0.));
#7335=DIRECTION('ref_axis',(0.,1.,0.));
#7336=DIRECTION('',(0.,0.,1.));
#7337=DIRECTION('',(0.,-1.,0.));
#7338=DIRECTION('center_axis',(-1.,0.,0.));
#7339=DIRECTION('ref_axis',(0.,-0.707106781186547,-0.707106781186547));
#7340=DIRECTION('',(0.,0.,1.));
#7341=DIRECTION('center_axis',(1.,0.,0.));
#7342=DIRECTION('ref_axis',(0.,-0.707106781186547,-0.707106781186547));
#7343=DIRECTION('',(-1.,0.,0.));
#7344=DIRECTION('center_axis',(1.,0.,0.));
#7345=DIRECTION('ref_axis',(0.,-0.707106781186547,-0.707106781186547));
#7346=DIRECTION('',(1.,0.,0.));
#7347=DIRECTION('center_axis',(-1.,0.,0.));
#7348=DIRECTION('ref_axis',(0.,0.,-1.));
#7349=DIRECTION('',(0.,1.,0.));
#7350=DIRECTION('',(0.,0.,-1.));
#7351=DIRECTION('',(0.,1.,0.));
#7352=DIRECTION('',(0.,0.,-1.));
#7353=DIRECTION('center_axis',(1.,0.,0.));
#7354=DIRECTION('ref_axis',(0.,1.,0.));
#7355=DIRECTION('',(0.,0.,1.));
#7356=DIRECTION('center_axis',(0.,1.,0.));
#7357=DIRECTION('ref_axis',(0.,0.,1.));
#7358=DIRECTION('',(-1.,0.,0.));
#7359=DIRECTION('',(1.,0.,0.));
#7360=DIRECTION('center_axis',(1.,0.,0.));
#7361=DIRECTION('ref_axis',(0.,-0.707106781186547,-0.707106781186547));
#7362=DIRECTION('center_axis',(-1.,0.,0.));
#7363=DIRECTION('ref_axis',(0.,1.,0.));
#7364=DIRECTION('',(1.,0.,0.));
#7365=DIRECTION('',(1.,0.,0.));
#7366=DIRECTION('center_axis',(0.,1.,0.));
#7367=DIRECTION('ref_axis',(0.,0.,1.));
#7368=DIRECTION('',(-1.,0.,0.));
#7369=DIRECTION('center_axis',(0.,-1.,0.));
#7370=DIRECTION('ref_axis',(0.,0.,-1.));
#7371=DIRECTION('center_axis',(0.,0.,1.));
#7372=DIRECTION('ref_axis',(-1.,0.,0.));
#7373=DIRECTION('center_axis',(0.,0.90630778703665,0.4226182617407));
#7374=DIRECTION('ref_axis',(-1.,0.,0.));
#7375=DIRECTION('',(0.389281620635025,-0.389281620635025,0.834817129478988));
#7376=DIRECTION('',(1.,0.,0.));
#7377=DIRECTION('center_axis',(-0.90630778703665,0.,0.4226182617407));
#7378=DIRECTION('ref_axis',(0.,-1.,0.));
#7379=DIRECTION('',(0.,1.,0.));
#7380=DIRECTION('center_axis',(0.,0.,-1.));
#7381=DIRECTION('ref_axis',(1.,0.,0.));
#7382=DIRECTION('center_axis',(0.,0.,1.));
#7383=DIRECTION('ref_axis',(-1.,0.,0.));
#7384=DIRECTION('center_axis',(0.,1.,0.));
#7385=DIRECTION('ref_axis',(-1.,0.,0.));
#7386=DIRECTION('',(1.,0.,0.));
#7387=DIRECTION('',(0.,0.,1.));
#7388=DIRECTION('',(-1.,0.,0.));
#7389=DIRECTION('',(0.,0.,1.));
#7390=DIRECTION('center_axis',(-1.,0.,0.));
#7391=DIRECTION('ref_axis',(0.,-1.,0.));
#7392=DIRECTION('',(0.,1.,0.));
#7393=DIRECTION('',(0.,0.,1.));
#7394=DIRECTION('',(0.,-1.,0.));
#7395=DIRECTION('center_axis',(0.,-1.,0.));
#7396=DIRECTION('ref_axis',(1.,0.,0.));
#7397=DIRECTION('',(-1.,0.,0.));
#7398=DIRECTION('',(0.,0.,1.));
#7399=DIRECTION('',(1.,0.,0.));
#7400=DIRECTION('center_axis',(1.,0.,0.));
#7401=DIRECTION('ref_axis',(0.,1.,0.));
#7402=DIRECTION('',(0.,-1.,0.));
#7403=DIRECTION('',(0.,1.,0.));
#7404=DIRECTION('center_axis',(0.,0.,-1.));
#7405=DIRECTION('ref_axis',(1.,0.,0.));
#7406=DIRECTION('center_axis',(0.,0.,-1.));
#7407=DIRECTION('ref_axis',(1.,0.,0.));
#7408=DIRECTION('center_axis',(1.,0.,0.));
#7409=DIRECTION('ref_axis',(0.,0.976296007119933,0.216439613938103));
#7410=DIRECTION('',(-1.,0.,0.));
#7411=DIRECTION('center_axis',(-0.707106781186548,-0.707106781186548,0.));
#7412=DIRECTION('ref_axis',(0.707106781186548,-0.707106781186548,0.));
#7413=DIRECTION('',(1.,0.,0.));
#7414=DIRECTION('center_axis',(0.707106781186548,-0.707106781186548,0.));
#7415=DIRECTION('ref_axis',(0.707106781186548,0.707106781186548,0.));
#7416=DIRECTION('center_axis',(0.,-1.,0.));
#7417=DIRECTION('ref_axis',(-0.976296007119933,0.,0.216439613938103));
#7418=DIRECTION('',(0.,1.,0.));
#7419=DIRECTION('',(0.,-1.,0.));
#7420=DIRECTION('center_axis',(0.707106781186548,-0.707106781186548,0.));
#7421=DIRECTION('ref_axis',(-0.707106781186548,-0.707106781186548,0.));
#7422=DIRECTION('center_axis',(1.,0.,0.));
#7423=DIRECTION('ref_axis',(0.,-0.976296007119933,0.216439613938103));
#7424=DIRECTION('',(-1.,0.,0.));
#7425=DIRECTION('',(1.,0.,0.));
#7426=DIRECTION('center_axis',(-0.707106781186548,-0.707106781186548,-1.59542506845668E-15));
#7427=DIRECTION('ref_axis',(0.707106781186548,-0.707106781186548,1.59542506845668E-15));
#7428=DIRECTION('center_axis',(0.,-1.,0.));
#7429=DIRECTION('ref_axis',(0.976296007119933,0.,0.216439613938103));
#7430=DIRECTION('',(0.,1.,0.));
#7431=DIRECTION('',(0.,-1.,0.));
#7432=DIRECTION('center_axis',(-0.90630778703665,0.,0.4226182617407));
#7433=DIRECTION('ref_axis',(0.,-1.,0.));
#7434=DIRECTION('',(0.389281620635025,0.389281620635025,0.834817129478988));
#7435=DIRECTION('',(0.,1.,0.));
#7436=DIRECTION('',(0.389281620635025,-0.389281620635025,0.834817129478988));
#7437=DIRECTION('center_axis',(0.,0.90630778703665,0.4226182617407));
#7438=DIRECTION('ref_axis',(-1.,0.,0.));
#7439=DIRECTION('',(1.,0.,0.));
#7440=DIRECTION('',(-0.389281620635025,-0.389281620635025,0.834817129478988));
#7441=DIRECTION('center_axis',(1.,0.,0.));
#7442=DIRECTION('ref_axis',(0.,0.,-1.));
#7443=DIRECTION('',(0.,0.,-1.));
#7444=DIRECTION('center_axis',(-1.,0.,0.));
#7445=DIRECTION('ref_axis',(0.,0.707106781186547,-0.707106781186547));
#7446=DIRECTION('',(0.,1.,0.));
#7447=DIRECTION('center_axis',(-1.,0.,0.));
#7448=DIRECTION('ref_axis',(0.,-0.707106781186547,-0.707106781186547));
#7449=DIRECTION('',(0.,0.,-1.));
#7450=DIRECTION('center_axis',(0.,-1.,0.));
#7451=DIRECTION('ref_axis',(-1.,0.,0.));
#7452=DIRECTION('',(1.,0.,0.));
#7453=DIRECTION('',(0.,0.,1.));
#7454=DIRECTION('',(1.,0.,0.));
#7455=DIRECTION('',(0.,0.,-1.));
#7456=DIRECTION('',(1.,0.,0.));
#7457=DIRECTION('',(0.,0.,1.));
#7458=DIRECTION('center_axis',(1.,0.,0.));
#7459=DIRECTION('ref_axis',(0.,-0.707106781186547,-0.707106781186547));
#7460=DIRECTION('',(-1.,0.,0.));
#7461=DIRECTION('center_axis',(1.,0.,0.));
#7462=DIRECTION('ref_axis',(0.,-0.707106781186547,-0.707106781186547));
#7463=DIRECTION('center_axis',(0.,0.,1.));
#7464=DIRECTION('ref_axis',(1.,0.,0.));
#7465=DIRECTION('',(1.,0.,0.));
#7466=DIRECTION('',(0.,1.,0.));
#7467=DIRECTION('center_axis',(-1.,0.,0.));
#7468=DIRECTION('ref_axis',(0.,0.,1.));
#7469=DIRECTION('center_axis',(1.,0.,0.));
#7470=DIRECTION('ref_axis',(0.,0.707106781186547,-0.707106781186547));
#7471=DIRECTION('',(0.,0.,1.));
#7472=DIRECTION('',(0.,1.,0.));
#7473=DIRECTION('center_axis',(-1.,0.,0.));
#7474=DIRECTION('ref_axis',(0.,-0.707106781186547,-0.707106781186547));
#7475=DIRECTION('center_axis',(1.,0.,0.));
#7476=DIRECTION('ref_axis',(0.,-0.707106781186547,-0.707106781186547));
#7477=DIRECTION('center_axis',(-1.,0.,0.));
#7478=DIRECTION('ref_axis',(0.,-0.707106781186547,-0.707106781186547));
#7479=DIRECTION('',(-1.,0.,0.));
#7480=DIRECTION('center_axis',(0.,0.,1.));
#7481=DIRECTION('ref_axis',(1.,0.,0.));
#7482=DIRECTION('',(0.,-1.,0.));
#7483=DIRECTION('',(-1.,0.,0.));
#7484=DIRECTION('',(0.,1.,0.));
#7485=DIRECTION('center_axis',(-1.,0.,0.));
#7486=DIRECTION('ref_axis',(0.,0.,1.));
#7487=DIRECTION('',(0.,0.,-1.));
#7488=DIRECTION('center_axis',(1.,0.,0.));
#7489=DIRECTION('ref_axis',(0.,-1.,0.));
#7490=DIRECTION('',(0.,0.,1.));
#7491=DIRECTION('',(0.,1.,0.));
#7492=DIRECTION('center_axis',(1.,0.,0.));
#7493=DIRECTION('ref_axis',(0.,0.707106781186547,-0.707106781186547));
#7494=DIRECTION('',(0.,0.,1.));
#7495=DIRECTION('center_axis',(-1.,0.,0.));
#7496=DIRECTION('ref_axis',(0.,0.707106781186547,-0.707106781186547));
#7497=DIRECTION('',(1.,0.,0.));
#7498=DIRECTION('center_axis',(-1.,0.,0.));
#7499=DIRECTION('ref_axis',(0.,0.707106781186547,-0.707106781186547));
#7500=DIRECTION('',(-1.,0.,0.));
#7501=DIRECTION('center_axis',(1.,0.,0.));
#7502=DIRECTION('ref_axis',(0.,0.,-1.));
#7503=DIRECTION('',(0.,1.,0.));
#7504=DIRECTION('',(0.,0.,-1.));
#7505=DIRECTION('',(0.,-1.,0.));
#7506=DIRECTION('',(0.,0.,-1.));
#7507=DIRECTION('center_axis',(-1.,0.,0.));
#7508=DIRECTION('ref_axis',(0.,-1.,0.));
#7509=DIRECTION('',(0.,0.,1.));
#7510=DIRECTION('center_axis',(0.,-1.,0.));
#7511=DIRECTION('ref_axis',(0.,0.,1.));
#7512=DIRECTION('',(1.,0.,0.));
#7513=DIRECTION('',(-1.,0.,0.));
#7514=DIRECTION('center_axis',(-1.,0.,0.));
#7515=DIRECTION('ref_axis',(0.,0.707106781186547,-0.707106781186547));
#7516=DIRECTION('center_axis',(1.,0.,0.));
#7517=DIRECTION('ref_axis',(0.,-1.,0.));
#7518=DIRECTION('',(-1.,0.,0.));
#7519=DIRECTION('',(-1.,0.,0.));
#7520=DIRECTION('center_axis',(0.,-1.,0.));
#7521=DIRECTION('ref_axis',(0.,0.,1.));
#7522=DIRECTION('',(1.,0.,0.));
#7523=DIRECTION('center_axis',(0.,1.,0.));
#7524=DIRECTION('ref_axis',(0.,0.,-1.));
#7525=DIRECTION('center_axis',(0.,0.,1.));
#7526=DIRECTION('ref_axis',(1.,0.,0.));
#7527=DIRECTION('center_axis',(0.,-0.90630778703665,0.4226182617407));
#7528=DIRECTION('ref_axis',(1.,0.,0.));
#7529=DIRECTION('',(-0.389281620635025,0.389281620635025,0.834817129478988));
#7530=DIRECTION('',(-1.,0.,0.));
#7531=DIRECTION('center_axis',(0.90630778703665,0.,0.4226182617407));
#7532=DIRECTION('ref_axis',(0.,1.,0.));
#7533=DIRECTION('',(0.,-1.,0.));
#7534=DIRECTION('center_axis',(0.,0.,-1.));
#7535=DIRECTION('ref_axis',(-1.,0.,0.));
#7536=DIRECTION('center_axis',(0.,0.,1.));
#7537=DIRECTION('ref_axis',(1.,0.,0.));
#7538=DIRECTION('center_axis',(0.,-1.,0.));
#7539=DIRECTION('ref_axis',(1.,0.,0.));
#7540=DIRECTION('',(-1.,0.,0.));
#7541=DIRECTION('',(0.,0.,1.));
#7542=DIRECTION('',(1.,0.,0.));
#7543=DIRECTION('',(0.,0.,1.));
#7544=DIRECTION('center_axis',(1.,0.,0.));
#7545=DIRECTION('ref_axis',(0.,1.,0.));
#7546=DIRECTION('',(0.,-1.,0.));
#7547=DIRECTION('',(0.,0.,1.));
#7548=DIRECTION('',(0.,1.,0.));
#7549=DIRECTION('center_axis',(0.,1.,0.));
#7550=DIRECTION('ref_axis',(-1.,0.,0.));
#7551=DIRECTION('',(1.,0.,0.));
#7552=DIRECTION('',(0.,0.,1.));
#7553=DIRECTION('',(-1.,0.,0.));
#7554=DIRECTION('center_axis',(-1.,0.,0.));
#7555=DIRECTION('ref_axis',(0.,-1.,0.));
#7556=DIRECTION('',(0.,1.,0.));
#7557=DIRECTION('',(0.,-1.,0.));
#7558=DIRECTION('center_axis',(0.,0.,-1.));
#7559=DIRECTION('ref_axis',(-1.,0.,0.));
#7560=DIRECTION('center_axis',(0.,0.,-1.));
#7561=DIRECTION('ref_axis',(-1.,0.,0.));
#7562=DIRECTION('center_axis',(-1.,0.,0.));
#7563=DIRECTION('ref_axis',(0.,-0.976296007119933,0.216439613938103));
#7564=DIRECTION('',(-1.,0.,0.));
#7565=DIRECTION('center_axis',(-0.707106781186548,-0.707106781186548,0.));
#7566=DIRECTION('ref_axis',(0.707106781186548,-0.707106781186548,0.));
#7567=DIRECTION('',(1.,0.,0.));
#7568=DIRECTION('center_axis',(0.707106781186548,-0.707106781186548,0.));
#7569=DIRECTION('ref_axis',(0.707106781186548,0.707106781186548,0.));
#7570=DIRECTION('center_axis',(0.,-1.,0.));
#7571=DIRECTION('ref_axis',(-0.976296007119933,0.,0.216439613938103));
#7572=DIRECTION('',(0.,-1.,0.));
#7573=DIRECTION('center_axis',(-0.707106781186548,-0.707106781186548,0.));
#7574=DIRECTION('ref_axis',(-0.707106781186548,0.707106781186548,0.));
#7575=DIRECTION('',(0.,1.,0.));
#7576=DIRECTION('center_axis',(-1.,0.,0.));
#7577=DIRECTION('ref_axis',(0.,0.976296007119933,0.216439613938103));
#7578=DIRECTION('',(-1.,0.,0.));
#7579=DIRECTION('center_axis',(0.707106781186548,-0.707106781186548,1.59542506845668E-15));
#7580=DIRECTION('ref_axis',(0.707106781186548,0.707106781186548,1.59542506845668E-15));
#7581=DIRECTION('',(1.,0.,0.));
#7582=DIRECTION('center_axis',(0.,-1.,0.));
#7583=DIRECTION('ref_axis',(0.976296007119933,0.,0.216439613938103));
#7584=DIRECTION('',(0.,-1.,0.));
#7585=DIRECTION('',(0.,1.,0.));
#7586=DIRECTION('center_axis',(0.90630778703665,0.,-0.4226182617407));
#7587=DIRECTION('ref_axis',(0.,1.,0.));
#7588=DIRECTION('',(0.389281620635025,0.389281620635025,0.834817129478988));
#7589=DIRECTION('',(0.,-1.,0.));
#7590=DIRECTION('',(0.389281620635025,-0.389281620635025,0.834817129478988));
#7591=DIRECTION('center_axis',(0.,0.90630778703665,-0.4226182617407));
#7592=DIRECTION('ref_axis',(-1.,0.,0.));
#7593=DIRECTION('',(-0.389281620635025,0.389281620635025,0.834817129478988));
#7594=DIRECTION('',(1.,0.,0.));
#7595=DIRECTION('center_axis',(-1.,0.,0.));
#7596=DIRECTION('ref_axis',(0.,0.,-1.));
#7597=DIRECTION('',(0.,0.,-1.));
#7598=DIRECTION('center_axis',(1.,0.,0.));
#7599=DIRECTION('ref_axis',(0.,0.707106781186547,-0.707106781186547));
#7600=DIRECTION('',(0.,-1.,0.));
#7601=DIRECTION('center_axis',(1.,0.,0.));
#7602=DIRECTION('ref_axis',(0.,-0.707106781186547,-0.707106781186547));
#7603=DIRECTION('',(0.,0.,-1.));
#7604=DIRECTION('center_axis',(0.,-1.,0.));
#7605=DIRECTION('ref_axis',(-1.,0.,0.));
#7606=DIRECTION('',(0.,0.,1.));
#7607=DIRECTION('',(1.,0.,0.));
#7608=DIRECTION('',(0.,0.,1.));
#7609=DIRECTION('',(-1.,0.,0.));
#7610=DIRECTION('',(0.,0.,-1.));
#7611=DIRECTION('',(1.,0.,0.));
#7612=DIRECTION('center_axis',(-1.,0.,0.));
#7613=DIRECTION('ref_axis',(0.,0.707106781186547,-0.707106781186547));
#7614=DIRECTION('center_axis',(1.,0.,0.));
#7615=DIRECTION('ref_axis',(0.,0.707106781186547,-0.707106781186547));
#7616=DIRECTION('',(-1.,0.,0.));
#7617=DIRECTION('center_axis',(0.,0.,-1.));
#7618=DIRECTION('ref_axis',(1.,0.,0.));
#7619=DIRECTION('',(0.,1.,0.));
#7620=DIRECTION('',(1.,0.,0.));
#7621=DIRECTION('center_axis',(1.,0.,0.));
#7622=DIRECTION('ref_axis',(0.,0.,1.));
#7623=DIRECTION('',(0.,1.,0.));
#7624=DIRECTION('',(0.,0.,-1.));
#7625=DIRECTION('center_axis',(1.,0.,0.));
#7626=DIRECTION('ref_axis',(0.,-0.707106781186547,-0.707106781186547));
#7627=DIRECTION('center_axis',(1.,0.,0.));
#7628=DIRECTION('ref_axis',(0.,0.707106781186547,-0.707106781186547));
#7629=DIRECTION('center_axis',(-1.,0.,0.));
#7630=DIRECTION('ref_axis',(0.,0.707106781186547,-0.707106781186547));
#7631=DIRECTION('',(-1.,0.,0.));
#7632=DIRECTION('center_axis',(-1.,0.,0.));
#7633=DIRECTION('ref_axis',(0.,0.707106781186547,-0.707106781186547));
#7634=DIRECTION('center_axis',(0.,0.,-1.));
#7635=DIRECTION('ref_axis',(1.,0.,0.));
#7636=DIRECTION('',(0.,-1.,0.));
#7637=DIRECTION('',(-1.,0.,0.));
#7638=DIRECTION('',(0.,-1.,0.));
#7639=DIRECTION('center_axis',(1.,0.,0.));
#7640=DIRECTION('ref_axis',(0.,0.,1.));
#7641=DIRECTION('',(0.,0.,1.));
#7642=DIRECTION('center_axis',(-1.,0.,0.));
#7643=DIRECTION('ref_axis',(0.,-0.707106781186547,-0.707106781186547));
#7644=DIRECTION('',(0.,-1.,0.));
#7645=DIRECTION('',(0.,0.,1.));
#7646=DIRECTION('center_axis',(-1.,0.,0.));
#7647=DIRECTION('ref_axis',(0.,1.,0.));
#7648=DIRECTION('',(0.,0.,-1.));
#7649=DIRECTION('center_axis',(1.,0.,0.));
#7650=DIRECTION('ref_axis',(0.,-0.707106781186547,-0.707106781186547));
#7651=DIRECTION('',(-1.,0.,0.));
#7652=DIRECTION('center_axis',(-1.,0.,0.));
#7653=DIRECTION('ref_axis',(0.,-0.707106781186547,-0.707106781186547));
#7654=DIRECTION('',(1.,0.,0.));
#7655=DIRECTION('center_axis',(-1.,0.,0.));
#7656=DIRECTION('ref_axis',(0.,0.,-1.));
#7657=DIRECTION('',(0.,0.,-1.));
#7658=DIRECTION('center_axis',(-1.,0.,0.));
#7659=DIRECTION('ref_axis',(0.,1.,0.));
#7660=DIRECTION('',(0.,0.,1.));
#7661=DIRECTION('',(0.,-1.,0.));
#7662=DIRECTION('',(0.,0.,1.));
#7663=DIRECTION('',(0.,1.,0.));
#7664=DIRECTION('center_axis',(0.,-1.,0.));
#7665=DIRECTION('ref_axis',(0.,0.,1.));
#7666=DIRECTION('',(-1.,0.,0.));
#7667=DIRECTION('',(-1.,0.,0.));
#7668=DIRECTION('center_axis',(1.,0.,0.));
#7669=DIRECTION('ref_axis',(0.,-0.707106781186547,-0.707106781186547));
#7670=DIRECTION('center_axis',(-1.,0.,0.));
#7671=DIRECTION('ref_axis',(0.,1.,0.));
#7672=DIRECTION('',(-1.,0.,0.));
#7673=DIRECTION('',(-1.,0.,0.));
#7674=DIRECTION('center_axis',(0.,-1.,0.));
#7675=DIRECTION('ref_axis',(0.,0.,1.));
#7676=DIRECTION('',(1.,0.,0.));
#7677=DIRECTION('center_axis',(0.,1.,0.));
#7678=DIRECTION('ref_axis',(0.,0.,-1.));
#7679=DIRECTION('center_axis',(0.,0.,-1.));
#7680=DIRECTION('ref_axis',(1.,0.,0.));
#7681=DIRECTION('center_axis',(0.,-0.90630778703665,-0.4226182617407));
#7682=DIRECTION('ref_axis',(1.,0.,0.));
#7683=DIRECTION('',(-1.,0.,0.));
#7684=DIRECTION('',(-0.389281620635025,-0.389281620635025,0.834817129478988));
#7685=DIRECTION('center_axis',(-0.90630778703665,0.,-0.4226182617407));
#7686=DIRECTION('ref_axis',(0.,-1.,0.));
#7687=DIRECTION('',(0.,1.,0.));
#7688=DIRECTION('center_axis',(0.,0.,1.));
#7689=DIRECTION('ref_axis',(-1.,0.,0.));
#7690=DIRECTION('center_axis',(0.,0.,-1.));
#7691=DIRECTION('ref_axis',(1.,0.,0.));
#7692=DIRECTION('center_axis',(0.,-1.,0.));
#7693=DIRECTION('ref_axis',(1.,0.,0.));
#7694=DIRECTION('',(-1.,0.,0.));
#7695=DIRECTION('',(0.,0.,1.));
#7696=DIRECTION('',(1.,0.,0.));
#7697=DIRECTION('',(0.,0.,1.));
#7698=DIRECTION('center_axis',(-1.,0.,0.));
#7699=DIRECTION('ref_axis',(0.,-1.,0.));
#7700=DIRECTION('',(0.,1.,0.));
#7701=DIRECTION('',(0.,-1.,0.));
#7702=DIRECTION('',(0.,0.,1.));
#7703=DIRECTION('center_axis',(0.,1.,0.));
#7704=DIRECTION('ref_axis',(-1.,0.,0.));
#7705=DIRECTION('',(1.,0.,0.));
#7706=DIRECTION('',(-1.,0.,0.));
#7707=DIRECTION('',(0.,0.,1.));
#7708=DIRECTION('center_axis',(1.,0.,0.));
#7709=DIRECTION('ref_axis',(0.,1.,0.));
#7710=DIRECTION('',(0.,-1.,0.));
#7711=DIRECTION('',(0.,1.,0.));
#7712=DIRECTION('center_axis',(0.,0.,1.));
#7713=DIRECTION('ref_axis',(-1.,0.,0.));
#7714=DIRECTION('center_axis',(0.,0.,1.));
#7715=DIRECTION('ref_axis',(-1.,0.,0.));
#7716=DIRECTION('center_axis',(0.,0.,-1.));
#7717=DIRECTION('ref_axis',(1.,0.,0.));
#7718=DIRECTION('',(0.707106781186548,0.707106781186548,0.));
#7719=DIRECTION('',(0.,1.,0.));
#7720=DIRECTION('',(-1.,0.,0.));
#7721=DIRECTION('',(0.,-1.,0.));
#7722=DIRECTION('',(1.,0.,0.));
#7723=DIRECTION('center_axis',(0.,-1.,0.));
#7724=DIRECTION('ref_axis',(1.,0.,0.));
#7725=DIRECTION('',(0.,0.,-1.));
#7726=DIRECTION('',(-1.,0.,0.));
#7727=DIRECTION('',(0.,0.,1.));
#7728=DIRECTION('center_axis',(1.,0.,0.));
#7729=DIRECTION('ref_axis',(0.,1.,0.));
#7730=DIRECTION('',(0.,-1.,0.));
#7731=DIRECTION('',(0.,0.,1.));
#7732=DIRECTION('center_axis',(0.,0.,1.));
#7733=DIRECTION('ref_axis',(1.,0.,0.));
#7734=DIRECTION('',(-0.707106781186548,-0.707106781186548,0.));
#7735=DIRECTION('',(-1.,0.,0.));
#7736=DIRECTION('',(0.,-1.,0.));
#7737=DIRECTION('center_axis',(-1.,0.,0.));
#7738=DIRECTION('ref_axis',(0.,-1.,0.));
#7739=DIRECTION('',(0.,0.,1.));
#7740=DIRECTION('',(0.,1.,0.));
#7741=DIRECTION('',(0.,0.,1.));
#7742=DIRECTION('',(0.,-1.,0.));
#7743=DIRECTION('',(0.,0.,1.));
#7744=DIRECTION('center_axis',(-0.707106781186548,0.707106781186548,0.));
#7745=DIRECTION('ref_axis',(0.,0.,1.));
#7746=DIRECTION('',(0.,0.,-1.));
#7747=DIRECTION('',(-0.707106781186548,-0.707106781186548,0.));
#7748=DIRECTION('center_axis',(-0.707106781186548,0.707106781186548,0.));
#7749=DIRECTION('ref_axis',(0.,0.,1.));
#7750=DIRECTION('',(0.707106781186548,0.707106781186548,0.));
#7751=DIRECTION('',(0.,0.,-1.));
#7752=DIRECTION('center_axis',(0.,0.,-1.));
#7753=DIRECTION('ref_axis',(1.,0.,0.));
#7754=DIRECTION('',(1.,0.,0.));
#7755=DIRECTION('',(0.,-1.,0.));
#7756=DIRECTION('',(-1.,0.,0.));
#7757=DIRECTION('center_axis',(0.,1.,0.));
#7758=DIRECTION('ref_axis',(-1.,0.,0.));
#7759=DIRECTION('',(-1.,0.,0.));
#7760=DIRECTION('',(0.,0.,1.));
#7761=DIRECTION('center_axis',(0.,-1.,0.));
#7762=DIRECTION('ref_axis',(1.,0.,0.));
#7763=DIRECTION('',(0.,0.,1.));
#7764=DIRECTION('',(1.,0.,0.));
#7765=DIRECTION('center_axis',(1.,0.,0.));
#7766=DIRECTION('ref_axis',(0.,1.,0.));
#7767=DIRECTION('',(0.,1.,0.));
#7768=DIRECTION('center_axis',(0.,0.,1.));
#7769=DIRECTION('ref_axis',(1.,0.,0.));
#7770=DIRECTION('center_axis',(1.22464679914735E-16,0.,1.));
#7771=DIRECTION('ref_axis',(-1.,0.,1.22464679914735E-16));
#7772=DIRECTION('',(-0.707106781186548,0.707106781186548,8.65956056235493E-17));
#7773=DIRECTION('',(0.,1.,0.));
#7774=DIRECTION('',(1.,0.,-1.22464679914735E-16));
#7775=DIRECTION('',(0.,-1.,0.));
#7776=DIRECTION('',(-1.,0.,1.22464679914735E-16));
#7777=DIRECTION('center_axis',(0.,-1.,0.));
#7778=DIRECTION('ref_axis',(-1.,0.,1.22464679914735E-16));
#7779=DIRECTION('',(1.22464679914735E-16,0.,1.));
#7780=DIRECTION('',(1.,0.,-1.22464679914735E-16));
#7781=DIRECTION('',(-1.22464679914735E-16,0.,-1.));
#7782=DIRECTION('center_axis',(-1.,0.,1.22464679914735E-16));
#7783=DIRECTION('ref_axis',(0.,1.,0.));
#7784=DIRECTION('',(0.,-1.,0.));
#7785=DIRECTION('',(-1.22464679914735E-16,0.,-1.));
#7786=DIRECTION('center_axis',(-1.22464679914735E-16,0.,-1.));
#7787=DIRECTION('ref_axis',(-1.,0.,1.22464679914735E-16));
#7788=DIRECTION('',(0.707106781186548,-0.707106781186548,-8.65956056235493E-17));
#7789=DIRECTION('',(1.,0.,-1.22464679914735E-16));
#7790=DIRECTION('',(0.,-1.,0.));
#7791=DIRECTION('center_axis',(1.,0.,-1.22464679914735E-16));
#7792=DIRECTION('ref_axis',(0.,-1.,0.));
#7793=DIRECTION('',(-1.22464679914735E-16,0.,-1.));
#7794=DIRECTION('',(0.,1.,0.));
#7795=DIRECTION('',(-1.22464679914735E-16,0.,-1.));
#7796=DIRECTION('',(0.,-1.,0.));
#7797=DIRECTION('',(-1.22464679914735E-16,0.,-1.));
#7798=DIRECTION('center_axis',(0.707106781186548,0.707106781186548,-8.65956056235493E-17));
#7799=DIRECTION('ref_axis',(-1.22464679914735E-16,0.,-1.));
#7800=DIRECTION('',(1.22464679914735E-16,0.,1.));
#7801=DIRECTION('',(0.707106781186548,-0.707106781186548,-8.65956056235493E-17));
#7802=DIRECTION('center_axis',(0.707106781186548,0.707106781186548,-8.65956056235493E-17));
#7803=DIRECTION('ref_axis',(-1.22464679914735E-16,0.,-1.));
#7804=DIRECTION('',(-0.707106781186548,0.707106781186548,8.65956056235493E-17));
#7805=DIRECTION('',(1.22464679914735E-16,0.,1.));
#7806=DIRECTION('center_axis',(1.22464679914735E-16,0.,1.));
#7807=DIRECTION('ref_axis',(-1.,0.,1.22464679914735E-16));
#7808=DIRECTION('',(-1.,0.,1.22464679914735E-16));
#7809=DIRECTION('',(0.,-1.,0.));
#7810=DIRECTION('',(1.,0.,-1.22464679914735E-16));
#7811=DIRECTION('center_axis',(0.,1.,0.));
#7812=DIRECTION('ref_axis',(1.,0.,-1.22464679914735E-16));
#7813=DIRECTION('',(1.,0.,-1.22464679914735E-16));
#7814=DIRECTION('',(-1.22464679914735E-16,0.,-1.));
#7815=DIRECTION('center_axis',(0.,-1.,0.));
#7816=DIRECTION('ref_axis',(-1.,0.,1.22464679914735E-16));
#7817=DIRECTION('',(-1.22464679914735E-16,0.,-1.));
#7818=DIRECTION('',(-1.,0.,1.22464679914735E-16));
#7819=DIRECTION('center_axis',(-1.,0.,1.22464679914735E-16));
#7820=DIRECTION('ref_axis',(0.,1.,0.));
#7821=DIRECTION('',(0.,1.,0.));
#7822=DIRECTION('center_axis',(-1.22464679914735E-16,0.,-1.));
#7823=DIRECTION('ref_axis',(-1.,0.,1.22464679914735E-16));
#7824=DIRECTION('center_axis',(0.,0.,1.));
#7825=DIRECTION('ref_axis',(1.,0.,0.));
#7826=DIRECTION('',(0.707106781186548,-0.707106781186548,0.));
#7827=DIRECTION('',(1.,0.,0.));
#7828=DIRECTION('',(0.,1.,0.));
#7829=DIRECTION('',(-1.,0.,0.));
#7830=DIRECTION('',(0.,-1.,0.));
#7831=DIRECTION('center_axis',(0.,-1.,0.));
#7832=DIRECTION('ref_axis',(1.,0.,0.));
#7833=DIRECTION('',(0.,0.,1.));
#7834=DIRECTION('',(-1.,0.,0.));
#7835=DIRECTION('',(0.,0.,-1.));
#7836=DIRECTION('center_axis',(-1.,0.,0.));
#7837=DIRECTION('ref_axis',(0.,-1.,0.));
#7838=DIRECTION('',(0.,0.,1.));
#7839=DIRECTION('',(0.,1.,0.));
#7840=DIRECTION('center_axis',(0.,0.,-1.));
#7841=DIRECTION('ref_axis',(1.,0.,0.));
#7842=DIRECTION('',(-0.707106781186548,0.707106781186548,0.));
#7843=DIRECTION('',(0.,1.,0.));
#7844=DIRECTION('',(-1.,0.,0.));
#7845=DIRECTION('center_axis',(1.,0.,0.));
#7846=DIRECTION('ref_axis',(0.,1.,0.));
#7847=DIRECTION('',(0.,0.,1.));
#7848=DIRECTION('',(0.,1.,0.));
#7849=DIRECTION('',(0.,0.,1.));
#7850=DIRECTION('',(0.,-1.,0.));
#7851=DIRECTION('',(0.,0.,1.));
#7852=DIRECTION('center_axis',(0.707106781186548,0.707106781186548,0.));
#7853=DIRECTION('ref_axis',(0.,0.,1.));
#7854=DIRECTION('',(-0.707106781186548,0.707106781186548,0.));
#7855=DIRECTION('',(0.,0.,-1.));
#7856=DIRECTION('center_axis',(0.707106781186548,0.707106781186548,0.));
#7857=DIRECTION('ref_axis',(0.,0.,1.));
#7858=DIRECTION('',(0.,0.,-1.));
#7859=DIRECTION('',(0.707106781186548,-0.707106781186548,0.));
#7860=DIRECTION('center_axis',(0.,0.,1.));
#7861=DIRECTION('ref_axis',(1.,0.,0.));
#7862=DIRECTION('',(-1.,0.,0.));
#7863=DIRECTION('',(0.,1.,0.));
#7864=DIRECTION('',(1.,0.,0.));
#7865=DIRECTION('center_axis',(0.,1.,0.));
#7866=DIRECTION('ref_axis',(-1.,0.,0.));
#7867=DIRECTION('',(0.,0.,1.));
#7868=DIRECTION('',(-1.,0.,0.));
#7869=DIRECTION('center_axis',(0.,-1.,0.));
#7870=DIRECTION('ref_axis',(1.,0.,0.));
#7871=DIRECTION('',(1.,0.,0.));
#7872=DIRECTION('',(0.,0.,1.));
#7873=DIRECTION('center_axis',(-1.,0.,0.));
#7874=DIRECTION('ref_axis',(0.,-1.,0.));
#7875=DIRECTION('',(0.,-1.,0.));
#7876=DIRECTION('center_axis',(0.,0.,-1.));
#7877=DIRECTION('ref_axis',(1.,0.,0.));
#7878=DIRECTION('center_axis',(-1.22464679914735E-16,0.,-1.));
#7879=DIRECTION('ref_axis',(-1.,0.,1.22464679914735E-16));
#7880=DIRECTION('',(-0.707106781186548,-0.707106781186548,8.65956056235493E-17));
#7881=DIRECTION('',(-1.,0.,1.22464679914735E-16));
#7882=DIRECTION('',(0.,1.,0.));
#7883=DIRECTION('',(1.,0.,-1.22464679914735E-16));
#7884=DIRECTION('',(0.,-1.,0.));
#7885=DIRECTION('center_axis',(0.,-1.,0.));
#7886=DIRECTION('ref_axis',(-1.,0.,1.22464679914735E-16));
#7887=DIRECTION('',(-1.22464679914735E-16,0.,-1.));
#7888=DIRECTION('',(1.,0.,-1.22464679914735E-16));
#7889=DIRECTION('',(1.22464679914735E-16,0.,1.));
#7890=DIRECTION('center_axis',(1.,0.,-1.22464679914735E-16));
#7891=DIRECTION('ref_axis',(0.,-1.,0.));
#7892=DIRECTION('',(-1.22464679914735E-16,0.,-1.));
#7893=DIRECTION('',(0.,1.,0.));
#7894=DIRECTION('center_axis',(1.22464679914735E-16,0.,1.));
#7895=DIRECTION('ref_axis',(-1.,0.,1.22464679914735E-16));
#7896=DIRECTION('',(0.707106781186548,0.707106781186548,-8.65956056235493E-17));
#7897=DIRECTION('',(0.,1.,0.));
#7898=DIRECTION('',(1.,0.,-1.22464679914735E-16));
#7899=DIRECTION('center_axis',(-1.,0.,1.22464679914735E-16));
#7900=DIRECTION('ref_axis',(0.,1.,0.));
#7901=DIRECTION('',(-1.22464679914735E-16,0.,-1.));
#7902=DIRECTION('',(0.,1.,0.));
#7903=DIRECTION('',(-1.22464679914735E-16,0.,-1.));
#7904=DIRECTION('',(0.,-1.,0.));
#7905=DIRECTION('',(-1.22464679914735E-16,0.,-1.));
#7906=DIRECTION('center_axis',(-0.707106781186548,0.707106781186548,8.65956056235493E-17));
#7907=DIRECTION('ref_axis',(-1.22464679914735E-16,0.,-1.));
#7908=DIRECTION('',(0.707106781186548,0.707106781186548,-8.65956056235493E-17));
#7909=DIRECTION('',(1.22464679914735E-16,0.,1.));
#7910=DIRECTION('center_axis',(-0.707106781186548,0.707106781186548,8.65956056235493E-17));
#7911=DIRECTION('ref_axis',(-1.22464679914735E-16,0.,-1.));
#7912=DIRECTION('',(1.22464679914735E-16,0.,1.));
#7913=DIRECTION('',(-0.707106781186548,-0.707106781186548,8.65956056235493E-17));
#7914=DIRECTION('center_axis',(-1.22464679914735E-16,0.,-1.));
#7915=DIRECTION('ref_axis',(-1.,0.,1.22464679914735E-16));
#7916=DIRECTION('',(1.,0.,-1.22464679914735E-16));
#7917=DIRECTION('',(0.,1.,0.));
#7918=DIRECTION('',(-1.,0.,1.22464679914735E-16));
#7919=DIRECTION('center_axis',(0.,1.,0.));
#7920=DIRECTION('ref_axis',(1.,0.,-1.22464679914735E-16));
#7921=DIRECTION('',(-1.22464679914735E-16,0.,-1.));
#7922=DIRECTION('',(1.,0.,-1.22464679914735E-16));
#7923=DIRECTION('center_axis',(0.,-1.,0.));
#7924=DIRECTION('ref_axis',(-1.,0.,1.22464679914735E-16));
#7925=DIRECTION('',(-1.,0.,1.22464679914735E-16));
#7926=DIRECTION('',(-1.22464679914735E-16,0.,-1.));
#7927=DIRECTION('center_axis',(1.,0.,-1.22464679914735E-16));
#7928=DIRECTION('ref_axis',(0.,-1.,0.));
#7929=DIRECTION('',(0.,-1.,0.));
#7930=DIRECTION('center_axis',(1.22464679914735E-16,0.,1.));
#7931=DIRECTION('ref_axis',(-1.,0.,1.22464679914735E-16));
#7932=DIRECTION('center_axis',(0.,0.,1.));
#7933=DIRECTION('ref_axis',(-1.,0.,0.));
#7934=DIRECTION('',(-0.707106781186548,0.707106781186548,0.));
#7935=DIRECTION('',(-1.,0.,0.));
#7936=DIRECTION('',(0.,-1.,0.));
#7937=DIRECTION('',(1.,0.,0.));
#7938=DIRECTION('',(0.,1.,0.));
#7939=DIRECTION('center_axis',(0.,1.,0.));
#7940=DIRECTION('ref_axis',(-1.,0.,0.));
#7941=DIRECTION('',(0.,0.,1.));
#7942=DIRECTION('',(1.,0.,0.));
#7943=DIRECTION('',(0.,0.,-1.));
#7944=DIRECTION('center_axis',(1.,0.,0.));
#7945=DIRECTION('ref_axis',(0.,1.,0.));
#7946=DIRECTION('',(0.,0.,1.));
#7947=DIRECTION('',(0.,-1.,0.));
#7948=DIRECTION('center_axis',(0.,0.,-1.));
#7949=DIRECTION('ref_axis',(-1.,0.,0.));
#7950=DIRECTION('',(0.707106781186548,-0.707106781186548,0.));
#7951=DIRECTION('',(0.,-1.,0.));
#7952=DIRECTION('',(1.,0.,0.));
#7953=DIRECTION('center_axis',(-1.,0.,0.));
#7954=DIRECTION('ref_axis',(0.,-1.,0.));
#7955=DIRECTION('',(0.,0.,1.));
#7956=DIRECTION('',(0.,-1.,0.));
#7957=DIRECTION('',(0.,0.,1.));
#7958=DIRECTION('',(0.,1.,0.));
#7959=DIRECTION('',(0.,0.,1.));
#7960=DIRECTION('center_axis',(-0.707106781186548,-0.707106781186548,0.));
#7961=DIRECTION('ref_axis',(0.,0.,1.));
#7962=DIRECTION('',(0.707106781186548,-0.707106781186548,0.));
#7963=DIRECTION('',(0.,0.,-1.));
#7964=DIRECTION('center_axis',(-0.707106781186548,-0.707106781186548,0.));
#7965=DIRECTION('ref_axis',(0.,0.,1.));
#7966=DIRECTION('',(0.,0.,-1.));
#7967=DIRECTION('',(-0.707106781186548,0.707106781186548,0.));
#7968=DIRECTION('center_axis',(0.,0.,1.));
#7969=DIRECTION('ref_axis',(-1.,0.,0.));
#7970=DIRECTION('',(1.,0.,0.));
#7971=DIRECTION('',(0.,-1.,0.));
#7972=DIRECTION('',(-1.,0.,0.));
#7973=DIRECTION('center_axis',(0.,-1.,0.));
#7974=DIRECTION('ref_axis',(1.,0.,0.));
#7975=DIRECTION('',(0.,0.,1.));
#7976=DIRECTION('',(1.,0.,0.));
#7977=DIRECTION('center_axis',(0.,1.,0.));
#7978=DIRECTION('ref_axis',(-1.,0.,0.));
#7979=DIRECTION('',(-1.,0.,0.));
#7980=DIRECTION('',(0.,0.,1.));
#7981=DIRECTION('center_axis',(1.,0.,0.));
#7982=DIRECTION('ref_axis',(0.,1.,0.));
#7983=DIRECTION('',(0.,1.,0.));
#7984=DIRECTION('center_axis',(0.,0.,-1.));
#7985=DIRECTION('ref_axis',(-1.,0.,0.));
#7986=DIRECTION('center_axis',(0.,0.,-1.));
#7987=DIRECTION('ref_axis',(-1.,0.,0.));
#7988=DIRECTION('',(-0.707106781186548,-0.707106781186548,0.));
#7989=DIRECTION('',(0.,-1.,0.));
#7990=DIRECTION('',(1.,0.,0.));
#7991=DIRECTION('',(0.,1.,0.));
#7992=DIRECTION('',(-1.,0.,0.));
#7993=DIRECTION('center_axis',(0.,1.,0.));
#7994=DIRECTION('ref_axis',(-1.,0.,0.));
#7995=DIRECTION('',(0.,0.,-1.));
#7996=DIRECTION('',(1.,0.,0.));
#7997=DIRECTION('',(0.,0.,1.));
#7998=DIRECTION('center_axis',(-1.,0.,0.));
#7999=DIRECTION('ref_axis',(0.,-1.,0.));
#8000=DIRECTION('',(0.,1.,0.));
#8001=DIRECTION('',(0.,0.,1.));
#8002=DIRECTION('center_axis',(0.,0.,1.));
#8003=DIRECTION('ref_axis',(-1.,0.,0.));
#8004=DIRECTION('',(0.707106781186548,0.707106781186548,0.));
#8005=DIRECTION('',(1.,0.,0.));
#8006=DIRECTION('',(0.,1.,0.));
#8007=DIRECTION('center_axis',(1.,0.,0.));
#8008=DIRECTION('ref_axis',(0.,1.,0.));
#8009=DIRECTION('',(0.,0.,1.));
#8010=DIRECTION('',(0.,-1.,0.));
#8011=DIRECTION('',(0.,0.,1.));
#8012=DIRECTION('',(0.,1.,0.));
#8013=DIRECTION('',(0.,0.,1.));
#8014=DIRECTION('center_axis',(0.707106781186548,-0.707106781186548,0.));
#8015=DIRECTION('ref_axis',(0.,0.,1.));
#8016=DIRECTION('',(0.,0.,-1.));
#8017=DIRECTION('',(0.707106781186548,0.707106781186548,0.));
#8018=DIRECTION('center_axis',(0.707106781186548,-0.707106781186548,0.));
#8019=DIRECTION('ref_axis',(0.,0.,1.));
#8020=DIRECTION('',(-0.707106781186548,-0.707106781186548,0.));
#8021=DIRECTION('',(0.,0.,-1.));
#8022=DIRECTION('center_axis',(0.,0.,-1.));
#8023=DIRECTION('ref_axis',(-1.,0.,0.));
#8024=DIRECTION('',(-1.,0.,0.));
#8025=DIRECTION('',(0.,1.,0.));
#8026=DIRECTION('',(1.,0.,0.));
#8027=DIRECTION('center_axis',(0.,-1.,0.));
#8028=DIRECTION('ref_axis',(1.,0.,0.));
#8029=DIRECTION('',(1.,0.,0.));
#8030=DIRECTION('',(0.,0.,1.));
#8031=DIRECTION('center_axis',(0.,1.,0.));
#8032=DIRECTION('ref_axis',(-1.,0.,0.));
#8033=DIRECTION('',(0.,0.,1.));
#8034=DIRECTION('',(-1.,0.,0.));
#8035=DIRECTION('center_axis',(-1.,0.,0.));
#8036=DIRECTION('ref_axis',(0.,-1.,0.));
#8037=DIRECTION('',(0.,-1.,0.));
#8038=DIRECTION('center_axis',(0.,0.,1.));
#8039=DIRECTION('ref_axis',(-1.,0.,0.));
#8040=DIRECTION('center_axis',(1.22464679914735E-16,0.,-1.));
#8041=DIRECTION('ref_axis',(1.,0.,1.22464679914735E-16));
#8042=DIRECTION('',(0.707106781186548,0.707106781186548,8.65956056235493E-17));
#8043=DIRECTION('',(1.,0.,1.22464679914735E-16));
#8044=DIRECTION('',(0.,-1.,0.));
#8045=DIRECTION('',(-1.,0.,-1.22464679914735E-16));
#8046=DIRECTION('',(0.,1.,0.));
#8047=DIRECTION('center_axis',(0.,1.,0.));
#8048=DIRECTION('ref_axis',(1.,0.,1.22464679914735E-16));
#8049=DIRECTION('',(1.22464679914735E-16,0.,-1.));
#8050=DIRECTION('',(-1.,0.,-1.22464679914735E-16));
#8051=DIRECTION('',(-1.22464679914735E-16,0.,1.));
#8052=DIRECTION('center_axis',(-1.,0.,-1.22464679914735E-16));
#8053=DIRECTION('ref_axis',(0.,1.,0.));
#8054=DIRECTION('',(1.22464679914735E-16,0.,-1.));
#8055=DIRECTION('',(0.,-1.,0.));
#8056=DIRECTION('center_axis',(-1.22464679914735E-16,0.,1.));
#8057=DIRECTION('ref_axis',(1.,0.,1.22464679914735E-16));
#8058=DIRECTION('',(-0.707106781186548,-0.707106781186548,-8.65956056235493E-17));
#8059=DIRECTION('',(0.,-1.,0.));
#8060=DIRECTION('',(-1.,0.,-1.22464679914735E-16));
#8061=DIRECTION('center_axis',(1.,0.,1.22464679914735E-16));
#8062=DIRECTION('ref_axis',(0.,-1.,0.));
#8063=DIRECTION('',(1.22464679914735E-16,0.,-1.));
#8064=DIRECTION('',(0.,-1.,0.));
#8065=DIRECTION('',(1.22464679914735E-16,0.,-1.));
#8066=DIRECTION('',(0.,1.,0.));
#8067=DIRECTION('',(1.22464679914735E-16,0.,-1.));
#8068=DIRECTION('center_axis',(0.707106781186548,-0.707106781186548,8.65956056235493E-17));
#8069=DIRECTION('ref_axis',(1.22464679914735E-16,0.,-1.));
#8070=DIRECTION('',(-0.707106781186548,-0.707106781186548,-8.65956056235493E-17));
#8071=DIRECTION('',(-1.22464679914735E-16,0.,1.));
#8072=DIRECTION('center_axis',(0.707106781186548,-0.707106781186548,8.65956056235493E-17));
#8073=DIRECTION('ref_axis',(1.22464679914735E-16,0.,-1.));
#8074=DIRECTION('',(-1.22464679914735E-16,0.,1.));
#8075=DIRECTION('',(0.707106781186548,0.707106781186548,8.65956056235493E-17));
#8076=DIRECTION('center_axis',(1.22464679914735E-16,0.,-1.));
#8077=DIRECTION('ref_axis',(1.,0.,1.22464679914735E-16));
#8078=DIRECTION('',(-1.,0.,-1.22464679914735E-16));
#8079=DIRECTION('',(0.,-1.,0.));
#8080=DIRECTION('',(1.,0.,1.22464679914735E-16));
#8081=DIRECTION('center_axis',(0.,-1.,0.));
#8082=DIRECTION('ref_axis',(-1.,0.,-1.22464679914735E-16));
#8083=DIRECTION('',(1.22464679914735E-16,0.,-1.));
#8084=DIRECTION('',(-1.,0.,-1.22464679914735E-16));
#8085=DIRECTION('center_axis',(0.,1.,0.));
#8086=DIRECTION('ref_axis',(1.,0.,1.22464679914735E-16));
#8087=DIRECTION('',(1.,0.,1.22464679914735E-16));
#8088=DIRECTION('',(1.22464679914735E-16,0.,-1.));
#8089=DIRECTION('center_axis',(-1.,0.,-1.22464679914735E-16));
#8090=DIRECTION('ref_axis',(0.,1.,0.));
#8091=DIRECTION('',(0.,1.,0.));
#8092=DIRECTION('center_axis',(-1.22464679914735E-16,0.,1.));
#8093=DIRECTION('ref_axis',(1.,0.,1.22464679914735E-16));
#8094=DIRECTION('center_axis',(-1.22464679914735E-16,0.,1.));
#8095=DIRECTION('ref_axis',(1.,0.,1.22464679914735E-16));
#8096=DIRECTION('',(0.707106781186548,-0.707106781186548,8.65956056235493E-17));
#8097=DIRECTION('',(0.,-1.,0.));
#8098=DIRECTION('',(-1.,0.,-1.22464679914735E-16));
#8099=DIRECTION('',(0.,1.,0.));
#8100=DIRECTION('',(1.,0.,1.22464679914735E-16));
#8101=DIRECTION('center_axis',(0.,1.,0.));
#8102=DIRECTION('ref_axis',(1.,0.,1.22464679914735E-16));
#8103=DIRECTION('',(-1.22464679914735E-16,0.,1.));
#8104=DIRECTION('',(-1.,0.,-1.22464679914735E-16));
#8105=DIRECTION('',(1.22464679914735E-16,0.,-1.));
#8106=DIRECTION('center_axis',(1.,0.,1.22464679914735E-16));
#8107=DIRECTION('ref_axis',(0.,-1.,0.));
#8108=DIRECTION('',(0.,1.,0.));
#8109=DIRECTION('',(1.22464679914735E-16,0.,-1.));
#8110=DIRECTION('center_axis',(1.22464679914735E-16,0.,-1.));
#8111=DIRECTION('ref_axis',(1.,0.,1.22464679914735E-16));
#8112=DIRECTION('',(-0.707106781186548,0.707106781186548,-8.65956056235493E-17));
#8113=DIRECTION('',(-1.,0.,-1.22464679914735E-16));
#8114=DIRECTION('',(0.,1.,0.));
#8115=DIRECTION('center_axis',(-1.,0.,-1.22464679914735E-16));
#8116=DIRECTION('ref_axis',(0.,1.,0.));
#8117=DIRECTION('',(1.22464679914735E-16,0.,-1.));
#8118=DIRECTION('',(0.,-1.,0.));
#8119=DIRECTION('',(1.22464679914735E-16,0.,-1.));
#8120=DIRECTION('',(0.,1.,0.));
#8121=DIRECTION('',(1.22464679914735E-16,0.,-1.));
#8122=DIRECTION('center_axis',(-0.707106781186548,-0.707106781186548,-8.65956056235493E-17));
#8123=DIRECTION('ref_axis',(1.22464679914735E-16,0.,-1.));
#8124=DIRECTION('',(-1.22464679914735E-16,0.,1.));
#8125=DIRECTION('',(-0.707106781186548,0.707106781186548,-8.65956056235493E-17));
#8126=DIRECTION('center_axis',(-0.707106781186548,-0.707106781186548,-8.65956056235493E-17));
#8127=DIRECTION('ref_axis',(1.22464679914735E-16,0.,-1.));
#8128=DIRECTION('',(0.707106781186548,-0.707106781186548,8.65956056235493E-17));
#8129=DIRECTION('',(-1.22464679914735E-16,0.,1.));
#8130=DIRECTION('center_axis',(-1.22464679914735E-16,0.,1.));
#8131=DIRECTION('ref_axis',(1.,0.,1.22464679914735E-16));
#8132=DIRECTION('',(1.,0.,1.22464679914735E-16));
#8133=DIRECTION('',(0.,1.,0.));
#8134=DIRECTION('',(-1.,0.,-1.22464679914735E-16));
#8135=DIRECTION('center_axis',(0.,-1.,0.));
#8136=DIRECTION('ref_axis',(-1.,0.,-1.22464679914735E-16));
#8137=DIRECTION('',(-1.,0.,-1.22464679914735E-16));
#8138=DIRECTION('',(1.22464679914735E-16,0.,-1.));
#8139=DIRECTION('center_axis',(0.,1.,0.));
#8140=DIRECTION('ref_axis',(1.,0.,1.22464679914735E-16));
#8141=DIRECTION('',(1.22464679914735E-16,0.,-1.));
#8142=DIRECTION('',(1.,0.,1.22464679914735E-16));
#8143=DIRECTION('center_axis',(1.,0.,1.22464679914735E-16));
#8144=DIRECTION('ref_axis',(0.,-1.,0.));
#8145=DIRECTION('',(0.,-1.,0.));
#8146=DIRECTION('center_axis',(1.22464679914735E-16,0.,-1.));
#8147=DIRECTION('ref_axis',(1.,0.,1.22464679914735E-16));
#8148=DIRECTION('',(1.,0.,0.));
#8149=DIRECTION('',(0.,-1.22464679914735E-16,-1.));
#8150=DIRECTION('',(1.,0.,0.));
#8151=DIRECTION('',(0.,1.22464679914735E-16,-1.));
#8152=DIRECTION('',(-1.,0.,-9.86076131526265E-32));
#8153=DIRECTION('',(-9.86076131526264E-32,0.,1.));
#8154=DIRECTION('',(-1.,0.,0.));
#8155=DIRECTION('',(0.,0.,1.));
#8156=CARTESIAN_POINT('',(0.,0.,0.));
#8157=CARTESIAN_POINT('',(0.,0.,0.));
#8158=CARTESIAN_POINT('Origin',(0.,0.,0.));
#8159=CARTESIAN_POINT('',(1.54533666301317,-2.73318231379139E-13,-2.80000000000003));
#8160=CARTESIAN_POINT('',(1.54533666301317,-4.54042118133763E-13,-2.88750000000005));
#8161=CARTESIAN_POINT('',(1.54533666301317,-1.89249159796413E-16,0.));
#8162=CARTESIAN_POINT('',(-1.27991512673754,0.865957660859411,-3.30413666301317));
#8163=CARTESIAN_POINT('Ctrl Pts',(1.54533666301317,-9.07894987107731E-13,
-2.88750000000005));
#8164=CARTESIAN_POINT('Ctrl Pts',(1.54533666301314,-0.0520680555482734,
-2.8909042831288));
#8165=CARTESIAN_POINT('Ctrl Pts',(1.54270537129784,-0.104191306106621,-2.89441150092548));
#8166=CARTESIAN_POINT('Ctrl Pts',(1.5173537489829,-0.353757324152438,-2.91168545269362));
#8167=CARTESIAN_POINT('Ctrl Pts',(1.45938753637759,-0.545581288883661,-2.92641528214751));
#8168=CARTESIAN_POINT('Ctrl Pts',(1.27047025316224,-0.903625068019395,-2.95695593625242));
#8169=CARTESIAN_POINT('Ctrl Pts',(1.13859700180832,-1.06501562660659,-2.97248582778431));
#8170=CARTESIAN_POINT('Ctrl Pts',(0.82644741928282,-1.32055554015758,-3.00097640419374));
#8171=CARTESIAN_POINT('Ctrl Pts',(0.651592641897558,-1.41503138298978,-3.01330739144149));
#8172=CARTESIAN_POINT('Ctrl Pts',(0.271981188814437,-1.53442416869191,-3.04196652049712));
#8173=CARTESIAN_POINT('Ctrl Pts',(0.0704190707392428,-1.55674476433259,
-3.05718364502729));
#8174=CARTESIAN_POINT('Ctrl Pts',(-0.334010885584134,-1.52267044060948,
-3.08771647067862));
#8175=CARTESIAN_POINT('Ctrl Pts',(-0.532888694782921,-1.46497964802885,
-3.10273094074753));
#8176=CARTESIAN_POINT('Ctrl Pts',(-0.888432652168841,-1.27950427390282,
-3.12957307123889));
#8177=CARTESIAN_POINT('Ctrl Pts',(-1.04337330733174,-1.15666673971977,-3.14292739092683));
#8178=CARTESIAN_POINT('Ctrl Pts',(-1.30386196723817,-0.854004786900753,
-3.17254877758764));
#8179=CARTESIAN_POINT('Ctrl Pts',(-1.40476654381027,-0.675287209822714,
-3.18804252926598));
#8180=CARTESIAN_POINT('Ctrl Pts',(-1.5317350058519,-0.288673586537882,-3.21811267749942));
#8181=CARTESIAN_POINT('Ctrl Pts',(-1.55638962339659,-0.0846034970326153,
-3.23155127678315));
#8182=CARTESIAN_POINT('Ctrl Pts',(-1.53068442760451,0.249998057853654,-3.25439831892592));
#8183=CARTESIAN_POINT('Ctrl Pts',(-1.50374875371323,0.379761650811122,-3.26389921341018));
#8184=CARTESIAN_POINT('Ctrl Pts',(-1.41649736942685,0.632382286965859,-3.28370947124349));
#8185=CARTESIAN_POINT('Ctrl Pts',(-1.35572779707377,0.753903933584332,-3.2939486568476));
#8186=CARTESIAN_POINT('Ctrl Pts',(-1.27991512673754,0.865957660859411,-3.30413666301317));
#8187=CARTESIAN_POINT('',(-0.27635039621602,1.52042621016737,-3.30413666301317));
#8188=CARTESIAN_POINT('Origin',(0.,0.,-3.30413666301317));
#8189=CARTESIAN_POINT('Ctrl Pts',(-0.276350396215018,1.52042621016755,-3.30413666301324));
#8190=CARTESIAN_POINT('Ctrl Pts',(-0.406930931672806,1.49669208714967,-3.29427836082704));
#8191=CARTESIAN_POINT('Ctrl Pts',(-0.533928962370813,1.45623291144448,-3.28469052325779));
#8192=CARTESIAN_POINT('Ctrl Pts',(-0.771221421432206,1.34534829157453,-3.26677590252405));
#8193=CARTESIAN_POINT('Ctrl Pts',(-0.880875833384842,1.27624931735198,-3.25852503812776));
#8194=CARTESIAN_POINT('Ctrl Pts',(-1.13514474513584,1.06744711428035,-3.23527511759471));
#8195=CARTESIAN_POINT('Ctrl Pts',(-1.26349423511162,0.9118950218405,-3.22025996810345));
#8196=CARTESIAN_POINT('Ctrl Pts',(-1.45637676438895,0.555957699521257,-3.18970735710657));
#8197=CARTESIAN_POINT('Ctrl Pts',(-1.51724464697036,0.357951632081509,-3.17446380085971));
#8198=CARTESIAN_POINT('Ctrl Pts',(-1.5571691963723,-0.0412094930171794,
-3.14685901084924));
#8199=CARTESIAN_POINT('Ctrl Pts',(-1.53941293150378,-0.23812768223469,-3.13420726639004));
#8200=CARTESIAN_POINT('Ctrl Pts',(-1.42951102668284,-0.620818826913664,
-3.10503780337189));
#8201=CARTESIAN_POINT('Ctrl Pts',(-1.33614901012653,-0.802256470831736,
-3.08965092626021));
#8202=CARTESIAN_POINT('Ctrl Pts',(-1.08300118788266,-1.12127758888673,-3.05923705600781));
#8203=CARTESIAN_POINT('Ctrl Pts',(-0.924822604251047,-1.2548960015746,-3.04482036541187));
#8204=CARTESIAN_POINT('Ctrl Pts',(-0.572716294713545,-1.44874995607771,
-3.01823776342665));
#8205=CARTESIAN_POINT('Ctrl Pts',(-0.383595510331798,-1.50986386240549,
-3.00395990926109));
#8206=CARTESIAN_POINT('Ctrl Pts',(0.014895857193005,-1.55874839442453,-2.97387542304052));
#8207=CARTESIAN_POINT('Ctrl Pts',(0.220909757386885,-1.54309123526245,-2.9583222069693));
#8208=CARTESIAN_POINT('Ctrl Pts',(0.610519885227635,-1.43365311686527,-2.92890821841737));
#8209=CARTESIAN_POINT('Ctrl Pts',(0.790734243614242,-1.34269313954629,-2.91627189190406));
#8210=CARTESIAN_POINT('Ctrl Pts',(1.1059860159446,-1.09753521408997,-2.88834300317249));
#8211=CARTESIAN_POINT('Ctrl Pts',(1.23814053200782,-0.945920716075636,-2.8734416671365));
#8212=CARTESIAN_POINT('Ctrl Pts',(1.44151371877675,-0.5941366884095,-2.84276460331818));
#8213=CARTESIAN_POINT('Ctrl Pts',(1.50809774046165,-0.395773564705048,-2.82728192953829));
#8214=CARTESIAN_POINT('Ctrl Pts',(1.54143020628164,-0.126944669891537,-2.80844728293747));
#8215=CARTESIAN_POINT('Ctrl Pts',(1.54533666301314,-0.0634442127406276,
-2.8041480723791));
#8216=CARTESIAN_POINT('Ctrl Pts',(1.54533666301317,-5.46447213598481E-13,
-2.80000000000003));
#8217=CARTESIAN_POINT('Origin',(0.,0.,0.));
#8218=CARTESIAN_POINT('',(1.54533666301317,-9.264609058003E-15,-2.1));
#8219=CARTESIAN_POINT('',(1.54533666301317,-9.7278395109033E-14,-2.18750000000001));
#8220=CARTESIAN_POINT('',(1.54533666301317,-1.89249159796413E-16,0.));
#8221=CARTESIAN_POINT('Ctrl Pts',(1.54533666301317,-1.9436754105827E-13,
-2.18750000000001));
#8222=CARTESIAN_POINT('Ctrl Pts',(1.54533666301316,-0.0784211927930635,
-2.19262728852182));
#8223=CARTESIAN_POINT('Ctrl Pts',(1.53936865587613,-0.156889308001602,-2.1979829250957));
#8224=CARTESIAN_POINT('Ctrl Pts',(1.49708211429155,-0.432032738932693,-2.21756842324965));
#8225=CARTESIAN_POINT('Ctrl Pts',(1.42882894020688,-0.621551751886073,-2.23253586368444));
#8226=CARTESIAN_POINT('Ctrl Pts',(1.22123916667866,-0.968866917643114,-2.26307991461079));
#8227=CARTESIAN_POINT('Ctrl Pts',(1.08199436784728,-1.12225351504599,-2.27836475684492));
#8228=CARTESIAN_POINT('Ctrl Pts',(0.758964128430096,-1.36032898157942,-2.30612420579235));
#8229=CARTESIAN_POINT('Ctrl Pts',(0.580435087161114,-1.44555681229065,-2.31867949896857));
#8230=CARTESIAN_POINT('Ctrl Pts',(0.195327839860256,-1.54617954608491,-2.34775353825537));
#8231=CARTESIAN_POINT('Ctrl Pts',(-0.00811098185318836,-1.55844417213963,
-2.36311234631834));
#8232=CARTESIAN_POINT('Ctrl Pts',(-0.411406719973025,-1.50362657397518,
-2.39355954308359));
#8233=CARTESIAN_POINT('Ctrl Pts',(-0.60701797822616,-1.43581558788034,-2.4082047132677));
#8234=CARTESIAN_POINT('Ctrl Pts',(-0.953199986437857,-1.23215124088349,
-2.43458824698458));
#8235=CARTESIAN_POINT('Ctrl Pts',(-1.10213891395244,-1.10092203136845,-2.44879034160392));
#8236=CARTESIAN_POINT('Ctrl Pts',(-1.34743733491451,-0.783725565913164,
-2.47878861446644));
#8237=CARTESIAN_POINT('Ctrl Pts',(-1.43915143299558,-0.59888834963081,-2.49433555483918));
#8238=CARTESIAN_POINT('Ctrl Pts',(-1.54440181982249,-0.20776212222282,-2.52388093010286));
#8239=CARTESIAN_POINT('Ctrl Pts',(-1.55829884915384,-0.00574024462216518,
-2.5366353983776));
#8240=CARTESIAN_POINT('Ctrl Pts',(-1.50828823416819,0.390847730384679,-2.56445268077008));
#8241=CARTESIAN_POINT('Ctrl Pts',(-1.44545634455837,0.581651919881829,-2.57929950534185));
#8242=CARTESIAN_POINT('Ctrl Pts',(-1.24710874340376,0.935719683390917,-2.60993617734835));
#8243=CARTESIAN_POINT('Ctrl Pts',(-1.11078390776689,1.09409492818954,-2.62543696170182));
#8244=CARTESIAN_POINT('Ctrl Pts',(-0.7920681202144,1.34137734209679,-2.65363551206177));
#8245=CARTESIAN_POINT('Ctrl Pts',(-0.615348992330401,1.43109077306566,-2.66604364036642));
#8246=CARTESIAN_POINT('Ctrl Pts',(-0.232898786552747,1.54090543896231,-2.69491708376681));
#8247=CARTESIAN_POINT('Ctrl Pts',(-0.0303165327475633,1.55810725132004,
-2.71021122441782));
#8248=CARTESIAN_POINT('Ctrl Pts',(0.373548125484753,1.51345041055085,-2.74070137235009));
#8249=CARTESIAN_POINT('Ctrl Pts',(0.570818154908255,1.45061640545248,-2.75559446154995));
#8250=CARTESIAN_POINT('Ctrl Pts',(0.921606753835476,1.2558590026362,-2.78207758171466));
#8251=CARTESIAN_POINT('Ctrl Pts',(1.07351489463791,1.12880368422285,-2.79588690086568));
#8252=CARTESIAN_POINT('Ctrl Pts',(1.32641773190539,0.81866645874658,-2.82571068196652));
#8253=CARTESIAN_POINT('Ctrl Pts',(1.42270988555014,0.636790154485624,-2.84123684606037));
#8254=CARTESIAN_POINT('Ctrl Pts',(1.52373142849205,0.297908727691802,-2.86720675204967));
#8255=CARTESIAN_POINT('Ctrl Pts',(1.54533666301325,0.149234467287366,-2.87774283941712));
#8256=CARTESIAN_POINT('Ctrl Pts',(1.54533666301317,-9.07676711570105E-13,
-2.88750000000005));
#8257=CARTESIAN_POINT('Ctrl Pts',(1.54533666301317,-5.46056255767979E-13,
-2.80000000000003));
#8258=CARTESIAN_POINT('Ctrl Pts',(1.54533666301321,0.132051448699078,-2.79136628948004));
#8259=CARTESIAN_POINT('Ctrl Pts',(1.52842016522468,0.263775220888262,-2.78211543933871));
#8260=CARTESIAN_POINT('Ctrl Pts',(1.44362646765968,0.58708953240929,-2.75777590170718));
#8261=CARTESIAN_POINT('Ctrl Pts',(1.35478274475957,0.770248763701307,-2.74244702122411));
#8262=CARTESIAN_POINT('Ctrl Pts',(1.10980724651327,1.09470932317538,-2.71198600129798));
#8263=CARTESIAN_POINT('Ctrl Pts',(0.954979162921399,1.23212346445911,-2.69715722336007));
#8264=CARTESIAN_POINT('Ctrl Pts',(0.608129121822462,1.43415297033107,-2.67085536097835));
#8265=CARTESIAN_POINT('Ctrl Pts',(0.421050396464003,1.49981373338953,-2.65678760164684));
#8266=CARTESIAN_POINT('Ctrl Pts',(0.0246915634033069,1.55855694425976,-2.62686411315151));
#8267=CARTESIAN_POINT('Ctrl Pts',(-0.181123933180537,1.54819645892178,-2.61132587575025));
#8268=CARTESIAN_POINT('Ctrl Pts',(-0.574170215000785,1.44876866202108,-2.58165247147322));
#8269=CARTESIAN_POINT('Ctrl Pts',(-0.757758527190716,1.36175842488155,-2.56876317382584));
#8270=CARTESIAN_POINT('Ctrl Pts',(-1.07934566752358,1.12366222082327,-2.54105684310122));
#8271=CARTESIAN_POINT('Ctrl Pts',(-1.21478962999679,0.975631085490479,-2.52626562243794));
#8272=CARTESIAN_POINT('Ctrl Pts',(-1.42622105671961,0.629792700283626,-2.49567311087534));
#8273=CARTESIAN_POINT('Ctrl Pts',(-1.49756770539375,0.433667110197491,-2.48015695067305));
#8274=CARTESIAN_POINT('Ctrl Pts',(-1.55741910500174,0.0347517504617403,
-2.45181603085971));
#8275=CARTESIAN_POINT('Ctrl Pts',(-1.54920385724092,-0.163512971352507,
-2.4394552693826));
#8276=CARTESIAN_POINT('Ctrl Pts',(-1.45780076191964,-0.550773037802284,
-2.41068537643749));
#8277=CARTESIAN_POINT('Ctrl Pts',(-1.37380584375445,-0.735646242805697,
-2.39542746649978));
#8278=CARTESIAN_POINT('Ctrl Pts',(-1.13749930995001,-1.06591497413612,-2.36491393595456));
#8279=CARTESIAN_POINT('Ctrl Pts',(-0.986209360025593,-1.20727778978692,
-2.34996054549011));
#8280=CARTESIAN_POINT('Ctrl Pts',(-0.644892245150568,-1.41795585453602,
-2.32330208486819));
#8281=CARTESIAN_POINT('Ctrl Pts',(-0.45995263953135,-1.48828906631544,-2.30972456362617));
#8282=CARTESIAN_POINT('Ctrl Pts',(-0.0662130355227085,-1.55727575144116,
-2.27999881632863));
#8283=CARTESIAN_POINT('Ctrl Pts',(0.139251610962718,-1.55245127837018,-2.26448706669049));
#8284=CARTESIAN_POINT('Ctrl Pts',(0.535792395858317,-1.46360205532096,-2.23454984156769));
#8285=CARTESIAN_POINT('Ctrl Pts',(0.722972634567923,-1.38075522082861,-2.22131830830467));
#8286=CARTESIAN_POINT('Ctrl Pts',(1.05109925016434,-1.15004501536663,-2.1938480326527));
#8287=CARTESIAN_POINT('Ctrl Pts',(1.18985027736466,-1.00579925544461,-2.17917947018432));
#8288=CARTESIAN_POINT('Ctrl Pts',(1.40945339104226,-0.666308013929836,-2.14869347920119));
#8289=CARTESIAN_POINT('Ctrl Pts',(1.48566017315135,-0.472615381142023,-2.13315292898205));
#8290=CARTESIAN_POINT('Ctrl Pts',(1.53744043483361,-0.180427596789844,-2.11209467815887));
#8291=CARTESIAN_POINT('Ctrl Pts',(1.54533666301317,-0.0902078252566372,
-2.10589791522602));
#8292=CARTESIAN_POINT('Ctrl Pts',(1.54533666301317,-1.83399689562096E-14,
-2.1));
#8293=CARTESIAN_POINT('Origin',(0.,0.,0.));
#8294=CARTESIAN_POINT('',(1.54533666301317,5.0955349819016E-14,-1.39999999999999));
#8295=CARTESIAN_POINT('',(1.54533666301317,2.31615226450074E-15,-1.4875));
#8296=CARTESIAN_POINT('',(1.54533666301317,-1.89249159796413E-16,0.));
#8297=CARTESIAN_POINT('Ctrl Pts',(1.54533666301317,5.3256010712488E-15,
-1.4875));
#8298=CARTESIAN_POINT('Ctrl Pts',(1.54533666301317,-0.102812339884971,-1.49422201622315));
#8299=CARTESIAN_POINT('Ctrl Pts',(1.53508039540944,-0.205576186098333,-1.50132801521852));
#8300=CARTESIAN_POINT('Ctrl Pts',(1.47476040865742,-0.50335095220356,-1.52307390816063));
#8301=CARTESIAN_POINT('Ctrl Pts',(1.39707261002959,-0.690251665872957,-1.53822629847774));
#8302=CARTESIAN_POINT('Ctrl Pts',(1.17216839692944,-1.02767816041032,-1.56877739916349));
#8303=CARTESIAN_POINT('Ctrl Pts',(1.02560341442009,-1.17400298895311,-1.58387685508733));
#8304=CARTESIAN_POINT('Ctrl Pts',(0.691545451913047,-1.39577284600429,-1.61098649446168));
#8305=CARTESIAN_POINT('Ctrl Pts',(0.509265661340314,-1.47211091570387,-1.62405250271451));
#8306=CARTESIAN_POINT('Ctrl Pts',(0.118962400027701,-1.55404817747996,-1.65351882003962));
#8307=CARTESIAN_POINT('Ctrl Pts',(-0.0858457972894831,-1.55622828338644,
-1.66898101042111));
#8308=CARTESIAN_POINT('Ctrl Pts',(-0.486662512288977,-1.48095796379318,
-1.69924105096923));
#8309=CARTESIAN_POINT('Ctrl Pts',(-0.678486298100894,-1.40345306082312,
-1.71301840558666));
#8310=CARTESIAN_POINT('Ctrl Pts',(-1.0147827098364,-1.18211298078216,-1.74018444246285));
#8311=CARTESIAN_POINT('Ctrl Pts',(-1.15753244722832,-1.04271392760789,-1.75468706360946));
#8312=CARTESIAN_POINT('Ctrl Pts',(-1.38711999817252,-0.711442684385899,
-1.7850125117876));
#8313=CARTESIAN_POINT('Ctrl Pts',(-1.4693097336098,-0.520962478653088,-1.80056887336813));
#8314=CARTESIAN_POINT('Ctrl Pts',(-1.55292881113123,-0.125864663373143,
-1.82955737849177));
#8315=CARTESIAN_POINT('Ctrl Pts',(-1.55624913764712,0.0742693314470747,
-1.8419439101085));
#8316=CARTESIAN_POINT('Ctrl Pts',(-1.48672865942155,0.46661002295862,-1.87021995697314));
#8317=CARTESIAN_POINT('Ctrl Pts',(-1.4139087820804,0.654922885279901,-1.88528092138438));
#8318=CARTESIAN_POINT('Ctrl Pts',(-1.19790015620412,0.997572618355657,-1.91583773436979));
#8319=CARTESIAN_POINT('Ctrl Pts',(-1.05507485662148,1.1475945600208,-1.93103774731326));
#8320=CARTESIAN_POINT('Ctrl Pts',(-0.726678410165136,1.37781683818315,-1.95848630715733));
#8321=CARTESIAN_POINT('Ctrl Pts',(-0.546365452905197,1.45875092886264,-1.97125161853212));
#8322=CARTESIAN_POINT('Ctrl Pts',(-0.158734990382097,1.55042432844021,-2.00051615036096));
#8323=CARTESIAN_POINT('Ctrl Pts',(0.0454219646440673,1.55786490516493,-2.01592917458396));
#8324=CARTESIAN_POINT('Ctrl Pts',(0.449339104844867,1.49295345304565,-2.04642328469255));
#8325=CARTESIAN_POINT('Ctrl Pts',(0.644724323244804,1.41953143238464,-2.0606927326473));
#8326=CARTESIAN_POINT('Ctrl Pts',(0.987090447367706,1.20525959572453,-2.08762575713793));
#8327=CARTESIAN_POINT('Ctrl Pts',(1.1327111724199,1.06954170972912,-2.10199607234403));
#8328=CARTESIAN_POINT('Ctrl Pts',(1.36954477920775,0.744579593674601,-2.13218254481464));
#8329=CARTESIAN_POINT('Ctrl Pts',(1.45610966301033,0.556607966154002,-2.14774004500429));
#8330=CARTESIAN_POINT('Ctrl Pts',(1.53135720076796,0.2398971301114,-2.1712874898435));
#8331=CARTESIAN_POINT('Ctrl Pts',(1.54533666301318,0.120038340382311,-2.1796517234959));
#8332=CARTESIAN_POINT('Ctrl Pts',(1.54533666301317,-1.94323723778922E-13,
-2.18750000000001));
#8333=CARTESIAN_POINT('Ctrl Pts',(1.54533666301317,-1.80411241501588E-14,
-2.1));
#8334=CARTESIAN_POINT('Ctrl Pts',(1.54533666301317,0.10625281071133,-2.09305304092722));
#8335=CARTESIAN_POINT('Ctrl Pts',(1.53438277704947,0.212434473858464,-2.08569724654373));
#8336=CARTESIAN_POINT('Ctrl Pts',(1.47134159003773,0.513310080233769,-2.06364589647249));
#8337=CARTESIAN_POINT('Ctrl Pts',(1.39233149508181,0.699804377955135,-2.04847016419316));
#8338=CARTESIAN_POINT('Ctrl Pts',(1.16502513960343,1.03576699401763,-2.0179240979369));
#8339=CARTESIAN_POINT('Ctrl Pts',(1.01745821905948,1.18106769079615,-2.00285378007978));
#8340=CARTESIAN_POINT('Ctrl Pts',(0.674167562242376,1.40556406288496,-1.97521736176007));
#8341=CARTESIAN_POINT('Ctrl Pts',(0.481889992216785,1.48254839011792,-1.96138074501017));
#8342=CARTESIAN_POINT('Ctrl Pts',(0.0806696897071722,1.55649652020471,-1.93109023523768));
#8343=CARTESIAN_POINT('Ctrl Pts',(-0.124062506779187,1.5536408505918,-1.91563378261147));
#8344=CARTESIAN_POINT('Ctrl Pts',(-0.514027010079804,1.47045411037312,-1.88619304014588));
#8345=CARTESIAN_POINT('Ctrl Pts',(-0.696052828516339,1.39353034047002,-1.87316973192765));
#8346=CARTESIAN_POINT('Ctrl Pts',(-1.02939423980723,1.17068115258123,-1.84601657273536));
#8347=CARTESIAN_POINT('Ctrl Pts',(-1.17548833316841,1.02388002384781,-1.83090375074416));
#8348=CARTESIAN_POINT('Ctrl Pts',(-1.39926640525565,0.685775174029346,-1.80035080777594));
#8349=CARTESIAN_POINT('Ctrl Pts',(-1.47633545662096,0.498687651969436,-1.78520956011964));
#8350=CARTESIAN_POINT('Ctrl Pts',(-1.55416147271071,0.108237318220218,-1.75674359026458));
#8351=CARTESIAN_POINT('Ctrl Pts',(-1.55525645159944,-0.0911578437021314,
-1.74441442317883));
#8352=CARTESIAN_POINT('Ctrl Pts',(-1.48072161333016,-0.487778209803618,
-1.71566928318604));
#8353=CARTESIAN_POINT('Ctrl Pts',(-1.4026324354747,-0.680486535657056,-1.70012203171472));
#8354=CARTESIAN_POINT('Ctrl Pts',(-1.17987881503257,-1.01744092584056,-1.6696829784024));
#8355=CARTESIAN_POINT('Ctrl Pts',(-1.03986089044892,-1.16018447001437,-1.655064810111));
#8356=CARTESIAN_POINT('Ctrl Pts',(-0.709178933504991,-1.38798121122748,
-1.62768856190582));
#8357=CARTESIAN_POINT('Ctrl Pts',(-0.520564903214269,-1.46917490567957,
-1.61430054433785));
#8358=CARTESIAN_POINT('Ctrl Pts',(-0.122675167454336,-1.55382093244875,
-1.58426147888173));
#8359=CARTESIAN_POINT('Ctrl Pts',(0.0826107042998658,-1.55646456513437,
-1.5687632260126));
#8360=CARTESIAN_POINT('Ctrl Pts',(0.475295177054757,-1.4834457909418,-1.53911713685637));
#8361=CARTESIAN_POINT('Ctrl Pts',(0.659401289442637,-1.41125536999006,-1.52571214089836));
#8362=CARTESIAN_POINT('Ctrl Pts',(0.998490604374652,-1.19714268005338,-1.49891321456471));
#8363=CARTESIAN_POINT('Ctrl Pts',(1.1483397963646,-1.05423059191298,-1.4839129161711));
#8364=CARTESIAN_POINT('Ctrl Pts',(1.38114916477742,-0.721709637623575,-1.4533841430227));
#8365=CARTESIAN_POINT('Ctrl Pts',(1.463201334839,-0.536187813430374,-1.43815716025619));
#8366=CARTESIAN_POINT('Ctrl Pts',(1.53268535670166,-0.228250883603423,-1.41540092688458));
#8367=CARTESIAN_POINT('Ctrl Pts',(1.54533666301317,-0.114192170329013,-1.40746604563584));
#8368=CARTESIAN_POINT('Ctrl Pts',(1.54533666301317,1.02001740387436E-13,
-1.39999999999999));
#8369=CARTESIAN_POINT('Origin',(0.,0.,0.));
#8370=CARTESIAN_POINT('',(1.54533666301317,3.56687448733092E-13,-0.699999999999951));
#8371=CARTESIAN_POINT('',(1.54533666301317,2.24666769656563E-13,-0.787499999999968));
#8372=CARTESIAN_POINT('',(1.54533666301317,-1.89249159796413E-16,0.));
#8373=CARTESIAN_POINT('',(-0.92141354260222,1.2405895717609,-0.454663336986831));
#8374=CARTESIAN_POINT('Ctrl Pts',(1.54533666301317,7.13564146625981E-13,
-0.699999999999951));
#8375=CARTESIAN_POINT('Ctrl Pts',(1.54533666301317,0.0559053837305772,-0.696344826926216));
#8376=CARTESIAN_POINT('Ctrl Pts',(1.54230330473516,0.111864992810991,-0.69257160538285));
#8377=CARTESIAN_POINT('Ctrl Pts',(1.51395887164034,0.371607800019187,-0.674519308189388));
#8378=CARTESIAN_POINT('Ctrl Pts',(1.45130629945047,0.569066634725587,-0.65924416236987));
#8379=CARTESIAN_POINT('Ctrl Pts',(1.25529889369771,0.923106344179937,-0.628697662220148));
#8380=CARTESIAN_POINT('Ctrl Pts',(1.1256913201897,1.07738001877645,-0.613718607387308));
#8381=CARTESIAN_POINT('Ctrl Pts',(0.815242011450072,1.32783090774546,-0.58562494050048));
#8382=CARTESIAN_POINT('Ctrl Pts',(0.637516325320337,1.42173608603188,-0.573129903600214));
#8383=CARTESIAN_POINT('Ctrl Pts',(0.250539072498836,1.53861059863152,-0.543914686461394));
#8384=CARTESIAN_POINT('Ctrl Pts',(0.044463883434686,1.5582357783286,-0.528356843328404));
#8385=CARTESIAN_POINT('Ctrl Pts',(-0.299327617681476,1.5225822492377,-0.502401975742886));
#8386=CARTESIAN_POINT('Ctrl Pts',(-0.436638084640263,1.48903141855282,-0.492035590953122));
#8387=CARTESIAN_POINT('Ctrl Pts',(-0.69363568913394,1.38755843075453,-0.472633311452982));
#8388=CARTESIAN_POINT('Ctrl Pts',(-0.812577502312673,1.3214245261478,-0.464056781038529));
#8389=CARTESIAN_POINT('Ctrl Pts',(-0.921413542603229,1.24058957176015,-0.454663336986744));
#8390=CARTESIAN_POINT('',(-1.52486674972728,0.250692635769022,-0.454663336986831));
#8391=CARTESIAN_POINT('Origin',(0.,0.,-0.454663336986831));
#8392=CARTESIAN_POINT('Ctrl Pts',(-1.52486674972728,0.250692635769056,-0.454663336986834));
#8393=CARTESIAN_POINT('Ctrl Pts',(-1.50402415137098,0.377470134094581,-0.463738995101069));
#8394=CARTESIAN_POINT('Ctrl Pts',(-1.46745896079642,0.501124974205979,-0.473203985458602));
#8395=CARTESIAN_POINT('Ctrl Pts',(-1.36386294627083,0.7381817680381,-0.492613633995625));
#8396=CARTESIAN_POINT('Ctrl Pts',(-1.29681454092016,0.85047468989911,-0.502486445765544));
#8397=CARTESIAN_POINT('Ctrl Pts',(-1.08996057364555,1.11451214929756,-0.527557907245192));
#8398=CARTESIAN_POINT('Ctrl Pts',(-0.932627552871536,1.24910150402164,-0.542090392540846));
#8399=CARTESIAN_POINT('Ctrl Pts',(-0.581873131729745,1.44507988758411,-0.568570932421015));
#8400=CARTESIAN_POINT('Ctrl Pts',(-0.393265809949252,1.50735779078545,-0.58281002223731));
#8401=CARTESIAN_POINT('Ctrl Pts',(0.00464500303867129,1.55879523119304,
-0.612850678938877));
#8402=CARTESIAN_POINT('Ctrl Pts',(0.210620292816095,1.5445113495301,-0.628400980079844));
#8403=CARTESIAN_POINT('Ctrl Pts',(0.601129944031574,1.43765898170769,-0.657882879007704));
#8404=CARTESIAN_POINT('Ctrl Pts',(0.78221329560623,1.34772063027995,-0.670577755087438));
#8405=CARTESIAN_POINT('Ctrl Pts',(1.09911557723548,1.10439369266348,-0.69844923463147));
#8406=CARTESIAN_POINT('Ctrl Pts',(1.23213493934535,0.953704592750493,-0.713322713019473));
#8407=CARTESIAN_POINT('Ctrl Pts',(1.43762033392985,0.603449958662076,-0.743979514494906));
#8408=CARTESIAN_POINT('Ctrl Pts',(1.50544994414612,0.40565833964861,-0.75947184093728));
#8409=CARTESIAN_POINT('Ctrl Pts',(1.540997881466,0.133782339519847,-0.778589341162107));
#8410=CARTESIAN_POINT('Ctrl Pts',(1.54533666301317,0.0668634255143211,-0.78312837465284));
#8411=CARTESIAN_POINT('Ctrl Pts',(1.54533666301317,4.49522788472923E-13,
-0.787499999999968));
#8412=CARTESIAN_POINT('Origin',(0.,0.,-10.3));
#8413=CARTESIAN_POINT('',(-2.,-6.77576192227314E-16,-0.0874999999999982));
#8414=CARTESIAN_POINT('',(-2.,0.,0.));
#8415=CARTESIAN_POINT('',(-2.,-2.44929359829471E-16,-10.3));
#8416=CARTESIAN_POINT('',(-1.42705098312486,-1.40125853844406,2.1442397109592E-17));
#8417=CARTESIAN_POINT('Origin',(0.,0.,0.));
#8418=CARTESIAN_POINT('Ctrl Pts',(-1.42705098312486,-1.40125853844405,-9.10729824887824E-17));
#8419=CARTESIAN_POINT('Ctrl Pts',(-1.56548255935904,-1.26027890367954,-0.011159617772299));
#8420=CARTESIAN_POINT('Ctrl Pts',(-1.68225464287477,-1.09956811631769,-0.0226842816383594));
#8421=CARTESIAN_POINT('Ctrl Pts',(-1.86429527837455,-0.750292752279331,
-0.0456385449005436));
#8422=CARTESIAN_POINT('Ctrl Pts',(-1.9289112793198,-0.563782844807189,-0.0569453134739348));
#8423=CARTESIAN_POINT('Ctrl Pts',(-1.98844275099068,-0.248293224608253,
-0.0746195995648196));
#8424=CARTESIAN_POINT('Ctrl Pts',(-2.,-0.124148518234589,-0.0812282467130528));
#8425=CARTESIAN_POINT('Ctrl Pts',(-2.,-1.52655665885959E-15,-0.0874999999999982));
#8426=CARTESIAN_POINT('Origin',(0.,0.,-10.3));
#8427=CARTESIAN_POINT('',(-2.,8.2311594898504E-14,-0.787500000000005));
#8428=CARTESIAN_POINT('',(-2.,-3.59011363719364E-14,-0.699999999999995));
#8429=CARTESIAN_POINT('',(-2.,-2.44929359829471E-16,-10.3));
#8430=CARTESIAN_POINT('Ctrl Pts',(-2.,-7.21298021311156E-14,-0.699999999999995));
#8431=CARTESIAN_POINT('Ctrl Pts',(-2.,-0.100719684937739,-0.694911827993992));
#8432=CARTESIAN_POINT('Ctrl Pts',(-1.99239282765421,-0.201502616290949,
-0.689598585036089));
#8433=CARTESIAN_POINT('Ctrl Pts',(-1.93686913069778,-0.565606992411702,
-0.669585264912797));
#8434=CARTESIAN_POINT('Ctrl Pts',(-1.84408716474207,-0.818953833881436,
-0.65408051086601));
#8435=CARTESIAN_POINT('Ctrl Pts',(-1.56987549979659,-1.26550354344893,-0.623523806073716));
#8436=CARTESIAN_POINT('Ctrl Pts',(-1.39447937869866,-1.45652660719933,-0.608757954363226));
#8437=CARTESIAN_POINT('Ctrl Pts',(-0.978194549068141,-1.7637886206739,-0.581094005457266));
#8438=CARTESIAN_POINT('Ctrl Pts',(-0.740506407195388,-1.87602873585558,
-0.568196207086397));
#8439=CARTESIAN_POINT('Ctrl Pts',(-0.232069195879587,-2.00393365160316,
-0.538537369759643));
#8440=CARTESIAN_POINT('Ctrl Pts',(0.0340057264573561,-2.01703774579489,
-0.523016332623321));
#8441=CARTESIAN_POINT('Ctrl Pts',(0.546263315932387,-1.94066134205994,-0.493134639903945));
#8442=CARTESIAN_POINT('Ctrl Pts',(0.788054961587093,-1.85564845727391,-0.479092321382446));
#8443=CARTESIAN_POINT('Ctrl Pts',(1.23641445448754,-1.59422827195996,-0.452808705749455));
#8444=CARTESIAN_POINT('Ctrl Pts',(1.43657314558777,-1.41650603468912,-0.437992545541884));
#8445=CARTESIAN_POINT('Ctrl Pts',(1.75329493427588,-0.99694802502735,-0.407559532845995));
#8446=CARTESIAN_POINT('Ctrl Pts',(1.86817672991948,-0.760181699922902,-0.392247817422157));
#8447=CARTESIAN_POINT('Ctrl Pts',(1.99885928660092,-0.262599036429014,-0.363299287939957));
#8448=CARTESIAN_POINT('Ctrl Pts',(2.01601860465492,-0.00718749826146579,
-0.350830308407342));
#8449=CARTESIAN_POINT('Ctrl Pts',(1.95220639660117,0.51056799898468,-0.322813069881196));
#8450=CARTESIAN_POINT('Ctrl Pts',(1.86633103865243,0.767178271535181,-0.307344896071812));
#8451=CARTESIAN_POINT('Ctrl Pts',(1.60379979212894,1.22236876799022,-0.276692353594551));
#8452=CARTESIAN_POINT('Ctrl Pts',(1.43317509627643,1.41859040896577,-0.261803045957189));
#8453=CARTESIAN_POINT('Ctrl Pts',(1.02609534663655,1.73608703158962,-0.233890545045558));
#8454=CARTESIAN_POINT('Ctrl Pts',(0.793313612872316,1.85405859084276,-0.221276627417555));
#8455=CARTESIAN_POINT('Ctrl Pts',(0.289870317936741,1.9964931041061,-0.191909101879647));
#8456=CARTESIAN_POINT('Ctrl Pts',(0.0235026996002164,2.01728618453243,-0.176370990810017));
#8457=CARTESIAN_POINT('Ctrl Pts',(-0.491977759542017,1.95519788680164,-0.146301297360053));
#8458=CARTESIAN_POINT('Ctrl Pts',(-0.736708100960108,1.87673858968692,-0.132025360777331));
#8459=CARTESIAN_POINT('Ctrl Pts',(-1.19266502133398,1.62720572589474,-0.105427873755522));
#8460=CARTESIAN_POINT('Ctrl Pts',(-1.39764518003898,1.45496638748669,-0.0910708903531306));
#8461=CARTESIAN_POINT('Ctrl Pts',(-1.70577939565399,1.06893700364979,-0.0625821526387756));
#8462=CARTESIAN_POINT('Ctrl Pts',(-1.81674883413407,0.867026968873645,-0.049145422885057));
#8463=CARTESIAN_POINT('Ctrl Pts',(-1.9632091440305,0.441396185190739,-0.0233715846871233));
#8464=CARTESIAN_POINT('Ctrl Pts',(-2.,0.221484037230333,-0.0111889634951621));
#8465=CARTESIAN_POINT('Ctrl Pts',(-2.,6.93889390390723E-17,-5.42101086242752E-17));
#8466=CARTESIAN_POINT('Ctrl Pts',(-2.,-1.59594559789866E-15,-0.0874999999999981));
#8467=CARTESIAN_POINT('Ctrl Pts',(-2.,0.130288093210074,-0.0940819132476141));
#8468=CARTESIAN_POINT('Ctrl Pts',(-1.98727158587991,0.260542457026239,-0.101033367960529));
#8469=CARTESIAN_POINT('Ctrl Pts',(-1.91143048626938,0.64309768931944,-0.122571382087636));
#8470=CARTESIAN_POINT('Ctrl Pts',(-1.81212895361606,0.885046853621633,-0.137690500614781));
#8471=CARTESIAN_POINT('Ctrl Pts',(-1.52347794782778,1.32261326671878,-0.168214533342728));
#8472=CARTESIAN_POINT('Ctrl Pts',(-1.33490489415974,1.51273371006858,-0.183319113541695));
#8473=CARTESIAN_POINT('Ctrl Pts',(-0.904478166578828,1.80167535333667,-0.210470023287552));
#8474=CARTESIAN_POINT('Ctrl Pts',(-0.669340649035752,1.90161490887824,-0.223455128806241));
#8475=CARTESIAN_POINT('Ctrl Pts',(-0.165531003540951,2.01029857144667,-0.252844024793438));
#8476=CARTESIAN_POINT('Ctrl Pts',(0.0990647608579756,2.01466727236504,-0.268278777716708));
#8477=CARTESIAN_POINT('Ctrl Pts',(0.618291728630114,1.92048353451611,-0.298567017503416));
#8478=CARTESIAN_POINT('Ctrl Pts',(0.867504974247741,1.82151549907949,-0.31244930450614));
#8479=CARTESIAN_POINT('Ctrl Pts',(1.30429117933287,1.5375619823982,-0.339533708092618));
#8480=CARTESIAN_POINT('Ctrl Pts',(1.48980112220443,1.35857385196833,-0.353986563722181));
#8481=CARTESIAN_POINT('Ctrl Pts',(1.78915741926203,0.932393413585128,-0.384247635750118));
#8482=CARTESIAN_POINT('Ctrl Pts',(1.89697492360606,0.68698406999844,-0.399789938636027));
#8483=CARTESIAN_POINT('Ctrl Pts',(2.00866823090316,0.176743284317874,-0.428824079908227));
#8484=CARTESIAN_POINT('Ctrl Pts',(2.01474475668142,-0.0823784279858972,
-0.44123155025943));
#8485=CARTESIAN_POINT('Ctrl Pts',(1.92827681318339,-0.590364692124597,-0.469416057499986));
#8486=CARTESIAN_POINT('Ctrl Pts',(1.83594976984864,-0.834292729866018,-0.484431722444378));
#8487=CARTESIAN_POINT('Ctrl Pts',(1.56007686755865,-1.27924677026035,-0.514956269740221));
#8488=CARTESIAN_POINT('Ctrl Pts',(1.37689743632957,-1.47462017490136,-0.530168905830242));
#8489=CARTESIAN_POINT('Ctrl Pts',(0.954615323579223,-1.77563974438461,-0.557692418780971));
#8490=CARTESIAN_POINT('Ctrl Pts',(0.722260403802034,-1.88216671419409,-0.570368143111541));
#8491=CARTESIAN_POINT('Ctrl Pts',(0.222283167078673,-2.00472164223958,-0.599533481920404));
#8492=CARTESIAN_POINT('Ctrl Pts',(-0.0413259693810549,-2.01658206848556,
-0.614910681547222));
#8493=CARTESIAN_POINT('Ctrl Pts',(-0.561958937389614,-1.93766402437791,
-0.645280938014388));
#8494=CARTESIAN_POINT('Ctrl Pts',(-0.813578709037254,-1.84616873158598,
-0.659631019442066));
#8495=CARTESIAN_POINT('Ctrl Pts',(-1.25756473511527,-1.5758878259917,-0.686234702809488));
#8496=CARTESIAN_POINT('Ctrl Pts',(-1.44781727285229,-1.40309337719795,-0.700512990793637));
#8497=CARTESIAN_POINT('Ctrl Pts',(-1.75917379988133,-0.987577419301867,
-0.730585319719574));
#8498=CARTESIAN_POINT('Ctrl Pts',(-1.87425677802309,-0.746442769565133,
-0.746123582638982));
#8499=CARTESIAN_POINT('Ctrl Pts',(-1.97962594376879,-0.329381210140439,
-0.770266027788449));
#8500=CARTESIAN_POINT('Ctrl Pts',(-2.,-0.164844324105852,-0.779172369946526));
#8501=CARTESIAN_POINT('Ctrl Pts',(-2.,1.64833424687316E-13,-0.787500000000005));
#8502=CARTESIAN_POINT('Origin',(0.,0.,-10.3));
#8503=CARTESIAN_POINT('',(-2.,1.97719278308293E-13,-1.48750000000002));
#8504=CARTESIAN_POINT('',(-2.,4.19699677526751E-15,-1.4));
#8505=CARTESIAN_POINT('',(-2.,-2.44929359829471E-16,-10.3));
#8506=CARTESIAN_POINT('Ctrl Pts',(-2.,8.60422844084496E-15,-1.4));
#8507=CARTESIAN_POINT('Ctrl Pts',(-2.,-0.139933043340946,-1.39293084172887));
#8508=CARTESIAN_POINT('Ctrl Pts',(-1.98531772703632,-0.279776421881754,
-1.385437980196));
#8509=CARTESIAN_POINT('Ctrl Pts',(-1.90058079438026,-0.676999623756933,
-1.3628995056054));
#8510=CARTESIAN_POINT('Ctrl Pts',(-1.79398983531791,-0.9231013822344,-1.34735799743856));
#8511=CARTESIAN_POINT('Ctrl Pts',(-1.49666941510834,-1.35102748276366,-1.31706811753241));
#8512=CARTESIAN_POINT('Ctrl Pts',(-1.31196974771944,-1.53103605248773,-1.3025873442339));
#8513=CARTESIAN_POINT('Ctrl Pts',(-0.876883369597936,-1.81694997736507,
-1.27545348274139));
#8514=CARTESIAN_POINT('Ctrl Pts',(-0.628656992779931,-1.91704863523854,
-1.26167165791216));
#8515=CARTESIAN_POINT('Ctrl Pts',(-0.110303583886193,-2.01410202052752,
-1.23143437572669));
#8516=CARTESIAN_POINT('Ctrl Pts',(0.1544601374429,-2.01119809277562,-1.21598982531583));
#8517=CARTESIAN_POINT('Ctrl Pts',(0.659004122009871,-1.9052232308299,-1.18655809288276));
#8518=CARTESIAN_POINT('Ctrl Pts',(0.894690127845778,-1.80655645918082,-1.17350209218075));
#8519=CARTESIAN_POINT('Ctrl Pts',(1.32667497782238,-1.51995533984481,-1.14642397613404));
#8520=CARTESIAN_POINT('Ctrl Pts',(1.5162716932224,-1.33086686575452,-1.13134167231092));
#8521=CARTESIAN_POINT('Ctrl Pts',(1.80736742335556,-0.894769651064722,-1.10082055630631));
#8522=CARTESIAN_POINT('Ctrl Pts',(1.90801141225583,-0.653225250634443,-1.0856827307267));
#8523=CARTESIAN_POINT('Ctrl Pts',(2.01073126200264,-0.14894104256305,-1.05721123057226));
#8524=CARTESIAN_POINT('Ctrl Pts',(2.01330656498289,0.108714350202156,-1.04489606045186));
#8525=CARTESIAN_POINT('Ctrl Pts',(1.9194097664222,0.621944764185781,-1.01622995353107));
#8526=CARTESIAN_POINT('Ctrl Pts',(1.81961527848812,0.871736264157494,-1.0007002768632));
#8527=CARTESIAN_POINT('Ctrl Pts',(1.5336262215971,1.30906023759161,-0.970266131914339));
#8528=CARTESIAN_POINT('Ctrl Pts',(1.35346482364317,1.49459659412213,-0.955638471252623));
#8529=CARTESIAN_POINT('Ctrl Pts',(0.927705083225727,1.79117628410852,-0.928237821986921));
#8530=CARTESIAN_POINT('Ctrl Pts',(0.684793021461141,1.89737725697852,-0.914946259585232));
#8531=CARTESIAN_POINT('Ctrl Pts',(0.171304494137653,2.00993603959903,-0.884992762158029));
#8532=CARTESIAN_POINT('Ctrl Pts',(-0.0942329160817215,2.01501984465905,
-0.869503079895232));
#8533=CARTESIAN_POINT('Ctrl Pts',(-0.602696890939308,1.92380976794932,-0.839842681361873));
#8534=CARTESIAN_POINT('Ctrl Pts',(-0.841402735667784,1.83200900039562,-0.826342123044109));
#8535=CARTESIAN_POINT('Ctrl Pts',(-1.28170162236649,1.5580597257822,-0.799660662030857));
#8536=CARTESIAN_POINT('Ctrl Pts',(-1.47670902742537,1.37462394192376,-0.784706109870876));
#8537=CARTESIAN_POINT('Ctrl Pts',(-1.78083737966424,0.946672603750208,-0.754216390321468));
#8538=CARTESIAN_POINT('Ctrl Pts',(-1.88868352596571,0.707433310282128,-0.738984951553612));
#8539=CARTESIAN_POINT('Ctrl Pts',(-1.98254097264801,0.304993619558344,-0.715916934611998));
#8540=CARTESIAN_POINT('Ctrl Pts',(-2.00000000000001,0.152595388860499,-0.707708836523123));
#8541=CARTESIAN_POINT('Ctrl Pts',(-2.,-7.18522463749593E-14,-0.699999999999995));
#8542=CARTESIAN_POINT('Ctrl Pts',(-2.,1.64868119156838E-13,-0.787500000000005));
#8543=CARTESIAN_POINT('Ctrl Pts',(-2.,0.0926212858106802,-0.792179055875848));
#8544=CARTESIAN_POINT('Ctrl Pts',(-1.9935668121969,0.185320493216709,-0.797049682850691));
#8545=CARTESIAN_POINT('Ctrl Pts',(-1.94491936228538,0.532619246153463,-0.816013456799953));
#8546=CARTESIAN_POINT('Ctrl Pts',(-1.86020037893572,0.778472071142022,-0.830904456682867));
#8547=CARTESIAN_POINT('Ctrl Pts',(-1.59706966197726,1.23334036936877,-0.861558206856521));
#8548=CARTESIAN_POINT('Ctrl Pts',(-1.41768717296698,1.43595214869652,-0.87702576808621));
#8549=CARTESIAN_POINT('Ctrl Pts',(-1.00107204847015,1.74992386184308,-0.905038312197222));
#8550=CARTESIAN_POINT('Ctrl Pts',(-0.771260706567871,1.86267277051024,-0.917509792116869));
#8551=CARTESIAN_POINT('Ctrl Pts',(-0.274943218723355,1.99809212538301,-0.946461645574466));
#8552=CARTESIAN_POINT('Ctrl Pts',(-0.0124382940701529,2.0168785908521,-0.961774432845903));
#8553=CARTESIAN_POINT('Ctrl Pts',(0.509253259962519,1.95215071827912,-0.992206440164475));
#8554=CARTESIAN_POINT('Ctrl Pts',(0.763208782269014,1.8675643120917,-1.00702051229902));
#8555=CARTESIAN_POINT('Ctrl Pts',(1.21368570635739,1.60979299234973,-1.03329833287084));
#8556=CARTESIAN_POINT('Ctrl Pts',(1.40814244185502,1.44281328486973,-1.04734923202657));
#8557=CARTESIAN_POINT('Ctrl Pts',(1.73025488749383,1.03721825846055,-1.07723408815464));
#8558=CARTESIAN_POINT('Ctrl Pts',(1.85184569410202,0.800174873103207,-1.09275547963596));
#8559=CARTESIAN_POINT('Ctrl Pts',(1.99506562797492,0.295856601813823,-1.12240995305479));
#8560=CARTESIAN_POINT('Ctrl Pts',(2.01659349068778,0.0339140557411933,-1.13530274788226));
#8561=CARTESIAN_POINT('Ctrl Pts',(1.95843498420353,-0.480187612354435,-1.16297050209548));
#8562=CARTESIAN_POINT('Ctrl Pts',(1.88059788352633,-0.727574872386312,-1.17773829721791));
#8563=CARTESIAN_POINT('Ctrl Pts',(1.63077794748159,-1.18823916660362,-1.20829661926805));
#8564=CARTESIAN_POINT('Ctrl Pts',(1.45766843293718,-1.39519973215229,-1.22380091137083));
#8565=CARTESIAN_POINT('Ctrl Pts',(1.05031058108812,-1.72092034518062,-1.25213698436585));
#8566=CARTESIAN_POINT('Ctrl Pts',(0.823167774759085,-1.84041318151052,-1.26448187980572));
#8567=CARTESIAN_POINT('Ctrl Pts',(0.330848761201746,-1.98950547297437,-1.29320048892989));
#8568=CARTESIAN_POINT('Ctrl Pts',(0.0697162395474997,-2.01561804038198,
-1.30843321935972));
#8569=CARTESIAN_POINT('Ctrl Pts',(-0.452953322044102,-1.96598408274043,
-1.33892227711923));
#8570=CARTESIAN_POINT('Ctrl Pts',(-0.709283060231648,-1.88871023545599,
-1.35387484518018));
#8571=CARTESIAN_POINT('Ctrl Pts',(-1.1665781386064,-1.64417565435676,-1.3805503914187));
#8572=CARTESIAN_POINT('Ctrl Pts',(-1.36536761346369,-1.48326056582236,-1.39405831111738));
#8573=CARTESIAN_POINT('Ctrl Pts',(-1.69842776858724,-1.08836301396516,-1.42372205883019));
#8574=CARTESIAN_POINT('Ctrl Pts',(-1.82669542187061,-0.855790946820672,
-1.43921230895515));
#8575=CARTESIAN_POINT('Ctrl Pts',(-1.96849904159703,-0.409037583781635,
-1.46591740062489));
#8576=CARTESIAN_POINT('Ctrl Pts',(-2.,-0.204972031263527,-1.47714519247522));
#8577=CARTESIAN_POINT('Ctrl Pts',(-2.,3.95683485976416E-13,-1.48750000000002));
#8578=CARTESIAN_POINT('Origin',(0.,0.,-10.3));
#8579=CARTESIAN_POINT('',(-2.,-1.22464679914735E-16,-2.18749999999999));
#8580=CARTESIAN_POINT('',(-2.,1.31772030645556E-13,-2.10000000000001));
#8581=CARTESIAN_POINT('',(-2.,-2.44929359829471E-16,-10.3));
#8582=CARTESIAN_POINT('Ctrl Pts',(-2.,2.63487148766117E-13,-2.10000000000001));
#8583=CARTESIAN_POINT('Ctrl Pts',(-2.,-0.174269982022317,-2.09119620315966));
#8584=CARTESIAN_POINT('Ctrl Pts',(-1.97722972699249,-0.348097084953918,
-2.08175064678833));
#8585=CARTESIAN_POINT('Ctrl Pts',(-1.86456133268395,-0.769048096643341,
-2.05719881954514));
#8586=CARTESIAN_POINT('Ctrl Pts',(-1.74849421384341,-1.00537589074398,-2.04187468596912));
#8587=CARTESIAN_POINT('Ctrl Pts',(-1.42956334858639,-1.42360934795882,-2.01144415581059));
#8588=CARTESIAN_POINT('Ctrl Pts',(-1.22850076317076,-1.60030560358061,-1.99666254451829));
#8589=CARTESIAN_POINT('Ctrl Pts',(-0.778788923906562,-1.85959383192289,
-1.97042935389454));
#8590=CARTESIAN_POINT('Ctrl Pts',(-0.536447200372236,-1.94339331989629,
-1.95629275335504));
#8591=CARTESIAN_POINT('Ctrl Pts',(-0.0237110638111878,-2.01720262442645,
-1.92638314538898));
#8592=CARTESIAN_POINT('Ctrl Pts',(0.242432102389802,-2.00272433298765,-1.91085812736059));
#8593=CARTESIAN_POINT('Ctrl Pts',(0.749987525686954,-1.87221027541043,-1.88125072766826));
#8594=CARTESIAN_POINT('Ctrl Pts',(0.986791591694214,-1.75894233432949,-1.86841042205279));
#8595=CARTESIAN_POINT('Ctrl Pts',(1.40797555475199,-1.44497983130534,-1.84026508542847));
#8596=CARTESIAN_POINT('Ctrl Pts',(1.58697041532347,-1.24573315347801,-1.82497882872589));
#8597=CARTESIAN_POINT('Ctrl Pts',(1.85304245862522,-0.795434511132663,-1.79447014042188));
#8598=CARTESIAN_POINT('Ctrl Pts',(1.94006653945878,-0.550139356783981,-1.77954008101725));
#8599=CARTESIAN_POINT('Ctrl Pts',(2.01618071217703,-0.0398671674432458,
-1.75154207804883));
#8600=CARTESIAN_POINT('Ctrl Pts',(2.00451302976992,0.220248062275491,-1.73900510570617));
#8601=CARTESIAN_POINT('Ctrl Pts',(1.88136533896929,0.728433064045124,-1.70974073264546));
#8602=CARTESIAN_POINT('Ctrl Pts',(1.76847598569988,0.970890110176078,-1.694199645434));
#8603=CARTESIAN_POINT('Ctrl Pts',(1.4607317274538,1.38968536936333,-1.66406701011779));
#8604=CARTESIAN_POINT('Ctrl Pts',(1.27190061736273,1.56437718590018,-1.64973432893447));
#8605=CARTESIAN_POINT('Ctrl Pts',(0.828026601729449,1.84009996411683,-1.62285899920881));
#8606=CARTESIAN_POINT('Ctrl Pts',(0.574638080625783,1.93428743496146,-1.60852055470317));
#8607=CARTESIAN_POINT('Ctrl Pts',(0.0518172620916386,2.0163571307286,-1.57802267362201));
#8608=CARTESIAN_POINT('Ctrl Pts',(-0.211986515845247,2.00585382261625,-1.56263411990902));
#8609=CARTESIAN_POINT('Ctrl Pts',(-0.712667586933838,1.88581435914261,-1.53342772409552));
#8610=CARTESIAN_POINT('Ctrl Pts',(-0.945523937163338,1.7804909677012,-1.52070265903828));
#8611=CARTESIAN_POINT('Ctrl Pts',(-1.36930397585891,1.48167303704877,-1.49324667929833));
#8612=CARTESIAN_POINT('Ctrl Pts',(-1.55348038060205,1.28724791240163,-1.47805287016375));
#8613=CARTESIAN_POINT('Ctrl Pts',(-1.83170255352883,0.843615956427198,-1.44752659173146));
#8614=CARTESIAN_POINT('Ctrl Pts',(-1.92530663473145,0.600034799824372,-1.43249120364215));
#8615=CARTESIAN_POINT('Ctrl Pts',(-1.9899935315647,0.231067884908585,-1.41196497706525));
#8616=CARTESIAN_POINT('Ctrl Pts',(-2.,0.115518296293386,-1.40583577045286));
#8617=CARTESIAN_POINT('Ctrl Pts',(-2.,9.08995101411847E-15,-1.4));
#8618=CARTESIAN_POINT('Ctrl Pts',(-2.,3.95683485976416E-13,-1.48750000000002));
#8619=CARTESIAN_POINT('Ctrl Pts',(-2.,0.0567459656835057,-1.49036670112423));
#8620=CARTESIAN_POINT('Ctrl Pts',(-1.99758503454884,0.113554306042854,-1.49330698979395));
#8621=CARTESIAN_POINT('Ctrl Pts',(-1.97091774949532,0.425645969655214,-1.50985107863288));
#8622=CARTESIAN_POINT('Ctrl Pts',(-1.90021360084708,0.674419511081201,-1.52448086169053));
#8623=CARTESIAN_POINT('Ctrl Pts',(-1.66426835905157,1.14067561633171,-1.55491699309887));
#8624=CARTESIAN_POINT('Ctrl Pts',(-1.49774170129985,1.35193386326665,-1.57044639611856));
#8625=CARTESIAN_POINT('Ctrl Pts',(-1.10007514420036,1.68968885174909,-1.59910776071701));
#8626=CARTESIAN_POINT('Ctrl Pts',(-0.875612259000017,1.81618239275869,-1.61142261822499));
#8627=CARTESIAN_POINT('Ctrl Pts',(-0.387467336546856,1.97916278956721,-1.63989773870143));
#8628=CARTESIAN_POINT('Ctrl Pts',(-0.127936712764583,2.01266676352851,-1.65503702508873));
#8629=CARTESIAN_POINT('Ctrl Pts',(0.395277800236425,1.97839368332381,-1.68555787168045));
#8630=CARTESIAN_POINT('Ctrl Pts',(0.653801067613679,1.90863160524305,-1.70063839561079));
#8631=CARTESIAN_POINT('Ctrl Pts',(1.11789852342058,1.67762329513267,-1.72771074719953));
#8632=CARTESIAN_POINT('Ctrl Pts',(1.32112408086716,1.52275863043881,-1.74077250565409));
#8633=CARTESIAN_POINT('Ctrl Pts',(1.66501620438801,1.1386407120461,-1.77020761865376));
#8634=CARTESIAN_POINT('Ctrl Pts',(1.7998189507228,0.910731342537732,-1.78565292482788));
#8635=CARTESIAN_POINT('Ctrl Pts',(1.97085857659056,0.424210063172233,-1.81521973484923));
#8636=CARTESIAN_POINT('Ctrl Pts',(2.00868257414245,0.171371389392482,-1.82858939294692));
#8637=CARTESIAN_POINT('Ctrl Pts',(1.98749099793161,-0.346691332570586,-1.85537905013487));
#8638=CARTESIAN_POINT('Ctrl Pts',(1.92407117138849,-0.606809700448517,-1.87036949342582));
#8639=CARTESIAN_POINT('Ctrl Pts',(1.70182100408912,-1.08225347386488,-1.90087032914662));
#8640=CARTESIAN_POINT('Ctrl Pts',(1.54702519591931,-1.29390808851183,-1.9160776061498));
#8641=CARTESIAN_POINT('Ctrl Pts',(1.16890252691983,-1.64271630740456,-1.94472732941453));
#8642=CARTESIAN_POINT('Ctrl Pts',(0.950513419050197,-1.77802394702132,-1.95705338388873));
#8643=CARTESIAN_POINT('Ctrl Pts',(0.463152685238447,-1.96386051735375,-1.98548276002775));
#8644=CARTESIAN_POINT('Ctrl Pts',(0.19721986297861,-2.00806718397889,-2.00099550799291));
#8645=CARTESIAN_POINT('Ctrl Pts',(-0.326083941036345,-1.9898694354542,-2.03152156322711));
#8646=CARTESIAN_POINT('Ctrl Pts',(-0.578593190406279,-1.93162528401819,
-2.04625126944036));
#8647=CARTESIAN_POINT('Ctrl Pts',(-1.05162854389404,-1.72109896882398,-2.07384499839381));
#8648=CARTESIAN_POINT('Ctrl Pts',(-1.26697377176274,-1.56936407750094,-2.08683870074043));
#8649=CARTESIAN_POINT('Ctrl Pts',(-1.62909875471613,-1.1897609137228,-2.11657752842925));
#8650=CARTESIAN_POINT('Ctrl Pts',(-1.7715607524053,-0.964914068716556,-2.13209151634646));
#8651=CARTESIAN_POINT('Ctrl Pts',(-1.95473674477163,-0.489395968453882,
-2.16145644348637));
#8652=CARTESIAN_POINT('Ctrl Pts',(-2.,-0.245668387341077,-2.17508928791325));
#8653=CARTESIAN_POINT('Ctrl Pts',(-2.,3.46944695195361E-16,-2.18749999999999));
#8654=CARTESIAN_POINT('Origin',(0.,0.,-10.3));
#8655=CARTESIAN_POINT('',(-2.,-6.61807346451127E-14,-2.88749999999999));
#8656=CARTESIAN_POINT('',(-2.,1.19781621979604E-13,-2.80000000000001));
#8657=CARTESIAN_POINT('',(-2.,-2.44929359829471E-16,-10.3));
#8658=CARTESIAN_POINT('Ctrl Pts',(-2.,2.40710229526542E-13,-2.80000000000001));
#8659=CARTESIAN_POINT('Ctrl Pts',(-2.,-0.210556201272351,-2.78936309054512));
#8660=CARTESIAN_POINT('Ctrl Pts',(-1.96675825375924,-0.420044587083548,
-2.77781057421834));
#8661=CARTESIAN_POINT('Ctrl Pts',(-1.81984156315834,-0.870022335709986,
-2.75079346132467));
#8662=CARTESIAN_POINT('Ctrl Pts',(-1.69021859088497,-1.10087294983925,-2.73535064568165));
#8663=CARTESIAN_POINT('Ctrl Pts',(-1.34736044661874,-1.5016493770512,-2.70510413338701));
#8664=CARTESIAN_POINT('Ctrl Pts',(-1.13664690809434,-1.66682650304401,-2.69130440297217));
#8665=CARTESIAN_POINT('Ctrl Pts',(-0.671647931326133,-1.90110850687094,
-2.66417946266069));
#8666=CARTESIAN_POINT('Ctrl Pts',(-0.42349217165302,-1.97127810088341,-2.64970371001309));
#8667=CARTESIAN_POINT('Ctrl Pts',(0.0956746212939316,-2.01527880977051,
-2.61941898042451));
#8668=CARTESIAN_POINT('Ctrl Pts',(0.362103471663489,-1.98479303133049,-2.60387729748629));
#8669=CARTESIAN_POINT('Ctrl Pts',(0.859045848632632,-1.82425847803671,-2.57488899216309));
#8670=CARTESIAN_POINT('Ctrl Pts',(1.08577748780607,-1.69910655540615,-2.56250054064756));
#8671=CARTESIAN_POINT('Ctrl Pts',(1.4810548201089,-1.36868994585933,-2.53427958308957));
#8672=CARTESIAN_POINT('Ctrl Pts',(1.64537052703204,-1.16600427474013,-2.51924773679425));
#8673=CARTESIAN_POINT('Ctrl Pts',(1.89087627748543,-0.70348848765695,-2.48872171116555));
#8674=CARTESIAN_POINT('Ctrl Pts',(1.96740412037984,-0.446844398467138,-2.47352446485791));
#8675=CARTESIAN_POINT('Ctrl Pts',(2.01477853732872,0.0695336749783048,-2.44605624680584));
#8676=CARTESIAN_POINT('Ctrl Pts',(1.98979717495857,0.323885001494146,-2.43334034698303));
#8677=CARTESIAN_POINT('Ctrl Pts',(1.84387221047728,0.817624959226145,-2.40414137365386));
#8678=CARTESIAN_POINT('Ctrl Pts',(1.7212968362182,1.05143027090811,-2.38875484710302));
#8679=CARTESIAN_POINT('Ctrl Pts',(1.38916457247281,1.46353891923688,-2.35824869016041));
#8680=CARTESIAN_POINT('Ctrl Pts',(1.18098456412825,1.63612894686363,-2.34389076624081));
#8681=CARTESIAN_POINT('Ctrl Pts',(0.720409489259036,1.88308437033962,-2.31702388687344));
#8682=CARTESIAN_POINT('Ctrl Pts',(0.474790845188641,1.95947073927388,-2.302696132636));
#8683=CARTESIAN_POINT('Ctrl Pts',(-0.0416758822093952,2.01702400312821,
-2.27256890687111));
#8684=CARTESIAN_POINT('Ctrl Pts',(-0.308091085174153,1.99379482055336,-2.2570280200315));
#8685=CARTESIAN_POINT('Ctrl Pts',(-0.809921894121064,1.8467901045988,-2.22775455617627));
#8686=CARTESIAN_POINT('Ctrl Pts',(-1.04116920750722,1.72701071803975,-2.21521128212281));
#8687=CARTESIAN_POINT('Ctrl Pts',(-1.44530471355619,1.40626990717915,-2.1872207645993));
#8688=CARTESIAN_POINT('Ctrl Pts',(-1.61437509237649,1.20841409871045,-2.17229423609253));
#8689=CARTESIAN_POINT('Ctrl Pts',(-1.871685059208,0.75307486417878,-2.14178646696737));
#8690=CARTESIAN_POINT('Ctrl Pts',(-1.95495602975118,0.498506955115909,-2.12649743087938));
#8691=CARTESIAN_POINT('Ctrl Pts',(-1.99538823597237,0.156914864287162,-2.10806155820854));
#8692=CARTESIAN_POINT('Ctrl Pts',(-2.,0.0784194342917811,-2.10396160463108));
#8693=CARTESIAN_POINT('Ctrl Pts',(-2.,2.63788990650941E-13,-2.10000000000001));
#8694=CARTESIAN_POINT('Ctrl Pts',(-2.,0.,-2.18749999999999));
#8695=CARTESIAN_POINT('Ctrl Pts',(-2.,0.00794147364700812,-2.18790118854543));
#8696=CARTESIAN_POINT('Ctrl Pts',(-1.99995269976851,0.0158848377230243,
-2.18830385218193));
#8697=CARTESIAN_POINT('Ctrl Pts',(-1.99669910759038,0.288936098494753,-2.20219279277501));
#8698=CARTESIAN_POINT('Ctrl Pts',(-1.94085844392566,0.550734270368694,-2.21704703773648));
#8699=CARTESIAN_POINT('Ctrl Pts',(-1.73223808371119,1.03305315855076,-2.24749765548636));
#8700=CARTESIAN_POINT('Ctrl Pts',(-1.5831113376704,1.24964768617146,-2.26278914010156));
#8701=CARTESIAN_POINT('Ctrl Pts',(-1.21490347744917,1.60887579609711,-2.29167607504671));
#8702=CARTESIAN_POINT('Ctrl Pts',(-1.00110151163986,1.74993023172523,-2.304102411821));
#8703=CARTESIAN_POINT('Ctrl Pts',(-0.519322336925776,1.9498674436673,-2.33220619701266));
#8704=CARTESIAN_POINT('Ctrl Pts',(-0.253967109527654,2.00178553235416,-2.34768525194421));
#8705=CARTESIAN_POINT('Ctrl Pts',(0.271107631777911,1.99819085820746,-2.3783146118537));
#8706=CARTESIAN_POINT('Ctrl Pts',(0.525809587670497,1.94674645754913,-2.39317222594744));
#8707=CARTESIAN_POINT('Ctrl Pts',(1.00319148484603,1.74948921788508,-2.42101950328268));
#8708=CARTESIAN_POINT('Ctrl Pts',(1.2210853718677,1.60501341351542,-2.43369935062418));
#8709=CARTESIAN_POINT('Ctrl Pts',(1.59351898888412,1.23717423065564,-2.46314455227089));
#8710=CARTESIAN_POINT('Ctrl Pts',(1.7429253768768,1.01592407326146,-2.4786793869062));
#8711=CARTESIAN_POINT('Ctrl Pts',(1.94320427535598,0.537313325416976,-2.5086993836377));
#8712=CARTESIAN_POINT('Ctrl Pts',(1.99575475475028,0.2859334238463,-2.52293135316443));
#8713=CARTESIAN_POINT('Ctrl Pts',(2.00391605167847,-0.233560913199525,-2.54941328308339));
#8714=CARTESIAN_POINT('Ctrl Pts',(1.95537267637111,-0.496838347837177,-2.56390098373591));
#8715=CARTESIAN_POINT('Ctrl Pts',(1.75981061404181,-0.985534521564767,-2.5942929031227));
#8716=CARTESIAN_POINT('Ctrl Pts',(1.61621033077418,-1.20668333483092,-2.60965327331915));
#8717=CARTESIAN_POINT('Ctrl Pts',(1.25749436617926,-1.57574022241635,-2.63875989295845));
#8718=CARTESIAN_POINT('Ctrl Pts',(1.04792980690843,-1.72222852311543,-2.65137076126367));
#8719=CARTESIAN_POINT('Ctrl Pts',(0.574454119266026,-1.93400040052834,-2.67899017637614));
#8720=CARTESIAN_POINT('Ctrl Pts',(0.313217910706518,-1.99304081889899,-2.69422895520878));
#8721=CARTESIAN_POINT('Ctrl Pts',(-0.20999352204584,-2.00563315032304,-2.72474962211933));
#8722=CARTESIAN_POINT('Ctrl Pts',(-0.466911813176663,-1.96180581444861,
-2.7397365224353));
#8723=CARTESIAN_POINT('Ctrl Pts',(-0.948980992921288,-1.77921657905112,
-2.76785722458707));
#8724=CARTESIAN_POINT('Ctrl Pts',(-1.16968236826754,-1.64256646564417,-2.78030298568641));
#8725=CARTESIAN_POINT('Ctrl Pts',(-1.55315263640433,-1.2876610532738,-2.80941669951851));
#8726=CARTESIAN_POINT('Ctrl Pts',(-1.71003363586479,-1.07057048834052,-2.8249594087451));
#8727=CARTESIAN_POINT('Ctrl Pts',(-1.9258126475897,-0.596979077342348,-2.85517792450849));
#8728=CARTESIAN_POINT('Ctrl Pts',(-1.98622084338256,-0.346566076118465,
-2.86959023141482));
#8729=CARTESIAN_POINT('Ctrl Pts',(-1.99930267190696,-0.061009271536925,
-2.88439758582126));
#8730=CARTESIAN_POINT('Ctrl Pts',(-2.,-0.0304923159207649,-2.88595958465455));
#8731=CARTESIAN_POINT('Ctrl Pts',(-2.,-1.32116539930396E-13,-2.88749999999999));
#8732=CARTESIAN_POINT('Origin',(0.,0.,-10.3));
#8733=CARTESIAN_POINT('',(-2.,-2.0398716757672E-13,-3.58749999999997));
#8734=CARTESIAN_POINT('',(-2.,-3.78694405878748E-8,-3.4999999961738));
#8735=CARTESIAN_POINT('',(-2.,-2.44929359829471E-16,-10.3));
#8736=CARTESIAN_POINT('',(-0.934285714285532,1.76836370808778,-3.708));
#8737=CARTESIAN_POINT('Ctrl Pts',(-2.,-4.07902878141186E-13,-3.58749999999997));
#8738=CARTESIAN_POINT('Ctrl Pts',(-2.00000000000004,0.194106989140212,-3.59730592571276));
#8739=CARTESIAN_POINT('Ctrl Pts',(-1.97175059927195,0.387502382737164,-3.60789984379074));
#8740=CARTESIAN_POINT('Ctrl Pts',(-1.84018952091801,0.826508962671591,-3.63391484153074));
#8741=CARTESIAN_POINT('Ctrl Pts',(-1.71542965446028,1.0614657352977,-3.64942325211241));
#8742=CARTESIAN_POINT('Ctrl Pts',(-1.37954066603426,1.47253786427544,-3.67998661715298));
#8743=CARTESIAN_POINT('Ctrl Pts',(-1.17058837346743,1.6435171068419,-3.69421567821439));
#8744=CARTESIAN_POINT('Ctrl Pts',(-0.934285714285532,1.76836370808778,-3.708));
#8745=CARTESIAN_POINT('',(0.565714285703267,1.91832409851705,-3.70799999999935));
#8746=CARTESIAN_POINT('Origin',(0.,0.,-3.708));
#8747=CARTESIAN_POINT('Ctrl Pts',(0.565714285703263,1.91832409851705,-3.70799999999935));
#8748=CARTESIAN_POINT('Ctrl Pts',(0.344480466663159,1.98356601045905,-3.69509469388868));
#8749=CARTESIAN_POINT('Ctrl Pts',(0.11363361500055,2.01004351825881,-3.6816286275417));
#8750=CARTESIAN_POINT('Ctrl Pts',(-0.344533396105857,1.98328724504697,-3.65490221856049));
#8751=CARTESIAN_POINT('Ctrl Pts',(-0.568542770196695,1.93104014809625,-3.64183500507186));
#8752=CARTESIAN_POINT('Ctrl Pts',(-1.01261219544794,1.74327515292577,-3.61593095526553));
#8753=CARTESIAN_POINT('Ctrl Pts',(-1.22537218177252,1.60089614336795,-3.6034676205553));
#8754=CARTESIAN_POINT('Ctrl Pts',(-1.59127619952247,1.23926922479138,-3.57452669764378));
#8755=CARTESIAN_POINT('Ctrl Pts',(-1.73907005363113,1.0215533915305,-3.55921744275836));
#8756=CARTESIAN_POINT('Ctrl Pts',(-1.94450790082471,0.537700450619408,-3.52878215080127));
#8757=CARTESIAN_POINT('Ctrl Pts',(-1.9985894168474,0.275546182040338,-3.51396122496644));
#8758=CARTESIAN_POINT('Ctrl Pts',(-1.99999092622719,0.00695692783561517,
-3.50035171576558));
#8759=CARTESIAN_POINT('Ctrl Pts',(-2.00000000006603,0.00347825769384106,
-3.50017571514081));
#8760=CARTESIAN_POINT('Ctrl Pts',(-2.,-3.79663940413495E-8,-3.499999998082));
#8761=CARTESIAN_POINT('Origin',(0.,0.,0.));
#8762=CARTESIAN_POINT('',(-1.5562177826489,2.52012870986348E-12,-0.4437822173511));
#8763=CARTESIAN_POINT('',(-1.79297277716255,2.3673505363624E-11,-0.207027222837446));
#8764=CARTESIAN_POINT('',(-2.,-2.44929359829471E-16,0.));
#8765=CARTESIAN_POINT('Ctrl Pts',(-1.5562177826489,5.04044800143958E-12,
-0.4437822173511));
#8766=CARTESIAN_POINT('Ctrl Pts',(-1.55298891887032,0.0784460028994211,
-0.447011081129679));
#8767=CARTESIAN_POINT('Ctrl Pts',(-1.54346551740366,0.162437184601185,-0.450628196366273));
#8768=CARTESIAN_POINT('Ctrl Pts',(-1.52486674972728,0.250692635769018,-0.454663336986831));
#8769=CARTESIAN_POINT('Ctrl Pts',(-0.92141354260222,1.2405895717609,-0.454663336986831));
#8770=CARTESIAN_POINT('Ctrl Pts',(-1.08534165460461,1.15600887010747,-0.424821525119877));
#8771=CARTESIAN_POINT('Ctrl Pts',(-1.23362097458338,1.04439992789253,-0.393903275198619));
#8772=CARTESIAN_POINT('Ctrl Pts',(-1.49071254100258,0.772027089953365,-0.331746901044259));
#8773=CARTESIAN_POINT('Ctrl Pts',(-1.59618603840476,0.611855945440749,-0.300974327185637));
#8774=CARTESIAN_POINT('Ctrl Pts',(-1.73689646061437,0.286737690176312,-0.247040770015366));
#8775=CARTESIAN_POINT('Ctrl Pts',(-1.77441965895772,0.139153387357796,-0.225580341038602));
#8776=CARTESIAN_POINT('Ctrl Pts',(-1.79297277716255,4.73474037754329E-11,
-0.207027222837447));
#8777=CARTESIAN_POINT('Origin',(0.,0.,-3.708));
#8778=CARTESIAN_POINT('',(-1.89140015166814,-1.8821631763973E-12,-3.65020015166814));
#8779=CARTESIAN_POINT('',(-1.94920000000206,2.38708154090054E-16,-3.70800000000206));
#8780=CARTESIAN_POINT('',(-1.9492,2.38708154089802E-16,-3.708));
#8781=CARTESIAN_POINT('Ctrl Pts',(-1.89140015166814,-3.76455798250876E-12,
-3.65020015166814));
#8782=CARTESIAN_POINT('Ctrl Pts',(-1.88898019294693,-0.0714565592620562,
-3.64778019294693));
#8783=CARTESIAN_POINT('Ctrl Pts',(-1.88238557478371,-0.144076198884032,
-3.64523245226072));
#8784=CARTESIAN_POINT('Ctrl Pts',(-1.8340882056873,-0.459937197429687,-3.63372314602107));
#8785=CARTESIAN_POINT('Ctrl Pts',(-1.74926091427907,-0.692622177523233,
-3.62416562386632));
#8786=CARTESIAN_POINT('Ctrl Pts',(-1.50056455383718,-1.10057243193,-3.60513898722241));
#8787=CARTESIAN_POINT('Ctrl Pts',(-1.34322554110361,-1.274572256408,-3.59585918717548));
#8788=CARTESIAN_POINT('Ctrl Pts',(-1.02401647013053,-1.51621222243994,-3.5807196984363));
#8789=CARTESIAN_POINT('Ctrl Pts',(-0.810462665307321,-1.65057327097986,
-3.57238639189202));
#8790=CARTESIAN_POINT('Ctrl Pts',(-0.288539759497738,-1.78455587526771,
-3.55120879620446));
#8791=CARTESIAN_POINT('Ctrl Pts',(-0.0515464758109233,-1.79730857804579,
-3.54144658999453));
#8792=CARTESIAN_POINT('Ctrl Pts',(0.414009995033302,-1.72990411215398,-3.52194091819123));
#8793=CARTESIAN_POINT('Ctrl Pts',(0.637972336993853,-1.65027623870646,-3.51238947543298));
#8794=CARTESIAN_POINT('Ctrl Pts',(0.937398537480911,-1.47104128771012,-3.49943246848386));
#8795=CARTESIAN_POINT('Ctrl Pts',(1.02660328261997,-1.40497213233532,-3.49526511677832));
#8796=CARTESIAN_POINT('Ctrl Pts',(1.26643597185796,-1.18794429047148,-3.48230829642403));
#8797=CARTESIAN_POINT('Ctrl Pts',(1.3954080912312,-1.0182615363622,-3.47328351650218));
#8798=CARTESIAN_POINT('Ctrl Pts',(1.59174464341037,-0.626464960630575,-3.45429639809849));
#8799=CARTESIAN_POINT('Ctrl Pts',(1.65189054097719,-0.405308462953427,-3.4445016470534));
#8800=CARTESIAN_POINT('Ctrl Pts',(1.68043773334468,0.0229406949336948,-3.42720131888594));
#8801=CARTESIAN_POINT('Ctrl Pts',(1.6592280568046,0.244044638013335,-3.41893734547535));
#8802=CARTESIAN_POINT('Ctrl Pts',(1.51439934793757,0.664309397846471,-3.39957586815581));
#8803=CARTESIAN_POINT('Ctrl Pts',(1.41065202040765,0.844996346907663,-3.39018059415477));
#8804=CARTESIAN_POINT('Ctrl Pts',(1.20809217449006,1.08038153907528,-3.37617689304452));
#8805=CARTESIAN_POINT('Ctrl Pts',(1.13283451259691,1.15257122818919,-3.37153936655708));
#8806=CARTESIAN_POINT('Ctrl Pts',(0.937413080707983,1.30707180019373,-3.36072853804583));
#8807=CARTESIAN_POINT('Ctrl Pts',(0.751449572721549,1.43068428734655,-3.3523314661783));
#8808=CARTESIAN_POINT('Ctrl Pts',(0.365731260024065,1.53834203678697,-3.33455206151183));
#8809=CARTESIAN_POINT('Ctrl Pts',(0.235103026686224,1.55750788951393,-3.32846618782912));
#8810=CARTESIAN_POINT('Ctrl Pts',(-0.0241773594263388,1.56247739926943,
-3.31623861833459));
#8811=CARTESIAN_POINT('Ctrl Pts',(-0.151791258540791,1.5491775939016,-3.3101498448535));
#8812=CARTESIAN_POINT('Ctrl Pts',(-0.27635039621602,1.52042621016737,-3.30413666301317));
#8813=CARTESIAN_POINT('',(1.0398726551904,1.64864959921177,-3.708));
#8814=CARTESIAN_POINT('Ctrl Pts',(1.03987265519173,1.64864959921523,-3.70800000000206));
#8815=CARTESIAN_POINT('Ctrl Pts',(0.924484853802789,1.70269730122595,-3.69215611679431));
#8816=CARTESIAN_POINT('Ctrl Pts',(0.808012329679703,1.7442139352031,-3.67695723922931));
#8817=CARTESIAN_POINT('Ctrl Pts',(0.572752764293871,1.80020788873053,-3.6444951218995));
#8818=CARTESIAN_POINT('Ctrl Pts',(0.458836939450479,1.81598854811892,-3.62841868295308));
#8819=CARTESIAN_POINT('Ctrl Pts',(0.130536976580761,1.82963280799066,-3.58083015409647));
#8820=CARTESIAN_POINT('Ctrl Pts',(-0.0828449716092369,1.80005413475181,
-3.54834701372797));
#8821=CARTESIAN_POINT('Ctrl Pts',(-0.394177711944078,1.69783526784349,-3.49814602942419));
#8822=CARTESIAN_POINT('Ctrl Pts',(-0.49885034599376,1.65193994522267,-3.48072791806308));
#8823=CARTESIAN_POINT('Ctrl Pts',(-0.726052770454231,1.52510750223953,-3.44172362657845));
#8824=CARTESIAN_POINT('Ctrl Pts',(-0.879383922480794,1.42084327337675,-3.41680147069058));
#8825=CARTESIAN_POINT('Ctrl Pts',(-1.12755955986328,1.14618964188427,-3.3588653165944));
#8826=CARTESIAN_POINT('Ctrl Pts',(-1.21514212209377,1.01158548444755,-3.3320940538243));
#8827=CARTESIAN_POINT('Ctrl Pts',(-1.27991512673753,0.865957660859413,-3.30413666301316));
#8828=CARTESIAN_POINT('Origin',(0.,0.,-3.708));
#8829=CARTESIAN_POINT('Origin',(0.,0.,0.));
#8830=CARTESIAN_POINT('',(-4.48182149095641,5.48864834324958E-16,-0.207781309154491));
#8831=CARTESIAN_POINT('',(4.48182149095641,-5.48864834324958E-16,-0.20778130915449));
#8832=CARTESIAN_POINT('Origin',(0.,0.,-0.207781309154491));
#8833=CARTESIAN_POINT('Origin',(0.,0.,-0.207781309154491));
#8834=CARTESIAN_POINT('',(4.30747227107935,-5.2751321291933E-16,1.63205456207345E-16));
#8835=CARTESIAN_POINT('',(4.30747227107935,-5.2751321291933E-16,0.));
#8836=CARTESIAN_POINT('Origin',(0.,0.,0.));
#8837=CARTESIAN_POINT('Origin',(0.,0.,-3.708));
#8838=CARTESIAN_POINT('',(-1.34549922804121,1.41032353286064,-3.708));
#8839=CARTESIAN_POINT('Origin',(0.,0.,-3.708));
#8840=CARTESIAN_POINT('Ctrl Pts',(-1.34549922804059,1.41032353286127,-3.70800000000003));
#8841=CARTESIAN_POINT('Ctrl Pts',(-1.46780134826665,1.28483032519849,-3.70162373505586));
#8842=CARTESIAN_POINT('Ctrl Pts',(-1.57240778923391,1.14325727667835,-3.69499382369412));
#8843=CARTESIAN_POINT('Ctrl Pts',(-1.73927263633405,0.837937127648476,-3.68166723888231));
#8844=CARTESIAN_POINT('Ctrl Pts',(-1.80135317852968,0.675921710697131,-3.67503331116409));
#8845=CARTESIAN_POINT('Ctrl Pts',(-1.87827257843,0.349867032949068,-3.66248542583924));
#8846=CARTESIAN_POINT('Ctrl Pts',(-1.89744857079068,0.17859776518187,-3.65624857079068));
#8847=CARTESIAN_POINT('Ctrl Pts',(-1.89140015166814,-3.76443667904347E-12,
-3.65020015166814));
#8848=CARTESIAN_POINT('Origin',(0.,0.,0.));
#8849=CARTESIAN_POINT('Ctrl Pts',(-1.79297277716255,4.73477067966714E-11,
-0.207027222837446));
#8850=CARTESIAN_POINT('Ctrl Pts',(-1.80407218847553,-0.0832485765179512,
-0.195927811526667));
#8851=CARTESIAN_POINT('Ctrl Pts',(-1.80917118926571,-0.163258992713329,
-0.185022148037079));
#8852=CARTESIAN_POINT('Ctrl Pts',(-1.81066341243682,-0.359894117778635,
-0.157810854471891));
#8853=CARTESIAN_POINT('Ctrl Pts',(-1.8001085401735,-0.480668364543443,-0.140671353656127));
#8854=CARTESIAN_POINT('Ctrl Pts',(-1.75205051989982,-0.741794385266676,
-0.102774027399942));
#8855=CARTESIAN_POINT('Ctrl Pts',(-1.70983901862418,-0.880537090411867,
-0.0820842850399248));
#8856=CARTESIAN_POINT('Ctrl Pts',(-1.59276932805962,-1.15088566873723,-0.0405620173797999));
#8857=CARTESIAN_POINT('Ctrl Pts',(-1.51714837623804,-1.28111103898764,-0.0198920680334247));
#8858=CARTESIAN_POINT('Ctrl Pts',(-1.42705098312486,-1.40125853844406,2.60208521396521E-16));
#8859=CARTESIAN_POINT('Origin',(0.,0.,0.));
#8860=CARTESIAN_POINT('Ctrl Pts',(-2.,-3.46944695195361E-17,2.81892564846231E-17));
#8861=CARTESIAN_POINT('Ctrl Pts',(-1.99519085509822,0.150158036715604,-0.00480914490177686));
#8862=CARTESIAN_POINT('Ctrl Pts',(-1.97315762878041,0.299258428471528,-0.00993212394277705));
#8863=CARTESIAN_POINT('Ctrl Pts',(-1.89831116994538,0.579011725222056,-0.0202427231193899));
#8864=CARTESIAN_POINT('Ctrl Pts',(-1.84804641955231,0.709425626217071,-0.0253698212668069));
#8865=CARTESIAN_POINT('Ctrl Pts',(-1.67051006627086,1.05520325288071,-0.0399026268938271));
#8866=CARTESIAN_POINT('Ctrl Pts',(-1.51538469952801,1.25326573413153,-0.0493639660440957));
#8867=CARTESIAN_POINT('Ctrl Pts',(-1.16433062321849,1.55887482388652,-0.0663206216707844));
#8868=CARTESIAN_POINT('Ctrl Pts',(-0.946094333138629,1.70182689761575,-0.0745455874055247));
#8869=CARTESIAN_POINT('Ctrl Pts',(-0.431550617440124,1.87341518198407,-0.0941538519554259));
#8870=CARTESIAN_POINT('Ctrl Pts',(-0.178438681852697,1.9044344617394,-0.103933300968921));
#8871=CARTESIAN_POINT('Ctrl Pts',(0.306954490728178,1.86648979677511,-0.122996279837464));
#8872=CARTESIAN_POINT('Ctrl Pts',(0.535216584133678,1.80484900470647,-0.132099651644697));
#8873=CARTESIAN_POINT('Ctrl Pts',(0.853669055936854,1.65122677714871,-0.144972932779862));
#8874=CARTESIAN_POINT('Ctrl Pts',(0.957592149834693,1.5885771266824,-0.149056707093769));
#8875=CARTESIAN_POINT('Ctrl Pts',(1.24608527530251,1.37206168771358,-0.162122301999237));
#8876=CARTESIAN_POINT('Ctrl Pts',(1.40749854476848,1.19142410401069,-0.171586828924229));
#8877=CARTESIAN_POINT('Ctrl Pts',(1.64984920733727,0.779220779781102,-0.190994582068105));
#8878=CARTESIAN_POINT('Ctrl Pts',(1.72895970034632,0.552007865160846,-0.200746886098534));
#8879=CARTESIAN_POINT('Ctrl Pts',(1.7838068399636,0.158854285197775,-0.216165053505109));
#8880=CARTESIAN_POINT('Ctrl Pts',(1.79874138104156,-0.0893563109793689,
-0.224547570480765));
#8881=CARTESIAN_POINT('Ctrl Pts',(1.66606055451915,-0.591915708062232,-0.245323593211898));
#8882=CARTESIAN_POINT('Ctrl Pts',(1.57160376341114,-0.789932934145465,-0.254514626510451));
#8883=CARTESIAN_POINT('Ctrl Pts',(1.30701258949615,-1.15124774711009,-0.27353359161027));
#8884=CARTESIAN_POINT('Ctrl Pts',(1.13534153410865,-1.30823108348485,-0.283180484497982));
#8885=CARTESIAN_POINT('Ctrl Pts',(0.841824637529266,-1.48528830168803,-0.296434293345124));
#8886=CARTESIAN_POINT('Ctrl Pts',(0.740066706831567,-1.5339550571383,-0.300613820549944));
#8887=CARTESIAN_POINT('Ctrl Pts',(0.44008199287741,-1.64093946769841,-0.313495471979852));
#8888=CARTESIAN_POINT('Ctrl Pts',(0.235700749990416,-1.67356838481233,-0.322395665118004));
#8889=CARTESIAN_POINT('Ctrl Pts',(-0.189438878434252,-1.66252183935423,
-0.341226385079663));
#8890=CARTESIAN_POINT('Ctrl Pts',(-0.406134889218144,-1.61325929007418,
-0.351001837497744));
#8891=CARTESIAN_POINT('Ctrl Pts',(-0.742618185605634,-1.46256222700377,
-0.366436890107279));
#8892=CARTESIAN_POINT('Ctrl Pts',(-0.940212071903737,-1.3535437273496,-0.374758826481725));
#8893=CARTESIAN_POINT('Ctrl Pts',(-1.26407136141628,-1.00798233250229,-0.395645778105451));
#8894=CARTESIAN_POINT('Ctrl Pts',(-1.37213497927711,-0.83752066567396,-0.404926572859473));
#8895=CARTESIAN_POINT('Ctrl Pts',(-1.50061356357762,-0.513033918052257,
-0.421105113155855));
#8896=CARTESIAN_POINT('Ctrl Pts',(-1.53573558189415,-0.367535045378402,
-0.427925037008796));
#8897=CARTESIAN_POINT('Ctrl Pts',(-1.55657678317418,-0.152751870414215,
-0.437372001937357));
#8898=CARTESIAN_POINT('Ctrl Pts',(-1.55947849810676,-0.0792198469092255,
-0.440521501893239));
#8899=CARTESIAN_POINT('Ctrl Pts',(-1.5562177826489,5.04044800143958E-12,
-0.4437822173511));
#8900=CARTESIAN_POINT('Origin',(0.,0.,0.));
#8901=CARTESIAN_POINT('',(-4.47566940267344,-5.48111420802578E-16,-0.2781));
#8902=CARTESIAN_POINT('',(-4.5,-5.51091059616309E-16,0.));
#8903=CARTESIAN_POINT('',(-4.4123821912916,-0.75,-0.2781));
#8904=CARTESIAN_POINT('Origin',(-1.02834549840063E-17,0.,-0.2781));
#8905=CARTESIAN_POINT('',(-4.31013751386427,-1.11226425437793,-0.5562));
#8906=CARTESIAN_POINT('Ctrl Pts',(-4.4123821912916,-0.750000000000003,-0.2781));
#8907=CARTESIAN_POINT('Ctrl Pts',(-4.4120675530238,-0.751851072386055,-0.2781));
#8908=CARTESIAN_POINT('Ctrl Pts',(-4.41175135064589,-0.753697138271993,
-0.278113707184109));
#8909=CARTESIAN_POINT('Ctrl Pts',(-4.40320712092239,-0.803206228967762,
-0.27884490562145));
#8910=CARTESIAN_POINT('Ctrl Pts',(-4.3927844922313,-0.853580621617246,-0.289212449035388));
#8911=CARTESIAN_POINT('Ctrl Pts',(-4.37031366821564,-0.945610378504011,
-0.329248686680761));
#8912=CARTESIAN_POINT('Ctrl Pts',(-4.35830687974054,-0.987279694089093,
-0.358908539173424));
#8913=CARTESIAN_POINT('Ctrl Pts',(-4.3369161573351,-1.05252280699291,-0.4266059834873));
#8914=CARTESIAN_POINT('Ctrl Pts',(-4.32606355944309,-1.08065050844207,-0.469207902647138));
#8915=CARTESIAN_POINT('Ctrl Pts',(-4.31466647430417,-1.10418412719348,-0.529090768478178));
#8916=CARTESIAN_POINT('Ctrl Pts',(-4.31231158172167,-1.10861558690075,-0.542559320917508));
#8917=CARTESIAN_POINT('Ctrl Pts',(-4.31013751386427,-1.11226425437793,-0.5562));
#8918=CARTESIAN_POINT('',(4.31013751386427,-1.11226425437793,-0.5562));
#8919=CARTESIAN_POINT('Origin',(0.,0.,-0.5562));
#8920=CARTESIAN_POINT('',(4.4123821912916,-0.75,-0.2781));
#8921=CARTESIAN_POINT('Ctrl Pts',(4.31013751386427,-1.11226425437793,-0.5562));
#8922=CARTESIAN_POINT('Ctrl Pts',(4.31231158172167,-1.10861558690075,-0.542559320917507));
#8923=CARTESIAN_POINT('Ctrl Pts',(4.31466647430417,-1.10418412719348,-0.529090768478178));
#8924=CARTESIAN_POINT('Ctrl Pts',(4.32606355944309,-1.08065050844207,-0.469207902647138));
#8925=CARTESIAN_POINT('Ctrl Pts',(4.3369161573351,-1.05252280699291,-0.4266059834873));
#8926=CARTESIAN_POINT('Ctrl Pts',(4.35830687974054,-0.987279694089093,-0.358908539173424));
#8927=CARTESIAN_POINT('Ctrl Pts',(4.37031366821564,-0.945610378504011,-0.329248686680761));
#8928=CARTESIAN_POINT('Ctrl Pts',(4.3927844922313,-0.853580621617246,-0.289212449035388));
#8929=CARTESIAN_POINT('Ctrl Pts',(4.40320712092239,-0.803206228967762,-0.27884490562145));
#8930=CARTESIAN_POINT('Ctrl Pts',(4.41175135064589,-0.753697138271993,-0.278113707184109));
#8931=CARTESIAN_POINT('Ctrl Pts',(4.4120675530238,-0.751851072386055,-0.2781));
#8932=CARTESIAN_POINT('Ctrl Pts',(4.4123821912916,-0.750000000000003,-0.2781));
#8933=CARTESIAN_POINT('',(4.4123821912916,0.75,-0.2781));
#8934=CARTESIAN_POINT('Origin',(1.02834549840063E-17,0.,-0.2781));
#8935=CARTESIAN_POINT('',(4.31013751386427,1.11226425437793,-0.5562));
#8936=CARTESIAN_POINT('Ctrl Pts',(4.4123821912916,0.750000000000002,-0.2781));
#8937=CARTESIAN_POINT('Ctrl Pts',(4.4120675530238,0.751851072386055,-0.2781));
#8938=CARTESIAN_POINT('Ctrl Pts',(4.41175135064589,0.753697138271992,-0.278113707184109));
#8939=CARTESIAN_POINT('Ctrl Pts',(4.40320712092239,0.803206228967762,-0.27884490562145));
#8940=CARTESIAN_POINT('Ctrl Pts',(4.3927844922313,0.853580621617246,-0.289212449035387));
#8941=CARTESIAN_POINT('Ctrl Pts',(4.37031366821564,0.945610378504011,-0.329248686680761));
#8942=CARTESIAN_POINT('Ctrl Pts',(4.35830687974054,0.987279694089093,-0.358908539173423));
#8943=CARTESIAN_POINT('Ctrl Pts',(4.3369161573351,1.05252280699291,-0.4266059834873));
#8944=CARTESIAN_POINT('Ctrl Pts',(4.32606355944309,1.08065050844207,-0.469207902647138));
#8945=CARTESIAN_POINT('Ctrl Pts',(4.31466647430417,1.10418412719348,-0.529090768478178));
#8946=CARTESIAN_POINT('Ctrl Pts',(4.31231158172167,1.10861558690075,-0.542559320917507));
#8947=CARTESIAN_POINT('Ctrl Pts',(4.31013751386427,1.11226425437793,-0.5562));
#8948=CARTESIAN_POINT('',(-4.31013751386427,1.11226425437793,-0.5562));
#8949=CARTESIAN_POINT('Origin',(0.,0.,-0.5562));
#8950=CARTESIAN_POINT('',(-4.4123821912916,0.75,-0.2781));
#8951=CARTESIAN_POINT('Ctrl Pts',(-4.31013751386427,1.11226425437793,-0.5562));
#8952=CARTESIAN_POINT('Ctrl Pts',(-4.31231158172167,1.10861558690075,-0.542559320917507));
#8953=CARTESIAN_POINT('Ctrl Pts',(-4.31466647430417,1.10418412719348,-0.529090768478178));
#8954=CARTESIAN_POINT('Ctrl Pts',(-4.32606355944309,1.08065050844207,-0.469207902647138));
#8955=CARTESIAN_POINT('Ctrl Pts',(-4.3369161573351,1.05252280699291,-0.4266059834873));
#8956=CARTESIAN_POINT('Ctrl Pts',(-4.35830687974054,0.987279694089093,-0.358908539173423));
#8957=CARTESIAN_POINT('Ctrl Pts',(-4.37031366821564,0.945610378504011,-0.329248686680761));
#8958=CARTESIAN_POINT('Ctrl Pts',(-4.3927844922313,0.853580621617246,-0.289212449035387));
#8959=CARTESIAN_POINT('Ctrl Pts',(-4.40320712092239,0.803206228967762,-0.27884490562145));
#8960=CARTESIAN_POINT('Ctrl Pts',(-4.41175135064589,0.753697138271992,-0.278113707184109));
#8961=CARTESIAN_POINT('Ctrl Pts',(-4.4120675530238,0.751851072386055,-0.2781));
#8962=CARTESIAN_POINT('Ctrl Pts',(-4.4123821912916,0.750000000000002,-0.2781));
#8963=CARTESIAN_POINT('Origin',(-1.02834549840063E-17,0.,-0.2781));
#8964=CARTESIAN_POINT('Origin',(0.,0.,-10.3));
#8965=CARTESIAN_POINT('Ctrl Pts',(-2.,-3.79663944033437E-8,-3.499999998082));
#8966=CARTESIAN_POINT('Ctrl Pts',(-1.99999999524777,-0.250338804378148,
-3.48735334695296));
#8967=CARTESIAN_POINT('Ctrl Pts',(-1.95299732987753,-0.498600351931622,
-3.47344072214009));
#8968=CARTESIAN_POINT('Ctrl Pts',(-1.76477684779226,-0.977315989744255,
-3.44376713037308));
#8969=CARTESIAN_POINT('Ctrl Pts',(-1.62062931082901,-1.20131297436946,-3.42824691426669));
#8970=CARTESIAN_POINT('Ctrl Pts',(-1.25599621283549,-1.5780819948427,-3.39857810889503));
#8971=CARTESIAN_POINT('Ctrl Pts',(-1.04003645713849,-1.72805508480588,-3.38566879333307));
#8972=CARTESIAN_POINT('Ctrl Pts',(-0.565946508399291,-1.93539016267403,
-3.35801354632329));
#8973=CARTESIAN_POINT('Ctrl Pts',(-0.312893910111364,-1.99200743322827,
-3.34325214475649));
#8974=CARTESIAN_POINT('Ctrl Pts',(0.210871623840662,-2.00670423767404,-3.31269915527596));
#8975=CARTESIAN_POINT('Ctrl Pts',(0.476685325045745,-1.96064533074354,-3.29719335603899));
#8976=CARTESIAN_POINT('Ctrl Pts',(0.962718544157269,-1.77141543621533,-3.26884141825749));
#8977=CARTESIAN_POINT('Ctrl Pts',(1.17999945159257,-1.63473158580868,-3.25650029575983));
#8978=CARTESIAN_POINT('Ctrl Pts',(1.5557602200098,-1.28342695250277,-3.22779334702791));
#8979=CARTESIAN_POINT('Ctrl Pts',(1.70921582042426,-1.07057889575677,-3.21256486893234));
#8980=CARTESIAN_POINT('Ctrl Pts',(1.92822975360253,-0.593457226502961,-3.18207365918223));
#8981=CARTESIAN_POINT('Ctrl Pts',(1.98984327436378,-0.332916935923816,-3.16711458505623));
#8982=CARTESIAN_POINT('Ctrl Pts',(2.00745076467412,0.185340674880056,-3.14041961828363));
#8983=CARTESIAN_POINT('Ctrl Pts',(1.96785243865906,0.437992565008384,-3.12693578932954));
#8984=CARTESIAN_POINT('Ctrl Pts',(1.79311191701238,0.924078189967794,-3.0972830449698));
#8985=CARTESIAN_POINT('Ctrl Pts',(1.65618739458353,1.15161507514991,-3.08179467089846));
#8986=CARTESIAN_POINT('Ctrl Pts',(1.30233429922219,1.54043794605613,-3.05183134406342));
#8987=CARTESIAN_POINT('Ctrl Pts',(1.08899459631934,1.69796382216669,-3.03852468478529));
#8988=CARTESIAN_POINT('Ctrl Pts',(0.619423662597342,1.91885078391083,-3.01113304698484));
#8989=CARTESIAN_POINT('Ctrl Pts',(0.368746974234758,1.98233741735286,-2.99651024016369));
#8990=CARTESIAN_POINT('Ctrl Pts',(-0.152903152426427,2.01184752199208,-2.96608064944179));
#8991=CARTESIAN_POINT('Ctrl Pts',(-0.419136707046384,1.97364113677976,-2.95055035875562));
#8992=CARTESIAN_POINT('Ctrl Pts',(-0.910741138253248,1.79883073064045,-2.92187343360189));
#8993=CARTESIAN_POINT('Ctrl Pts',(-1.13275037707998,1.66796863279307,-2.9095574678435));
#8994=CARTESIAN_POINT('Ctrl Pts',(-1.51844509892815,1.32722367895838,-2.88109423425938));
#8995=CARTESIAN_POINT('Ctrl Pts',(-1.67749137199022,1.11946403047011,-2.86595975184253));
#8996=CARTESIAN_POINT('Ctrl Pts',(-1.91006527767485,0.649567477476449,-2.83543804239087));
#8997=CARTESIAN_POINT('Ctrl Pts',(-1.97927596513026,0.390893908656075,-2.82035168756341));
#8998=CARTESIAN_POINT('Ctrl Pts',(-1.9986735125581,0.0841503637809507,-2.80428980979542));
#8999=CARTESIAN_POINT('Ctrl Pts',(-2.,0.0420558192740864,-2.80212458212565));
#9000=CARTESIAN_POINT('Ctrl Pts',(-2.,2.39808173319037E-13,-2.80000000000001));
#9001=CARTESIAN_POINT('Ctrl Pts',(-2.,-1.32602262503667E-13,-2.88749999999999));
#9002=CARTESIAN_POINT('Ctrl Pts',(-2.00000000000002,0.235188718244448,-2.89938129860651));
#9003=CARTESIAN_POINT('Ctrl Pts',(-1.9585222223082,0.468791224022597,-2.91239223321203));
#9004=CARTESIAN_POINT('Ctrl Pts',(-1.78682273564285,0.935870710279059,-2.94099612577971));
#9005=CARTESIAN_POINT('Ctrl Pts',(-1.64905029572613,1.16156220563697,-2.9564160051005));
#9006=CARTESIAN_POINT('Ctrl Pts',(-1.30018879993038,1.54067074264402,-2.98574299345185));
#9007=CARTESIAN_POINT('Ctrl Pts',(-1.09487427916156,1.69274082839474,-2.99863233371557));
#9008=CARTESIAN_POINT('Ctrl Pts',(-0.627640506703999,1.91739582687338,-3.02588763710892));
#9009=CARTESIAN_POINT('Ctrl Pts',(-0.36816841072131,1.9836202109001,-3.04102350937458));
#9010=CARTESIAN_POINT('Ctrl Pts',(0.155145261425507,2.0107083056271,-3.07155014024981));
#9011=CARTESIAN_POINT('Ctrl Pts',(0.413855712769378,1.97376909134273,-3.08664158324487));
#9012=CARTESIAN_POINT('Ctrl Pts',(0.900011045844942,1.80429431785025,-3.11500064434095));
#9013=CARTESIAN_POINT('Ctrl Pts',(1.12322764391121,1.67447245451566,-3.12733622474044));
#9014=CARTESIAN_POINT('Ctrl Pts',(1.51625963862935,1.33105717953957,-3.15614836179671));
#9015=CARTESIAN_POINT('Ctrl Pts',(1.67963643918737,1.11783498293089,-3.17168510908296));
#9016=CARTESIAN_POINT('Ctrl Pts',(1.90897531353766,0.649073870443394,-3.20205510310187));
#9017=CARTESIAN_POINT('Ctrl Pts',(1.97629734372146,0.399714909979918,-3.21661581532355));
#9018=CARTESIAN_POINT('Ctrl Pts',(2.01381816102717,-0.118578735358917,-3.24389340786483));
#9019=CARTESIAN_POINT('Ctrl Pts',(1.98067172200253,-0.382760263619914,-3.25740008129974));
#9020=CARTESIAN_POINT('Ctrl Pts',(1.81406988359046,-0.882126023480454,-3.28748633522622));
#9021=CARTESIAN_POINT('Ctrl Pts',(1.68266206224438,-1.11249420425141,-3.30295683732713));
#9022=CARTESIAN_POINT('Ctrl Pts',(1.34441347127607,-1.50225237855158,-3.33251228257984));
#9023=CARTESIAN_POINT('Ctrl Pts',(1.14351859579951,-1.6602760127892,-3.34579474857835));
#9024=CARTESIAN_POINT('Ctrl Pts',(0.682971538235222,-1.89838600241965,-3.37265999360293));
#9025=CARTESIAN_POINT('Ctrl Pts',(0.425570531380625,-1.97209599682476,-3.38767505233612));
#9026=CARTESIAN_POINT('Ctrl Pts',(-0.097414800583094,-2.01442427832985,
-3.418182530034));
#9027=CARTESIAN_POINT('Ctrl Pts',(-0.357811225782917,-1.9847882975958,-3.43337232150399));
#9028=CARTESIAN_POINT('Ctrl Pts',(-0.848158559977076,-1.829088994581,-3.46197591599865));
#9029=CARTESIAN_POINT('Ctrl Pts',(-1.07402305912003,-1.70628540866152,-3.47429395947388));
#9030=CARTESIAN_POINT('Ctrl Pts',(-1.4768075149235,-1.37485181768088,-3.50278525081979));
#9031=CARTESIAN_POINT('Ctrl Pts',(-1.64681162977318,-1.16583075254272,-3.51830306138916));
#9032=CARTESIAN_POINT('Ctrl Pts',(-1.89007464666009,-0.70246748562016,-3.54880648706793));
#9033=CARTESIAN_POINT('Ctrl Pts',(-1.96453576762324,-0.454398368945379,
-3.56351026225054));
#9034=CARTESIAN_POINT('Ctrl Pts',(-1.99669928159909,-0.132757180378494,
-3.58069708208664));
#9035=CARTESIAN_POINT('Ctrl Pts',(-1.99999999999999,-0.0663419030330986,
-3.5841485298872));
#9036=CARTESIAN_POINT('Ctrl Pts',(-2.,-4.07729405793611E-13,-3.58749999999997));
#9037=CARTESIAN_POINT('Origin',(0.,0.,0.));
#9038=CARTESIAN_POINT('Ctrl Pts',(1.54533666301317,4.4950154709511E-13,
-0.787499999999969));
#9039=CARTESIAN_POINT('Ctrl Pts',(1.54533666301317,-0.128710545683087,-0.7959152775546));
#9040=CARTESIAN_POINT('Ctrl Pts',(1.52926513253535,-0.257135589136011,-0.804918556337813));
#9041=CARTESIAN_POINT('Ctrl Pts',(1.44742010294108,-0.577628596828423,-0.828962326882192));
#9042=CARTESIAN_POINT('Ctrl Pts',(1.35984114762571,-0.761248106980283,-0.844273558630116));
#9043=CARTESIAN_POINT('Ctrl Pts',(1.11711861480791,-1.08724960545912,-0.874750282440293));
#9044=CARTESIAN_POINT('Ctrl Pts',(0.963205404097196,-1.22570506982898,-0.889612608953879));
#9045=CARTESIAN_POINT('Ctrl Pts',(0.617795123376461,-1.43000140396419,-0.91600833173205));
#9046=CARTESIAN_POINT('Ctrl Pts',(0.431282717663188,-1.49688659664736,-0.929939899495694));
#9047=CARTESIAN_POINT('Ctrl Pts',(0.0356050298583098,-1.55832742941249,
-0.959811964279661));
#9048=CARTESIAN_POINT('Ctrl Pts',(-0.170132398072241,-1.54942394459598,
-0.975344307813419));
#9049=CARTESIAN_POINT('Ctrl Pts',(-0.564108062604688,-1.45276817876491,
-1.00508787672556));
#9050=CARTESIAN_POINT('Ctrl Pts',(-0.748635145703203,-1.36684962725613,
-1.01805956696312));
#9051=CARTESIAN_POINT('Ctrl Pts',(-1.07195110452601,-1.13069636546151,-1.04570412477516));
#9052=CARTESIAN_POINT('Ctrl Pts',(-1.20827825806709,-0.983657561490575,
-1.06046380408664));
#9053=CARTESIAN_POINT('Ctrl Pts',(-1.42188487959421,-0.639476646842519,
-1.09103005708357));
#9054=CARTESIAN_POINT('Ctrl Pts',(-1.49452215568791,-0.443982143867531,
-1.10655367449236));
#9055=CARTESIAN_POINT('Ctrl Pts',(-1.55716187623162,-0.045486329231308,
-1.13497241732909));
#9056=CARTESIAN_POINT('Ctrl Pts',(-1.55029785051272,0.152984979696464,-1.14731509959648));
#9057=CARTESIAN_POINT('Ctrl Pts',(-1.46148754510336,0.540864853990102,-1.17602764388038));
#9058=CARTESIAN_POINT('Ctrl Pts',(-1.37881267892038,0.72618113307455,-1.19126469333599));
#9059=CARTESIAN_POINT('Ctrl Pts',(-1.14488091890434,1.05798482632599,-1.22178893895587));
#9060=CARTESIAN_POINT('Ctrl Pts',(-0.99456850075207,1.20040236786076,-1.23677438904348));
#9061=CARTESIAN_POINT('Ctrl Pts',(-0.654764379658546,1.41341599831338,-1.26352843980008));
#9062=CARTESIAN_POINT('Ctrl Pts',(-0.470392531543247,1.4850119580756,-1.2769872667597));
#9063=CARTESIAN_POINT('Ctrl Pts',(-0.0773695276428223,1.55674266293564,
-1.30665891364794));
#9064=CARTESIAN_POINT('Ctrl Pts',(0.127975961700734,1.55340230366851,-1.3221616674039));
#9065=CARTESIAN_POINT('Ctrl Pts',(0.525436458998469,1.4674111359176,-1.35216832709253));
#9066=CARTESIAN_POINT('Ctrl Pts',(0.713591260103062,1.38568839797312,-1.3655050256843));
#9067=CARTESIAN_POINT('Ctrl Pts',(1.04345805241618,1.15696055756447,-1.39291137965604));
#9068=CARTESIAN_POINT('Ctrl Pts',(1.18307340944992,1.01373642074333,-1.40754577366384));
#9069=CARTESIAN_POINT('Ctrl Pts',(1.40482467896502,0.675969349107055,-1.43800012451911));
#9070=CARTESIAN_POINT('Ctrl Pts',(1.48231442690737,0.482944988606515,-1.45354541151595));
#9071=CARTESIAN_POINT('Ctrl Pts',(1.53679173434035,0.18767984244853,-1.4749066726292));
#9072=CARTESIAN_POINT('Ctrl Pts',(1.54533666301317,0.09384100729051,-1.48136454219299));
#9073=CARTESIAN_POINT('Ctrl Pts',(1.54533666301317,4.8215536887979E-15,
-1.4875));
#9074=CARTESIAN_POINT('Ctrl Pts',(1.54533666301317,1.02099948797828E-13,
-1.39999999999999));
#9075=CARTESIAN_POINT('Ctrl Pts',(1.54533666301317,0.0818821025075324,-1.39464643230513));
#9076=CARTESIAN_POINT('Ctrl Pts',(1.53883042817874,0.163800426982628,-1.38904489916171));
#9077=CARTESIAN_POINT('Ctrl Pts',(1.49305868502971,0.448847740127862,-1.36868031186859));
#9078=CARTESIAN_POINT('Ctrl Pts',(1.41981348733828,0.644041259573022,-1.35315342537807));
#9079=CARTESIAN_POINT('Ctrl Pts',(1.20518357174755,0.987434495794018,-1.32260004462985));
#9080=CARTESIAN_POINT('Ctrl Pts',(1.06844164868259,1.13400268231162,-1.30785547824263));
#9081=CARTESIAN_POINT('Ctrl Pts',(0.74430947725905,1.3692362387728,-1.28024024169158));
#9082=CARTESIAN_POINT('Ctrl Pts',(0.559336480189896,1.45463719526334,-1.26722764155584));
#9083=CARTESIAN_POINT('Ctrl Pts',(0.16492337219138,1.5499781232853,-1.23745104743161));
#9084=CARTESIAN_POINT('Ctrl Pts',(-0.0407735615691009,1.55819206273762,
-1.22192176104388));
#9085=CARTESIAN_POINT('Ctrl Pts',(-0.436126849696751,1.49547503725832,-1.19207418712325));
#9086=CARTESIAN_POINT('Ctrl Pts',(-0.622372078301747,1.42800912202934,-1.17820530273001));
#9087=CARTESIAN_POINT('Ctrl Pts',(-0.967096958210434,1.22263770649363,-1.15176516210335));
#9088=CARTESIAN_POINT('Ctrl Pts',(-1.1205731653222,1.08368992581945,-1.13688714325529));
#9089=CARTESIAN_POINT('Ctrl Pts',(-1.36222238882276,0.756962177755936,-1.10640345147567));
#9090=CARTESIAN_POINT('Ctrl Pts',(-1.4491999642338,0.573127095522146,-1.09110082619508));
#9091=CARTESIAN_POINT('Ctrl Pts',(-1.54647269101342,0.187288726841071,-1.062202319146));
#9092=CARTESIAN_POINT('Ctrl Pts',(-1.55773334324386,-0.0105245839032821,
-1.0497798374204));
#9093=CARTESIAN_POINT('Ctrl Pts',(-1.50416657427324,-0.410358284675121,
-1.02161610726588));
#9094=CARTESIAN_POINT('Ctrl Pts',(-1.43574551781194,-0.607875167286959,
-1.00611941757864));
#9095=CARTESIAN_POINT('Ctrl Pts',(-1.22925833442572,-0.95739729830476,-0.975472692689197));
#9096=CARTESIAN_POINT('Ctrl Pts',(-1.09582943266386,-1.10764409202107,-0.96061267361253));
#9097=CARTESIAN_POINT('Ctrl Pts',(-0.778141894514822,-1.35009775269251,
-0.932768648305215));
#9098=CARTESIAN_POINT('Ctrl Pts',(-0.596642636359084,-1.43954827254309,
-0.920044105431043));
#9099=CARTESIAN_POINT('Ctrl Pts',(-0.205706052627203,-1.54516497745425,
-0.890529974825274));
#9100=CARTESIAN_POINT('Ctrl Pts',(0.000247661714654103,-1.55879383375128,
-0.874981302542412));
#9101=CARTESIAN_POINT('Ctrl Pts',(0.397875697047995,-1.5061398058884,-0.844961994409838));
#9102=CARTESIAN_POINT('Ctrl Pts',(0.586235426561665,-1.44330775255557,-0.830741596808097));
#9103=CARTESIAN_POINT('Ctrl Pts',(0.93633999409562,-1.24631870702919,-0.804310118246449));
#9104=CARTESIAN_POINT('Ctrl Pts',(1.09326744683977,-1.11126778568656,-0.789720958388325));
#9105=CARTESIAN_POINT('Ctrl Pts',(1.34335444353944,-0.790085883314978,-0.759281352973877));
#9106=CARTESIAN_POINT('Ctrl Pts',(1.43499459470379,-0.607977827152899,-0.743915640297085));
#9107=CARTESIAN_POINT('Ctrl Pts',(1.52646784609203,-0.278497746694295,-0.718920836323791));
#9108=CARTESIAN_POINT('Ctrl Pts',(1.54533666301317,-0.139464342531382,-0.709118376005247));
#9109=CARTESIAN_POINT('Ctrl Pts',(1.54533666301317,7.13457071199741E-13,
-0.699999999999951));
#9110=CARTESIAN_POINT('Origin',(-4.50000000000001,1.125,-5.50091024775547));
#9111=CARTESIAN_POINT('',(-4.26142112302404,1.125,-0.653100000000001));
#9112=CARTESIAN_POINT('',(-4.5,1.125,-0.653099999999999));
#9113=CARTESIAN_POINT('',(-4.5,1.125,-0.6531));
#9114=CARTESIAN_POINT('',(-3.02919720867875,1.125,-3.2477905252984));
#9115=CARTESIAN_POINT('Ctrl Pts',(-4.26142112301613,1.125,-0.653100000016875));
#9116=CARTESIAN_POINT('Ctrl Pts',(-3.55045283830742,1.125,-2.16971608236625));
#9117=CARTESIAN_POINT('Ctrl Pts',(-3.02919720867922,1.125,-3.24779052529742));
#9118=CARTESIAN_POINT('',(-4.76870038554091,1.125,-9.73970476127563));
#9119=CARTESIAN_POINT('',(-3.12650358297881,1.125,-3.61094285808656));
#9120=CARTESIAN_POINT('',(-5.01018184211318,1.125,-9.925));
#9121=CARTESIAN_POINT('Origin',(-5.01018184211318,1.125,-9.675));
#9122=CARTESIAN_POINT('',(-10.2647982258677,1.125,-8.31850255219089));
#9123=CARTESIAN_POINT('Origin',(-5.01018184211318,1.125,-0.528213397128913));
#9124=CARTESIAN_POINT('',(-10.375,1.125,-8.11124315905213));
#9125=CARTESIAN_POINT('Origin',(-10.125,1.125,-8.11124315905213));
#9126=CARTESIAN_POINT('',(-8.04776098656519,1.125,-2.19717657500747));
#9127=CARTESIAN_POINT('Origin',(-1.69685719795253,1.125,-8.11124315905213));
#9128=CARTESIAN_POINT('Origin',(-4.50000000000001,1.125,-5.50091024775547));
#9129=CARTESIAN_POINT('Origin',(-4.50000000000001,-1.125,-5.50091024775547));
#9130=CARTESIAN_POINT('',(-4.26142112302404,-1.125,-0.653100000000001));
#9131=CARTESIAN_POINT('',(-3.02919720867875,-1.125,-3.2477905252984));
#9132=CARTESIAN_POINT('Ctrl Pts',(-4.26142112301613,-1.125,-0.653100000016875));
#9133=CARTESIAN_POINT('Ctrl Pts',(-3.55045283830742,-1.125,-2.16971608236624));
#9134=CARTESIAN_POINT('Ctrl Pts',(-3.02919720867923,-1.125,-3.24779052529741));
#9135=CARTESIAN_POINT('',(-4.5,-1.125,-0.653099999999998));
#9136=CARTESIAN_POINT('',(-4.50000000000001,-1.125,-0.6531));
#9137=CARTESIAN_POINT('',(-8.04776098656519,-1.125,-2.19717657500747));
#9138=CARTESIAN_POINT('Origin',(-4.50000000000001,-1.125,-5.50091024775547));
#9139=CARTESIAN_POINT('',(-10.375,-1.125,-8.11124315905213));
#9140=CARTESIAN_POINT('Origin',(-1.69685719795253,-1.125,-8.11124315905213));
#9141=CARTESIAN_POINT('',(-10.2647982258677,-1.125,-8.31850255219089));
#9142=CARTESIAN_POINT('Origin',(-10.125,-1.125,-8.11124315905213));
#9143=CARTESIAN_POINT('',(-5.01018184211318,-1.125,-9.925));
#9144=CARTESIAN_POINT('Origin',(-5.01018184211318,-1.125,-0.528213397128913));
#9145=CARTESIAN_POINT('',(-4.76870038554091,-1.125,-9.73970476127563));
#9146=CARTESIAN_POINT('Origin',(-5.01018184211318,-1.125,-9.675));
#9147=CARTESIAN_POINT('',(-3.69100224433299,-1.125,-5.71768054306503));
#9148=CARTESIAN_POINT('Origin',(-2.76428139812041,1.125,-0.2781));
#9149=CARTESIAN_POINT('',(-4.5,-0.75,-0.2781));
#9150=CARTESIAN_POINT('',(-2.76428139812041,-0.75,-0.2781));
#9151=CARTESIAN_POINT('',(-4.5,0.75,-0.2781));
#9152=CARTESIAN_POINT('',(-2.76428139812041,0.75,-0.2781));
#9153=CARTESIAN_POINT('',(-4.5,1.125,-0.2781));
#9154=CARTESIAN_POINT('Origin',(-4.50000000000001,1.125,-5.50091024775547));
#9155=CARTESIAN_POINT('',(-8.3221963093128,0.75,-1.94161786623703));
#9156=CARTESIAN_POINT('',(-8.3221963093128,-0.75,-1.94161786623703));
#9157=CARTESIAN_POINT('',(-8.3221963093128,1.125,-1.94161786623703));
#9158=CARTESIAN_POINT('Origin',(-4.50000000000001,-0.75,-5.50091024775547));
#9159=CARTESIAN_POINT('Origin',(-4.50000000000001,0.75,-5.50091024775547));
#9160=CARTESIAN_POINT('Origin',(-1.69685719795253,1.125,-8.11124315905213));
#9161=CARTESIAN_POINT('',(-10.75,0.75,-8.11124315905213));
#9162=CARTESIAN_POINT('',(-10.75,-0.75,-8.11124315905213));
#9163=CARTESIAN_POINT('',(-10.75,1.125,-8.11124315905213));
#9164=CARTESIAN_POINT('Origin',(-1.69685719795253,-0.75,-8.11124315905213));
#9165=CARTESIAN_POINT('Origin',(-1.69685719795253,0.75,-8.11124315905213));
#9166=CARTESIAN_POINT('Origin',(-10.125,1.125,-8.11124315905213));
#9167=CARTESIAN_POINT('',(-10.4744955646692,0.75,-8.62939164189903));
#9168=CARTESIAN_POINT('',(-10.4744955646692,-0.75,-8.62939164189903));
#9169=CARTESIAN_POINT('',(-10.4744955646692,1.125,-8.62939164189903));
#9170=CARTESIAN_POINT('Origin',(-10.125,-0.75,-8.11124315905213));
#9171=CARTESIAN_POINT('Origin',(-10.125,0.75,-8.11124315905213));
#9172=CARTESIAN_POINT('Origin',(-5.01018184211318,1.125,-0.528213397128913));
#9173=CARTESIAN_POINT('',(-5.01018184211318,0.75,-10.3));
#9174=CARTESIAN_POINT('',(-5.01018184211318,-0.75,-10.3));
#9175=CARTESIAN_POINT('',(-5.01018184211318,1.125,-10.3));
#9176=CARTESIAN_POINT('Origin',(-5.01018184211318,-0.75,-0.528213397128913));
#9177=CARTESIAN_POINT('Origin',(-5.01018184211318,0.75,-0.528213397128913));
#9178=CARTESIAN_POINT('Origin',(-5.01018184211318,1.125,-9.675));
#9179=CARTESIAN_POINT('',(-4.40647820068251,0.75,-9.83676190318907));
#9180=CARTESIAN_POINT('',(-4.40647820068251,-0.75,-9.83676190318907));
#9181=CARTESIAN_POINT('',(-4.40647820068251,1.125,-9.83676190318907));
#9182=CARTESIAN_POINT('Origin',(-5.01018184211318,-0.75,-9.675));
#9183=CARTESIAN_POINT('Origin',(-5.01018184211318,0.75,-9.675));
#9184=CARTESIAN_POINT('Origin',(-2.76428139812041,1.125,-3.708));
#9185=CARTESIAN_POINT('',(-2.76428139812041,0.75,-3.708));
#9186=CARTESIAN_POINT('',(-2.76428139812041,0.729879809620724,-3.708));
#9187=CARTESIAN_POINT('',(-2.76428139812041,1.125,-3.708));
#9188=CARTESIAN_POINT('',(-2.76428139812041,-0.729879809620724,-3.708));
#9189=CARTESIAN_POINT('',(-2.76428139812041,1.125,-3.708));
#9190=CARTESIAN_POINT('',(-2.76428139812041,-0.75,-3.708));
#9191=CARTESIAN_POINT('',(-2.76428139812041,1.125,-3.708));
#9192=CARTESIAN_POINT('',(-2.76428139812041,-0.75,-3.708));
#9193=CARTESIAN_POINT('',(-4.40647820068251,0.75,-9.83676190318907));
#9194=CARTESIAN_POINT('Origin',(-3.69100224433299,0.75,-5.71768054306503));
#9195=CARTESIAN_POINT('',(-2.76428139812041,0.753839118127522,-3.70792406939912));
#9196=CARTESIAN_POINT('',(-2.90121156723517,1.06456935455903,-3.55885890019102));
#9197=CARTESIAN_POINT('Ctrl Pts',(-2.76428139812041,0.753839118127522,-3.70792406939912));
#9198=CARTESIAN_POINT('Ctrl Pts',(-2.76454447175855,0.78366797117777,-3.70772592443234));
#9199=CARTESIAN_POINT('Ctrl Pts',(-2.76835467466173,0.812446406693065,-3.70706036342139));
#9200=CARTESIAN_POINT('Ctrl Pts',(-2.78455902487247,0.882002113608687,-3.70138509763127));
#9201=CARTESIAN_POINT('Ctrl Pts',(-2.80060659628578,0.920766390661837,-3.69412915640925));
#9202=CARTESIAN_POINT('Ctrl Pts',(-2.83480243042716,0.982265839572767,-3.66685402235691));
#9203=CARTESIAN_POINT('Ctrl Pts',(-2.85142982038146,1.00567698732767,-3.64998577736193));
#9204=CARTESIAN_POINT('Ctrl Pts',(-2.88044535674594,1.04179556695103,-3.60765839368302));
#9205=CARTESIAN_POINT('Ctrl Pts',(-2.89238156356471,1.05470339080498,-3.58464598169083));
#9206=CARTESIAN_POINT('Ctrl Pts',(-2.90121156723739,1.06456935455436,-3.55885890018998));
#9207=CARTESIAN_POINT('Ctrl Pts',(-2.76428139812041,0.753839118127522,-3.70792406939912));
#9208=CARTESIAN_POINT('Ctrl Pts',(-2.76428139812041,0.75255945120673,-3.70797468957864));
#9209=CARTESIAN_POINT('Ctrl Pts',(-2.76428139812041,0.751279733986652,-3.708));
#9210=CARTESIAN_POINT('Ctrl Pts',(-2.76428139812041,0.75,-3.708));
#9211=CARTESIAN_POINT('Origin',(-4.76870038554091,0.75,-9.73970476127563));
#9212=CARTESIAN_POINT('Ctrl Pts',(-3.02919720867875,1.125,-3.2477905252984));
#9213=CARTESIAN_POINT('Ctrl Pts',(-3.00874945275693,1.125,-3.29008110562333));
#9214=CARTESIAN_POINT('Ctrl Pts',(-2.98970448777144,1.12118545681851,-3.33236462540335));
#9215=CARTESIAN_POINT('Ctrl Pts',(-2.94740928370115,1.10532410065747,-3.43202442534836));
#9216=CARTESIAN_POINT('Ctrl Pts',(-2.92272105476835,1.08860239373684,-3.49604274194635));
#9217=CARTESIAN_POINT('Ctrl Pts',(-2.90121156723738,1.06456935455435,-3.55885890018999));
#9218=CARTESIAN_POINT('Ctrl Pts',(-4.40647820068251,0.75,-9.83676190318907));
#9219=CARTESIAN_POINT('Ctrl Pts',(-4.53060247462632,0.75,-10.3));
#9220=CARTESIAN_POINT('Ctrl Pts',(-5.01018184211318,0.75,-10.3));
#9221=CARTESIAN_POINT('Ctrl Pts',(-4.40647820068251,1.125,-9.83676190318907));
#9222=CARTESIAN_POINT('Ctrl Pts',(-4.53060247462632,1.125,-10.3));
#9223=CARTESIAN_POINT('Ctrl Pts',(-5.01018184211318,1.125,-10.3));
#9224=CARTESIAN_POINT('Ctrl Pts',(-4.76870038554091,1.125,-9.73970476127563));
#9225=CARTESIAN_POINT('Ctrl Pts',(-4.81835009511844,1.125,-9.925));
#9226=CARTESIAN_POINT('Ctrl Pts',(-5.01018184211318,1.125,-9.925));
#9227=CARTESIAN_POINT('Origin',(-5.01018184211318,0.75,-9.925));
#9228=CARTESIAN_POINT('Origin',(-5.01018184211318,0.75,-0.528213397128913));
#9229=CARTESIAN_POINT('Origin',(-10.2647982258677,0.75,-8.31850255219089));
#9230=CARTESIAN_POINT('Ctrl Pts',(-10.4744955646692,0.75,-8.62939164189903));
#9231=CARTESIAN_POINT('Ctrl Pts',(-10.75,0.75,-8.44356155384056));
#9232=CARTESIAN_POINT('Ctrl Pts',(-10.75,0.75,-8.11124315905213));
#9233=CARTESIAN_POINT('Ctrl Pts',(-10.4744955646692,1.125,-8.62939164189903));
#9234=CARTESIAN_POINT('Ctrl Pts',(-10.75,1.125,-8.44356155384056));
#9235=CARTESIAN_POINT('Ctrl Pts',(-10.75,1.125,-8.11124315905213));
#9236=CARTESIAN_POINT('Ctrl Pts',(-10.2647982258677,1.125,-8.31850255219089));
#9237=CARTESIAN_POINT('Ctrl Pts',(-10.375,1.125,-8.2441705169675));
#9238=CARTESIAN_POINT('Ctrl Pts',(-10.375,1.125,-8.11124315905213));
#9239=CARTESIAN_POINT('Origin',(-10.375,0.75,-8.11124315905213));
#9240=CARTESIAN_POINT('Origin',(-1.69685719795253,0.75,-8.11124315905213));
#9241=CARTESIAN_POINT('Origin',(-8.04776098656519,0.75,-2.19717657500747));
#9242=CARTESIAN_POINT('Origin',(-4.50000000000001,0.75,-5.50091024775547));
#9243=CARTESIAN_POINT('Origin',(-4.5,0.75,-0.653099999999998));
#9244=CARTESIAN_POINT('Origin',(-4.50000000000001,0.75,-0.6531));
#9245=CARTESIAN_POINT('Ctrl Pts',(-4.31013751386427,1.11226425437793,-0.556199999999999));
#9246=CARTESIAN_POINT('Ctrl Pts',(-4.29313993406442,1.12072880622969,-0.587845041952721));
#9247=CARTESIAN_POINT('Ctrl Pts',(-4.27659285778718,1.125,-0.620736113405053));
#9248=CARTESIAN_POINT('Ctrl Pts',(-4.26142112302404,1.125,-0.653100000000001));
#9249=CARTESIAN_POINT('Origin',(-3.12650358297881,-0.75,-3.61094285808656));
#9250=CARTESIAN_POINT('',(-2.90121156723707,-1.06456935455385,-3.55885890019102));
#9251=CARTESIAN_POINT('',(-2.76428139812036,-0.753839118121771,-3.70792406939916));
#9252=CARTESIAN_POINT('Ctrl Pts',(-2.90121156723702,-1.06456935455395,-3.55885890019104));
#9253=CARTESIAN_POINT('Ctrl Pts',(-2.90068964504177,-1.06398619902546,-3.56038311815117));
#9254=CARTESIAN_POINT('Ctrl Pts',(-2.90015602437816,-1.0633914414204,-3.56190017702869));
#9255=CARTESIAN_POINT('Ctrl Pts',(-2.890041583063,-1.05213534546225,-3.58991271963345));
#9256=CARTESIAN_POINT('Ctrl Pts',(-2.87724235200457,-1.03817553310954,-3.61328253666813));
#9257=CARTESIAN_POINT('Ctrl Pts',(-2.84765522697077,-1.00045830024881,-3.65413315754332));
#9258=CARTESIAN_POINT('Ctrl Pts',(-2.83152530170543,-0.977060890688446,
-3.66984047875957));
#9259=CARTESIAN_POINT('Ctrl Pts',(-2.80001041076333,-0.918759684476913,
-3.69409792619673));
#9260=CARTESIAN_POINT('Ctrl Pts',(-2.78597958774901,-0.88437186604953,-3.70066363181426));
#9261=CARTESIAN_POINT('Ctrl Pts',(-2.7689059766008,-0.817240815878998,-3.70701450976813));
#9262=CARTESIAN_POINT('Ctrl Pts',(-2.76456251468218,-0.785713785179245,
-3.70771233464581));
#9263=CARTESIAN_POINT('Ctrl Pts',(-2.76428139812036,-0.753839118121771,
-3.70792406939916));
#9264=CARTESIAN_POINT('Ctrl Pts',(-2.90121156723703,-1.06456935455395,-3.55885890019104));
#9265=CARTESIAN_POINT('Ctrl Pts',(-2.92272105476808,-1.08860239373665,-3.49604274194706));
#9266=CARTESIAN_POINT('Ctrl Pts',(-2.94740928370101,-1.10532410065742,-3.43202442534869));
#9267=CARTESIAN_POINT('Ctrl Pts',(-2.98970448777144,-1.12118545681851,-3.33236462540335));
#9268=CARTESIAN_POINT('Ctrl Pts',(-3.00874945275693,-1.125,-3.29008110562333));
#9269=CARTESIAN_POINT('Ctrl Pts',(-3.02919720867875,-1.125,-3.2477905252984));
#9270=CARTESIAN_POINT('Origin',(-4.76870038554091,-0.75,-9.73970476127563));
#9271=CARTESIAN_POINT('Ctrl Pts',(-2.76428139812041,-0.75,-3.708));
#9272=CARTESIAN_POINT('Ctrl Pts',(-2.76428139812041,-0.751279733984736,
-3.708));
#9273=CARTESIAN_POINT('Ctrl Pts',(-2.76428139812041,-0.752559451202896,
-3.70797468957871));
#9274=CARTESIAN_POINT('Ctrl Pts',(-2.76428139812036,-0.753839118121771,
-3.70792406939916));
#9275=CARTESIAN_POINT('Ctrl Pts',(-4.76870038554091,-1.125,-9.73970476127563));
#9276=CARTESIAN_POINT('Ctrl Pts',(-4.81835009511844,-1.125,-9.925));
#9277=CARTESIAN_POINT('Ctrl Pts',(-5.01018184211318,-1.125,-9.925));
#9278=CARTESIAN_POINT('Ctrl Pts',(-4.40647820068251,-1.125,-9.83676190318907));
#9279=CARTESIAN_POINT('Ctrl Pts',(-4.53060247462632,-1.125,-10.3));
#9280=CARTESIAN_POINT('Ctrl Pts',(-5.01018184211318,-1.125,-10.3));
#9281=CARTESIAN_POINT('Ctrl Pts',(-4.40647820068251,-0.75,-9.83676190318907));
#9282=CARTESIAN_POINT('Ctrl Pts',(-4.53060247462632,-0.75,-10.3));
#9283=CARTESIAN_POINT('Ctrl Pts',(-5.01018184211318,-0.75,-10.3));
#9284=CARTESIAN_POINT('Origin',(-5.01018184211318,-0.75,-9.925));
#9285=CARTESIAN_POINT('Origin',(-5.01018184211318,-0.75,-0.528213397128913));
#9286=CARTESIAN_POINT('Origin',(-10.2647982258677,-0.75,-8.31850255219089));
#9287=CARTESIAN_POINT('Ctrl Pts',(-10.2647982258677,-1.125,-8.31850255219089));
#9288=CARTESIAN_POINT('Ctrl Pts',(-10.375,-1.125,-8.2441705169675));
#9289=CARTESIAN_POINT('Ctrl Pts',(-10.375,-1.125,-8.11124315905213));
#9290=CARTESIAN_POINT('Ctrl Pts',(-10.4744955646692,-1.125,-8.62939164189903));
#9291=CARTESIAN_POINT('Ctrl Pts',(-10.75,-1.125,-8.44356155384056));
#9292=CARTESIAN_POINT('Ctrl Pts',(-10.75,-1.125,-8.11124315905213));
#9293=CARTESIAN_POINT('Ctrl Pts',(-10.4744955646692,-0.75,-8.62939164189903));
#9294=CARTESIAN_POINT('Ctrl Pts',(-10.75,-0.75,-8.44356155384056));
#9295=CARTESIAN_POINT('Ctrl Pts',(-10.75,-0.75,-8.11124315905213));
#9296=CARTESIAN_POINT('Origin',(-10.375,-0.75,-8.11124315905213));
#9297=CARTESIAN_POINT('Origin',(-1.69685719795253,-0.75,-8.11124315905213));
#9298=CARTESIAN_POINT('Origin',(-8.04776098656519,-0.75,-2.19717657500747));
#9299=CARTESIAN_POINT('Origin',(-4.50000000000001,-0.75,-5.50091024775547));
#9300=CARTESIAN_POINT('Origin',(-4.5,-0.75,-0.653099999999998));
#9301=CARTESIAN_POINT('Origin',(-2.76428139812041,-0.75,-0.6531));
#9302=CARTESIAN_POINT('Ctrl Pts',(-4.26142112302404,-1.125,-0.653100000000001));
#9303=CARTESIAN_POINT('Ctrl Pts',(-4.27659154477882,-1.125,-0.620738914274852));
#9304=CARTESIAN_POINT('Ctrl Pts',(-4.29313783843836,-1.12072984982152,-0.587848943459599));
#9305=CARTESIAN_POINT('Ctrl Pts',(-4.31013751386427,-1.11226425437793,-0.5562));
#9306=CARTESIAN_POINT('Origin',(0.,0.,-3.708));
#9307=CARTESIAN_POINT('',(2.76428139812041,0.729879809620724,-3.708));
#9308=CARTESIAN_POINT('Origin',(0.,0.,-3.708));
#9309=CARTESIAN_POINT('',(2.76428139812041,-0.729879809620724,-3.708));
#9310=CARTESIAN_POINT('',(2.76428139812041,1.125,-3.708));
#9311=CARTESIAN_POINT('Origin',(0.,0.,-3.708));
#9312=CARTESIAN_POINT('Ctrl Pts',(-0.934285714285532,1.76836370808778,-3.708));
#9313=CARTESIAN_POINT('Ctrl Pts',(-1.01060991164319,1.71888540388816,-3.708));
#9314=CARTESIAN_POINT('Ctrl Pts',(-1.08348360384946,1.6645649560566,-3.708));
#9315=CARTESIAN_POINT('Ctrl Pts',(-1.22177800986335,1.54419377425245,-3.708));
#9316=CARTESIAN_POINT('Ctrl Pts',(-1.28610163659202,1.47946132915389,-3.708));
#9317=CARTESIAN_POINT('Ctrl Pts',(-1.34549922804121,1.41032353286064,-3.708));
#9318=CARTESIAN_POINT('Ctrl Pts',(1.0398726551904,1.64864959921177,-3.708));
#9319=CARTESIAN_POINT('Ctrl Pts',(0.967969835909933,1.70378856006726,-3.708));
#9320=CARTESIAN_POINT('Ctrl Pts',(0.890754944064997,1.75444869619507,-3.708));
#9321=CARTESIAN_POINT('Ctrl Pts',(0.733555446574704,1.84397487885989,-3.708));
#9322=CARTESIAN_POINT('Ctrl Pts',(0.650838485742749,1.88399032837177,-3.708));
#9323=CARTESIAN_POINT('Ctrl Pts',(0.565714285703688,1.91832409851809,-3.708));
#9324=CARTESIAN_POINT('Origin',(0.,0.,-3.454));
#9325=CARTESIAN_POINT('',(2.90121156723517,1.06456935455904,-3.55885890019102));
#9326=CARTESIAN_POINT('Origin',(0.,0.,-3.55885890019102));
#9327=CARTESIAN_POINT('',(2.76428139812041,0.753839118127525,-3.70792406939912));
#9328=CARTESIAN_POINT('Ctrl Pts',(2.90121156723739,1.06456935455436,-3.55885890018998));
#9329=CARTESIAN_POINT('Ctrl Pts',(2.90068964504201,1.06398619902573,-3.56038311815048));
#9330=CARTESIAN_POINT('Ctrl Pts',(2.90015602437828,1.06339144142054,-3.56190017702835));
#9331=CARTESIAN_POINT('Ctrl Pts',(2.89004158306299,1.05213534546224,-3.58991271963348));
#9332=CARTESIAN_POINT('Ctrl Pts',(2.87724235200455,1.03817553310953,-3.61328253666815));
#9333=CARTESIAN_POINT('Ctrl Pts',(2.84765522697076,1.00045830024879,-3.65413315754334));
#9334=CARTESIAN_POINT('Ctrl Pts',(2.83152530170542,0.977060890688425,-3.66984047875958));
#9335=CARTESIAN_POINT('Ctrl Pts',(2.80001041076332,0.918759684476882,-3.69409792619674));
#9336=CARTESIAN_POINT('Ctrl Pts',(2.785979587749,0.884371866049494,-3.70066363181426));
#9337=CARTESIAN_POINT('Ctrl Pts',(2.76890597660127,0.817240815880811,-3.70701450976796));
#9338=CARTESIAN_POINT('Ctrl Pts',(2.76456251468271,0.785713785183017,-3.70771233464571));
#9339=CARTESIAN_POINT('Ctrl Pts',(2.76428139812041,0.753839118127525,-3.70792406939912));
#9340=CARTESIAN_POINT('',(2.76428139812041,0.75,-3.708));
#9341=CARTESIAN_POINT('Ctrl Pts',(2.76428139812041,0.753839118127525,-3.70792406939912));
#9342=CARTESIAN_POINT('Ctrl Pts',(2.76428139812041,0.752559451206732,-3.70797468957864));
#9343=CARTESIAN_POINT('Ctrl Pts',(2.76428139812041,0.751279733986653,-3.708));
#9344=CARTESIAN_POINT('Ctrl Pts',(2.76428139812041,0.75,-3.708));
#9345=CARTESIAN_POINT('',(2.76428139812041,1.125,-3.708));
#9346=CARTESIAN_POINT('Origin',(0.,0.,-3.454));
#9347=CARTESIAN_POINT('',(2.76428139812041,-0.75,-3.708));
#9348=CARTESIAN_POINT('',(2.76428139812041,1.125,-3.708));
#9349=CARTESIAN_POINT('',(2.76428139812036,-0.753839118121771,-3.70792406939916));
#9350=CARTESIAN_POINT('Ctrl Pts',(2.76428139812041,-0.75,-3.708));
#9351=CARTESIAN_POINT('Ctrl Pts',(2.76428139812041,-0.751279733984736,-3.708));
#9352=CARTESIAN_POINT('Ctrl Pts',(2.76428139812041,-0.752559451202896,-3.70797468957871));
#9353=CARTESIAN_POINT('Ctrl Pts',(2.76428139812036,-0.753839118121771,-3.70792406939916));
#9354=CARTESIAN_POINT('',(2.90121156723706,-1.0645693545539,-3.55885890019102));
#9355=CARTESIAN_POINT('Ctrl Pts',(2.76428139812036,-0.753839118121771,-3.70792406939916));
#9356=CARTESIAN_POINT('Ctrl Pts',(2.76454447175806,-0.783667971174066,-3.70772592443242));
#9357=CARTESIAN_POINT('Ctrl Pts',(2.76835467466132,-0.812446406691314,-3.70706036342154));
#9358=CARTESIAN_POINT('Ctrl Pts',(2.78455902487247,-0.882002113608697,-3.70138509763127));
#9359=CARTESIAN_POINT('Ctrl Pts',(2.80060659628579,-0.920766390661845,-3.69412915640925));
#9360=CARTESIAN_POINT('Ctrl Pts',(2.83480243042716,-0.982265839572764,-3.66685402235691));
#9361=CARTESIAN_POINT('Ctrl Pts',(2.85142982038145,-1.00567698732767,-3.64998577736193));
#9362=CARTESIAN_POINT('Ctrl Pts',(2.88044535674576,-1.04179556695081,-3.60765839368329));
#9363=CARTESIAN_POINT('Ctrl Pts',(2.89238156356438,-1.05470339080463,-3.58464598169145));
#9364=CARTESIAN_POINT('Ctrl Pts',(2.90121156723703,-1.06456935455396,-3.55885890019103));
#9365=CARTESIAN_POINT('Origin',(0.,0.,-3.55885890019102));
#9366=CARTESIAN_POINT('Origin',(0.,0.,-0.5562));
#9367=CARTESIAN_POINT('',(4.26142112302404,1.125,-0.653100000000001));
#9368=CARTESIAN_POINT('Ctrl Pts',(4.26142112302404,1.125,-0.653100000000001));
#9369=CARTESIAN_POINT('Ctrl Pts',(4.27659154477882,1.125,-0.620738914274851));
#9370=CARTESIAN_POINT('Ctrl Pts',(4.29313783843836,1.12072984982152,-0.587848943459599));
#9371=CARTESIAN_POINT('Ctrl Pts',(4.31013751386427,1.11226425437793,-0.556199999999999));
#9372=CARTESIAN_POINT('',(3.02919720867875,1.125,-3.2477905252984));
#9373=CARTESIAN_POINT('Ctrl Pts',(3.02919720867916,1.125,-3.24779052529756));
#9374=CARTESIAN_POINT('Ctrl Pts',(3.55045283830742,1.125,-2.16971608236625));
#9375=CARTESIAN_POINT('Ctrl Pts',(4.26142112301625,1.125,-0.653100000016619));
#9376=CARTESIAN_POINT('Ctrl Pts',(2.90121156723739,1.06456935455436,-3.55885890018998));
#9377=CARTESIAN_POINT('Ctrl Pts',(2.92272105476835,1.08860239373684,-3.49604274194635));
#9378=CARTESIAN_POINT('Ctrl Pts',(2.94740928370115,1.10532410065747,-3.43202442534836));
#9379=CARTESIAN_POINT('Ctrl Pts',(2.97270715387582,1.11481119352713,-3.3724152867696));
#9380=CARTESIAN_POINT('Ctrl Pts',(2.98970448777144,1.12118545681851,-3.33236462540335));
#9381=CARTESIAN_POINT('Ctrl Pts',(3.00874945275693,1.125,-3.29008110562333));
#9382=CARTESIAN_POINT('Ctrl Pts',(3.02919720867875,1.125,-3.2477905252984));
#9383=CARTESIAN_POINT('Origin',(4.50000000000001,1.125,-5.50091024775547));
#9384=CARTESIAN_POINT('',(4.76870038554091,1.125,-9.73970476127563));
#9385=CARTESIAN_POINT('',(3.12650358297881,1.125,-3.61094285808656));
#9386=CARTESIAN_POINT('',(4.5,1.125,-0.653099999999999));
#9387=CARTESIAN_POINT('',(4.5,1.125,-0.6531));
#9388=CARTESIAN_POINT('',(8.04776098656519,1.125,-2.19717657500747));
#9389=CARTESIAN_POINT('Origin',(4.50000000000001,1.125,-5.50091024775547));
#9390=CARTESIAN_POINT('',(10.375,1.125,-8.11124315905213));
#9391=CARTESIAN_POINT('Origin',(1.69685719795253,1.125,-8.11124315905213));
#9392=CARTESIAN_POINT('',(10.2647982258677,1.125,-8.31850255219089));
#9393=CARTESIAN_POINT('Origin',(10.125,1.125,-8.11124315905213));
#9394=CARTESIAN_POINT('',(5.01018184211318,1.125,-9.925));
#9395=CARTESIAN_POINT('Origin',(5.01018184211318,1.125,-0.528213397128913));
#9396=CARTESIAN_POINT('Origin',(5.01018184211318,1.125,-9.675));
#9397=CARTESIAN_POINT('Origin',(4.50000000000001,-1.125,-5.50091024775547));
#9398=CARTESIAN_POINT('',(3.02919720867875,-1.125,-3.2477905252984));
#9399=CARTESIAN_POINT('',(4.26142112302404,-1.125,-0.6531));
#9400=CARTESIAN_POINT('Ctrl Pts',(3.02919720867918,-1.125,-3.24779052529752));
#9401=CARTESIAN_POINT('Ctrl Pts',(3.55045283831077,-1.125,-2.16971608235931));
#9402=CARTESIAN_POINT('Ctrl Pts',(4.26142112302561,-1.125,-0.653099999996648));
#9403=CARTESIAN_POINT('',(4.76870038554091,-1.125,-9.73970476127563));
#9404=CARTESIAN_POINT('',(3.69100224433299,-1.125,-5.71768054306503));
#9405=CARTESIAN_POINT('',(5.01018184211318,-1.125,-9.925));
#9406=CARTESIAN_POINT('Origin',(5.01018184211318,-1.125,-9.675));
#9407=CARTESIAN_POINT('',(10.2647982258677,-1.125,-8.31850255219089));
#9408=CARTESIAN_POINT('Origin',(5.01018184211318,-1.125,-0.528213397128913));
#9409=CARTESIAN_POINT('',(10.375,-1.125,-8.11124315905213));
#9410=CARTESIAN_POINT('Origin',(10.125,-1.125,-8.11124315905213));
#9411=CARTESIAN_POINT('',(8.04776098656519,-1.125,-2.19717657500747));
#9412=CARTESIAN_POINT('Origin',(1.69685719795253,-1.125,-8.11124315905213));
#9413=CARTESIAN_POINT('',(4.5,-1.125,-0.653099999999998));
#9414=CARTESIAN_POINT('Origin',(4.50000000000001,-1.125,-5.50091024775547));
#9415=CARTESIAN_POINT('',(4.50000000000001,-1.125,-0.6531));
#9416=CARTESIAN_POINT('Origin',(3.69100224433299,0.75,-5.71768054306503));
#9417=CARTESIAN_POINT('',(4.40647820068251,0.75,-9.83676190318907));
#9418=CARTESIAN_POINT('Origin',(4.76870038554091,0.75,-9.73970476127563));
#9419=CARTESIAN_POINT('',(4.40647820068251,0.75,-9.83676190318907));
#9420=CARTESIAN_POINT('Origin',(3.12650358297881,-0.75,-3.61094285808656));
#9421=CARTESIAN_POINT('Ctrl Pts',(3.02919720867875,-1.125,-3.2477905252984));
#9422=CARTESIAN_POINT('Ctrl Pts',(3.00874945275693,-1.125,-3.29008110562333));
#9423=CARTESIAN_POINT('Ctrl Pts',(2.98970448777144,-1.12118545681851,-3.33236462540335));
#9424=CARTESIAN_POINT('Ctrl Pts',(2.97270715387582,-1.11481119352713,-3.3724152867696));
#9425=CARTESIAN_POINT('Ctrl Pts',(2.94740928370101,-1.10532410065742,-3.43202442534869));
#9426=CARTESIAN_POINT('Ctrl Pts',(2.92272105476808,-1.08860239373665,-3.49604274194706));
#9427=CARTESIAN_POINT('Ctrl Pts',(2.90121156723703,-1.06456935455396,-3.55885890019103));
#9428=CARTESIAN_POINT('',(4.40647820068251,-0.75,-9.83676190318907));
#9429=CARTESIAN_POINT('',(2.76428139812041,-0.75,-3.708));
#9430=CARTESIAN_POINT('Origin',(4.76870038554091,-0.75,-9.73970476127563));
#9431=CARTESIAN_POINT('Origin',(2.76428139812041,1.125,-0.2781));
#9432=CARTESIAN_POINT('',(4.5,0.75,-0.2781));
#9433=CARTESIAN_POINT('',(2.76428139812041,0.75,-0.2781));
#9434=CARTESIAN_POINT('',(4.5,-0.75,-0.2781));
#9435=CARTESIAN_POINT('',(2.76428139812041,-0.75,-0.2781));
#9436=CARTESIAN_POINT('',(4.5,1.125,-0.2781));
#9437=CARTESIAN_POINT('Origin',(4.50000000000001,1.125,-5.50091024775547));
#9438=CARTESIAN_POINT('',(8.3221963093128,0.75,-1.94161786623703));
#9439=CARTESIAN_POINT('',(8.3221963093128,-0.75,-1.94161786623703));
#9440=CARTESIAN_POINT('',(8.3221963093128,1.125,-1.94161786623703));
#9441=CARTESIAN_POINT('Origin',(4.50000000000001,0.75,-5.50091024775547));
#9442=CARTESIAN_POINT('Origin',(4.50000000000001,-0.75,-5.50091024775547));
#9443=CARTESIAN_POINT('Origin',(1.69685719795253,1.125,-8.11124315905213));
#9444=CARTESIAN_POINT('',(10.75,0.75,-8.11124315905213));
#9445=CARTESIAN_POINT('',(10.75,-0.75,-8.11124315905213));
#9446=CARTESIAN_POINT('',(10.75,1.125,-8.11124315905213));
#9447=CARTESIAN_POINT('Origin',(1.69685719795253,0.75,-8.11124315905213));
#9448=CARTESIAN_POINT('Origin',(1.69685719795253,-0.75,-8.11124315905213));
#9449=CARTESIAN_POINT('Origin',(10.125,1.125,-8.11124315905213));
#9450=CARTESIAN_POINT('',(10.4744955646692,0.75,-8.62939164189903));
#9451=CARTESIAN_POINT('',(10.4744955646692,-0.75,-8.62939164189903));
#9452=CARTESIAN_POINT('',(10.4744955646692,1.125,-8.62939164189903));
#9453=CARTESIAN_POINT('Origin',(10.125,0.75,-8.11124315905213));
#9454=CARTESIAN_POINT('Origin',(10.125,-0.75,-8.11124315905213));
#9455=CARTESIAN_POINT('Origin',(5.01018184211318,1.125,-0.528213397128913));
#9456=CARTESIAN_POINT('',(5.01018184211318,0.75,-10.3));
#9457=CARTESIAN_POINT('',(5.01018184211318,-0.75,-10.3));
#9458=CARTESIAN_POINT('',(5.01018184211318,1.125,-10.3));
#9459=CARTESIAN_POINT('Origin',(5.01018184211318,0.75,-0.528213397128913));
#9460=CARTESIAN_POINT('Origin',(5.01018184211318,-0.75,-0.528213397128913));
#9461=CARTESIAN_POINT('Origin',(5.01018184211318,1.125,-9.675));
#9462=CARTESIAN_POINT('',(4.40647820068251,1.125,-9.83676190318907));
#9463=CARTESIAN_POINT('Origin',(5.01018184211318,0.75,-9.675));
#9464=CARTESIAN_POINT('Origin',(5.01018184211318,-0.75,-9.675));
#9465=CARTESIAN_POINT('Origin',(2.76428139812041,1.125,-3.708));
#9466=CARTESIAN_POINT('Ctrl Pts',(5.01018184211318,0.75,-10.3));
#9467=CARTESIAN_POINT('Ctrl Pts',(4.53060247462632,0.75,-10.3));
#9468=CARTESIAN_POINT('Ctrl Pts',(4.40647820068251,0.75,-9.83676190318907));
#9469=CARTESIAN_POINT('Ctrl Pts',(5.01018184211318,1.125,-10.3));
#9470=CARTESIAN_POINT('Ctrl Pts',(4.53060247462632,1.125,-10.3));
#9471=CARTESIAN_POINT('Ctrl Pts',(4.40647820068251,1.125,-9.83676190318907));
#9472=CARTESIAN_POINT('Ctrl Pts',(5.01018184211318,1.125,-9.925));
#9473=CARTESIAN_POINT('Ctrl Pts',(4.81835009511844,1.125,-9.925));
#9474=CARTESIAN_POINT('Ctrl Pts',(4.76870038554091,1.125,-9.73970476127563));
#9475=CARTESIAN_POINT('Origin',(5.01018184211318,0.75,-9.925));
#9476=CARTESIAN_POINT('Origin',(5.01018184211318,0.75,-0.528213397128913));
#9477=CARTESIAN_POINT('Origin',(10.2647982258677,0.75,-8.31850255219089));
#9478=CARTESIAN_POINT('Ctrl Pts',(10.75,0.75,-8.11124315905213));
#9479=CARTESIAN_POINT('Ctrl Pts',(10.75,0.75,-8.44356155384056));
#9480=CARTESIAN_POINT('Ctrl Pts',(10.4744955646692,0.75,-8.62939164189903));
#9481=CARTESIAN_POINT('Ctrl Pts',(10.75,1.125,-8.11124315905213));
#9482=CARTESIAN_POINT('Ctrl Pts',(10.75,1.125,-8.44356155384056));
#9483=CARTESIAN_POINT('Ctrl Pts',(10.4744955646692,1.125,-8.62939164189903));
#9484=CARTESIAN_POINT('Ctrl Pts',(10.375,1.125,-8.11124315905213));
#9485=CARTESIAN_POINT('Ctrl Pts',(10.375,1.125,-8.2441705169675));
#9486=CARTESIAN_POINT('Ctrl Pts',(10.2647982258677,1.125,-8.31850255219089));
#9487=CARTESIAN_POINT('Origin',(10.375,0.75,-8.11124315905213));
#9488=CARTESIAN_POINT('Origin',(1.69685719795253,0.75,-8.11124315905213));
#9489=CARTESIAN_POINT('Origin',(8.04776098656519,0.75,-2.19717657500747));
#9490=CARTESIAN_POINT('Origin',(4.50000000000001,0.75,-5.50091024775547));
#9491=CARTESIAN_POINT('Origin',(4.5,0.75,-0.653099999999998));
#9492=CARTESIAN_POINT('Origin',(4.50000000000001,0.75,-0.6531));
#9493=CARTESIAN_POINT('Ctrl Pts',(5.01018184211318,-1.125,-9.925));
#9494=CARTESIAN_POINT('Ctrl Pts',(4.81835009511844,-1.125,-9.925));
#9495=CARTESIAN_POINT('Ctrl Pts',(4.76870038554091,-1.125,-9.73970476127563));
#9496=CARTESIAN_POINT('Ctrl Pts',(5.01018184211318,-1.125,-10.3));
#9497=CARTESIAN_POINT('Ctrl Pts',(4.53060247462632,-1.125,-10.3));
#9498=CARTESIAN_POINT('Ctrl Pts',(4.40647820068251,-1.125,-9.83676190318907));
#9499=CARTESIAN_POINT('Ctrl Pts',(5.01018184211318,-0.75,-10.3));
#9500=CARTESIAN_POINT('Ctrl Pts',(4.53060247462632,-0.75,-10.3));
#9501=CARTESIAN_POINT('Ctrl Pts',(4.40647820068251,-0.75,-9.83676190318907));
#9502=CARTESIAN_POINT('Origin',(5.01018184211318,-0.75,-9.925));
#9503=CARTESIAN_POINT('Origin',(5.01018184211318,-0.75,-0.528213397128913));
#9504=CARTESIAN_POINT('Origin',(10.2647982258677,-0.75,-8.31850255219089));
#9505=CARTESIAN_POINT('Ctrl Pts',(10.375,-1.125,-8.11124315905213));
#9506=CARTESIAN_POINT('Ctrl Pts',(10.375,-1.125,-8.2441705169675));
#9507=CARTESIAN_POINT('Ctrl Pts',(10.2647982258677,-1.125,-8.31850255219089));
#9508=CARTESIAN_POINT('Ctrl Pts',(10.75,-1.125,-8.11124315905213));
#9509=CARTESIAN_POINT('Ctrl Pts',(10.75,-1.125,-8.44356155384056));
#9510=CARTESIAN_POINT('Ctrl Pts',(10.4744955646692,-1.125,-8.62939164189903));
#9511=CARTESIAN_POINT('Ctrl Pts',(10.75,-0.75,-8.11124315905213));
#9512=CARTESIAN_POINT('Ctrl Pts',(10.75,-0.75,-8.44356155384056));
#9513=CARTESIAN_POINT('Ctrl Pts',(10.4744955646692,-0.75,-8.62939164189903));
#9514=CARTESIAN_POINT('Origin',(10.375,-0.75,-8.11124315905213));
#9515=CARTESIAN_POINT('Origin',(1.69685719795253,-0.75,-8.11124315905213));
#9516=CARTESIAN_POINT('Origin',(8.04776098656519,-0.75,-2.19717657500747));
#9517=CARTESIAN_POINT('Origin',(4.50000000000001,-0.75,-5.50091024775547));
#9518=CARTESIAN_POINT('Origin',(4.5,-0.75,-0.653099999999998));
#9519=CARTESIAN_POINT('Origin',(2.76428139812041,-0.75,-0.6531));
#9520=CARTESIAN_POINT('Ctrl Pts',(4.31013751386427,-1.11226425437793,-0.556199999999999));
#9521=CARTESIAN_POINT('Ctrl Pts',(4.29313993406442,-1.12072880622969,-0.58784504195272));
#9522=CARTESIAN_POINT('Ctrl Pts',(4.27659285778718,-1.125,-0.620736113405053));
#9523=CARTESIAN_POINT('Ctrl Pts',(4.26142112302404,-1.125,-0.653100000000001));
#9524=CARTESIAN_POINT('Ctrl Pts',(-1.54531945366543,0.,0.262509935821549));
#9525=CARTESIAN_POINT('Ctrl Pts',(-1.54531945366543,0.892190602557701,0.204176602488215));
#9526=CARTESIAN_POINT('Ctrl Pts',(-0.772659726832715,1.33828590383655,0.145843269154882));
#9527=CARTESIAN_POINT('Ctrl Pts',(-1.09261836565164E-16,1.7843812051154,
0.087509935821549));
#9528=CARTESIAN_POINT('Ctrl Pts',(0.772659726832715,1.33828590383655,0.0291766024882158));
#9529=CARTESIAN_POINT('Ctrl Pts',(1.54531945366543,0.892190602557702,-0.0291567308451175));
#9530=CARTESIAN_POINT('Ctrl Pts',(1.54531945366543,1.89247052259151E-16,
-0.0874900641784506));
#9531=CARTESIAN_POINT('Ctrl Pts',(1.54531945366543,-0.892190602557701,-0.145823397511784));
#9532=CARTESIAN_POINT('Ctrl Pts',(0.772659726832716,-1.33828590383655,-0.204156730845117));
#9533=CARTESIAN_POINT('Ctrl Pts',(3.27785509695491E-16,-1.7843812051154,
-0.26249006417845));
#9534=CARTESIAN_POINT('Ctrl Pts',(-0.772659726832714,-1.33828590383655,
-0.320823397511784));
#9535=CARTESIAN_POINT('Ctrl Pts',(-1.54531945366543,-0.892190602557702,
-0.379156730845117));
#9536=CARTESIAN_POINT('Ctrl Pts',(-1.54531945366543,0.,-0.43749006417845));
#9537=CARTESIAN_POINT('Ctrl Pts',(-1.54531945366543,0.892190602557701,-0.495823397511783));
#9538=CARTESIAN_POINT('Ctrl Pts',(-0.772659726832715,1.33828590383655,-0.554156730845116));
#9539=CARTESIAN_POINT('Ctrl Pts',(-1.09261836565164E-16,1.7843812051154,
-0.61249006417845));
#9540=CARTESIAN_POINT('Ctrl Pts',(0.772659726832715,1.33828590383655,-0.670823397511783));
#9541=CARTESIAN_POINT('Ctrl Pts',(1.54531945366543,0.892190602557702,-0.729156730845116));
#9542=CARTESIAN_POINT('Ctrl Pts',(1.54531945366543,1.89247052259151E-16,
-0.787490064178449));
#9543=CARTESIAN_POINT('Ctrl Pts',(1.54531945366543,-0.892190602557701,-0.845823397511782));
#9544=CARTESIAN_POINT('Ctrl Pts',(0.772659726832716,-1.33828590383655,-0.904156730845115));
#9545=CARTESIAN_POINT('Ctrl Pts',(3.27785509695491E-16,-1.7843812051154,
-0.962490064178449));
#9546=CARTESIAN_POINT('Ctrl Pts',(-0.772659726832714,-1.33828590383655,
-1.02082339751178));
#9547=CARTESIAN_POINT('Ctrl Pts',(-1.54531945366543,-0.892190602557702,
-1.07915673084512));
#9548=CARTESIAN_POINT('Ctrl Pts',(-1.54531945366543,0.,-1.13749006417845));
#9549=CARTESIAN_POINT('Ctrl Pts',(-1.54531945366543,0.892190602557701,-1.19582339751178));
#9550=CARTESIAN_POINT('Ctrl Pts',(-0.772659726832715,1.33828590383655,-1.25415673084511));
#9551=CARTESIAN_POINT('Ctrl Pts',(-1.09261836565164E-16,1.7843812051154,
-1.31249006417845));
#9552=CARTESIAN_POINT('Ctrl Pts',(0.772659726832715,1.33828590383655,-1.37082339751178));
#9553=CARTESIAN_POINT('Ctrl Pts',(1.54531945366543,0.892190602557702,-1.42915673084511));
#9554=CARTESIAN_POINT('Ctrl Pts',(1.54531945366543,1.89247052259151E-16,
-1.48749006417845));
#9555=CARTESIAN_POINT('Ctrl Pts',(1.54531945366543,-0.892190602557701,-1.54582339751178));
#9556=CARTESIAN_POINT('Ctrl Pts',(0.772659726832716,-1.33828590383655,-1.60415673084511));
#9557=CARTESIAN_POINT('Ctrl Pts',(3.27785509695491E-16,-1.7843812051154,
-1.66249006417845));
#9558=CARTESIAN_POINT('Ctrl Pts',(-0.772659726832714,-1.33828590383655,
-1.72082339751178));
#9559=CARTESIAN_POINT('Ctrl Pts',(-1.54531945366543,-0.892190602557702,
-1.77915673084511));
#9560=CARTESIAN_POINT('Ctrl Pts',(-1.54531945366543,0.,-1.83749006417845));
#9561=CARTESIAN_POINT('Ctrl Pts',(-1.54531945366543,0.892190602557701,-1.89582339751178));
#9562=CARTESIAN_POINT('Ctrl Pts',(-0.772659726832715,1.33828590383655,-1.95415673084511));
#9563=CARTESIAN_POINT('Ctrl Pts',(-1.09261836565164E-16,1.7843812051154,
-2.01249006417845));
#9564=CARTESIAN_POINT('Ctrl Pts',(0.772659726832715,1.33828590383655,-2.07082339751178));
#9565=CARTESIAN_POINT('Ctrl Pts',(1.54531945366543,0.892190602557702,-2.12915673084511));
#9566=CARTESIAN_POINT('Ctrl Pts',(1.54531945366543,1.89247052259151E-16,
-2.18749006417845));
#9567=CARTESIAN_POINT('Ctrl Pts',(1.54531945366543,-0.892190602557701,-2.24582339751178));
#9568=CARTESIAN_POINT('Ctrl Pts',(0.772659726832716,-1.33828590383655,-2.30415673084511));
#9569=CARTESIAN_POINT('Ctrl Pts',(3.27785509695491E-16,-1.7843812051154,
-2.36249006417845));
#9570=CARTESIAN_POINT('Ctrl Pts',(-0.772659726832714,-1.33828590383655,
-2.42082339751178));
#9571=CARTESIAN_POINT('Ctrl Pts',(-1.54531945366543,-0.892190602557702,
-2.47915673084511));
#9572=CARTESIAN_POINT('Ctrl Pts',(-1.54531945366543,0.,-2.53749006417845));
#9573=CARTESIAN_POINT('Ctrl Pts',(-1.54531945366543,0.892190602557701,-2.59582339751178));
#9574=CARTESIAN_POINT('Ctrl Pts',(-0.772659726832715,1.33828590383655,-2.65415673084511));
#9575=CARTESIAN_POINT('Ctrl Pts',(-1.09261836565164E-16,1.7843812051154,
-2.71249006417845));
#9576=CARTESIAN_POINT('Ctrl Pts',(0.772659726832715,1.33828590383655,-2.77082339751178));
#9577=CARTESIAN_POINT('Ctrl Pts',(1.54531945366543,0.892190602557702,-2.82915673084511));
#9578=CARTESIAN_POINT('Ctrl Pts',(1.54531945366543,1.89247052259151E-16,
-2.88749006417844));
#9579=CARTESIAN_POINT('Ctrl Pts',(1.54531945366543,-0.892190602557701,-2.94582339751178));
#9580=CARTESIAN_POINT('Ctrl Pts',(0.772659726832716,-1.33828590383655,-3.00415673084511));
#9581=CARTESIAN_POINT('Ctrl Pts',(3.27785509695491E-16,-1.7843812051154,
-3.06249006417844));
#9582=CARTESIAN_POINT('Ctrl Pts',(-0.772659726832714,-1.33828590383655,
-3.12082339751178));
#9583=CARTESIAN_POINT('Ctrl Pts',(-1.54531945366543,-0.892190602557702,
-3.17915673084511));
#9584=CARTESIAN_POINT('Ctrl Pts',(-1.54531945366543,0.,-3.23749006417844));
#9585=CARTESIAN_POINT('Ctrl Pts',(-1.54531945366543,0.892190602557701,-3.29582339751178));
#9586=CARTESIAN_POINT('Ctrl Pts',(-0.772659726832715,1.33828590383655,-3.35415673084511));
#9587=CARTESIAN_POINT('Ctrl Pts',(-1.09261836565164E-16,1.7843812051154,
-3.41249006417844));
#9588=CARTESIAN_POINT('Ctrl Pts',(0.772659726832715,1.33828590383655,-3.47082339751178));
#9589=CARTESIAN_POINT('Ctrl Pts',(1.54531945366543,0.892190602557702,-3.52915673084511));
#9590=CARTESIAN_POINT('Ctrl Pts',(1.54531945366543,1.89247052259151E-16,
-3.58749006417844));
#9591=CARTESIAN_POINT('Ctrl Pts',(1.54531945366543,-0.892190602557701,-3.64582339751178));
#9592=CARTESIAN_POINT('Ctrl Pts',(0.772659726832716,-1.33828590383655,-3.70415673084511));
#9593=CARTESIAN_POINT('Ctrl Pts',(3.27785509695491E-16,-1.7843812051154,
-3.76249006417844));
#9594=CARTESIAN_POINT('Ctrl Pts',(-0.772659726832714,-1.33828590383655,
-3.82082339751178));
#9595=CARTESIAN_POINT('Ctrl Pts',(-1.54531945366543,-0.892190602557702,
-3.87915673084511));
#9596=CARTESIAN_POINT('Ctrl Pts',(-1.54531945366543,0.,-3.93749006417844));
#9597=CARTESIAN_POINT('Ctrl Pts',(-1.54531945366543,0.892190602557701,-3.99582339751178));
#9598=CARTESIAN_POINT('Ctrl Pts',(-0.772659726832715,1.33828590383655,-4.05415673084511));
#9599=CARTESIAN_POINT('Ctrl Pts',(-1.09261836565164E-16,1.7843812051154,
-4.11249006417844));
#9600=CARTESIAN_POINT('Ctrl Pts',(0.772659726832715,1.33828590383655,-4.17082339751178));
#9601=CARTESIAN_POINT('Ctrl Pts',(1.54531945366543,0.892190602557702,-4.22915673084511));
#9602=CARTESIAN_POINT('Ctrl Pts',(1.54531945366543,1.89247052259151E-16,
-4.28749006417844));
#9603=CARTESIAN_POINT('Ctrl Pts',(1.54531945366543,-0.892190602557701,-4.34582339751177));
#9604=CARTESIAN_POINT('Ctrl Pts',(0.772659726832716,-1.33828590383655,-4.40415673084511));
#9605=CARTESIAN_POINT('Ctrl Pts',(3.27785509695491E-16,-1.7843812051154,
-4.46249006417844));
#9606=CARTESIAN_POINT('Ctrl Pts',(-0.772659726832714,-1.33828590383655,
-4.52082339751177));
#9607=CARTESIAN_POINT('Ctrl Pts',(-1.54531945366543,-0.892190602557702,
-4.57915673084511));
#9608=CARTESIAN_POINT('Ctrl Pts',(-1.54531945366543,0.,-4.63749006417844));
#9609=CARTESIAN_POINT('Ctrl Pts',(-1.54531945366543,0.892190602557701,-4.69582339751177));
#9610=CARTESIAN_POINT('Ctrl Pts',(-0.772659726832715,1.33828590383655,-4.75415673084511));
#9611=CARTESIAN_POINT('Ctrl Pts',(-1.09261836565164E-16,1.7843812051154,
-4.81249006417844));
#9612=CARTESIAN_POINT('Ctrl Pts',(0.772659726832715,1.33828590383655,-4.87082339751178));
#9613=CARTESIAN_POINT('Ctrl Pts',(1.54531945366543,0.892190602557702,-4.92915673084511));
#9614=CARTESIAN_POINT('Ctrl Pts',(1.54531945366543,1.89247052259151E-16,
-4.98749006417844));
#9615=CARTESIAN_POINT('Ctrl Pts',(1.54531945366543,-0.892190602557701,-5.04582339751177));
#9616=CARTESIAN_POINT('Ctrl Pts',(0.772659726832716,-1.33828590383655,-5.10415673084511));
#9617=CARTESIAN_POINT('Ctrl Pts',(3.27785509695491E-16,-1.7843812051154,
-5.16249006417844));
#9618=CARTESIAN_POINT('Ctrl Pts',(-0.772659726832714,-1.33828590383655,
-5.22082339751177));
#9619=CARTESIAN_POINT('Ctrl Pts',(-1.54531945366543,-0.892190602557702,
-5.27915673084511));
#9620=CARTESIAN_POINT('Ctrl Pts',(-1.54531945366543,0.,-5.33749006417844));
#9621=CARTESIAN_POINT('Ctrl Pts',(-1.54531945366543,0.892190602557701,-5.39582339751177));
#9622=CARTESIAN_POINT('Ctrl Pts',(-0.772659726832715,1.33828590383655,-5.45415673084511));
#9623=CARTESIAN_POINT('Ctrl Pts',(-1.09261836565164E-16,1.7843812051154,
-5.51249006417844));
#9624=CARTESIAN_POINT('Ctrl Pts',(0.772659726832715,1.33828590383655,-5.57082339751177));
#9625=CARTESIAN_POINT('Ctrl Pts',(1.54531945366543,0.892190602557702,-5.62915673084511));
#9626=CARTESIAN_POINT('Ctrl Pts',(1.54531945366543,1.89247052259151E-16,
-5.68749006417844));
#9627=CARTESIAN_POINT('Ctrl Pts',(1.54531945366543,-0.892190602557701,-5.74582339751177));
#9628=CARTESIAN_POINT('Ctrl Pts',(0.772659726832716,-1.33828590383655,-5.8041567308451));
#9629=CARTESIAN_POINT('Ctrl Pts',(3.27785509695491E-16,-1.7843812051154,
-5.86249006417844));
#9630=CARTESIAN_POINT('Ctrl Pts',(-0.772659726832714,-1.33828590383655,
-5.92082339751177));
#9631=CARTESIAN_POINT('Ctrl Pts',(-1.54531945366543,-0.892190602557702,
-5.9791567308451));
#9632=CARTESIAN_POINT('Ctrl Pts',(-1.54531945366543,0.,-6.03749006417844));
#9633=CARTESIAN_POINT('Ctrl Pts',(-2.,0.,0.));
#9634=CARTESIAN_POINT('Ctrl Pts',(-2.,1.15470053837925,-0.0583333333333332));
#9635=CARTESIAN_POINT('Ctrl Pts',(-1.,1.73205080756888,-0.116666666666666));
#9636=CARTESIAN_POINT('Ctrl Pts',(-1.41410031829988E-16,2.3094010767585,
-0.175));
#9637=CARTESIAN_POINT('Ctrl Pts',(1.,1.73205080756888,-0.233333333333333));
#9638=CARTESIAN_POINT('Ctrl Pts',(2.,1.15470053837925,-0.291666666666666));
#9639=CARTESIAN_POINT('Ctrl Pts',(2.,2.44929359829471E-16,-0.349999999999999));
#9640=CARTESIAN_POINT('Ctrl Pts',(2.,-1.15470053837925,-0.408333333333332));
#9641=CARTESIAN_POINT('Ctrl Pts',(1.,-1.73205080756888,-0.466666666666666));
#9642=CARTESIAN_POINT('Ctrl Pts',(4.24230095489963E-16,-2.3094010767585,
-0.524999999999999));
#9643=CARTESIAN_POINT('Ctrl Pts',(-0.999999999999999,-1.73205080756888,
-0.583333333333332));
#9644=CARTESIAN_POINT('Ctrl Pts',(-2.,-1.15470053837925,-0.641666666666665));
#9645=CARTESIAN_POINT('Ctrl Pts',(-2.,0.,-0.699999999999999));
#9646=CARTESIAN_POINT('Ctrl Pts',(-2.,1.15470053837925,-0.758333333333332));
#9647=CARTESIAN_POINT('Ctrl Pts',(-1.,1.73205080756888,-0.816666666666665));
#9648=CARTESIAN_POINT('Ctrl Pts',(-1.41410031829988E-16,2.3094010767585,
-0.874999999999998));
#9649=CARTESIAN_POINT('Ctrl Pts',(1.,1.73205080756888,-0.933333333333331));
#9650=CARTESIAN_POINT('Ctrl Pts',(2.,1.15470053837925,-0.991666666666665));
#9651=CARTESIAN_POINT('Ctrl Pts',(2.,2.44929359829471E-16,-1.05));
#9652=CARTESIAN_POINT('Ctrl Pts',(2.,-1.15470053837925,-1.10833333333333));
#9653=CARTESIAN_POINT('Ctrl Pts',(1.,-1.73205080756888,-1.16666666666666));
#9654=CARTESIAN_POINT('Ctrl Pts',(4.24230095489963E-16,-2.3094010767585,
-1.225));
#9655=CARTESIAN_POINT('Ctrl Pts',(-0.999999999999999,-1.73205080756888,
-1.28333333333333));
#9656=CARTESIAN_POINT('Ctrl Pts',(-2.,-1.15470053837925,-1.34166666666666));
#9657=CARTESIAN_POINT('Ctrl Pts',(-2.,0.,-1.4));
#9658=CARTESIAN_POINT('Ctrl Pts',(-2.,1.15470053837925,-1.45833333333333));
#9659=CARTESIAN_POINT('Ctrl Pts',(-1.,1.73205080756888,-1.51666666666666));
#9660=CARTESIAN_POINT('Ctrl Pts',(-1.41410031829988E-16,2.3094010767585,
-1.575));
#9661=CARTESIAN_POINT('Ctrl Pts',(1.,1.73205080756888,-1.63333333333333));
#9662=CARTESIAN_POINT('Ctrl Pts',(2.,1.15470053837925,-1.69166666666666));
#9663=CARTESIAN_POINT('Ctrl Pts',(2.,2.44929359829471E-16,-1.75));
#9664=CARTESIAN_POINT('Ctrl Pts',(2.,-1.15470053837925,-1.80833333333333));
#9665=CARTESIAN_POINT('Ctrl Pts',(1.,-1.73205080756888,-1.86666666666666));
#9666=CARTESIAN_POINT('Ctrl Pts',(4.24230095489963E-16,-2.3094010767585,
-1.925));
#9667=CARTESIAN_POINT('Ctrl Pts',(-0.999999999999999,-1.73205080756888,
-1.98333333333333));
#9668=CARTESIAN_POINT('Ctrl Pts',(-2.,-1.15470053837925,-2.04166666666666));
#9669=CARTESIAN_POINT('Ctrl Pts',(-2.,0.,-2.1));
#9670=CARTESIAN_POINT('Ctrl Pts',(-2.,1.15470053837925,-2.15833333333333));
#9671=CARTESIAN_POINT('Ctrl Pts',(-1.,1.73205080756888,-2.21666666666666));
#9672=CARTESIAN_POINT('Ctrl Pts',(-1.41410031829988E-16,2.3094010767585,
-2.275));
#9673=CARTESIAN_POINT('Ctrl Pts',(1.,1.73205080756888,-2.33333333333333));
#9674=CARTESIAN_POINT('Ctrl Pts',(2.,1.15470053837925,-2.39166666666666));
#9675=CARTESIAN_POINT('Ctrl Pts',(2.,2.44929359829471E-16,-2.44999999999999));
#9676=CARTESIAN_POINT('Ctrl Pts',(2.,-1.15470053837925,-2.50833333333333));
#9677=CARTESIAN_POINT('Ctrl Pts',(1.,-1.73205080756888,-2.56666666666666));
#9678=CARTESIAN_POINT('Ctrl Pts',(4.24230095489963E-16,-2.3094010767585,
-2.62499999999999));
#9679=CARTESIAN_POINT('Ctrl Pts',(-0.999999999999999,-1.73205080756888,
-2.68333333333333));
#9680=CARTESIAN_POINT('Ctrl Pts',(-2.,-1.15470053837925,-2.74166666666666));
#9681=CARTESIAN_POINT('Ctrl Pts',(-2.,0.,-2.79999999999999));
#9682=CARTESIAN_POINT('Ctrl Pts',(-2.,1.15470053837925,-2.85833333333333));
#9683=CARTESIAN_POINT('Ctrl Pts',(-1.,1.73205080756888,-2.91666666666666));
#9684=CARTESIAN_POINT('Ctrl Pts',(-1.41410031829988E-16,2.3094010767585,
-2.97499999999999));
#9685=CARTESIAN_POINT('Ctrl Pts',(1.,1.73205080756888,-3.03333333333333));
#9686=CARTESIAN_POINT('Ctrl Pts',(2.,1.15470053837925,-3.09166666666666));
#9687=CARTESIAN_POINT('Ctrl Pts',(2.,2.44929359829471E-16,-3.14999999999999));
#9688=CARTESIAN_POINT('Ctrl Pts',(2.,-1.15470053837925,-3.20833333333333));
#9689=CARTESIAN_POINT('Ctrl Pts',(1.,-1.73205080756888,-3.26666666666666));
#9690=CARTESIAN_POINT('Ctrl Pts',(4.24230095489963E-16,-2.3094010767585,
-3.32499999999999));
#9691=CARTESIAN_POINT('Ctrl Pts',(-0.999999999999999,-1.73205080756888,
-3.38333333333333));
#9692=CARTESIAN_POINT('Ctrl Pts',(-2.,-1.15470053837925,-3.44166666666666));
#9693=CARTESIAN_POINT('Ctrl Pts',(-2.,0.,-3.49999999999999));
#9694=CARTESIAN_POINT('Ctrl Pts',(-2.,1.15470053837925,-3.55833333333333));
#9695=CARTESIAN_POINT('Ctrl Pts',(-1.,1.73205080756888,-3.61666666666666));
#9696=CARTESIAN_POINT('Ctrl Pts',(-1.41410031829988E-16,2.3094010767585,
-3.67499999999999));
#9697=CARTESIAN_POINT('Ctrl Pts',(1.,1.73205080756888,-3.73333333333333));
#9698=CARTESIAN_POINT('Ctrl Pts',(2.,1.15470053837925,-3.79166666666666));
#9699=CARTESIAN_POINT('Ctrl Pts',(2.,2.44929359829471E-16,-3.84999999999999));
#9700=CARTESIAN_POINT('Ctrl Pts',(2.,-1.15470053837925,-3.90833333333332));
#9701=CARTESIAN_POINT('Ctrl Pts',(1.,-1.73205080756888,-3.96666666666666));
#9702=CARTESIAN_POINT('Ctrl Pts',(4.24230095489963E-16,-2.3094010767585,
-4.02499999999999));
#9703=CARTESIAN_POINT('Ctrl Pts',(-0.999999999999999,-1.73205080756888,
-4.08333333333332));
#9704=CARTESIAN_POINT('Ctrl Pts',(-2.,-1.15470053837925,-4.14166666666666));
#9705=CARTESIAN_POINT('Ctrl Pts',(-2.,0.,-4.19999999999999));
#9706=CARTESIAN_POINT('Ctrl Pts',(-2.,1.15470053837925,-4.25833333333332));
#9707=CARTESIAN_POINT('Ctrl Pts',(-1.,1.73205080756888,-4.31666666666666));
#9708=CARTESIAN_POINT('Ctrl Pts',(-1.41410031829988E-16,2.3094010767585,
-4.37499999999999));
#9709=CARTESIAN_POINT('Ctrl Pts',(1.,1.73205080756888,-4.43333333333332));
#9710=CARTESIAN_POINT('Ctrl Pts',(2.,1.15470053837925,-4.49166666666666));
#9711=CARTESIAN_POINT('Ctrl Pts',(2.,2.44929359829471E-16,-4.54999999999999));
#9712=CARTESIAN_POINT('Ctrl Pts',(2.,-1.15470053837925,-4.60833333333332));
#9713=CARTESIAN_POINT('Ctrl Pts',(1.,-1.73205080756888,-4.66666666666666));
#9714=CARTESIAN_POINT('Ctrl Pts',(4.24230095489963E-16,-2.3094010767585,
-4.72499999999999));
#9715=CARTESIAN_POINT('Ctrl Pts',(-0.999999999999999,-1.73205080756888,
-4.78333333333332));
#9716=CARTESIAN_POINT('Ctrl Pts',(-2.,-1.15470053837925,-4.84166666666666));
#9717=CARTESIAN_POINT('Ctrl Pts',(-2.,0.,-4.89999999999999));
#9718=CARTESIAN_POINT('Ctrl Pts',(-2.,1.15470053837925,-4.95833333333332));
#9719=CARTESIAN_POINT('Ctrl Pts',(-1.,1.73205080756888,-5.01666666666666));
#9720=CARTESIAN_POINT('Ctrl Pts',(-1.41410031829988E-16,2.3094010767585,
-5.07499999999999));
#9721=CARTESIAN_POINT('Ctrl Pts',(1.,1.73205080756888,-5.13333333333332));
#9722=CARTESIAN_POINT('Ctrl Pts',(2.,1.15470053837925,-5.19166666666666));
#9723=CARTESIAN_POINT('Ctrl Pts',(2.,2.44929359829471E-16,-5.24999999999999));
#9724=CARTESIAN_POINT('Ctrl Pts',(2.,-1.15470053837925,-5.30833333333332));
#9725=CARTESIAN_POINT('Ctrl Pts',(1.,-1.73205080756888,-5.36666666666665));
#9726=CARTESIAN_POINT('Ctrl Pts',(4.24230095489963E-16,-2.3094010767585,
-5.42499999999999));
#9727=CARTESIAN_POINT('Ctrl Pts',(-0.999999999999999,-1.73205080756888,
-5.48333333333332));
#9728=CARTESIAN_POINT('Ctrl Pts',(-2.,-1.15470053837925,-5.54166666666665));
#9729=CARTESIAN_POINT('Ctrl Pts',(-2.,0.,-5.59999999999999));
#9730=CARTESIAN_POINT('Ctrl Pts',(-2.,1.15470053837925,-5.65833333333332));
#9731=CARTESIAN_POINT('Ctrl Pts',(-1.,1.73205080756888,-5.71666666666665));
#9732=CARTESIAN_POINT('Ctrl Pts',(-1.41410031829988E-16,2.3094010767585,
-5.77499999999999));
#9733=CARTESIAN_POINT('Ctrl Pts',(1.,1.73205080756888,-5.83333333333332));
#9734=CARTESIAN_POINT('Ctrl Pts',(2.,1.15470053837925,-5.89166666666665));
#9735=CARTESIAN_POINT('Ctrl Pts',(2.,2.44929359829471E-16,-5.94999999999999));
#9736=CARTESIAN_POINT('Ctrl Pts',(2.,-1.15470053837925,-6.00833333333332));
#9737=CARTESIAN_POINT('Ctrl Pts',(1.,-1.73205080756888,-6.06666666666665));
#9738=CARTESIAN_POINT('Ctrl Pts',(4.24230095489963E-16,-2.3094010767585,
-6.12499999999999));
#9739=CARTESIAN_POINT('Ctrl Pts',(-0.999999999999999,-1.73205080756888,
-6.18333333333332));
#9740=CARTESIAN_POINT('Ctrl Pts',(-2.,-1.15470053837925,-6.24166666666665));
#9741=CARTESIAN_POINT('Ctrl Pts',(-2.,0.,-6.29999999999999));
#9742=CARTESIAN_POINT('Ctrl Pts',(-2.,0.,0.6125));
#9743=CARTESIAN_POINT('Ctrl Pts',(-2.,1.15470053837925,0.554166666666667));
#9744=CARTESIAN_POINT('Ctrl Pts',(-1.,1.73205080756888,0.495833333333334));
#9745=CARTESIAN_POINT('Ctrl Pts',(-1.41410031829988E-16,2.3094010767585,
0.437500000000001));
#9746=CARTESIAN_POINT('Ctrl Pts',(1.,1.73205080756888,0.379166666666667));
#9747=CARTESIAN_POINT('Ctrl Pts',(2.,1.15470053837925,0.320833333333334));
#9748=CARTESIAN_POINT('Ctrl Pts',(2.,2.44929359829471E-16,0.262500000000001));
#9749=CARTESIAN_POINT('Ctrl Pts',(2.,-1.15470053837925,0.204166666666668));
#9750=CARTESIAN_POINT('Ctrl Pts',(1.,-1.73205080756888,0.145833333333335));
#9751=CARTESIAN_POINT('Ctrl Pts',(4.24230095489963E-16,-2.3094010767585,
0.0875000000000013));
#9752=CARTESIAN_POINT('Ctrl Pts',(-0.999999999999999,-1.73205080756888,
0.0291666666666681));
#9753=CARTESIAN_POINT('Ctrl Pts',(-2.,-1.15470053837925,-0.0291666666666651));
#9754=CARTESIAN_POINT('Ctrl Pts',(-2.,0.,-0.0874999999999983));
#9755=CARTESIAN_POINT('Ctrl Pts',(-2.,1.15470053837925,-0.145833333333331));
#9756=CARTESIAN_POINT('Ctrl Pts',(-1.,1.73205080756888,-0.204166666666665));
#9757=CARTESIAN_POINT('Ctrl Pts',(-1.41410031829988E-16,2.3094010767585,
-0.262499999999998));
#9758=CARTESIAN_POINT('Ctrl Pts',(1.,1.73205080756888,-0.320833333333331));
#9759=CARTESIAN_POINT('Ctrl Pts',(2.,1.15470053837925,-0.379166666666664));
#9760=CARTESIAN_POINT('Ctrl Pts',(2.,2.44929359829471E-16,-0.437499999999998));
#9761=CARTESIAN_POINT('Ctrl Pts',(2.,-1.15470053837925,-0.495833333333331));
#9762=CARTESIAN_POINT('Ctrl Pts',(1.,-1.73205080756888,-0.554166666666664));
#9763=CARTESIAN_POINT('Ctrl Pts',(4.24230095489963E-16,-2.3094010767585,
-0.612499999999997));
#9764=CARTESIAN_POINT('Ctrl Pts',(-0.999999999999999,-1.73205080756888,
-0.67083333333333));
#9765=CARTESIAN_POINT('Ctrl Pts',(-2.,-1.15470053837925,-0.729166666666663));
#9766=CARTESIAN_POINT('Ctrl Pts',(-2.,0.,-0.787499999999997));
#9767=CARTESIAN_POINT('Ctrl Pts',(-2.,1.15470053837925,-0.84583333333333));
#9768=CARTESIAN_POINT('Ctrl Pts',(-1.,1.73205080756888,-0.904166666666663));
#9769=CARTESIAN_POINT('Ctrl Pts',(-1.41410031829988E-16,2.3094010767585,
-0.962499999999996));
#9770=CARTESIAN_POINT('Ctrl Pts',(1.,1.73205080756888,-1.02083333333333));
#9771=CARTESIAN_POINT('Ctrl Pts',(2.,1.15470053837925,-1.07916666666666));
#9772=CARTESIAN_POINT('Ctrl Pts',(2.,2.44929359829471E-16,-1.1375));
#9773=CARTESIAN_POINT('Ctrl Pts',(2.,-1.15470053837925,-1.19583333333333));
#9774=CARTESIAN_POINT('Ctrl Pts',(1.,-1.73205080756888,-1.25416666666666));
#9775=CARTESIAN_POINT('Ctrl Pts',(4.24230095489963E-16,-2.3094010767585,
-1.3125));
#9776=CARTESIAN_POINT('Ctrl Pts',(-0.999999999999999,-1.73205080756888,
-1.37083333333333));
#9777=CARTESIAN_POINT('Ctrl Pts',(-2.,-1.15470053837925,-1.42916666666666));
#9778=CARTESIAN_POINT('Ctrl Pts',(-2.,0.,-1.4875));
#9779=CARTESIAN_POINT('Ctrl Pts',(-2.,1.15470053837925,-1.54583333333333));
#9780=CARTESIAN_POINT('Ctrl Pts',(-1.,1.73205080756888,-1.60416666666666));
#9781=CARTESIAN_POINT('Ctrl Pts',(-1.41410031829988E-16,2.3094010767585,
-1.66249999999999));
#9782=CARTESIAN_POINT('Ctrl Pts',(1.,1.73205080756888,-1.72083333333333));
#9783=CARTESIAN_POINT('Ctrl Pts',(2.,1.15470053837925,-1.77916666666666));
#9784=CARTESIAN_POINT('Ctrl Pts',(2.,2.44929359829471E-16,-1.83749999999999));
#9785=CARTESIAN_POINT('Ctrl Pts',(2.,-1.15470053837925,-1.89583333333333));
#9786=CARTESIAN_POINT('Ctrl Pts',(1.,-1.73205080756888,-1.95416666666666));
#9787=CARTESIAN_POINT('Ctrl Pts',(4.24230095489963E-16,-2.3094010767585,
-2.01249999999999));
#9788=CARTESIAN_POINT('Ctrl Pts',(-0.999999999999999,-1.73205080756888,
-2.07083333333333));
#9789=CARTESIAN_POINT('Ctrl Pts',(-2.,-1.15470053837925,-2.12916666666666));
#9790=CARTESIAN_POINT('Ctrl Pts',(-2.,0.,-2.18749999999999));
#9791=CARTESIAN_POINT('Ctrl Pts',(-2.,1.15470053837925,-2.24583333333333));
#9792=CARTESIAN_POINT('Ctrl Pts',(-1.,1.73205080756888,-2.30416666666666));
#9793=CARTESIAN_POINT('Ctrl Pts',(-1.41410031829988E-16,2.3094010767585,
-2.36249999999999));
#9794=CARTESIAN_POINT('Ctrl Pts',(1.,1.73205080756888,-2.42083333333333));
#9795=CARTESIAN_POINT('Ctrl Pts',(2.,1.15470053837925,-2.47916666666666));
#9796=CARTESIAN_POINT('Ctrl Pts',(2.,2.44929359829471E-16,-2.53749999999999));
#9797=CARTESIAN_POINT('Ctrl Pts',(2.,-1.15470053837925,-2.59583333333333));
#9798=CARTESIAN_POINT('Ctrl Pts',(1.,-1.73205080756888,-2.65416666666666));
#9799=CARTESIAN_POINT('Ctrl Pts',(4.24230095489963E-16,-2.3094010767585,
-2.71249999999999));
#9800=CARTESIAN_POINT('Ctrl Pts',(-0.999999999999999,-1.73205080756888,
-2.77083333333333));
#9801=CARTESIAN_POINT('Ctrl Pts',(-2.,-1.15470053837925,-2.82916666666666));
#9802=CARTESIAN_POINT('Ctrl Pts',(-2.,0.,-2.88749999999999));
#9803=CARTESIAN_POINT('Ctrl Pts',(-2.,1.15470053837925,-2.94583333333332));
#9804=CARTESIAN_POINT('Ctrl Pts',(-1.,1.73205080756888,-3.00416666666666));
#9805=CARTESIAN_POINT('Ctrl Pts',(-1.41410031829988E-16,2.3094010767585,
-3.06249999999999));
#9806=CARTESIAN_POINT('Ctrl Pts',(1.,1.73205080756888,-3.12083333333332));
#9807=CARTESIAN_POINT('Ctrl Pts',(2.,1.15470053837925,-3.17916666666666));
#9808=CARTESIAN_POINT('Ctrl Pts',(2.,2.44929359829471E-16,-3.23749999999999));
#9809=CARTESIAN_POINT('Ctrl Pts',(2.,-1.15470053837925,-3.29583333333332));
#9810=CARTESIAN_POINT('Ctrl Pts',(1.,-1.73205080756888,-3.35416666666666));
#9811=CARTESIAN_POINT('Ctrl Pts',(4.24230095489963E-16,-2.3094010767585,
-3.41249999999999));
#9812=CARTESIAN_POINT('Ctrl Pts',(-0.999999999999999,-1.73205080756888,
-3.47083333333332));
#9813=CARTESIAN_POINT('Ctrl Pts',(-2.,-1.15470053837925,-3.52916666666666));
#9814=CARTESIAN_POINT('Ctrl Pts',(-2.,0.,-3.58749999999999));
#9815=CARTESIAN_POINT('Ctrl Pts',(-2.,1.15470053837925,-3.64583333333332));
#9816=CARTESIAN_POINT('Ctrl Pts',(-1.,1.73205080756888,-3.70416666666666));
#9817=CARTESIAN_POINT('Ctrl Pts',(-1.41410031829988E-16,2.3094010767585,
-3.76249999999999));
#9818=CARTESIAN_POINT('Ctrl Pts',(1.,1.73205080756888,-3.82083333333332));
#9819=CARTESIAN_POINT('Ctrl Pts',(2.,1.15470053837925,-3.87916666666666));
#9820=CARTESIAN_POINT('Ctrl Pts',(2.,2.44929359829471E-16,-3.93749999999999));
#9821=CARTESIAN_POINT('Ctrl Pts',(2.,-1.15470053837925,-3.99583333333332));
#9822=CARTESIAN_POINT('Ctrl Pts',(1.,-1.73205080756888,-4.05416666666666));
#9823=CARTESIAN_POINT('Ctrl Pts',(4.24230095489963E-16,-2.3094010767585,
-4.11249999999999));
#9824=CARTESIAN_POINT('Ctrl Pts',(-0.999999999999999,-1.73205080756888,
-4.17083333333332));
#9825=CARTESIAN_POINT('Ctrl Pts',(-2.,-1.15470053837925,-4.22916666666666));
#9826=CARTESIAN_POINT('Ctrl Pts',(-2.,0.,-4.28749999999999));
#9827=CARTESIAN_POINT('Ctrl Pts',(-2.,1.15470053837925,-4.34583333333332));
#9828=CARTESIAN_POINT('Ctrl Pts',(-1.,1.73205080756888,-4.40416666666666));
#9829=CARTESIAN_POINT('Ctrl Pts',(-1.41410031829988E-16,2.3094010767585,
-4.46249999999999));
#9830=CARTESIAN_POINT('Ctrl Pts',(1.,1.73205080756888,-4.52083333333332));
#9831=CARTESIAN_POINT('Ctrl Pts',(2.,1.15470053837925,-4.57916666666666));
#9832=CARTESIAN_POINT('Ctrl Pts',(2.,2.44929359829471E-16,-4.63749999999999));
#9833=CARTESIAN_POINT('Ctrl Pts',(2.,-1.15470053837925,-4.69583333333332));
#9834=CARTESIAN_POINT('Ctrl Pts',(1.,-1.73205080756888,-4.75416666666665));
#9835=CARTESIAN_POINT('Ctrl Pts',(4.24230095489963E-16,-2.3094010767585,
-4.81249999999999));
#9836=CARTESIAN_POINT('Ctrl Pts',(-0.999999999999999,-1.73205080756888,
-4.87083333333332));
#9837=CARTESIAN_POINT('Ctrl Pts',(-2.,-1.15470053837925,-4.92916666666665));
#9838=CARTESIAN_POINT('Ctrl Pts',(-2.,0.,-4.98749999999999));
#9839=CARTESIAN_POINT('Ctrl Pts',(-2.,1.15470053837925,-5.04583333333332));
#9840=CARTESIAN_POINT('Ctrl Pts',(-1.,1.73205080756888,-5.10416666666665));
#9841=CARTESIAN_POINT('Ctrl Pts',(-1.41410031829988E-16,2.3094010767585,
-5.16249999999999));
#9842=CARTESIAN_POINT('Ctrl Pts',(1.,1.73205080756888,-5.22083333333332));
#9843=CARTESIAN_POINT('Ctrl Pts',(2.,1.15470053837925,-5.27916666666665));
#9844=CARTESIAN_POINT('Ctrl Pts',(2.,2.44929359829471E-16,-5.33749999999999));
#9845=CARTESIAN_POINT('Ctrl Pts',(2.,-1.15470053837925,-5.39583333333332));
#9846=CARTESIAN_POINT('Ctrl Pts',(1.,-1.73205080756888,-5.45416666666665));
#9847=CARTESIAN_POINT('Ctrl Pts',(4.24230095489963E-16,-2.3094010767585,
-5.51249999999999));
#9848=CARTESIAN_POINT('Ctrl Pts',(-0.999999999999999,-1.73205080756888,
-5.57083333333332));
#9849=CARTESIAN_POINT('Ctrl Pts',(-2.,-1.15470053837925,-5.62916666666665));
#9850=CARTESIAN_POINT('Ctrl Pts',(-2.,0.,-5.68749999999999));
#9851=CARTESIAN_POINT('Ctrl Pts',(-1.54531030864761,0.,0.349984784299953));
#9852=CARTESIAN_POINT('Ctrl Pts',(-1.54531030864761,0.892185322679203,0.29165145096662));
#9853=CARTESIAN_POINT('Ctrl Pts',(-0.772655154323807,1.3382779840188,0.233318117633287));
#9854=CARTESIAN_POINT('Ctrl Pts',(-1.09261189966533E-16,1.78437064535841,
0.174984784299954));
#9855=CARTESIAN_POINT('Ctrl Pts',(0.772655154323806,1.3382779840188,0.11665145096662));
#9856=CARTESIAN_POINT('Ctrl Pts',(1.54531030864761,0.892185322679204,0.0583181176332872));
#9857=CARTESIAN_POINT('Ctrl Pts',(1.54531030864761,1.89245932317471E-16,
-1.52157000459716E-5));
#9858=CARTESIAN_POINT('Ctrl Pts',(1.54531030864761,-0.892185322679203,-0.0583485490333792));
#9859=CARTESIAN_POINT('Ctrl Pts',(0.772655154323807,-1.3382779840188,-0.116681882366712));
#9860=CARTESIAN_POINT('Ctrl Pts',(3.277835698996E-16,-1.78437064535841,
-0.175015215700046));
#9861=CARTESIAN_POINT('Ctrl Pts',(-0.772655154323806,-1.33827798401881,
-0.233348549033379));
#9862=CARTESIAN_POINT('Ctrl Pts',(-1.54531030864761,-0.892185322679204,
-0.291681882366712));
#9863=CARTESIAN_POINT('Ctrl Pts',(-1.54531030864761,0.,-0.350015215700045));
#9864=CARTESIAN_POINT('Ctrl Pts',(-1.54531030864761,0.892185322679203,-0.408348549033379));
#9865=CARTESIAN_POINT('Ctrl Pts',(-0.772655154323807,1.3382779840188,-0.466681882366712));
#9866=CARTESIAN_POINT('Ctrl Pts',(-1.09261189966533E-16,1.78437064535841,
-0.525015215700045));
#9867=CARTESIAN_POINT('Ctrl Pts',(0.772655154323806,1.3382779840188,-0.583348549033378));
#9868=CARTESIAN_POINT('Ctrl Pts',(1.54531030864761,0.892185322679204,-0.641681882366711));
#9869=CARTESIAN_POINT('Ctrl Pts',(1.54531030864761,1.89245932317471E-16,
-0.700015215700045));
#9870=CARTESIAN_POINT('Ctrl Pts',(1.54531030864761,-0.892185322679203,-0.758348549033378));
#9871=CARTESIAN_POINT('Ctrl Pts',(0.772655154323807,-1.3382779840188,-0.816681882366711));
#9872=CARTESIAN_POINT('Ctrl Pts',(3.277835698996E-16,-1.78437064535841,
-0.875015215700044));
#9873=CARTESIAN_POINT('Ctrl Pts',(-0.772655154323806,-1.33827798401881,
-0.933348549033377));
#9874=CARTESIAN_POINT('Ctrl Pts',(-1.54531030864761,-0.892185322679204,
-0.99168188236671));
#9875=CARTESIAN_POINT('Ctrl Pts',(-1.54531030864761,0.,-1.05001521570004));
#9876=CARTESIAN_POINT('Ctrl Pts',(-1.54531030864761,0.892185322679203,-1.10834854903338));
#9877=CARTESIAN_POINT('Ctrl Pts',(-0.772655154323807,1.3382779840188,-1.16668188236671));
#9878=CARTESIAN_POINT('Ctrl Pts',(-1.09261189966533E-16,1.78437064535841,
-1.22501521570004));
#9879=CARTESIAN_POINT('Ctrl Pts',(0.772655154323806,1.3382779840188,-1.28334854903338));
#9880=CARTESIAN_POINT('Ctrl Pts',(1.54531030864761,0.892185322679204,-1.34168188236671));
#9881=CARTESIAN_POINT('Ctrl Pts',(1.54531030864761,1.89245932317471E-16,
-1.40001521570004));
#9882=CARTESIAN_POINT('Ctrl Pts',(1.54531030864761,-0.892185322679203,-1.45834854903338));
#9883=CARTESIAN_POINT('Ctrl Pts',(0.772655154323807,-1.3382779840188,-1.51668188236671));
#9884=CARTESIAN_POINT('Ctrl Pts',(3.277835698996E-16,-1.78437064535841,
-1.57501521570004));
#9885=CARTESIAN_POINT('Ctrl Pts',(-0.772655154323806,-1.33827798401881,
-1.63334854903338));
#9886=CARTESIAN_POINT('Ctrl Pts',(-1.54531030864761,-0.892185322679204,
-1.69168188236671));
#9887=CARTESIAN_POINT('Ctrl Pts',(-1.54531030864761,0.,-1.75001521570004));
#9888=CARTESIAN_POINT('Ctrl Pts',(-1.54531030864761,0.892185322679203,-1.80834854903338));
#9889=CARTESIAN_POINT('Ctrl Pts',(-0.772655154323807,1.3382779840188,-1.86668188236671));
#9890=CARTESIAN_POINT('Ctrl Pts',(-1.09261189966533E-16,1.78437064535841,
-1.92501521570004));
#9891=CARTESIAN_POINT('Ctrl Pts',(0.772655154323806,1.3382779840188,-1.98334854903338));
#9892=CARTESIAN_POINT('Ctrl Pts',(1.54531030864761,0.892185322679204,-2.04168188236671));
#9893=CARTESIAN_POINT('Ctrl Pts',(1.54531030864761,1.89245932317471E-16,
-2.10001521570004));
#9894=CARTESIAN_POINT('Ctrl Pts',(1.54531030864761,-0.892185322679203,-2.15834854903337));
#9895=CARTESIAN_POINT('Ctrl Pts',(0.772655154323807,-1.3382779840188,-2.21668188236671));
#9896=CARTESIAN_POINT('Ctrl Pts',(3.277835698996E-16,-1.78437064535841,
-2.27501521570004));
#9897=CARTESIAN_POINT('Ctrl Pts',(-0.772655154323806,-1.33827798401881,
-2.33334854903337));
#9898=CARTESIAN_POINT('Ctrl Pts',(-1.54531030864761,-0.892185322679204,
-2.39168188236671));
#9899=CARTESIAN_POINT('Ctrl Pts',(-1.54531030864761,0.,-2.45001521570004));
#9900=CARTESIAN_POINT('Ctrl Pts',(-1.54531030864761,0.892185322679203,-2.50834854903337));
#9901=CARTESIAN_POINT('Ctrl Pts',(-0.772655154323807,1.3382779840188,-2.56668188236671));
#9902=CARTESIAN_POINT('Ctrl Pts',(-1.09261189966533E-16,1.78437064535841,
-2.62501521570004));
#9903=CARTESIAN_POINT('Ctrl Pts',(0.772655154323806,1.3382779840188,-2.68334854903337));
#9904=CARTESIAN_POINT('Ctrl Pts',(1.54531030864761,0.892185322679204,-2.74168188236671));
#9905=CARTESIAN_POINT('Ctrl Pts',(1.54531030864761,1.89245932317471E-16,
-2.80001521570004));
#9906=CARTESIAN_POINT('Ctrl Pts',(1.54531030864761,-0.892185322679203,-2.85834854903337));
#9907=CARTESIAN_POINT('Ctrl Pts',(0.772655154323807,-1.3382779840188,-2.91668188236671));
#9908=CARTESIAN_POINT('Ctrl Pts',(3.277835698996E-16,-1.78437064535841,
-2.97501521570004));
#9909=CARTESIAN_POINT('Ctrl Pts',(-0.772655154323806,-1.33827798401881,
-3.03334854903337));
#9910=CARTESIAN_POINT('Ctrl Pts',(-1.54531030864761,-0.892185322679204,
-3.09168188236671));
#9911=CARTESIAN_POINT('Ctrl Pts',(-1.54531030864761,0.,-3.15001521570004));
#9912=CARTESIAN_POINT('Ctrl Pts',(-1.54531030864761,0.892185322679203,-3.20834854903337));
#9913=CARTESIAN_POINT('Ctrl Pts',(-0.772655154323807,1.3382779840188,-3.26668188236671));
#9914=CARTESIAN_POINT('Ctrl Pts',(-1.09261189966533E-16,1.78437064535841,
-3.32501521570004));
#9915=CARTESIAN_POINT('Ctrl Pts',(0.772655154323806,1.3382779840188,-3.38334854903337));
#9916=CARTESIAN_POINT('Ctrl Pts',(1.54531030864761,0.892185322679204,-3.44168188236671));
#9917=CARTESIAN_POINT('Ctrl Pts',(1.54531030864761,1.89245932317471E-16,
-3.50001521570004));
#9918=CARTESIAN_POINT('Ctrl Pts',(1.54531030864761,-0.892185322679203,-3.55834854903337));
#9919=CARTESIAN_POINT('Ctrl Pts',(0.772655154323807,-1.3382779840188,-3.61668188236671));
#9920=CARTESIAN_POINT('Ctrl Pts',(3.277835698996E-16,-1.78437064535841,
-3.67501521570004));
#9921=CARTESIAN_POINT('Ctrl Pts',(-0.772655154323806,-1.33827798401881,
-3.73334854903337));
#9922=CARTESIAN_POINT('Ctrl Pts',(-1.54531030864761,-0.892185322679204,
-3.7916818823667));
#9923=CARTESIAN_POINT('Ctrl Pts',(-1.54531030864761,0.,-3.85001521570004));
#9924=CARTESIAN_POINT('Ctrl Pts',(-1.54531030864761,0.892185322679203,-3.90834854903337));
#9925=CARTESIAN_POINT('Ctrl Pts',(-0.772655154323807,1.3382779840188,-3.9666818823667));
#9926=CARTESIAN_POINT('Ctrl Pts',(-1.09261189966533E-16,1.78437064535841,
-4.02501521570004));
#9927=CARTESIAN_POINT('Ctrl Pts',(0.772655154323806,1.3382779840188,-4.08334854903337));
#9928=CARTESIAN_POINT('Ctrl Pts',(1.54531030864761,0.892185322679204,-4.1416818823667));
#9929=CARTESIAN_POINT('Ctrl Pts',(1.54531030864761,1.89245932317471E-16,
-4.20001521570004));
#9930=CARTESIAN_POINT('Ctrl Pts',(1.54531030864761,-0.892185322679203,-4.25834854903337));
#9931=CARTESIAN_POINT('Ctrl Pts',(0.772655154323807,-1.3382779840188,-4.3166818823667));
#9932=CARTESIAN_POINT('Ctrl Pts',(3.277835698996E-16,-1.78437064535841,
-4.37501521570004));
#9933=CARTESIAN_POINT('Ctrl Pts',(-0.772655154323806,-1.33827798401881,
-4.43334854903337));
#9934=CARTESIAN_POINT('Ctrl Pts',(-1.54531030864761,-0.892185322679204,
-4.4916818823667));
#9935=CARTESIAN_POINT('Ctrl Pts',(-1.54531030864761,0.,-4.55001521570004));
#9936=CARTESIAN_POINT('Ctrl Pts',(-1.54531030864761,0.892185322679203,-4.60834854903337));
#9937=CARTESIAN_POINT('Ctrl Pts',(-0.772655154323807,1.3382779840188,-4.6666818823667));
#9938=CARTESIAN_POINT('Ctrl Pts',(-1.09261189966533E-16,1.78437064535841,
-4.72501521570003));
#9939=CARTESIAN_POINT('Ctrl Pts',(0.772655154323806,1.3382779840188,-4.78334854903337));
#9940=CARTESIAN_POINT('Ctrl Pts',(1.54531030864761,0.892185322679204,-4.8416818823667));
#9941=CARTESIAN_POINT('Ctrl Pts',(1.54531030864761,1.89245932317471E-16,
-4.90001521570003));
#9942=CARTESIAN_POINT('Ctrl Pts',(1.54531030864761,-0.892185322679203,-4.95834854903337));
#9943=CARTESIAN_POINT('Ctrl Pts',(0.772655154323807,-1.3382779840188,-5.0166818823667));
#9944=CARTESIAN_POINT('Ctrl Pts',(3.277835698996E-16,-1.78437064535841,
-5.07501521570004));
#9945=CARTESIAN_POINT('Ctrl Pts',(-0.772655154323806,-1.33827798401881,
-5.13334854903337));
#9946=CARTESIAN_POINT('Ctrl Pts',(-1.54531030864761,-0.892185322679204,
-5.1916818823667));
#9947=CARTESIAN_POINT('Ctrl Pts',(-1.54531030864761,0.,-5.25001521570004));
#9948=CARTESIAN_POINT('Ctrl Pts',(-1.54531030864761,0.892185322679203,-5.30834854903337));
#9949=CARTESIAN_POINT('Ctrl Pts',(-0.772655154323807,1.3382779840188,-5.3666818823667));
#9950=CARTESIAN_POINT('Ctrl Pts',(-1.09261189966533E-16,1.78437064535841,
-5.42501521570004));
#9951=CARTESIAN_POINT('Ctrl Pts',(0.772655154323806,1.3382779840188,-5.48334854903337));
#9952=CARTESIAN_POINT('Ctrl Pts',(1.54531030864761,0.892185322679204,-5.5416818823667));
#9953=CARTESIAN_POINT('Ctrl Pts',(1.54531030864761,1.89245932317471E-16,
-5.60001521570003));
#9954=CARTESIAN_POINT('Ctrl Pts',(1.54531030864761,-0.892185322679203,-5.65834854903337));
#9955=CARTESIAN_POINT('Ctrl Pts',(0.772655154323807,-1.3382779840188,-5.7166818823667));
#9956=CARTESIAN_POINT('Ctrl Pts',(3.277835698996E-16,-1.78437064535841,
-5.77501521570003));
#9957=CARTESIAN_POINT('Ctrl Pts',(-0.772655154323806,-1.33827798401881,
-5.83334854903337));
#9958=CARTESIAN_POINT('Ctrl Pts',(-1.54531030864761,-0.892185322679204,
-5.8916818823667));
#9959=CARTESIAN_POINT('Ctrl Pts',(-1.54531030864761,0.,-5.95001521570003));
#9960=CARTESIAN_POINT('Origin',(0.,0.,0.));
#9961=CARTESIAN_POINT('Origin',(0.,0.,-0.5562));
#9962=CARTESIAN_POINT('Origin',(-300.,200.,0.));
#9963=CARTESIAN_POINT('',(-300.,-200.,0.));
#9964=CARTESIAN_POINT('',(-300.,200.,0.));
#9965=CARTESIAN_POINT('',(-300.,200.,0.));
#9966=CARTESIAN_POINT('',(-300.,-200.,-20.));
#9967=CARTESIAN_POINT('',(-300.,-200.,0.));
#9968=CARTESIAN_POINT('',(-300.,200.,-20.));
#9969=CARTESIAN_POINT('',(-300.,200.,-20.));
#9970=CARTESIAN_POINT('',(-300.,200.,0.));
#9971=CARTESIAN_POINT('Origin',(300.,200.,0.));
#9972=CARTESIAN_POINT('',(300.,200.,0.));
#9973=CARTESIAN_POINT('',(300.,200.,0.));
#9974=CARTESIAN_POINT('',(300.,200.,-20.));
#9975=CARTESIAN_POINT('',(300.,200.,-20.));
#9976=CARTESIAN_POINT('',(300.,200.,0.));
#9977=CARTESIAN_POINT('Origin',(300.,-200.,0.));
#9978=CARTESIAN_POINT('',(300.,-200.,0.));
#9979=CARTESIAN_POINT('',(300.,-200.,0.));
#9980=CARTESIAN_POINT('',(300.,-200.,-20.));
#9981=CARTESIAN_POINT('',(300.,-200.,-20.));
#9982=CARTESIAN_POINT('',(300.,-200.,0.));
#9983=CARTESIAN_POINT('Origin',(-300.,-200.,0.));
#9984=CARTESIAN_POINT('',(-300.,-200.,0.));
#9985=CARTESIAN_POINT('',(-300.,-200.,-20.));
#9986=CARTESIAN_POINT('Origin',(320.,-220.,0.));
#9987=CARTESIAN_POINT('',(-320.,-220.,0.));
#9988=CARTESIAN_POINT('',(320.,-220.,0.));
#9989=CARTESIAN_POINT('',(-320.,-220.,0.));
#9990=CARTESIAN_POINT('',(-320.,-220.,-20.));
#9991=CARTESIAN_POINT('',(-320.,-220.,0.));
#9992=CARTESIAN_POINT('',(320.,-220.,-20.));
#9993=CARTESIAN_POINT('',(-320.,-220.,-20.));
#9994=CARTESIAN_POINT('',(320.,-220.,0.));
#9995=CARTESIAN_POINT('Origin',(320.,220.,0.));
#9996=CARTESIAN_POINT('',(320.,220.,0.));
#9997=CARTESIAN_POINT('',(320.,-220.,0.));
#9998=CARTESIAN_POINT('',(320.,220.,-20.));
#9999=CARTESIAN_POINT('',(320.,-220.,-20.));
#10000=CARTESIAN_POINT('',(320.,220.,0.));
#10001=CARTESIAN_POINT('Origin',(-320.,220.,0.));
#10002=CARTESIAN_POINT('',(-320.,220.,0.));
#10003=CARTESIAN_POINT('',(320.,220.,0.));
#10004=CARTESIAN_POINT('',(-320.,220.,-20.));
#10005=CARTESIAN_POINT('',(320.,220.,-20.));
#10006=CARTESIAN_POINT('',(-320.,220.,0.));
#10007=CARTESIAN_POINT('Origin',(-320.,-220.,0.));
#10008=CARTESIAN_POINT('',(-320.,220.,0.));
#10009=CARTESIAN_POINT('',(-320.,220.,-20.));
#10010=CARTESIAN_POINT('Origin',(0.,0.,0.));
#10011=CARTESIAN_POINT('Origin',(0.,0.,-20.));
#10012=CARTESIAN_POINT('Origin',(-210.,200.,0.));
#10013=CARTESIAN_POINT('',(-190.,200.,0.));
#10014=CARTESIAN_POINT('',(-210.,200.,0.));
#10015=CARTESIAN_POINT('',(-190.,200.,0.));
#10016=CARTESIAN_POINT('',(-190.,200.,-20.));
#10017=CARTESIAN_POINT('',(-190.,200.,0.));
#10018=CARTESIAN_POINT('',(-210.,200.,-20.));
#10019=CARTESIAN_POINT('',(-190.,200.,-20.));
#10020=CARTESIAN_POINT('',(-210.,200.,0.));
#10021=CARTESIAN_POINT('Origin',(-210.,-200.000000000001,0.));
#10022=CARTESIAN_POINT('',(-210.,-200.000000000001,0.));
#10023=CARTESIAN_POINT('',(-210.,200.,0.));
#10024=CARTESIAN_POINT('',(-210.,-200.000000000001,-20.));
#10025=CARTESIAN_POINT('',(-210.,200.,-20.));
#10026=CARTESIAN_POINT('',(-210.,-200.000000000001,0.));
#10027=CARTESIAN_POINT('Origin',(-190.,-200.000000000001,0.));
#10028=CARTESIAN_POINT('',(-190.,-200.000000000001,0.));
#10029=CARTESIAN_POINT('',(-210.,-200.000000000001,0.));
#10030=CARTESIAN_POINT('',(-190.,-200.000000000001,-20.));
#10031=CARTESIAN_POINT('',(-210.,-200.000000000001,-20.));
#10032=CARTESIAN_POINT('',(-190.,-200.000000000001,0.));
#10033=CARTESIAN_POINT('Origin',(-190.,200.,0.));
#10034=CARTESIAN_POINT('',(-190.,-200.000000000001,0.));
#10035=CARTESIAN_POINT('',(-190.,-200.000000000001,-20.));
#10036=CARTESIAN_POINT('Origin',(-200.,-6.75015598972095E-13,0.));
#10037=CARTESIAN_POINT('Origin',(-200.,-6.75015598972095E-13,-20.));
#10038=CARTESIAN_POINT('Origin',(190.,200.,0.));
#10039=CARTESIAN_POINT('',(210.,200.,0.));
#10040=CARTESIAN_POINT('',(190.,200.,0.));
#10041=CARTESIAN_POINT('',(210.,200.,0.));
#10042=CARTESIAN_POINT('',(210.,200.,-20.));
#10043=CARTESIAN_POINT('',(210.,200.,0.));
#10044=CARTESIAN_POINT('',(190.,200.,-20.));
#10045=CARTESIAN_POINT('',(210.,200.,-20.));
#10046=CARTESIAN_POINT('',(190.,200.,0.));
#10047=CARTESIAN_POINT('Origin',(190.,-200.,0.));
#10048=CARTESIAN_POINT('',(190.,-200.,0.));
#10049=CARTESIAN_POINT('',(190.,200.,0.));
#10050=CARTESIAN_POINT('',(190.,-200.,-20.));
#10051=CARTESIAN_POINT('',(190.,200.,-20.));
#10052=CARTESIAN_POINT('',(190.,-200.,0.));
#10053=CARTESIAN_POINT('Origin',(210.,-200.,0.));
#10054=CARTESIAN_POINT('',(210.,-200.,0.));
#10055=CARTESIAN_POINT('',(190.,-200.,0.));
#10056=CARTESIAN_POINT('',(210.,-200.,-20.));
#10057=CARTESIAN_POINT('',(190.,-200.,-20.));
#10058=CARTESIAN_POINT('',(210.,-200.,0.));
#10059=CARTESIAN_POINT('Origin',(210.,200.,0.));
#10060=CARTESIAN_POINT('',(210.,-200.,0.));
#10061=CARTESIAN_POINT('',(210.,-200.,-20.));
#10062=CARTESIAN_POINT('Origin',(200.,-1.77635683940025E-13,0.));
#10063=CARTESIAN_POINT('Origin',(200.,-1.77635683940025E-13,-20.));
#10064=CARTESIAN_POINT('Origin',(287.,187.,35.));
#10065=CARTESIAN_POINT('',(287.,195.,51.5));
#10066=CARTESIAN_POINT('',(295.,187.,51.5));
#10067=CARTESIAN_POINT('Origin',(287.,187.,51.5));
#10068=CARTESIAN_POINT('',(295.,187.,35.));
#10069=CARTESIAN_POINT('',(295.,187.,35.));
#10070=CARTESIAN_POINT('',(287.,195.,35.));
#10071=CARTESIAN_POINT('Origin',(287.,187.,35.));
#10072=CARTESIAN_POINT('',(287.,195.,35.));
#10073=CARTESIAN_POINT('Origin',(295.,-195.,35.));
#10074=CARTESIAN_POINT('',(295.,-187.,51.5));
#10075=CARTESIAN_POINT('',(295.,-195.,51.5));
#10076=CARTESIAN_POINT('',(295.,-187.,35.));
#10077=CARTESIAN_POINT('',(295.,-187.,35.));
#10078=CARTESIAN_POINT('',(295.,-195.,35.));
#10079=CARTESIAN_POINT('Origin',(0.,0.,51.5));
#10080=CARTESIAN_POINT('',(-287.,195.,51.5));
#10081=CARTESIAN_POINT('',(295.,195.,51.5));
#10082=CARTESIAN_POINT('',(-295.,187.,51.5));
#10083=CARTESIAN_POINT('Origin',(-287.,187.,51.5));
#10084=CARTESIAN_POINT('',(-295.,-187.,51.5));
#10085=CARTESIAN_POINT('',(-295.,195.,51.5));
#10086=CARTESIAN_POINT('',(-287.,-195.,51.5));
#10087=CARTESIAN_POINT('Origin',(-287.,-187.,51.5));
#10088=CARTESIAN_POINT('',(287.,-195.,51.5));
#10089=CARTESIAN_POINT('',(-295.,-195.,51.5));
#10090=CARTESIAN_POINT('Origin',(287.,-187.,51.5));
#10091=CARTESIAN_POINT('',(-5.,-6.12323399573677E-16,51.5));
#10092=CARTESIAN_POINT('Origin',(0.,0.,51.5));
#10093=CARTESIAN_POINT('Origin',(287.,-187.,35.));
#10094=CARTESIAN_POINT('',(287.,-195.,35.));
#10095=CARTESIAN_POINT('',(287.,-195.,35.));
#10096=CARTESIAN_POINT('Origin',(287.,-187.,35.));
#10097=CARTESIAN_POINT('Origin',(-295.,-195.,35.));
#10098=CARTESIAN_POINT('',(-287.,-195.,35.));
#10099=CARTESIAN_POINT('',(-287.,-195.,35.));
#10100=CARTESIAN_POINT('',(-295.,-195.,35.));
#10101=CARTESIAN_POINT('Origin',(-287.,-187.,35.));
#10102=CARTESIAN_POINT('',(-295.,-187.,35.));
#10103=CARTESIAN_POINT('',(-295.,-187.,35.));
#10104=CARTESIAN_POINT('Origin',(-287.,-187.,35.));
#10105=CARTESIAN_POINT('Origin',(-295.,195.,35.));
#10106=CARTESIAN_POINT('',(-295.,187.,35.));
#10107=CARTESIAN_POINT('',(-295.,187.,35.));
#10108=CARTESIAN_POINT('',(-295.,195.,35.));
#10109=CARTESIAN_POINT('Origin',(-287.,187.,35.));
#10110=CARTESIAN_POINT('',(-287.,195.,35.));
#10111=CARTESIAN_POINT('',(-287.,195.,35.));
#10112=CARTESIAN_POINT('Origin',(-287.,187.,35.));
#10113=CARTESIAN_POINT('Origin',(0.,0.,35.));
#10114=CARTESIAN_POINT('',(-5.,-6.12323399573677E-16,35.));
#10115=CARTESIAN_POINT('',(-5.,-6.12323399573677E-16,35.));
#10116=CARTESIAN_POINT('Origin',(0.,0.,35.));
#10117=CARTESIAN_POINT('Origin',(295.,195.,35.));
#10118=CARTESIAN_POINT('',(295.,195.,35.));
#10119=CARTESIAN_POINT('Origin',(0.,0.,35.));
#10120=CARTESIAN_POINT('Origin',(287.,187.,51.5));
#10121=CARTESIAN_POINT('',(287.,195.,54.5));
#10122=CARTESIAN_POINT('',(295.,187.,54.5));
#10123=CARTESIAN_POINT('Origin',(287.,187.,54.5));
#10124=CARTESIAN_POINT('',(295.,187.,51.5));
#10125=CARTESIAN_POINT('',(295.,187.,51.5));
#10126=CARTESIAN_POINT('',(287.,195.,51.5));
#10127=CARTESIAN_POINT('Origin',(287.,187.,51.5));
#10128=CARTESIAN_POINT('',(287.,195.,51.5));
#10129=CARTESIAN_POINT('Origin',(295.,195.,51.5));
#10130=CARTESIAN_POINT('',(-287.,195.,51.5));
#10131=CARTESIAN_POINT('',(147.5,195.,51.5));
#10132=CARTESIAN_POINT('',(-287.,195.,54.5));
#10133=CARTESIAN_POINT('',(-287.,195.,51.5));
#10134=CARTESIAN_POINT('',(147.5,195.,54.5));
#10135=CARTESIAN_POINT('Origin',(0.,0.,51.5));
#10136=CARTESIAN_POINT('',(295.,-187.,51.5));
#10137=CARTESIAN_POINT('',(295.,-97.5,51.5));
#10138=CARTESIAN_POINT('',(287.,-195.,51.5));
#10139=CARTESIAN_POINT('Origin',(287.,-187.,51.5));
#10140=CARTESIAN_POINT('',(-287.,-195.,51.5));
#10141=CARTESIAN_POINT('',(-147.5,-195.,51.5));
#10142=CARTESIAN_POINT('',(-295.,-187.,51.5));
#10143=CARTESIAN_POINT('Origin',(-287.,-187.,51.5));
#10144=CARTESIAN_POINT('',(-295.,187.,51.5));
#10145=CARTESIAN_POINT('',(-295.,97.5,51.5));
#10146=CARTESIAN_POINT('Origin',(-287.,187.,51.5));
#10147=CARTESIAN_POINT('',(-285.,-185.,51.5));
#10148=CARTESIAN_POINT('',(285.,-185.,51.5));
#10149=CARTESIAN_POINT('',(142.5,-185.,51.5));
#10150=CARTESIAN_POINT('',(285.,185.,51.5));
#10151=CARTESIAN_POINT('',(285.,92.5,51.5));
#10152=CARTESIAN_POINT('',(-285.,185.,51.5));
#10153=CARTESIAN_POINT('',(-142.5,185.,51.5));
#10154=CARTESIAN_POINT('',(-285.,-92.5,51.5));
#10155=CARTESIAN_POINT('Origin',(287.,-187.,51.5));
#10156=CARTESIAN_POINT('',(295.,-187.,54.5));
#10157=CARTESIAN_POINT('',(287.,-195.,54.5));
#10158=CARTESIAN_POINT('Origin',(287.,-187.,54.5));
#10159=CARTESIAN_POINT('',(287.,-195.,51.5));
#10160=CARTESIAN_POINT('',(295.,-187.,51.5));
#10161=CARTESIAN_POINT('Origin',(-295.,-195.,51.5));
#10162=CARTESIAN_POINT('',(-287.,-195.,54.5));
#10163=CARTESIAN_POINT('',(-147.5,-195.,54.5));
#10164=CARTESIAN_POINT('',(-287.,-195.,51.5));
#10165=CARTESIAN_POINT('Origin',(-287.,-187.,51.5));
#10166=CARTESIAN_POINT('',(-295.,-187.,54.5));
#10167=CARTESIAN_POINT('Origin',(-287.,-187.,54.5));
#10168=CARTESIAN_POINT('',(-295.,-187.,51.5));
#10169=CARTESIAN_POINT('Origin',(-287.,187.,51.5));
#10170=CARTESIAN_POINT('',(-295.,187.,54.5));
#10171=CARTESIAN_POINT('Origin',(-287.,187.,54.5));
#10172=CARTESIAN_POINT('',(-295.,187.,51.5));
#10173=CARTESIAN_POINT('Origin',(285.,185.,51.5));
#10174=CARTESIAN_POINT('',(285.,-185.,54.5));
#10175=CARTESIAN_POINT('',(285.,-185.,51.5));
#10176=CARTESIAN_POINT('',(285.,185.,54.5));
#10177=CARTESIAN_POINT('',(285.,92.5,54.5));
#10178=CARTESIAN_POINT('',(285.,185.,51.5));
#10179=CARTESIAN_POINT('Origin',(-285.,185.,51.5));
#10180=CARTESIAN_POINT('',(-285.,185.,54.5));
#10181=CARTESIAN_POINT('',(-142.5,185.,54.5));
#10182=CARTESIAN_POINT('',(-285.,185.,51.5));
#10183=CARTESIAN_POINT('Origin',(-285.,-185.,51.5));
#10184=CARTESIAN_POINT('',(-285.,-185.,54.5));
#10185=CARTESIAN_POINT('',(-285.,-92.5,54.5));
#10186=CARTESIAN_POINT('',(-285.,-185.,51.5));
#10187=CARTESIAN_POINT('Origin',(285.,-185.,51.5));
#10188=CARTESIAN_POINT('',(142.5,-185.,54.5));
#10189=CARTESIAN_POINT('Origin',(295.,-195.,51.5));
#10190=CARTESIAN_POINT('',(295.,-97.5,54.5));
#10191=CARTESIAN_POINT('Origin',(-295.,195.,51.5));
#10192=CARTESIAN_POINT('',(-295.,97.5,54.5));
#10193=CARTESIAN_POINT('Origin',(0.,0.,54.5));
#10194=CARTESIAN_POINT('Origin',(-192.5,82.,1.0094960724271));
#10195=CARTESIAN_POINT('',(-215.,100.,1.0094960724271));
#10196=CARTESIAN_POINT('',(-185.,100.,1.00949607242707));
#10197=CARTESIAN_POINT('',(-192.5,100.,1.0094960724271));
#10198=CARTESIAN_POINT('',(-183.31354016666,98.3135401666597,8.61662478375969));
#10199=CARTESIAN_POINT('Origin',(-167.,82.,1.0094960724271));
#10200=CARTESIAN_POINT('',(-216.68645983334,98.3135401666597,8.61662478375968));
#10201=CARTESIAN_POINT('',(-192.5,98.3135401666597,8.61662478375969));
#10202=CARTESIAN_POINT('Origin',(-233.,82.,1.0094960724271));
#10203=CARTESIAN_POINT('Origin',(-233.,100.,1.00949607242709));
#10204=CARTESIAN_POINT('',(-216.68645983334,121.68645983334,8.61662478375968));
#10205=CARTESIAN_POINT('',(-216.68645983334,100.,8.61662478375969));
#10206=CARTESIAN_POINT('',(-215.,120.,1.00949607242709));
#10207=CARTESIAN_POINT('Origin',(-233.,138.,1.00949607242709));
#10208=CARTESIAN_POINT('',(-215.,100.,1.00949607242709));
#10209=CARTESIAN_POINT('Origin',(-207.5,138.,1.00949607242709));
#10210=CARTESIAN_POINT('',(-183.31354016666,121.68645983334,8.61662478375966));
#10211=CARTESIAN_POINT('',(-207.5,121.68645983334,8.61662478375969));
#10212=CARTESIAN_POINT('',(-185.,120.,1.00949607242709));
#10213=CARTESIAN_POINT('Origin',(-167.,138.,1.00949607242707));
#10214=CARTESIAN_POINT('',(-207.5,120.,1.00949607242709));
#10215=CARTESIAN_POINT('Origin',(-167.,110.,1.00949607242707));
#10216=CARTESIAN_POINT('',(-185.,110.,1.00949607242707));
#10217=CARTESIAN_POINT('',(-183.31354016666,110.,8.61662478375967));
#10218=CARTESIAN_POINT('Origin',(-215.,100.,5.));
#10219=CARTESIAN_POINT('',(-226.657691453875,88.342308546125,30.));
#10220=CARTESIAN_POINT('',(-212.726897297537,102.273102702463,0.125315523538101));
#10221=CARTESIAN_POINT('',(-226.657691453875,131.657691453875,30.));
#10222=CARTESIAN_POINT('',(-226.657691453875,100.,30.));
#10223=CARTESIAN_POINT('',(-213.484598198358,118.484598198358,1.7502103490254));
#10224=CARTESIAN_POINT('Origin',(-185.,100.,5.));
#10225=CARTESIAN_POINT('',(-173.342308546125,88.342308546125,30.));
#10226=CARTESIAN_POINT('',(-186.515401801642,101.515401801642,1.7502103490254));
#10227=CARTESIAN_POINT('',(-215.,88.342308546125,30.));
#10228=CARTESIAN_POINT('Origin',(-185.,100.,5.));
#10229=CARTESIAN_POINT('',(-185.,100.,-15.));
#10230=CARTESIAN_POINT('',(-185.,100.,5.));
#10231=CARTESIAN_POINT('',(-185.,105.,-20.));
#10232=CARTESIAN_POINT('Origin',(-185.,105.,-15.));
#10233=CARTESIAN_POINT('',(-185.,115.,-20.));
#10234=CARTESIAN_POINT('',(-185.,100.,-20.));
#10235=CARTESIAN_POINT('',(-185.,120.,-15.));
#10236=CARTESIAN_POINT('Origin',(-185.,115.,-15.));
#10237=CARTESIAN_POINT('',(-185.,120.,5.));
#10238=CARTESIAN_POINT('Origin',(-200.,100.,-7.5));
#10239=CARTESIAN_POINT('',(-215.,100.,-15.));
#10240=CARTESIAN_POINT('',(-215.,100.,-25.));
#10241=CARTESIAN_POINT('',(-210.4,100.,-15.));
#10242=CARTESIAN_POINT('',(-205.,100.,-15.));
#10243=CARTESIAN_POINT('',(-210.4,100.,0.4));
#10244=CARTESIAN_POINT('',(-210.4,100.,-3.75));
#10245=CARTESIAN_POINT('',(-189.6,100.,0.4));
#10246=CARTESIAN_POINT('',(-195.,100.,0.4));
#10247=CARTESIAN_POINT('',(-189.6,100.,-15.));
#10248=CARTESIAN_POINT('',(-189.6,100.,-13.75));
#10249=CARTESIAN_POINT('',(-192.5,100.,-15.));
#10250=CARTESIAN_POINT('Origin',(-192.5,105.,-15.));
#10251=CARTESIAN_POINT('',(-189.6,105.,-20.));
#10252=CARTESIAN_POINT('Origin',(-189.6,105.,-15.));
#10253=CARTESIAN_POINT('',(-192.5,105.,-20.));
#10254=CARTESIAN_POINT('Origin',(-185.,100.,-20.));
#10255=CARTESIAN_POINT('',(-189.6,115.,-20.));
#10256=CARTESIAN_POINT('',(-189.6,100.,-20.));
#10257=CARTESIAN_POINT('',(-192.5,115.,-20.));
#10258=CARTESIAN_POINT('Origin',(-189.6,100.,-20.));
#10259=CARTESIAN_POINT('',(-189.6,120.,0.4));
#10260=CARTESIAN_POINT('',(-189.6,100.,0.4));
#10261=CARTESIAN_POINT('',(-189.6,120.,-15.));
#10262=CARTESIAN_POINT('',(-189.6,120.,-13.75));
#10263=CARTESIAN_POINT('Origin',(-189.6,115.,-15.));
#10264=CARTESIAN_POINT('Origin',(-205.,105.,-15.));
#10265=CARTESIAN_POINT('',(-215.,105.,-20.));
#10266=CARTESIAN_POINT('Origin',(-215.,105.,-15.));
#10267=CARTESIAN_POINT('',(-210.4,105.,-20.));
#10268=CARTESIAN_POINT('',(-205.,105.,-20.));
#10269=CARTESIAN_POINT('Origin',(-210.4,105.,-15.));
#10270=CARTESIAN_POINT('Origin',(-210.,100.,-20.));
#10271=CARTESIAN_POINT('',(-215.,107.4,-20.));
#10272=CARTESIAN_POINT('',(-215.,100.,-20.));
#10273=CARTESIAN_POINT('',(-210.4,107.4,-20.));
#10274=CARTESIAN_POINT('',(-212.5,107.4,-20.));
#10275=CARTESIAN_POINT('',(-210.4,100.,-20.));
#10276=CARTESIAN_POINT('Origin',(-215.,100.,-20.));
#10277=CARTESIAN_POINT('',(-215.,120.,-15.));
#10278=CARTESIAN_POINT('',(-215.,120.,-25.));
#10279=CARTESIAN_POINT('',(-215.,115.,-20.));
#10280=CARTESIAN_POINT('Origin',(-215.,115.,-15.));
#10281=CARTESIAN_POINT('',(-215.,112.6,-20.));
#10282=CARTESIAN_POINT('',(-215.,100.,-20.));
#10283=CARTESIAN_POINT('',(-215.,112.6,-10.));
#10284=CARTESIAN_POINT('',(-215.,112.6,-20.));
#10285=CARTESIAN_POINT('',(-215.,107.4,-10.));
#10286=CARTESIAN_POINT('Origin',(-215.,110.,-10.));
#10287=CARTESIAN_POINT('',(-215.,107.4,-15.));
#10288=CARTESIAN_POINT('Origin',(-205.,115.,-15.));
#10289=CARTESIAN_POINT('',(-210.4,120.,-15.));
#10290=CARTESIAN_POINT('',(-205.,120.,-15.));
#10291=CARTESIAN_POINT('',(-210.4,115.,-20.));
#10292=CARTESIAN_POINT('Origin',(-210.4,115.,-15.));
#10293=CARTESIAN_POINT('',(-205.,115.,-20.));
#10294=CARTESIAN_POINT('Origin',(-210.4,100.,0.));
#10295=CARTESIAN_POINT('',(-210.4,107.4,-10.));
#10296=CARTESIAN_POINT('',(-210.4,107.4,-5.));
#10297=CARTESIAN_POINT('',(-210.4,112.6,-10.));
#10298=CARTESIAN_POINT('Origin',(-210.4,110.,-10.));
#10299=CARTESIAN_POINT('',(-210.4,112.6,-20.));
#10300=CARTESIAN_POINT('',(-210.4,112.6,-10.));
#10301=CARTESIAN_POINT('',(-210.4,100.,-20.));
#10302=CARTESIAN_POINT('',(-210.4,120.,0.4));
#10303=CARTESIAN_POINT('',(-210.4,120.,-3.75));
#10304=CARTESIAN_POINT('',(-210.4,100.,0.4));
#10305=CARTESIAN_POINT('Origin',(-200.,120.,-7.5));
#10306=CARTESIAN_POINT('',(-192.5,120.,-15.));
#10307=CARTESIAN_POINT('',(-195.,120.,0.4));
#10308=CARTESIAN_POINT('Origin',(-192.5,115.,-15.));
#10309=CARTESIAN_POINT('Origin',(-215.,110.,-10.));
#10310=CARTESIAN_POINT('',(-215.,112.6,-10.));
#10311=CARTESIAN_POINT('',(-215.,107.4,-10.));
#10312=CARTESIAN_POINT('Origin',(-215.,112.6,-20.));
#10313=CARTESIAN_POINT('',(-212.5,112.6,-20.));
#10314=CARTESIAN_POINT('Origin',(-215.,107.4,-10.));
#10315=CARTESIAN_POINT('Origin',(-210.,100.,-20.));
#10316=CARTESIAN_POINT('Origin',(-215.,120.,5.));
#10317=CARTESIAN_POINT('',(-173.342308546125,131.657691453875,30.));
#10318=CARTESIAN_POINT('',(-215.,131.657691453875,30.));
#10319=CARTESIAN_POINT('',(-187.273102702463,117.726897297537,0.125315523538101));
#10320=CARTESIAN_POINT('Origin',(-185.,120.,5.));
#10321=CARTESIAN_POINT('',(-173.342308546125,100.,30.));
#10322=CARTESIAN_POINT('Origin',(-215.,100.,30.));
#10323=CARTESIAN_POINT('Origin',(-190.,100.,0.4));
#10324=CARTESIAN_POINT('Origin',(-173.342308546125,131.657691453875,30.));
#10325=CARTESIAN_POINT('',(-226.657691453875,131.657691453875,30.));
#10326=CARTESIAN_POINT('',(-173.342308546125,131.657691453875,30.));
#10327=CARTESIAN_POINT('',(-215.,131.657691453875,30.));
#10328=CARTESIAN_POINT('',(-226.657691453875,131.657691453875,35.));
#10329=CARTESIAN_POINT('',(-226.657691453875,131.657691453875,30.));
#10330=CARTESIAN_POINT('',(-173.342308546125,131.657691453875,35.));
#10331=CARTESIAN_POINT('',(-215.,131.657691453875,35.));
#10332=CARTESIAN_POINT('',(-173.342308546125,131.657691453875,30.));
#10333=CARTESIAN_POINT('Origin',(-173.342308546125,88.342308546125,30.));
#10334=CARTESIAN_POINT('',(-173.342308546125,88.342308546125,30.));
#10335=CARTESIAN_POINT('',(-173.342308546125,100.,30.));
#10336=CARTESIAN_POINT('',(-173.342308546125,88.342308546125,35.));
#10337=CARTESIAN_POINT('',(-173.342308546125,100.,35.));
#10338=CARTESIAN_POINT('',(-173.342308546125,88.342308546125,30.));
#10339=CARTESIAN_POINT('Origin',(-226.657691453875,88.342308546125,30.));
#10340=CARTESIAN_POINT('',(-226.657691453875,88.342308546125,30.));
#10341=CARTESIAN_POINT('',(-215.,88.342308546125,30.));
#10342=CARTESIAN_POINT('',(-226.657691453875,88.342308546125,35.));
#10343=CARTESIAN_POINT('',(-215.,88.342308546125,35.));
#10344=CARTESIAN_POINT('',(-226.657691453875,88.342308546125,30.));
#10345=CARTESIAN_POINT('Origin',(-226.657691453875,131.657691453875,30.));
#10346=CARTESIAN_POINT('',(-226.657691453875,100.,30.));
#10347=CARTESIAN_POINT('',(-226.657691453875,100.,35.));
#10348=CARTESIAN_POINT('Origin',(-215.,100.,35.));
#10349=CARTESIAN_POINT('Origin',(-215.,100.,30.));
#10350=CARTESIAN_POINT('Origin',(-192.5,-82.,1.0094960724271));
#10351=CARTESIAN_POINT('',(-215.,-100.,1.0094960724271));
#10352=CARTESIAN_POINT('',(-185.,-100.,1.00949607242707));
#10353=CARTESIAN_POINT('',(-192.5,-100.,1.0094960724271));
#10354=CARTESIAN_POINT('',(-216.68645983334,-98.3135401666597,8.61662478375968));
#10355=CARTESIAN_POINT('Origin',(-233.,-82.,1.0094960724271));
#10356=CARTESIAN_POINT('',(-183.31354016666,-98.3135401666597,8.61662478375969));
#10357=CARTESIAN_POINT('',(-192.5,-98.3135401666597,8.61662478375969));
#10358=CARTESIAN_POINT('Origin',(-167.,-82.,1.0094960724271));
#10359=CARTESIAN_POINT('Origin',(-233.,-100.,1.00949607242709));
#10360=CARTESIAN_POINT('',(-216.68645983334,-121.68645983334,8.61662478375968));
#10361=CARTESIAN_POINT('',(-216.68645983334,-100.,8.61662478375969));
#10362=CARTESIAN_POINT('',(-215.,-120.,1.00949607242709));
#10363=CARTESIAN_POINT('',(-215.,-100.,1.00949607242709));
#10364=CARTESIAN_POINT('Origin',(-233.,-138.,1.00949607242709));
#10365=CARTESIAN_POINT('Origin',(-207.5,-138.,1.00949607242709));
#10366=CARTESIAN_POINT('',(-183.31354016666,-121.68645983334,8.61662478375966));
#10367=CARTESIAN_POINT('',(-207.5,-121.68645983334,8.61662478375969));
#10368=CARTESIAN_POINT('',(-185.,-120.,1.00949607242709));
#10369=CARTESIAN_POINT('',(-207.5,-120.,1.00949607242709));
#10370=CARTESIAN_POINT('Origin',(-167.,-138.,1.00949607242707));
#10371=CARTESIAN_POINT('Origin',(-167.,-110.,1.00949607242707));
#10372=CARTESIAN_POINT('',(-185.,-110.,1.00949607242707));
#10373=CARTESIAN_POINT('',(-183.31354016666,-110.,8.61662478375967));
#10374=CARTESIAN_POINT('Origin',(-215.,-100.,5.));
#10375=CARTESIAN_POINT('',(-226.657691453875,-131.657691453875,30.));
#10376=CARTESIAN_POINT('',(-213.484598198358,-118.484598198358,1.7502103490254));
#10377=CARTESIAN_POINT('',(-226.657691453875,-88.342308546125,30.));
#10378=CARTESIAN_POINT('',(-226.657691453875,-100.,30.));
#10379=CARTESIAN_POINT('',(-212.726897297537,-102.273102702463,0.125315523538101));
#10380=CARTESIAN_POINT('Origin',(-185.,-100.,5.));
#10381=CARTESIAN_POINT('',(-173.342308546125,-88.342308546125,30.));
#10382=CARTESIAN_POINT('',(-215.,-88.342308546125,30.));
#10383=CARTESIAN_POINT('',(-186.515401801642,-101.515401801642,1.7502103490254));
#10384=CARTESIAN_POINT('Origin',(-185.,-100.,5.));
#10385=CARTESIAN_POINT('',(-185.,-120.,-15.));
#10386=CARTESIAN_POINT('',(-185.,-120.,5.));
#10387=CARTESIAN_POINT('',(-185.,-115.,-20.));
#10388=CARTESIAN_POINT('Origin',(-185.,-115.,-15.));
#10389=CARTESIAN_POINT('',(-185.,-105.,-20.));
#10390=CARTESIAN_POINT('',(-185.,-100.,-20.));
#10391=CARTESIAN_POINT('',(-185.,-100.,-15.));
#10392=CARTESIAN_POINT('Origin',(-185.,-105.,-15.));
#10393=CARTESIAN_POINT('',(-185.,-100.,5.));
#10394=CARTESIAN_POINT('Origin',(-200.,-100.,-7.5));
#10395=CARTESIAN_POINT('',(-189.6,-100.,-15.));
#10396=CARTESIAN_POINT('',(-192.5,-100.,-15.));
#10397=CARTESIAN_POINT('',(-189.6,-100.,0.4));
#10398=CARTESIAN_POINT('',(-189.6,-100.,-13.75));
#10399=CARTESIAN_POINT('',(-210.4,-100.,0.4));
#10400=CARTESIAN_POINT('',(-195.,-100.,0.4));
#10401=CARTESIAN_POINT('',(-210.4,-100.,-15.));
#10402=CARTESIAN_POINT('',(-210.4,-100.,-3.75));
#10403=CARTESIAN_POINT('',(-215.,-100.,-15.));
#10404=CARTESIAN_POINT('',(-205.,-100.,-15.));
#10405=CARTESIAN_POINT('',(-215.,-100.,-25.));
#10406=CARTESIAN_POINT('Origin',(-192.5,-105.,-15.));
#10407=CARTESIAN_POINT('',(-189.6,-105.,-20.));
#10408=CARTESIAN_POINT('',(-192.5,-105.,-20.));
#10409=CARTESIAN_POINT('Origin',(-189.6,-105.,-15.));
#10410=CARTESIAN_POINT('Origin',(-185.,-100.,-20.));
#10411=CARTESIAN_POINT('',(-189.6,-115.,-20.));
#10412=CARTESIAN_POINT('',(-192.5,-115.,-20.));
#10413=CARTESIAN_POINT('',(-189.6,-100.,-20.));
#10414=CARTESIAN_POINT('Origin',(-189.6,-100.,-20.));
#10415=CARTESIAN_POINT('',(-189.6,-120.,-15.));
#10416=CARTESIAN_POINT('Origin',(-189.6,-115.,-15.));
#10417=CARTESIAN_POINT('',(-189.6,-120.,0.4));
#10418=CARTESIAN_POINT('',(-189.6,-120.,-13.75));
#10419=CARTESIAN_POINT('',(-189.6,-100.,0.4));
#10420=CARTESIAN_POINT('Origin',(-205.,-105.,-15.));
#10421=CARTESIAN_POINT('',(-215.,-105.,-20.));
#10422=CARTESIAN_POINT('Origin',(-215.,-105.,-15.));
#10423=CARTESIAN_POINT('',(-210.4,-105.,-20.));
#10424=CARTESIAN_POINT('Origin',(-210.4,-105.,-15.));
#10425=CARTESIAN_POINT('',(-205.,-105.,-20.));
#10426=CARTESIAN_POINT('Origin',(-210.,-100.,-20.));
#10427=CARTESIAN_POINT('',(-210.4,-107.4,-20.));
#10428=CARTESIAN_POINT('',(-210.4,-100.,-20.));
#10429=CARTESIAN_POINT('',(-215.,-107.4,-20.));
#10430=CARTESIAN_POINT('',(-212.5,-107.4,-20.));
#10431=CARTESIAN_POINT('',(-215.,-100.,-20.));
#10432=CARTESIAN_POINT('Origin',(-215.,-100.,-20.));
#10433=CARTESIAN_POINT('',(-215.,-107.4,-10.));
#10434=CARTESIAN_POINT('',(-215.,-107.4,-15.));
#10435=CARTESIAN_POINT('',(-215.,-112.6,-10.));
#10436=CARTESIAN_POINT('Origin',(-215.,-110.,-10.));
#10437=CARTESIAN_POINT('',(-215.,-112.6,-20.));
#10438=CARTESIAN_POINT('',(-215.,-112.6,-20.));
#10439=CARTESIAN_POINT('',(-215.,-115.,-20.));
#10440=CARTESIAN_POINT('',(-215.,-100.,-20.));
#10441=CARTESIAN_POINT('',(-215.,-120.,-15.));
#10442=CARTESIAN_POINT('Origin',(-215.,-115.,-15.));
#10443=CARTESIAN_POINT('',(-215.,-120.,-25.));
#10444=CARTESIAN_POINT('Origin',(-205.,-115.,-15.));
#10445=CARTESIAN_POINT('',(-210.4,-115.,-20.));
#10446=CARTESIAN_POINT('',(-205.,-115.,-20.));
#10447=CARTESIAN_POINT('',(-210.4,-120.,-15.));
#10448=CARTESIAN_POINT('Origin',(-210.4,-115.,-15.));
#10449=CARTESIAN_POINT('',(-205.,-120.,-15.));
#10450=CARTESIAN_POINT('Origin',(-210.4,-100.,0.));
#10451=CARTESIAN_POINT('',(-210.4,-120.,0.4));
#10452=CARTESIAN_POINT('',(-210.4,-100.,0.4));
#10453=CARTESIAN_POINT('',(-210.4,-120.,-3.75));
#10454=CARTESIAN_POINT('',(-210.4,-112.6,-20.));
#10455=CARTESIAN_POINT('',(-210.4,-100.,-20.));
#10456=CARTESIAN_POINT('',(-210.4,-112.6,-10.));
#10457=CARTESIAN_POINT('',(-210.4,-112.6,-10.));
#10458=CARTESIAN_POINT('',(-210.4,-107.4,-10.));
#10459=CARTESIAN_POINT('Origin',(-210.4,-110.,-10.));
#10460=CARTESIAN_POINT('',(-210.4,-107.4,-5.));
#10461=CARTESIAN_POINT('Origin',(-200.,-120.,-7.5));
#10462=CARTESIAN_POINT('',(-195.,-120.,0.4));
#10463=CARTESIAN_POINT('',(-192.5,-120.,-15.));
#10464=CARTESIAN_POINT('Origin',(-192.5,-115.,-15.));
#10465=CARTESIAN_POINT('Origin',(-215.,-110.,-10.));
#10466=CARTESIAN_POINT('',(-215.,-107.4,-10.));
#10467=CARTESIAN_POINT('',(-215.,-112.6,-10.));
#10468=CARTESIAN_POINT('Origin',(-215.,-112.6,-20.));
#10469=CARTESIAN_POINT('',(-212.5,-112.6,-20.));
#10470=CARTESIAN_POINT('Origin',(-215.,-107.4,-10.));
#10471=CARTESIAN_POINT('Origin',(-210.,-100.,-20.));
#10472=CARTESIAN_POINT('Origin',(-215.,-120.,5.));
#10473=CARTESIAN_POINT('',(-173.342308546125,-131.657691453875,30.));
#10474=CARTESIAN_POINT('',(-187.273102702463,-117.726897297537,0.125315523538101));
#10475=CARTESIAN_POINT('',(-215.,-131.657691453875,30.));
#10476=CARTESIAN_POINT('Origin',(-185.,-120.,5.));
#10477=CARTESIAN_POINT('',(-173.342308546125,-100.,30.));
#10478=CARTESIAN_POINT('Origin',(-215.,-100.,30.));
#10479=CARTESIAN_POINT('Origin',(-190.,-100.,0.4));
#10480=CARTESIAN_POINT('Origin',(-173.342308546125,-131.657691453875,30.));
#10481=CARTESIAN_POINT('',(-226.657691453875,-131.657691453875,30.));
#10482=CARTESIAN_POINT('',(-173.342308546125,-131.657691453875,30.));
#10483=CARTESIAN_POINT('',(-215.,-131.657691453875,30.));
#10484=CARTESIAN_POINT('',(-173.342308546125,-131.657691453875,35.));
#10485=CARTESIAN_POINT('',(-173.342308546125,-131.657691453875,30.));
#10486=CARTESIAN_POINT('',(-226.657691453875,-131.657691453875,35.));
#10487=CARTESIAN_POINT('',(-215.,-131.657691453875,35.));
#10488=CARTESIAN_POINT('',(-226.657691453875,-131.657691453875,30.));
#10489=CARTESIAN_POINT('Origin',(-173.342308546125,-88.342308546125,30.));
#10490=CARTESIAN_POINT('',(-173.342308546125,-88.342308546125,30.));
#10491=CARTESIAN_POINT('',(-173.342308546125,-100.,30.));
#10492=CARTESIAN_POINT('',(-173.342308546125,-88.342308546125,35.));
#10493=CARTESIAN_POINT('',(-173.342308546125,-88.342308546125,30.));
#10494=CARTESIAN_POINT('',(-173.342308546125,-100.,35.));
#10495=CARTESIAN_POINT('Origin',(-226.657691453875,-88.342308546125,30.));
#10496=CARTESIAN_POINT('',(-226.657691453875,-88.342308546125,30.));
#10497=CARTESIAN_POINT('',(-215.,-88.342308546125,30.));
#10498=CARTESIAN_POINT('',(-226.657691453875,-88.342308546125,35.));
#10499=CARTESIAN_POINT('',(-226.657691453875,-88.342308546125,30.));
#10500=CARTESIAN_POINT('',(-215.,-88.342308546125,35.));
#10501=CARTESIAN_POINT('Origin',(-226.657691453875,-131.657691453875,30.));
#10502=CARTESIAN_POINT('',(-226.657691453875,-100.,30.));
#10503=CARTESIAN_POINT('',(-226.657691453875,-100.,35.));
#10504=CARTESIAN_POINT('Origin',(-215.,-100.,35.));
#10505=CARTESIAN_POINT('Origin',(-215.,-100.,30.));
#10506=CARTESIAN_POINT('Origin',(192.5,82.,1.0094960724271));
#10507=CARTESIAN_POINT('',(215.,100.,1.0094960724271));
#10508=CARTESIAN_POINT('',(185.,100.,1.00949607242707));
#10509=CARTESIAN_POINT('',(192.5,100.,1.0094960724271));
#10510=CARTESIAN_POINT('',(216.68645983334,98.3135401666597,8.61662478375968));
#10511=CARTESIAN_POINT('Origin',(233.,82.,1.0094960724271));
#10512=CARTESIAN_POINT('',(183.31354016666,98.3135401666597,8.61662478375969));
#10513=CARTESIAN_POINT('',(192.5,98.3135401666597,8.61662478375969));
#10514=CARTESIAN_POINT('Origin',(167.,82.,1.0094960724271));
#10515=CARTESIAN_POINT('Origin',(233.,100.,1.00949607242709));
#10516=CARTESIAN_POINT('',(216.68645983334,121.68645983334,8.61662478375968));
#10517=CARTESIAN_POINT('',(216.68645983334,100.,8.61662478375969));
#10518=CARTESIAN_POINT('',(215.,120.,1.00949607242709));
#10519=CARTESIAN_POINT('',(215.,100.,1.00949607242709));
#10520=CARTESIAN_POINT('Origin',(233.,138.,1.00949607242709));
#10521=CARTESIAN_POINT('Origin',(207.5,138.,1.00949607242709));
#10522=CARTESIAN_POINT('',(183.31354016666,121.68645983334,8.61662478375966));
#10523=CARTESIAN_POINT('',(207.5,121.68645983334,8.61662478375969));
#10524=CARTESIAN_POINT('',(185.,120.,1.00949607242709));
#10525=CARTESIAN_POINT('',(207.5,120.,1.00949607242709));
#10526=CARTESIAN_POINT('Origin',(167.,138.,1.00949607242707));
#10527=CARTESIAN_POINT('Origin',(167.,110.,1.00949607242707));
#10528=CARTESIAN_POINT('',(185.,110.,1.00949607242707));
#10529=CARTESIAN_POINT('',(183.31354016666,110.,8.61662478375967));
#10530=CARTESIAN_POINT('Origin',(215.,100.,5.));
#10531=CARTESIAN_POINT('',(226.657691453875,131.657691453875,30.));
#10532=CARTESIAN_POINT('',(213.484598198358,118.484598198358,1.7502103490254));
#10533=CARTESIAN_POINT('',(226.657691453875,88.342308546125,30.));
#10534=CARTESIAN_POINT('',(226.657691453875,100.,30.));
#10535=CARTESIAN_POINT('',(212.726897297537,102.273102702463,0.125315523538101));
#10536=CARTESIAN_POINT('Origin',(185.,100.,5.));
#10537=CARTESIAN_POINT('',(173.342308546125,88.342308546125,30.));
#10538=CARTESIAN_POINT('',(215.,88.342308546125,30.));
#10539=CARTESIAN_POINT('',(186.515401801642,101.515401801642,1.7502103490254));
#10540=CARTESIAN_POINT('Origin',(185.,100.,5.));
#10541=CARTESIAN_POINT('',(185.,120.,-15.));
#10542=CARTESIAN_POINT('',(185.,120.,5.));
#10543=CARTESIAN_POINT('',(185.,115.,-20.));
#10544=CARTESIAN_POINT('Origin',(185.,115.,-15.));
#10545=CARTESIAN_POINT('',(185.,105.,-20.));
#10546=CARTESIAN_POINT('',(185.,100.,-20.));
#10547=CARTESIAN_POINT('',(185.,100.,-15.));
#10548=CARTESIAN_POINT('Origin',(185.,105.,-15.));
#10549=CARTESIAN_POINT('',(185.,100.,5.));
#10550=CARTESIAN_POINT('Origin',(200.,100.,-7.5));
#10551=CARTESIAN_POINT('',(189.6,100.,-15.));
#10552=CARTESIAN_POINT('',(192.5,100.,-15.));
#10553=CARTESIAN_POINT('',(189.6,100.,0.4));
#10554=CARTESIAN_POINT('',(189.6,100.,-13.75));
#10555=CARTESIAN_POINT('',(210.4,100.,0.4));
#10556=CARTESIAN_POINT('',(195.,100.,0.4));
#10557=CARTESIAN_POINT('',(210.4,100.,-15.));
#10558=CARTESIAN_POINT('',(210.4,100.,-3.75));
#10559=CARTESIAN_POINT('',(215.,100.,-15.));
#10560=CARTESIAN_POINT('',(205.,100.,-15.));
#10561=CARTESIAN_POINT('',(215.,100.,-25.));
#10562=CARTESIAN_POINT('Origin',(192.5,105.,-15.));
#10563=CARTESIAN_POINT('',(189.6,105.,-20.));
#10564=CARTESIAN_POINT('',(192.5,105.,-20.));
#10565=CARTESIAN_POINT('Origin',(189.6,105.,-15.));
#10566=CARTESIAN_POINT('Origin',(185.,100.,-20.));
#10567=CARTESIAN_POINT('',(189.6,115.,-20.));
#10568=CARTESIAN_POINT('',(192.5,115.,-20.));
#10569=CARTESIAN_POINT('',(189.6,100.,-20.));
#10570=CARTESIAN_POINT('Origin',(189.6,100.,-20.));
#10571=CARTESIAN_POINT('',(189.6,120.,-15.));
#10572=CARTESIAN_POINT('Origin',(189.6,115.,-15.));
#10573=CARTESIAN_POINT('',(189.6,120.,0.4));
#10574=CARTESIAN_POINT('',(189.6,120.,-13.75));
#10575=CARTESIAN_POINT('',(189.6,100.,0.4));
#10576=CARTESIAN_POINT('Origin',(205.,105.,-15.));
#10577=CARTESIAN_POINT('',(215.,105.,-20.));
#10578=CARTESIAN_POINT('Origin',(215.,105.,-15.));
#10579=CARTESIAN_POINT('',(210.4,105.,-20.));
#10580=CARTESIAN_POINT('Origin',(210.4,105.,-15.));
#10581=CARTESIAN_POINT('',(205.,105.,-20.));
#10582=CARTESIAN_POINT('Origin',(210.,100.,-20.));
#10583=CARTESIAN_POINT('',(210.4,107.4,-20.));
#10584=CARTESIAN_POINT('',(210.4,100.,-20.));
#10585=CARTESIAN_POINT('',(215.,107.4,-20.));
#10586=CARTESIAN_POINT('',(212.5,107.4,-20.));
#10587=CARTESIAN_POINT('',(215.,100.,-20.));
#10588=CARTESIAN_POINT('Origin',(215.,100.,-20.));
#10589=CARTESIAN_POINT('',(215.,107.4,-10.));
#10590=CARTESIAN_POINT('',(215.,107.4,-15.));
#10591=CARTESIAN_POINT('',(215.,112.6,-10.));
#10592=CARTESIAN_POINT('Origin',(215.,110.,-10.));
#10593=CARTESIAN_POINT('',(215.,112.6,-20.));
#10594=CARTESIAN_POINT('',(215.,112.6,-20.));
#10595=CARTESIAN_POINT('',(215.,115.,-20.));
#10596=CARTESIAN_POINT('',(215.,100.,-20.));
#10597=CARTESIAN_POINT('',(215.,120.,-15.));
#10598=CARTESIAN_POINT('Origin',(215.,115.,-15.));
#10599=CARTESIAN_POINT('',(215.,120.,-25.));
#10600=CARTESIAN_POINT('Origin',(205.,115.,-15.));
#10601=CARTESIAN_POINT('',(210.4,115.,-20.));
#10602=CARTESIAN_POINT('',(205.,115.,-20.));
#10603=CARTESIAN_POINT('',(210.4,120.,-15.));
#10604=CARTESIAN_POINT('Origin',(210.4,115.,-15.));
#10605=CARTESIAN_POINT('',(205.,120.,-15.));
#10606=CARTESIAN_POINT('Origin',(210.4,100.,0.));
#10607=CARTESIAN_POINT('',(210.4,120.,0.4));
#10608=CARTESIAN_POINT('',(210.4,100.,0.4));
#10609=CARTESIAN_POINT('',(210.4,120.,-3.75));
#10610=CARTESIAN_POINT('',(210.4,112.6,-20.));
#10611=CARTESIAN_POINT('',(210.4,100.,-20.));
#10612=CARTESIAN_POINT('',(210.4,112.6,-10.));
#10613=CARTESIAN_POINT('',(210.4,112.6,-10.));
#10614=CARTESIAN_POINT('',(210.4,107.4,-10.));
#10615=CARTESIAN_POINT('Origin',(210.4,110.,-10.));
#10616=CARTESIAN_POINT('',(210.4,107.4,-5.));
#10617=CARTESIAN_POINT('Origin',(200.,120.,-7.5));
#10618=CARTESIAN_POINT('',(195.,120.,0.4));
#10619=CARTESIAN_POINT('',(192.5,120.,-15.));
#10620=CARTESIAN_POINT('Origin',(192.5,115.,-15.));
#10621=CARTESIAN_POINT('Origin',(215.,110.,-10.));
#10622=CARTESIAN_POINT('',(215.,107.4,-10.));
#10623=CARTESIAN_POINT('',(215.,112.6,-10.));
#10624=CARTESIAN_POINT('Origin',(215.,112.6,-20.));
#10625=CARTESIAN_POINT('',(212.5,112.6,-20.));
#10626=CARTESIAN_POINT('Origin',(215.,107.4,-10.));
#10627=CARTESIAN_POINT('Origin',(210.,100.,-20.));
#10628=CARTESIAN_POINT('Origin',(215.,120.,5.));
#10629=CARTESIAN_POINT('',(173.342308546125,131.657691453875,30.));
#10630=CARTESIAN_POINT('',(187.273102702463,117.726897297537,0.125315523538101));
#10631=CARTESIAN_POINT('',(215.,131.657691453875,30.));
#10632=CARTESIAN_POINT('Origin',(185.,120.,5.));
#10633=CARTESIAN_POINT('',(173.342308546125,100.,30.));
#10634=CARTESIAN_POINT('Origin',(215.,100.,30.));
#10635=CARTESIAN_POINT('Origin',(190.,100.,0.4));
#10636=CARTESIAN_POINT('Origin',(173.342308546125,131.657691453875,30.));
#10637=CARTESIAN_POINT('',(226.657691453875,131.657691453875,30.));
#10638=CARTESIAN_POINT('',(173.342308546125,131.657691453875,30.));
#10639=CARTESIAN_POINT('',(215.,131.657691453875,30.));
#10640=CARTESIAN_POINT('',(173.342308546125,131.657691453875,35.));
#10641=CARTESIAN_POINT('',(173.342308546125,131.657691453875,30.));
#10642=CARTESIAN_POINT('',(226.657691453875,131.657691453875,35.));
#10643=CARTESIAN_POINT('',(215.,131.657691453875,35.));
#10644=CARTESIAN_POINT('',(226.657691453875,131.657691453875,30.));
#10645=CARTESIAN_POINT('Origin',(173.342308546125,88.342308546125,30.));
#10646=CARTESIAN_POINT('',(173.342308546125,88.342308546125,30.));
#10647=CARTESIAN_POINT('',(173.342308546125,100.,30.));
#10648=CARTESIAN_POINT('',(173.342308546125,88.342308546125,35.));
#10649=CARTESIAN_POINT('',(173.342308546125,88.342308546125,30.));
#10650=CARTESIAN_POINT('',(173.342308546125,100.,35.));
#10651=CARTESIAN_POINT('Origin',(226.657691453875,88.342308546125,30.));
#10652=CARTESIAN_POINT('',(226.657691453875,88.342308546125,30.));
#10653=CARTESIAN_POINT('',(215.,88.342308546125,30.));
#10654=CARTESIAN_POINT('',(226.657691453875,88.342308546125,35.));
#10655=CARTESIAN_POINT('',(226.657691453875,88.342308546125,30.));
#10656=CARTESIAN_POINT('',(215.,88.342308546125,35.));
#10657=CARTESIAN_POINT('Origin',(226.657691453875,131.657691453875,30.));
#10658=CARTESIAN_POINT('',(226.657691453875,100.,30.));
#10659=CARTESIAN_POINT('',(226.657691453875,100.,35.));
#10660=CARTESIAN_POINT('Origin',(215.,100.,35.));
#10661=CARTESIAN_POINT('Origin',(215.,100.,30.));
#10662=CARTESIAN_POINT('Origin',(192.5,-82.,1.0094960724271));
#10663=CARTESIAN_POINT('',(215.,-100.,1.0094960724271));
#10664=CARTESIAN_POINT('',(185.,-100.,1.00949607242707));
#10665=CARTESIAN_POINT('',(192.5,-100.,1.0094960724271));
#10666=CARTESIAN_POINT('',(183.31354016666,-98.3135401666597,8.61662478375969));
#10667=CARTESIAN_POINT('Origin',(167.,-82.,1.0094960724271));
#10668=CARTESIAN_POINT('',(216.68645983334,-98.3135401666597,8.61662478375968));
#10669=CARTESIAN_POINT('',(192.5,-98.3135401666597,8.61662478375969));
#10670=CARTESIAN_POINT('Origin',(233.,-82.,1.0094960724271));
#10671=CARTESIAN_POINT('Origin',(233.,-100.,1.00949607242709));
#10672=CARTESIAN_POINT('',(216.68645983334,-121.68645983334,8.61662478375968));
#10673=CARTESIAN_POINT('',(216.68645983334,-100.,8.61662478375969));
#10674=CARTESIAN_POINT('',(215.,-120.,1.00949607242709));
#10675=CARTESIAN_POINT('Origin',(233.,-138.,1.00949607242709));
#10676=CARTESIAN_POINT('',(215.,-100.,1.00949607242709));
#10677=CARTESIAN_POINT('Origin',(207.5,-138.,1.00949607242709));
#10678=CARTESIAN_POINT('',(183.31354016666,-121.68645983334,8.61662478375966));
#10679=CARTESIAN_POINT('',(207.5,-121.68645983334,8.61662478375969));
#10680=CARTESIAN_POINT('',(185.,-120.,1.00949607242709));
#10681=CARTESIAN_POINT('Origin',(167.,-138.,1.00949607242707));
#10682=CARTESIAN_POINT('',(207.5,-120.,1.00949607242709));
#10683=CARTESIAN_POINT('Origin',(167.,-110.,1.00949607242707));
#10684=CARTESIAN_POINT('',(185.,-110.,1.00949607242707));
#10685=CARTESIAN_POINT('',(183.31354016666,-110.,8.61662478375967));
#10686=CARTESIAN_POINT('Origin',(215.,-100.,5.));
#10687=CARTESIAN_POINT('',(226.657691453875,-88.342308546125,30.));
#10688=CARTESIAN_POINT('',(212.726897297537,-102.273102702463,0.125315523538101));
#10689=CARTESIAN_POINT('',(226.657691453875,-131.657691453875,30.));
#10690=CARTESIAN_POINT('',(226.657691453875,-100.,30.));
#10691=CARTESIAN_POINT('',(213.484598198358,-118.484598198358,1.7502103490254));
#10692=CARTESIAN_POINT('Origin',(185.,-100.,5.));
#10693=CARTESIAN_POINT('',(173.342308546125,-88.342308546125,30.));
#10694=CARTESIAN_POINT('',(186.515401801642,-101.515401801642,1.7502103490254));
#10695=CARTESIAN_POINT('',(215.,-88.342308546125,30.));
#10696=CARTESIAN_POINT('Origin',(185.,-100.,5.));
#10697=CARTESIAN_POINT('',(185.,-100.,-15.));
#10698=CARTESIAN_POINT('',(185.,-100.,5.));
#10699=CARTESIAN_POINT('',(185.,-105.,-20.));
#10700=CARTESIAN_POINT('Origin',(185.,-105.,-15.));
#10701=CARTESIAN_POINT('',(185.,-115.,-20.));
#10702=CARTESIAN_POINT('',(185.,-100.,-20.));
#10703=CARTESIAN_POINT('',(185.,-120.,-15.));
#10704=CARTESIAN_POINT('Origin',(185.,-115.,-15.));
#10705=CARTESIAN_POINT('',(185.,-120.,5.));
#10706=CARTESIAN_POINT('Origin',(200.,-100.,-7.5));
#10707=CARTESIAN_POINT('',(215.,-100.,-15.));
#10708=CARTESIAN_POINT('',(215.,-100.,-25.));
#10709=CARTESIAN_POINT('',(210.4,-100.,-15.));
#10710=CARTESIAN_POINT('',(205.,-100.,-15.));
#10711=CARTESIAN_POINT('',(210.4,-100.,0.4));
#10712=CARTESIAN_POINT('',(210.4,-100.,-3.75));
#10713=CARTESIAN_POINT('',(189.6,-100.,0.4));
#10714=CARTESIAN_POINT('',(195.,-100.,0.4));
#10715=CARTESIAN_POINT('',(189.6,-100.,-15.));
#10716=CARTESIAN_POINT('',(189.6,-100.,-13.75));
#10717=CARTESIAN_POINT('',(192.5,-100.,-15.));
#10718=CARTESIAN_POINT('Origin',(192.5,-105.,-15.));
#10719=CARTESIAN_POINT('',(189.6,-105.,-20.));
#10720=CARTESIAN_POINT('Origin',(189.6,-105.,-15.));
#10721=CARTESIAN_POINT('',(192.5,-105.,-20.));
#10722=CARTESIAN_POINT('Origin',(185.,-100.,-20.));
#10723=CARTESIAN_POINT('',(189.6,-115.,-20.));
#10724=CARTESIAN_POINT('',(189.6,-100.,-20.));
#10725=CARTESIAN_POINT('',(192.5,-115.,-20.));
#10726=CARTESIAN_POINT('Origin',(189.6,-100.,-20.));
#10727=CARTESIAN_POINT('',(189.6,-120.,0.4));
#10728=CARTESIAN_POINT('',(189.6,-100.,0.4));
#10729=CARTESIAN_POINT('',(189.6,-120.,-15.));
#10730=CARTESIAN_POINT('',(189.6,-120.,-13.75));
#10731=CARTESIAN_POINT('Origin',(189.6,-115.,-15.));
#10732=CARTESIAN_POINT('Origin',(205.,-105.,-15.));
#10733=CARTESIAN_POINT('',(215.,-105.,-20.));
#10734=CARTESIAN_POINT('Origin',(215.,-105.,-15.));
#10735=CARTESIAN_POINT('',(210.4,-105.,-20.));
#10736=CARTESIAN_POINT('',(205.,-105.,-20.));
#10737=CARTESIAN_POINT('Origin',(210.4,-105.,-15.));
#10738=CARTESIAN_POINT('Origin',(210.,-100.,-20.));
#10739=CARTESIAN_POINT('',(215.,-107.4,-20.));
#10740=CARTESIAN_POINT('',(215.,-100.,-20.));
#10741=CARTESIAN_POINT('',(210.4,-107.4,-20.));
#10742=CARTESIAN_POINT('',(212.5,-107.4,-20.));
#10743=CARTESIAN_POINT('',(210.4,-100.,-20.));
#10744=CARTESIAN_POINT('Origin',(215.,-100.,-20.));
#10745=CARTESIAN_POINT('',(215.,-120.,-15.));
#10746=CARTESIAN_POINT('',(215.,-120.,-25.));
#10747=CARTESIAN_POINT('',(215.,-115.,-20.));
#10748=CARTESIAN_POINT('Origin',(215.,-115.,-15.));
#10749=CARTESIAN_POINT('',(215.,-112.6,-20.));
#10750=CARTESIAN_POINT('',(215.,-100.,-20.));
#10751=CARTESIAN_POINT('',(215.,-112.6,-10.));
#10752=CARTESIAN_POINT('',(215.,-112.6,-20.));
#10753=CARTESIAN_POINT('',(215.,-107.4,-10.));
#10754=CARTESIAN_POINT('Origin',(215.,-110.,-10.));
#10755=CARTESIAN_POINT('',(215.,-107.4,-15.));
#10756=CARTESIAN_POINT('Origin',(205.,-115.,-15.));
#10757=CARTESIAN_POINT('',(210.4,-120.,-15.));
#10758=CARTESIAN_POINT('',(205.,-120.,-15.));
#10759=CARTESIAN_POINT('',(210.4,-115.,-20.));
#10760=CARTESIAN_POINT('Origin',(210.4,-115.,-15.));
#10761=CARTESIAN_POINT('',(205.,-115.,-20.));
#10762=CARTESIAN_POINT('Origin',(210.4,-100.,0.));
#10763=CARTESIAN_POINT('',(210.4,-107.4,-10.));
#10764=CARTESIAN_POINT('',(210.4,-107.4,-5.));
#10765=CARTESIAN_POINT('',(210.4,-112.6,-10.));
#10766=CARTESIAN_POINT('Origin',(210.4,-110.,-10.));
#10767=CARTESIAN_POINT('',(210.4,-112.6,-20.));
#10768=CARTESIAN_POINT('',(210.4,-112.6,-10.));
#10769=CARTESIAN_POINT('',(210.4,-100.,-20.));
#10770=CARTESIAN_POINT('',(210.4,-120.,0.4));
#10771=CARTESIAN_POINT('',(210.4,-120.,-3.75));
#10772=CARTESIAN_POINT('',(210.4,-100.,0.4));
#10773=CARTESIAN_POINT('Origin',(200.,-120.,-7.5));
#10774=CARTESIAN_POINT('',(192.5,-120.,-15.));
#10775=CARTESIAN_POINT('',(195.,-120.,0.4));
#10776=CARTESIAN_POINT('Origin',(192.5,-115.,-15.));
#10777=CARTESIAN_POINT('Origin',(215.,-110.,-10.));
#10778=CARTESIAN_POINT('',(215.,-112.6,-10.));
#10779=CARTESIAN_POINT('',(215.,-107.4,-10.));
#10780=CARTESIAN_POINT('Origin',(215.,-112.6,-20.));
#10781=CARTESIAN_POINT('',(212.5,-112.6,-20.));
#10782=CARTESIAN_POINT('Origin',(215.,-107.4,-10.));
#10783=CARTESIAN_POINT('Origin',(210.,-100.,-20.));
#10784=CARTESIAN_POINT('Origin',(215.,-120.,5.));
#10785=CARTESIAN_POINT('',(173.342308546125,-131.657691453875,30.));
#10786=CARTESIAN_POINT('',(215.,-131.657691453875,30.));
#10787=CARTESIAN_POINT('',(187.273102702463,-117.726897297537,0.125315523538101));
#10788=CARTESIAN_POINT('Origin',(185.,-120.,5.));
#10789=CARTESIAN_POINT('',(173.342308546125,-100.,30.));
#10790=CARTESIAN_POINT('Origin',(215.,-100.,30.));
#10791=CARTESIAN_POINT('Origin',(190.,-100.,0.4));
#10792=CARTESIAN_POINT('Origin',(173.342308546125,-131.657691453875,30.));
#10793=CARTESIAN_POINT('',(226.657691453875,-131.657691453875,30.));
#10794=CARTESIAN_POINT('',(173.342308546125,-131.657691453875,30.));
#10795=CARTESIAN_POINT('',(215.,-131.657691453875,30.));
#10796=CARTESIAN_POINT('',(226.657691453875,-131.657691453875,35.));
#10797=CARTESIAN_POINT('',(226.657691453875,-131.657691453875,30.));
#10798=CARTESIAN_POINT('',(173.342308546125,-131.657691453875,35.));
#10799=CARTESIAN_POINT('',(215.,-131.657691453875,35.));
#10800=CARTESIAN_POINT('',(173.342308546125,-131.657691453875,30.));
#10801=CARTESIAN_POINT('Origin',(173.342308546125,-88.342308546125,30.));
#10802=CARTESIAN_POINT('',(173.342308546125,-88.342308546125,30.));
#10803=CARTESIAN_POINT('',(173.342308546125,-100.,30.));
#10804=CARTESIAN_POINT('',(173.342308546125,-88.342308546125,35.));
#10805=CARTESIAN_POINT('',(173.342308546125,-100.,35.));
#10806=CARTESIAN_POINT('',(173.342308546125,-88.342308546125,30.));
#10807=CARTESIAN_POINT('Origin',(226.657691453875,-88.342308546125,30.));
#10808=CARTESIAN_POINT('',(226.657691453875,-88.342308546125,30.));
#10809=CARTESIAN_POINT('',(215.,-88.342308546125,30.));
#10810=CARTESIAN_POINT('',(226.657691453875,-88.342308546125,35.));
#10811=CARTESIAN_POINT('',(215.,-88.342308546125,35.));
#10812=CARTESIAN_POINT('',(226.657691453875,-88.342308546125,30.));
#10813=CARTESIAN_POINT('Origin',(226.657691453875,-131.657691453875,30.));
#10814=CARTESIAN_POINT('',(226.657691453875,-100.,30.));
#10815=CARTESIAN_POINT('',(226.657691453875,-100.,35.));
#10816=CARTESIAN_POINT('Origin',(215.,-100.,35.));
#10817=CARTESIAN_POINT('Origin',(215.,-100.,30.));
#10818=CARTESIAN_POINT('Origin',(-220.,-190.000000000001,-17.));
#10819=CARTESIAN_POINT('',(-230.,-195.000000000001,-17.));
#10820=CARTESIAN_POINT('',(-215.,-180.000000000001,-17.));
#10821=CARTESIAN_POINT('',(-222.5,-187.500000000001,-17.));
#10822=CARTESIAN_POINT('',(-230.,-197.000000000001,-17.));
#10823=CARTESIAN_POINT('',(-230.,-185.000000000001,-17.));
#10824=CARTESIAN_POINT('',(-213.,-197.000000000001,-17.));
#10825=CARTESIAN_POINT('',(-225.,-197.000000000001,-17.));
#10826=CARTESIAN_POINT('',(-213.,-180.000000000001,-17.));
#10827=CARTESIAN_POINT('',(-213.,-195.000000000001,-17.));
#10828=CARTESIAN_POINT('',(-215.,-180.000000000001,-17.));
#10829=CARTESIAN_POINT('Origin',(-230.,-197.000000000001,-20.));
#10830=CARTESIAN_POINT('',(-230.,-197.000000000001,-3.));
#10831=CARTESIAN_POINT('',(-230.,-197.000000000001,-20.));
#10832=CARTESIAN_POINT('',(-213.,-197.000000000001,-3.));
#10833=CARTESIAN_POINT('',(-225.,-197.000000000001,-3.));
#10834=CARTESIAN_POINT('',(-213.,-197.000000000001,-20.));
#10835=CARTESIAN_POINT('Origin',(-213.,-200.000000000001,-20.));
#10836=CARTESIAN_POINT('',(-213.,-180.000000000001,-3.));
#10837=CARTESIAN_POINT('',(-213.,-195.000000000001,-3.));
#10838=CARTESIAN_POINT('',(-213.,-180.000000000001,-20.));
#10839=CARTESIAN_POINT('Origin',(-220.,-190.000000000001,-3.));
#10840=CARTESIAN_POINT('',(-215.,-180.000000000001,-3.));
#10841=CARTESIAN_POINT('',(-230.,-195.000000000001,-3.));
#10842=CARTESIAN_POINT('',(-222.5,-187.500000000001,-3.));
#10843=CARTESIAN_POINT('',(-215.,-180.000000000001,-3.));
#10844=CARTESIAN_POINT('',(-230.,-185.000000000001,-3.));
#10845=CARTESIAN_POINT('Origin',(-230.,-180.000000000001,-20.));
#10846=CARTESIAN_POINT('',(-230.,-195.000000000001,-20.));
#10847=CARTESIAN_POINT('',(-230.,-195.000000000001,-20.));
#10848=CARTESIAN_POINT('',(-230.,-200.000000000001,-20.));
#10849=CARTESIAN_POINT('',(-230.,-200.000000000001,-20.));
#10850=CARTESIAN_POINT('',(-230.,-200.000000000001,0.));
#10851=CARTESIAN_POINT('',(-230.,-200.000000000001,-20.));
#10852=CARTESIAN_POINT('',(-230.,-195.000000000001,0.));
#10853=CARTESIAN_POINT('',(-230.,-200.000000000001,0.));
#10854=CARTESIAN_POINT('',(-230.,-195.000000000001,-20.));
#10855=CARTESIAN_POINT('Origin',(-222.5,-187.500000000001,-20.));
#10856=CARTESIAN_POINT('',(-215.,-180.000000000001,-20.));
#10857=CARTESIAN_POINT('',(-215.,-180.000000000001,-20.));
#10858=CARTESIAN_POINT('',(-222.5,-187.500000000001,-20.));
#10859=CARTESIAN_POINT('Origin',(-222.5,-187.500000000001,-20.));
#10860=CARTESIAN_POINT('',(-215.,-180.000000000001,0.));
#10861=CARTESIAN_POINT('',(-222.5,-187.500000000001,0.));
#10862=CARTESIAN_POINT('',(-215.,-180.000000000001,-20.));
#10863=CARTESIAN_POINT('Origin',(-220.,-190.000000000001,-20.));
#10864=CARTESIAN_POINT('',(-210.,-180.000000000001,-20.));
#10865=CARTESIAN_POINT('',(-230.,-180.000000000001,-20.));
#10866=CARTESIAN_POINT('',(-210.,-200.000000000001,-20.));
#10867=CARTESIAN_POINT('',(-210.,-180.000000000001,-20.));
#10868=CARTESIAN_POINT('',(-210.,-200.000000000001,-20.));
#10869=CARTESIAN_POINT('Origin',(-210.,-180.000000000001,-20.));
#10870=CARTESIAN_POINT('',(-210.,-180.000000000001,0.));
#10871=CARTESIAN_POINT('',(-230.,-180.000000000001,0.));
#10872=CARTESIAN_POINT('',(-210.,-180.000000000001,-20.));
#10873=CARTESIAN_POINT('Origin',(-230.,-200.000000000001,-20.));
#10874=CARTESIAN_POINT('',(-210.,-200.000000000001,0.));
#10875=CARTESIAN_POINT('',(-210.,-200.000000000001,-20.));
#10876=CARTESIAN_POINT('',(-210.,-200.000000000001,0.));
#10877=CARTESIAN_POINT('Origin',(-210.,-200.000000000001,-20.));
#10878=CARTESIAN_POINT('',(-210.,-180.000000000001,0.));
#10879=CARTESIAN_POINT('Origin',(-220.,-190.000000000001,0.));
#10880=CARTESIAN_POINT('Origin',(-180.,-190.000000000001,-3.00000000000001));
#10881=CARTESIAN_POINT('',(-170.,-195.000000000001,-3.00000000000001));
#10882=CARTESIAN_POINT('',(-185.,-180.000000000001,-3.00000000000001));
#10883=CARTESIAN_POINT('',(-177.5,-187.500000000001,-3.00000000000001));
#10884=CARTESIAN_POINT('',(-170.,-197.000000000001,-3.00000000000002));
#10885=CARTESIAN_POINT('',(-170.,-185.000000000001,-3.00000000000001));
#10886=CARTESIAN_POINT('',(-187.,-197.000000000001,-3.00000000000001));
#10887=CARTESIAN_POINT('',(-175.,-197.000000000001,-3.00000000000001));
#10888=CARTESIAN_POINT('',(-187.,-180.000000000001,-3.00000000000001));
#10889=CARTESIAN_POINT('',(-187.,-195.000000000001,-3.00000000000001));
#10890=CARTESIAN_POINT('',(-185.,-180.000000000001,-3.00000000000001));
#10891=CARTESIAN_POINT('Origin',(-170.,-197.000000000001,-1.33226762955019E-14));
#10892=CARTESIAN_POINT('',(-170.,-197.000000000001,-17.));
#10893=CARTESIAN_POINT('',(-170.,-197.000000000001,-1.33226762955019E-14));
#10894=CARTESIAN_POINT('',(-187.,-197.000000000001,-17.));
#10895=CARTESIAN_POINT('',(-175.,-197.000000000001,-17.));
#10896=CARTESIAN_POINT('',(-187.,-197.000000000001,-1.11022302462516E-14));
#10897=CARTESIAN_POINT('Origin',(-187.,-200.000000000001,-1.11022302462516E-14));
#10898=CARTESIAN_POINT('',(-187.,-180.000000000001,-17.));
#10899=CARTESIAN_POINT('',(-187.,-195.000000000001,-17.));
#10900=CARTESIAN_POINT('',(-187.,-180.000000000001,-1.11022302462516E-14));
#10901=CARTESIAN_POINT('Origin',(-180.,-190.000000000001,-17.));
#10902=CARTESIAN_POINT('',(-185.,-180.000000000001,-17.));
#10903=CARTESIAN_POINT('',(-170.,-195.000000000001,-17.));
#10904=CARTESIAN_POINT('',(-177.5,-187.500000000001,-17.));
#10905=CARTESIAN_POINT('',(-185.,-180.000000000001,-17.));
#10906=CARTESIAN_POINT('',(-170.,-185.000000000001,-17.));
#10907=CARTESIAN_POINT('Origin',(-170.,-180.000000000001,-1.33226762955019E-14));
#10908=CARTESIAN_POINT('',(-170.,-195.000000000001,-1.33226762955019E-14));
#10909=CARTESIAN_POINT('',(-170.,-195.000000000001,-1.33226762955019E-14));
#10910=CARTESIAN_POINT('',(-170.,-200.000000000001,-1.33226762955019E-14));
#10911=CARTESIAN_POINT('',(-170.,-200.000000000001,-1.33226762955019E-14));
#10912=CARTESIAN_POINT('',(-170.,-200.000000000001,-20.));
#10913=CARTESIAN_POINT('',(-170.,-200.000000000001,-1.33226762955019E-14));
#10914=CARTESIAN_POINT('',(-170.,-195.000000000001,-20.));
#10915=CARTESIAN_POINT('',(-170.,-200.000000000001,-20.));
#10916=CARTESIAN_POINT('',(-170.,-195.000000000001,-1.33226762955019E-14));
#10917=CARTESIAN_POINT('Origin',(-177.5,-187.500000000001,-1.11022302462516E-14));
#10918=CARTESIAN_POINT('',(-185.,-180.000000000001,-1.11022302462516E-14));
#10919=CARTESIAN_POINT('',(-185.,-180.000000000001,-1.11022302462516E-14));
#10920=CARTESIAN_POINT('',(-177.5,-187.500000000001,-1.11022302462516E-14));
#10921=CARTESIAN_POINT('Origin',(-177.5,-187.500000000001,-1.11022302462516E-14));
#10922=CARTESIAN_POINT('',(-185.,-180.000000000001,-20.));
#10923=CARTESIAN_POINT('',(-177.5,-187.500000000001,-20.));
#10924=CARTESIAN_POINT('',(-185.,-180.000000000001,-1.11022302462516E-14));
#10925=CARTESIAN_POINT('Origin',(-180.,-190.000000000001,-1.11022302462516E-14));
#10926=CARTESIAN_POINT('',(-190.,-180.000000000001,-1.11022302462516E-14));
#10927=CARTESIAN_POINT('',(-170.,-180.000000000001,-1.33226762955019E-14));
#10928=CARTESIAN_POINT('',(-190.,-200.000000000001,-1.11022302462516E-14));
#10929=CARTESIAN_POINT('',(-190.,-180.000000000001,-1.11022302462516E-14));
#10930=CARTESIAN_POINT('',(-190.,-200.000000000001,-1.11022302462516E-14));
#10931=CARTESIAN_POINT('Origin',(-190.,-180.000000000001,-1.11022302462516E-14));
#10932=CARTESIAN_POINT('',(-190.,-180.000000000001,-20.));
#10933=CARTESIAN_POINT('',(-170.,-180.000000000001,-20.));
#10934=CARTESIAN_POINT('',(-190.,-180.000000000001,-1.11022302462516E-14));
#10935=CARTESIAN_POINT('Origin',(-170.,-200.000000000001,-1.33226762955019E-14));
#10936=CARTESIAN_POINT('',(-190.,-200.000000000001,-20.));
#10937=CARTESIAN_POINT('',(-190.,-200.000000000001,-1.11022302462516E-14));
#10938=CARTESIAN_POINT('',(-190.,-200.000000000001,-20.));
#10939=CARTESIAN_POINT('Origin',(-190.,-200.000000000001,-1.11022302462516E-14));
#10940=CARTESIAN_POINT('',(-190.,-180.000000000001,-20.));
#10941=CARTESIAN_POINT('Origin',(-180.,-190.000000000001,-20.));
#10942=CARTESIAN_POINT('Origin',(-220.,190.000000000001,-17.));
#10943=CARTESIAN_POINT('',(-230.,195.000000000001,-17.));
#10944=CARTESIAN_POINT('',(-215.,180.000000000001,-17.));
#10945=CARTESIAN_POINT('',(-222.5,187.500000000001,-17.));
#10946=CARTESIAN_POINT('',(-213.,180.000000000001,-17.));
#10947=CARTESIAN_POINT('',(-215.,180.000000000001,-17.));
#10948=CARTESIAN_POINT('',(-213.,197.000000000001,-17.));
#10949=CARTESIAN_POINT('',(-213.,195.000000000001,-17.));
#10950=CARTESIAN_POINT('',(-230.,197.000000000001,-17.));
#10951=CARTESIAN_POINT('',(-225.,197.000000000001,-17.));
#10952=CARTESIAN_POINT('',(-230.,185.000000000001,-17.));
#10953=CARTESIAN_POINT('Origin',(-230.,197.000000000001,-20.));
#10954=CARTESIAN_POINT('',(-213.,197.000000000001,-3.));
#10955=CARTESIAN_POINT('',(-213.,197.000000000001,-20.));
#10956=CARTESIAN_POINT('',(-230.,197.000000000001,-3.));
#10957=CARTESIAN_POINT('',(-225.,197.000000000001,-3.));
#10958=CARTESIAN_POINT('',(-230.,197.000000000001,-20.));
#10959=CARTESIAN_POINT('Origin',(-213.,200.000000000001,-20.));
#10960=CARTESIAN_POINT('',(-213.,180.000000000001,-3.));
#10961=CARTESIAN_POINT('',(-213.,180.000000000001,-20.));
#10962=CARTESIAN_POINT('',(-213.,195.000000000001,-3.));
#10963=CARTESIAN_POINT('Origin',(-220.,190.000000000001,-3.));
#10964=CARTESIAN_POINT('',(-215.,180.000000000001,-3.));
#10965=CARTESIAN_POINT('',(-230.,195.000000000001,-3.));
#10966=CARTESIAN_POINT('',(-222.5,187.500000000001,-3.));
#10967=CARTESIAN_POINT('',(-230.,185.000000000001,-3.));
#10968=CARTESIAN_POINT('',(-215.,180.000000000001,-3.));
#10969=CARTESIAN_POINT('Origin',(-230.,180.000000000001,-20.));
#10970=CARTESIAN_POINT('',(-230.,195.000000000001,0.));
#10971=CARTESIAN_POINT('',(-230.,195.000000000001,-20.));
#10972=CARTESIAN_POINT('',(-230.,200.000000000001,0.));
#10973=CARTESIAN_POINT('',(-230.,200.000000000001,0.));
#10974=CARTESIAN_POINT('',(-230.,200.000000000001,-20.));
#10975=CARTESIAN_POINT('',(-230.,200.000000000001,-20.));
#10976=CARTESIAN_POINT('',(-230.,195.000000000001,-20.));
#10977=CARTESIAN_POINT('',(-230.,200.000000000001,-20.));
#10978=CARTESIAN_POINT('',(-230.,195.000000000001,-20.));
#10979=CARTESIAN_POINT('Origin',(-222.5,187.500000000001,-20.));
#10980=CARTESIAN_POINT('',(-215.,180.000000000001,-20.));
#10981=CARTESIAN_POINT('',(-222.5,187.500000000001,-20.));
#10982=CARTESIAN_POINT('',(-215.,180.000000000001,-20.));
#10983=CARTESIAN_POINT('Origin',(-222.5,187.500000000001,-20.));
#10984=CARTESIAN_POINT('',(-215.,180.000000000001,0.));
#10985=CARTESIAN_POINT('',(-215.,180.000000000001,-20.));
#10986=CARTESIAN_POINT('',(-222.5,187.500000000001,0.));
#10987=CARTESIAN_POINT('Origin',(-220.,190.000000000001,-20.));
#10988=CARTESIAN_POINT('',(-210.,200.000000000001,-20.));
#10989=CARTESIAN_POINT('',(-210.,200.000000000001,-20.));
#10990=CARTESIAN_POINT('',(-210.,180.000000000001,-20.));
#10991=CARTESIAN_POINT('',(-210.,180.000000000001,-20.));
#10992=CARTESIAN_POINT('',(-230.,180.000000000001,-20.));
#10993=CARTESIAN_POINT('Origin',(-210.,180.000000000001,-20.));
#10994=CARTESIAN_POINT('',(-210.,180.000000000001,0.));
#10995=CARTESIAN_POINT('',(-210.,180.000000000001,-20.));
#10996=CARTESIAN_POINT('',(-230.,180.000000000001,0.));
#10997=CARTESIAN_POINT('Origin',(-230.,200.000000000001,-20.));
#10998=CARTESIAN_POINT('',(-210.,200.000000000001,0.));
#10999=CARTESIAN_POINT('',(-210.,200.000000000001,0.));
#11000=CARTESIAN_POINT('',(-210.,200.000000000001,-20.));
#11001=CARTESIAN_POINT('Origin',(-210.,200.000000000001,-20.));
#11002=CARTESIAN_POINT('',(-210.,180.000000000001,0.));
#11003=CARTESIAN_POINT('Origin',(-220.,190.000000000001,0.));
#11004=CARTESIAN_POINT('Origin',(-180.,190.000000000001,-3.00000000000001));
#11005=CARTESIAN_POINT('',(-170.,195.000000000001,-3.00000000000001));
#11006=CARTESIAN_POINT('',(-185.,180.000000000001,-3.00000000000001));
#11007=CARTESIAN_POINT('',(-177.5,187.500000000001,-3.00000000000001));
#11008=CARTESIAN_POINT('',(-187.,180.000000000001,-3.00000000000001));
#11009=CARTESIAN_POINT('',(-185.,180.000000000001,-3.00000000000001));
#11010=CARTESIAN_POINT('',(-187.,197.000000000001,-3.00000000000001));
#11011=CARTESIAN_POINT('',(-187.,195.000000000001,-3.00000000000001));
#11012=CARTESIAN_POINT('',(-170.,197.000000000001,-3.00000000000002));
#11013=CARTESIAN_POINT('',(-175.,197.000000000001,-3.00000000000001));
#11014=CARTESIAN_POINT('',(-170.,185.000000000001,-3.00000000000001));
#11015=CARTESIAN_POINT('Origin',(-170.,197.000000000001,-1.33226762955019E-14));
#11016=CARTESIAN_POINT('',(-187.,197.000000000001,-17.));
#11017=CARTESIAN_POINT('',(-187.,197.000000000001,-1.11022302462516E-14));
#11018=CARTESIAN_POINT('',(-170.,197.000000000001,-17.));
#11019=CARTESIAN_POINT('',(-175.,197.000000000001,-17.));
#11020=CARTESIAN_POINT('',(-170.,197.000000000001,-1.33226762955019E-14));
#11021=CARTESIAN_POINT('Origin',(-187.,200.000000000001,-1.11022302462516E-14));
#11022=CARTESIAN_POINT('',(-187.,180.000000000001,-17.));
#11023=CARTESIAN_POINT('',(-187.,180.000000000001,-1.11022302462516E-14));
#11024=CARTESIAN_POINT('',(-187.,195.000000000001,-17.));
#11025=CARTESIAN_POINT('Origin',(-180.,190.000000000001,-17.));
#11026=CARTESIAN_POINT('',(-185.,180.000000000001,-17.));
#11027=CARTESIAN_POINT('',(-170.,195.000000000001,-17.));
#11028=CARTESIAN_POINT('',(-177.5,187.500000000001,-17.));
#11029=CARTESIAN_POINT('',(-170.,185.000000000001,-17.));
#11030=CARTESIAN_POINT('',(-185.,180.000000000001,-17.));
#11031=CARTESIAN_POINT('Origin',(-170.,180.000000000001,-1.33226762955019E-14));
#11032=CARTESIAN_POINT('',(-170.,195.000000000001,-20.));
#11033=CARTESIAN_POINT('',(-170.,195.000000000001,-1.33226762955019E-14));
#11034=CARTESIAN_POINT('',(-170.,200.000000000001,-20.));
#11035=CARTESIAN_POINT('',(-170.,200.000000000001,-20.));
#11036=CARTESIAN_POINT('',(-170.,200.000000000001,-1.33226762955019E-14));
#11037=CARTESIAN_POINT('',(-170.,200.000000000001,-1.33226762955019E-14));
#11038=CARTESIAN_POINT('',(-170.,195.000000000001,-1.33226762955019E-14));
#11039=CARTESIAN_POINT('',(-170.,200.000000000001,-1.33226762955019E-14));
#11040=CARTESIAN_POINT('',(-170.,195.000000000001,-1.33226762955019E-14));
#11041=CARTESIAN_POINT('Origin',(-177.5,187.500000000001,-1.11022302462516E-14));
#11042=CARTESIAN_POINT('',(-185.,180.000000000001,-1.11022302462516E-14));
#11043=CARTESIAN_POINT('',(-177.5,187.500000000001,-1.11022302462516E-14));
#11044=CARTESIAN_POINT('',(-185.,180.000000000001,-1.11022302462516E-14));
#11045=CARTESIAN_POINT('Origin',(-177.5,187.500000000001,-1.11022302462516E-14));
#11046=CARTESIAN_POINT('',(-185.,180.000000000001,-20.));
#11047=CARTESIAN_POINT('',(-185.,180.000000000001,-1.11022302462516E-14));
#11048=CARTESIAN_POINT('',(-177.5,187.500000000001,-20.));
#11049=CARTESIAN_POINT('Origin',(-180.,190.000000000001,-1.11022302462516E-14));
#11050=CARTESIAN_POINT('',(-190.,200.000000000001,-1.11022302462516E-14));
#11051=CARTESIAN_POINT('',(-190.,200.000000000001,-1.11022302462516E-14));
#11052=CARTESIAN_POINT('',(-190.,180.000000000001,-1.11022302462516E-14));
#11053=CARTESIAN_POINT('',(-190.,180.000000000001,-1.11022302462516E-14));
#11054=CARTESIAN_POINT('',(-170.,180.000000000001,-1.33226762955019E-14));
#11055=CARTESIAN_POINT('Origin',(-190.,180.000000000001,-1.11022302462516E-14));
#11056=CARTESIAN_POINT('',(-190.,180.000000000001,-20.));
#11057=CARTESIAN_POINT('',(-190.,180.000000000001,-1.11022302462516E-14));
#11058=CARTESIAN_POINT('',(-170.,180.000000000001,-20.));
#11059=CARTESIAN_POINT('Origin',(-170.,200.000000000001,-1.33226762955019E-14));
#11060=CARTESIAN_POINT('',(-190.,200.000000000001,-20.));
#11061=CARTESIAN_POINT('',(-190.,200.000000000001,-20.));
#11062=CARTESIAN_POINT('',(-190.,200.000000000001,-1.11022302462516E-14));
#11063=CARTESIAN_POINT('Origin',(-190.,200.000000000001,-1.11022302462516E-14));
#11064=CARTESIAN_POINT('',(-190.,180.000000000001,-20.));
#11065=CARTESIAN_POINT('Origin',(-180.,190.000000000001,-20.));
#11066=CARTESIAN_POINT('Origin',(220.,-190.000000000001,-17.));
#11067=CARTESIAN_POINT('',(230.,-195.000000000001,-17.));
#11068=CARTESIAN_POINT('',(215.,-180.000000000001,-17.));
#11069=CARTESIAN_POINT('',(222.5,-187.500000000001,-17.));
#11070=CARTESIAN_POINT('',(213.,-180.000000000001,-17.));
#11071=CARTESIAN_POINT('',(215.,-180.000000000001,-17.));
#11072=CARTESIAN_POINT('',(213.,-197.000000000001,-17.));
#11073=CARTESIAN_POINT('',(213.,-195.000000000001,-17.));
#11074=CARTESIAN_POINT('',(230.,-197.000000000001,-17.));
#11075=CARTESIAN_POINT('',(225.,-197.000000000001,-17.));
#11076=CARTESIAN_POINT('',(230.,-185.000000000001,-17.));
#11077=CARTESIAN_POINT('Origin',(230.,-197.000000000001,-20.));
#11078=CARTESIAN_POINT('',(213.,-197.000000000001,-3.));
#11079=CARTESIAN_POINT('',(213.,-197.000000000001,-20.));
#11080=CARTESIAN_POINT('',(230.,-197.000000000001,-3.));
#11081=CARTESIAN_POINT('',(225.,-197.000000000001,-3.));
#11082=CARTESIAN_POINT('',(230.,-197.000000000001,-20.));
#11083=CARTESIAN_POINT('Origin',(213.,-200.000000000001,-20.));
#11084=CARTESIAN_POINT('',(213.,-180.000000000001,-3.));
#11085=CARTESIAN_POINT('',(213.,-180.000000000001,-20.));
#11086=CARTESIAN_POINT('',(213.,-195.000000000001,-3.));
#11087=CARTESIAN_POINT('Origin',(220.,-190.000000000001,-3.));
#11088=CARTESIAN_POINT('',(215.,-180.000000000001,-3.));
#11089=CARTESIAN_POINT('',(230.,-195.000000000001,-3.));
#11090=CARTESIAN_POINT('',(222.5,-187.500000000001,-3.));
#11091=CARTESIAN_POINT('',(230.,-185.000000000001,-3.));
#11092=CARTESIAN_POINT('',(215.,-180.000000000001,-3.));
#11093=CARTESIAN_POINT('Origin',(230.,-180.000000000001,-20.));
#11094=CARTESIAN_POINT('',(230.,-195.000000000001,0.));
#11095=CARTESIAN_POINT('',(230.,-195.000000000001,-20.));
#11096=CARTESIAN_POINT('',(230.,-200.000000000001,0.));
#11097=CARTESIAN_POINT('',(230.,-200.000000000001,0.));
#11098=CARTESIAN_POINT('',(230.,-200.000000000001,-20.));
#11099=CARTESIAN_POINT('',(230.,-200.000000000001,-20.));
#11100=CARTESIAN_POINT('',(230.,-195.000000000001,-20.));
#11101=CARTESIAN_POINT('',(230.,-200.000000000001,-20.));
#11102=CARTESIAN_POINT('',(230.,-195.000000000001,-20.));
#11103=CARTESIAN_POINT('Origin',(222.5,-187.500000000001,-20.));
#11104=CARTESIAN_POINT('',(215.,-180.000000000001,-20.));
#11105=CARTESIAN_POINT('',(222.5,-187.500000000001,-20.));
#11106=CARTESIAN_POINT('',(215.,-180.000000000001,-20.));
#11107=CARTESIAN_POINT('Origin',(222.5,-187.500000000001,-20.));
#11108=CARTESIAN_POINT('',(215.,-180.000000000001,0.));
#11109=CARTESIAN_POINT('',(215.,-180.000000000001,-20.));
#11110=CARTESIAN_POINT('',(222.5,-187.500000000001,0.));
#11111=CARTESIAN_POINT('Origin',(220.,-190.000000000001,-20.));
#11112=CARTESIAN_POINT('',(210.,-200.000000000001,-20.));
#11113=CARTESIAN_POINT('',(210.,-200.000000000001,-20.));
#11114=CARTESIAN_POINT('',(210.,-180.000000000001,-20.));
#11115=CARTESIAN_POINT('',(210.,-180.000000000001,-20.));
#11116=CARTESIAN_POINT('',(230.,-180.000000000001,-20.));
#11117=CARTESIAN_POINT('Origin',(210.,-180.000000000001,-20.));
#11118=CARTESIAN_POINT('',(210.,-180.000000000001,0.));
#11119=CARTESIAN_POINT('',(210.,-180.000000000001,-20.));
#11120=CARTESIAN_POINT('',(230.,-180.000000000001,0.));
#11121=CARTESIAN_POINT('Origin',(230.,-200.000000000001,-20.));
#11122=CARTESIAN_POINT('',(210.,-200.000000000001,0.));
#11123=CARTESIAN_POINT('',(210.,-200.000000000001,0.));
#11124=CARTESIAN_POINT('',(210.,-200.000000000001,-20.));
#11125=CARTESIAN_POINT('Origin',(210.,-200.000000000001,-20.));
#11126=CARTESIAN_POINT('',(210.,-180.000000000001,0.));
#11127=CARTESIAN_POINT('Origin',(220.,-190.000000000001,0.));
#11128=CARTESIAN_POINT('Origin',(220.,190.000000000001,-17.));
#11129=CARTESIAN_POINT('',(230.,195.000000000001,-17.));
#11130=CARTESIAN_POINT('',(215.,180.000000000001,-17.));
#11131=CARTESIAN_POINT('',(222.5,187.500000000001,-17.));
#11132=CARTESIAN_POINT('',(230.,197.000000000001,-17.));
#11133=CARTESIAN_POINT('',(230.,185.000000000001,-17.));
#11134=CARTESIAN_POINT('',(213.,197.000000000001,-17.));
#11135=CARTESIAN_POINT('',(225.,197.000000000001,-17.));
#11136=CARTESIAN_POINT('',(213.,180.000000000001,-17.));
#11137=CARTESIAN_POINT('',(213.,195.000000000001,-17.));
#11138=CARTESIAN_POINT('',(215.,180.000000000001,-17.));
#11139=CARTESIAN_POINT('Origin',(230.,197.000000000001,-20.));
#11140=CARTESIAN_POINT('',(230.,197.000000000001,-3.));
#11141=CARTESIAN_POINT('',(230.,197.000000000001,-20.));
#11142=CARTESIAN_POINT('',(213.,197.000000000001,-3.));
#11143=CARTESIAN_POINT('',(225.,197.000000000001,-3.));
#11144=CARTESIAN_POINT('',(213.,197.000000000001,-20.));
#11145=CARTESIAN_POINT('Origin',(213.,200.000000000001,-20.));
#11146=CARTESIAN_POINT('',(213.,180.000000000001,-3.));
#11147=CARTESIAN_POINT('',(213.,195.000000000001,-3.));
#11148=CARTESIAN_POINT('',(213.,180.000000000001,-20.));
#11149=CARTESIAN_POINT('Origin',(220.,190.000000000001,-3.));
#11150=CARTESIAN_POINT('',(215.,180.000000000001,-3.));
#11151=CARTESIAN_POINT('',(230.,195.000000000001,-3.));
#11152=CARTESIAN_POINT('',(222.5,187.500000000001,-3.));
#11153=CARTESIAN_POINT('',(215.,180.000000000001,-3.));
#11154=CARTESIAN_POINT('',(230.,185.000000000001,-3.));
#11155=CARTESIAN_POINT('Origin',(230.,180.000000000001,-20.));
#11156=CARTESIAN_POINT('',(230.,195.000000000001,-20.));
#11157=CARTESIAN_POINT('',(230.,195.000000000001,-20.));
#11158=CARTESIAN_POINT('',(230.,200.000000000001,-20.));
#11159=CARTESIAN_POINT('',(230.,200.000000000001,-20.));
#11160=CARTESIAN_POINT('',(230.,200.000000000001,0.));
#11161=CARTESIAN_POINT('',(230.,200.000000000001,-20.));
#11162=CARTESIAN_POINT('',(230.,195.000000000001,0.));
#11163=CARTESIAN_POINT('',(230.,200.000000000001,0.));
#11164=CARTESIAN_POINT('',(230.,195.000000000001,-20.));
#11165=CARTESIAN_POINT('Origin',(222.5,187.500000000001,-20.));
#11166=CARTESIAN_POINT('',(215.,180.000000000001,-20.));
#11167=CARTESIAN_POINT('',(215.,180.000000000001,-20.));
#11168=CARTESIAN_POINT('',(222.5,187.500000000001,-20.));
#11169=CARTESIAN_POINT('Origin',(222.5,187.500000000001,-20.));
#11170=CARTESIAN_POINT('',(215.,180.000000000001,0.));
#11171=CARTESIAN_POINT('',(222.5,187.500000000001,0.));
#11172=CARTESIAN_POINT('',(215.,180.000000000001,-20.));
#11173=CARTESIAN_POINT('Origin',(220.,190.000000000001,-20.));
#11174=CARTESIAN_POINT('',(210.,180.000000000001,-20.));
#11175=CARTESIAN_POINT('',(230.,180.000000000001,-20.));
#11176=CARTESIAN_POINT('',(210.,200.000000000001,-20.));
#11177=CARTESIAN_POINT('',(210.,180.000000000001,-20.));
#11178=CARTESIAN_POINT('',(210.,200.000000000001,-20.));
#11179=CARTESIAN_POINT('Origin',(210.,180.000000000001,-20.));
#11180=CARTESIAN_POINT('',(210.,180.000000000001,0.));
#11181=CARTESIAN_POINT('',(230.,180.000000000001,0.));
#11182=CARTESIAN_POINT('',(210.,180.000000000001,-20.));
#11183=CARTESIAN_POINT('Origin',(230.,200.000000000001,-20.));
#11184=CARTESIAN_POINT('',(210.,200.000000000001,0.));
#11185=CARTESIAN_POINT('',(210.,200.000000000001,-20.));
#11186=CARTESIAN_POINT('',(210.,200.000000000001,0.));
#11187=CARTESIAN_POINT('Origin',(210.,200.000000000001,-20.));
#11188=CARTESIAN_POINT('',(210.,180.000000000001,0.));
#11189=CARTESIAN_POINT('Origin',(220.,190.000000000001,0.));
#11190=CARTESIAN_POINT('Origin',(180.,-190.000000000001,-3.00000000000001));
#11191=CARTESIAN_POINT('',(170.,-195.000000000001,-3.00000000000001));
#11192=CARTESIAN_POINT('',(185.,-180.000000000001,-3.00000000000001));
#11193=CARTESIAN_POINT('',(177.5,-187.500000000001,-3.00000000000001));
#11194=CARTESIAN_POINT('',(187.,-180.000000000001,-3.00000000000001));
#11195=CARTESIAN_POINT('',(185.,-180.000000000001,-3.00000000000001));
#11196=CARTESIAN_POINT('',(187.,-197.000000000001,-3.00000000000001));
#11197=CARTESIAN_POINT('',(187.,-195.000000000001,-3.00000000000001));
#11198=CARTESIAN_POINT('',(170.,-197.000000000001,-3.00000000000002));
#11199=CARTESIAN_POINT('',(175.,-197.000000000001,-3.00000000000001));
#11200=CARTESIAN_POINT('',(170.,-185.000000000001,-3.00000000000001));
#11201=CARTESIAN_POINT('Origin',(170.,-197.000000000001,-1.33226762955019E-14));
#11202=CARTESIAN_POINT('',(187.,-197.000000000001,-17.));
#11203=CARTESIAN_POINT('',(187.,-197.000000000001,-1.11022302462516E-14));
#11204=CARTESIAN_POINT('',(170.,-197.000000000001,-17.));
#11205=CARTESIAN_POINT('',(175.,-197.000000000001,-17.));
#11206=CARTESIAN_POINT('',(170.,-197.000000000001,-1.33226762955019E-14));
#11207=CARTESIAN_POINT('Origin',(187.,-200.000000000001,-1.11022302462516E-14));
#11208=CARTESIAN_POINT('',(187.,-180.000000000001,-17.));
#11209=CARTESIAN_POINT('',(187.,-180.000000000001,-1.11022302462516E-14));
#11210=CARTESIAN_POINT('',(187.,-195.000000000001,-17.));
#11211=CARTESIAN_POINT('Origin',(180.,-190.000000000001,-17.));
#11212=CARTESIAN_POINT('',(185.,-180.000000000001,-17.));
#11213=CARTESIAN_POINT('',(170.,-195.000000000001,-17.));
#11214=CARTESIAN_POINT('',(177.5,-187.500000000001,-17.));
#11215=CARTESIAN_POINT('',(170.,-185.000000000001,-17.));
#11216=CARTESIAN_POINT('',(185.,-180.000000000001,-17.));
#11217=CARTESIAN_POINT('Origin',(170.,-180.000000000001,-1.33226762955019E-14));
#11218=CARTESIAN_POINT('',(170.,-195.000000000001,-20.));
#11219=CARTESIAN_POINT('',(170.,-195.000000000001,-1.33226762955019E-14));
#11220=CARTESIAN_POINT('',(170.,-200.000000000001,-20.));
#11221=CARTESIAN_POINT('',(170.,-200.000000000001,-20.));
#11222=CARTESIAN_POINT('',(170.,-200.000000000001,-1.33226762955019E-14));
#11223=CARTESIAN_POINT('',(170.,-200.000000000001,-1.33226762955019E-14));
#11224=CARTESIAN_POINT('',(170.,-195.000000000001,-1.33226762955019E-14));
#11225=CARTESIAN_POINT('',(170.,-200.000000000001,-1.33226762955019E-14));
#11226=CARTESIAN_POINT('',(170.,-195.000000000001,-1.33226762955019E-14));
#11227=CARTESIAN_POINT('Origin',(177.5,-187.500000000001,-1.11022302462516E-14));
#11228=CARTESIAN_POINT('',(185.,-180.000000000001,-1.11022302462516E-14));
#11229=CARTESIAN_POINT('',(177.5,-187.500000000001,-1.11022302462516E-14));
#11230=CARTESIAN_POINT('',(185.,-180.000000000001,-1.11022302462516E-14));
#11231=CARTESIAN_POINT('Origin',(177.5,-187.500000000001,-1.11022302462516E-14));
#11232=CARTESIAN_POINT('',(185.,-180.000000000001,-20.));
#11233=CARTESIAN_POINT('',(185.,-180.000000000001,-1.11022302462516E-14));
#11234=CARTESIAN_POINT('',(177.5,-187.500000000001,-20.));
#11235=CARTESIAN_POINT('Origin',(180.,-190.000000000001,-1.11022302462516E-14));
#11236=CARTESIAN_POINT('',(190.,-200.000000000001,-1.11022302462516E-14));
#11237=CARTESIAN_POINT('',(190.,-200.000000000001,-1.11022302462516E-14));
#11238=CARTESIAN_POINT('',(190.,-180.000000000001,-1.11022302462516E-14));
#11239=CARTESIAN_POINT('',(190.,-180.000000000001,-1.11022302462516E-14));
#11240=CARTESIAN_POINT('',(170.,-180.000000000001,-1.33226762955019E-14));
#11241=CARTESIAN_POINT('Origin',(190.,-180.000000000001,-1.11022302462516E-14));
#11242=CARTESIAN_POINT('',(190.,-180.000000000001,-20.));
#11243=CARTESIAN_POINT('',(190.,-180.000000000001,-1.11022302462516E-14));
#11244=CARTESIAN_POINT('',(170.,-180.000000000001,-20.));
#11245=CARTESIAN_POINT('Origin',(170.,-200.000000000001,-1.33226762955019E-14));
#11246=CARTESIAN_POINT('',(190.,-200.000000000001,-20.));
#11247=CARTESIAN_POINT('',(190.,-200.000000000001,-20.));
#11248=CARTESIAN_POINT('',(190.,-200.000000000001,-1.11022302462516E-14));
#11249=CARTESIAN_POINT('Origin',(190.,-200.000000000001,-1.11022302462516E-14));
#11250=CARTESIAN_POINT('',(190.,-180.000000000001,-20.));
#11251=CARTESIAN_POINT('Origin',(180.,-190.000000000001,-20.));
#11252=CARTESIAN_POINT('Origin',(180.,190.000000000001,-3.00000000000001));
#11253=CARTESIAN_POINT('',(170.,195.000000000001,-3.00000000000001));
#11254=CARTESIAN_POINT('',(185.,180.000000000001,-3.00000000000001));
#11255=CARTESIAN_POINT('',(177.5,187.500000000001,-3.00000000000001));
#11256=CARTESIAN_POINT('',(170.,197.000000000001,-3.00000000000002));
#11257=CARTESIAN_POINT('',(170.,185.000000000001,-3.00000000000001));
#11258=CARTESIAN_POINT('',(187.,197.000000000001,-3.00000000000001));
#11259=CARTESIAN_POINT('',(175.,197.000000000001,-3.00000000000001));
#11260=CARTESIAN_POINT('',(187.,180.000000000001,-3.00000000000001));
#11261=CARTESIAN_POINT('',(187.,195.000000000001,-3.00000000000001));
#11262=CARTESIAN_POINT('',(185.,180.000000000001,-3.00000000000001));
#11263=CARTESIAN_POINT('Origin',(170.,197.000000000001,-1.33226762955019E-14));
#11264=CARTESIAN_POINT('',(170.,197.000000000001,-17.));
#11265=CARTESIAN_POINT('',(170.,197.000000000001,-1.33226762955019E-14));
#11266=CARTESIAN_POINT('',(187.,197.000000000001,-17.));
#11267=CARTESIAN_POINT('',(175.,197.000000000001,-17.));
#11268=CARTESIAN_POINT('',(187.,197.000000000001,-1.11022302462516E-14));
#11269=CARTESIAN_POINT('Origin',(187.,200.000000000001,-1.11022302462516E-14));
#11270=CARTESIAN_POINT('',(187.,180.000000000001,-17.));
#11271=CARTESIAN_POINT('',(187.,195.000000000001,-17.));
#11272=CARTESIAN_POINT('',(187.,180.000000000001,-1.11022302462516E-14));
#11273=CARTESIAN_POINT('Origin',(180.,190.000000000001,-17.));
#11274=CARTESIAN_POINT('',(185.,180.000000000001,-17.));
#11275=CARTESIAN_POINT('',(170.,195.000000000001,-17.));
#11276=CARTESIAN_POINT('',(177.5,187.500000000001,-17.));
#11277=CARTESIAN_POINT('',(185.,180.000000000001,-17.));
#11278=CARTESIAN_POINT('',(170.,185.000000000001,-17.));
#11279=CARTESIAN_POINT('Origin',(170.,180.000000000001,-1.33226762955019E-14));
#11280=CARTESIAN_POINT('',(170.,195.000000000001,-1.33226762955019E-14));
#11281=CARTESIAN_POINT('',(170.,195.000000000001,-1.33226762955019E-14));
#11282=CARTESIAN_POINT('',(170.,200.000000000001,-1.33226762955019E-14));
#11283=CARTESIAN_POINT('',(170.,200.000000000001,-1.33226762955019E-14));
#11284=CARTESIAN_POINT('',(170.,200.000000000001,-20.));
#11285=CARTESIAN_POINT('',(170.,200.000000000001,-1.33226762955019E-14));
#11286=CARTESIAN_POINT('',(170.,195.000000000001,-20.));
#11287=CARTESIAN_POINT('',(170.,200.000000000001,-20.));
#11288=CARTESIAN_POINT('',(170.,195.000000000001,-1.33226762955019E-14));
#11289=CARTESIAN_POINT('Origin',(177.5,187.500000000001,-1.11022302462516E-14));
#11290=CARTESIAN_POINT('',(185.,180.000000000001,-1.11022302462516E-14));
#11291=CARTESIAN_POINT('',(185.,180.000000000001,-1.11022302462516E-14));
#11292=CARTESIAN_POINT('',(177.5,187.500000000001,-1.11022302462516E-14));
#11293=CARTESIAN_POINT('Origin',(177.5,187.500000000001,-1.11022302462516E-14));
#11294=CARTESIAN_POINT('',(185.,180.000000000001,-20.));
#11295=CARTESIAN_POINT('',(177.5,187.500000000001,-20.));
#11296=CARTESIAN_POINT('',(185.,180.000000000001,-1.11022302462516E-14));
#11297=CARTESIAN_POINT('Origin',(180.,190.000000000001,-1.11022302462516E-14));
#11298=CARTESIAN_POINT('',(190.,180.000000000001,-1.11022302462516E-14));
#11299=CARTESIAN_POINT('',(170.,180.000000000001,-1.33226762955019E-14));
#11300=CARTESIAN_POINT('',(190.,200.000000000001,-1.11022302462516E-14));
#11301=CARTESIAN_POINT('',(190.,180.000000000001,-1.11022302462516E-14));
#11302=CARTESIAN_POINT('',(190.,200.000000000001,-1.11022302462516E-14));
#11303=CARTESIAN_POINT('Origin',(190.,180.000000000001,-1.11022302462516E-14));
#11304=CARTESIAN_POINT('',(190.,180.000000000001,-20.));
#11305=CARTESIAN_POINT('',(170.,180.000000000001,-20.));
#11306=CARTESIAN_POINT('',(190.,180.000000000001,-1.11022302462516E-14));
#11307=CARTESIAN_POINT('Origin',(170.,200.000000000001,-1.33226762955019E-14));
#11308=CARTESIAN_POINT('',(190.,200.000000000001,-20.));
#11309=CARTESIAN_POINT('',(190.,200.000000000001,-1.11022302462516E-14));
#11310=CARTESIAN_POINT('',(190.,200.000000000001,-20.));
#11311=CARTESIAN_POINT('Origin',(190.,200.000000000001,-1.11022302462516E-14));
#11312=CARTESIAN_POINT('',(190.,180.000000000001,-20.));
#11313=CARTESIAN_POINT('Origin',(180.,190.000000000001,-20.));
#11314=CARTESIAN_POINT('',(-215.,110.,-10.));
#11315=CARTESIAN_POINT('',(-215.,-110.,-10.));
#11316=CARTESIAN_POINT('',(215.,110.,-10.));
#11317=CARTESIAN_POINT('',(215.,-110.,-10.));
#11318=UNCERTAINTY_MEASURE_WITH_UNIT(LENGTH_MEASURE(0.01),#11324,
'DISTANCE_ACCURACY_VALUE',
'Maximum model space distance between geometric entities at asserted c
onnectivities');
#11319=UNCERTAINTY_MEASURE_WITH_UNIT(LENGTH_MEASURE(0.01),#11324,
'DISTANCE_ACCURACY_VALUE',
'Maximum model space distance between geometric entities at asserted c
onnectivities');
#11320=UNCERTAINTY_MEASURE_WITH_UNIT(LENGTH_MEASURE(0.01),#11324,
'DISTANCE_ACCURACY_VALUE',
'Maximum model space distance between geometric entities at asserted c
onnectivities');
#11321=(
GEOMETRIC_REPRESENTATION_CONTEXT(3)
GLOBAL_UNCERTAINTY_ASSIGNED_CONTEXT((#11318))
GLOBAL_UNIT_ASSIGNED_CONTEXT((#11324,#11326,#11327))
REPRESENTATION_CONTEXT('','3D')
);
#11322=(
GEOMETRIC_REPRESENTATION_CONTEXT(3)
GLOBAL_UNCERTAINTY_ASSIGNED_CONTEXT((#11319))
GLOBAL_UNIT_ASSIGNED_CONTEXT((#11324,#11326,#11327))
REPRESENTATION_CONTEXT('','3D')
);
#11323=(
GEOMETRIC_REPRESENTATION_CONTEXT(3)
GLOBAL_UNCERTAINTY_ASSIGNED_CONTEXT((#11320))
GLOBAL_UNIT_ASSIGNED_CONTEXT((#11324,#11326,#11327))
REPRESENTATION_CONTEXT('','3D')
);
#11324=(
LENGTH_UNIT()
NAMED_UNIT(*)
SI_UNIT(.MILLI.,.METRE.)
);
#11325=(
LENGTH_UNIT()
NAMED_UNIT(*)
SI_UNIT($,.METRE.)
);
#11326=(
NAMED_UNIT(*)
PLANE_ANGLE_UNIT()
SI_UNIT($,.RADIAN.)
);
#11327=(
NAMED_UNIT(*)
SI_UNIT($,.STERADIAN.)
SOLID_ANGLE_UNIT()
);
#11328=SHAPE_DEFINITION_REPRESENTATION(#11330,#11336);
#11329=SHAPE_DEFINITION_REPRESENTATION(#11331,#11337);
#11330=PRODUCT_DEFINITION_SHAPE('',$,#11339);
#11331=PRODUCT_DEFINITION_SHAPE('',$,#11340);
#11332=PRODUCT_DEFINITION_SHAPE($,$,#23);
#11333=PRODUCT_DEFINITION_SHAPE($,$,#24);
#11334=PRODUCT_DEFINITION_SHAPE($,$,#25);
#11335=PRODUCT_DEFINITION_SHAPE($,$,#26);
#11336=SHAPE_REPRESENTATION('',(#6039,#6531,#6532,#6533,#6534),#11321);
#11337=SHAPE_REPRESENTATION('',(#6040),#11322);
#11338=PRODUCT_DEFINITION_CONTEXT('part definition',#11346,'design');
#11339=PRODUCT_DEFINITION('Vacuum Former V5 Platen',
'Vacuum Former V5 Platen v9',#11341,#11338);
#11340=PRODUCT_DEFINITION('WING NUT M4 x 0.7mm Thread',
'WING NUT M4 x 0.7mm Thread v1',#11342,#11338);
#11341=PRODUCT_DEFINITION_FORMATION('',$,#11348);
#11342=PRODUCT_DEFINITION_FORMATION('',$,#11349);
#11343=PRODUCT_RELATED_PRODUCT_CATEGORY('Vacuum Former V5 Platen v9',
'Vacuum Former V5 Platen v9',(#11348));
#11344=PRODUCT_RELATED_PRODUCT_CATEGORY('WING NUT M4 x 0.7mm Thread v1',
'WING NUT M4 x 0.7mm Thread v1',(#11349));
#11345=APPLICATION_PROTOCOL_DEFINITION('international standard',
'automotive_design',2009,#11346);
#11346=APPLICATION_CONTEXT(
'Core Data for Automotive Mechanical Design Process');
#11347=PRODUCT_CONTEXT('part definition',#11346,'mechanical');
#11348=PRODUCT('Vacuum Former V5 Platen','Vacuum Former V5 Platen v9',$,
(#11347));
#11349=PRODUCT('WING NUT M4 x 0.7mm Thread',
'WING NUT M4 x 0.7mm Thread v1','STEP AP203',(#11347));
#11350=PRESENTATION_STYLE_ASSIGNMENT((#11355));
#11351=PRESENTATION_STYLE_ASSIGNMENT((#11356));
#11352=PRESENTATION_STYLE_ASSIGNMENT((#11357));
#11353=PRESENTATION_STYLE_ASSIGNMENT((#11358));
#11354=PRESENTATION_STYLE_ASSIGNMENT((#11359));
#11355=SURFACE_STYLE_USAGE(.BOTH.,#11360);
#11356=SURFACE_STYLE_USAGE(.BOTH.,#11361);
#11357=SURFACE_STYLE_USAGE(.BOTH.,#11362);
#11358=SURFACE_STYLE_USAGE(.BOTH.,#11363);
#11359=SURFACE_STYLE_USAGE(.BOTH.,#11364);
#11360=SURFACE_SIDE_STYLE('',(#11365));
#11361=SURFACE_SIDE_STYLE('',(#11366));
#11362=SURFACE_SIDE_STYLE('',(#11367));
#11363=SURFACE_SIDE_STYLE('',(#11368));
#11364=SURFACE_SIDE_STYLE('',(#11369));
#11365=SURFACE_STYLE_FILL_AREA(#11370);
#11366=SURFACE_STYLE_FILL_AREA(#11371);
#11367=SURFACE_STYLE_FILL_AREA(#11372);
#11368=SURFACE_STYLE_FILL_AREA(#11373);
#11369=SURFACE_STYLE_FILL_AREA(#11374);
#11370=FILL_AREA_STYLE('Aluminum - Satin',(#11375));
#11371=FILL_AREA_STYLE('Oak',(#11376));
#11372=FILL_AREA_STYLE('Paint - Enamel Glossy (White)',(#11377));
#11373=FILL_AREA_STYLE('Polyurethane',(#11378));
#11374=FILL_AREA_STYLE('Plastic - Matte (Yellow)',(#11379));
#11375=FILL_AREA_STYLE_COLOUR('Aluminum - Satin',#11380);
#11376=FILL_AREA_STYLE_COLOUR('Oak',#11381);
#11377=FILL_AREA_STYLE_COLOUR('Paint - Enamel Glossy (White)',#11382);
#11378=FILL_AREA_STYLE_COLOUR('Polyurethane',#11383);
#11379=FILL_AREA_STYLE_COLOUR('Plastic - Matte (Yellow)',#11384);
#11380=COLOUR_RGB('Aluminum - Satin',0.96078431372549,0.96078431372549,
0.964705882352941);
#11381=COLOUR_RGB('Oak',0.,0.,0.);
#11382=COLOUR_RGB('Paint - Enamel Glossy (White)',0.964705882352941,0.964705882352941,
0.952941176470588);
#11383=COLOUR_RGB('Polyurethane',0.,0.,0.);
#11384=COLOUR_RGB('Plastic - Matte (Yellow)',0.909803921568627,0.67843137254902,
0.137254901960784);
ENDSEC;
END-ISO-10303-21;
