ISO-10303-21;
HEADER;
/* Generated by software containing ST-Developer
 * from STEP Tools, Inc. (www.steptools.com) 
 */

FILE_DESCRIPTION(
/* description */ ('',
'CAx-IF Rec.Pracs.---Representation and Presentation of Product Manufa
cturing Information (PMI)---4.0---2014-10-13'),
/* implementation_level */ '2;1');

FILE_NAME(
/* name */ 'Vacuum Former Platern Adapter V2.step',
/* time_stamp */ '2025-02-28T02:46:32+11:00',
/* author */ (''),
/* organization */ (''),
/* preprocessor_version */ 'ST-DEVELOPER v20',
/* originating_system */ 'Autodesk Translation Framework v13.20.0.188',

/* authorisation */ '');

FILE_SCHEMA (('AP242_MANAGED_MODEL_BASED_3D_ENGINEERING_MIM_LF { 1 0 10303 442 1 1 4 }'));
ENDSEC;

DATA;
#10=MECHANICAL_DESIGN_GEOMETRIC_PRESENTATION_REPRESENTATION('',(#25,#26,
#27),#3759);
#11=SHAPE_REPRESENTATION_RELATIONSHIP('SRR','None',#3766,#12);
#12=ADVANCED_BREP_SHAPE_REPRESENTATION('',(#28,#29,#30),#3758);
#13=CONICAL_SURFACE('',#1339,21.75,0.785398163397451);
#14=SPHERICAL_SURFACE('',#1333,27.);
#15=SPHERICAL_SURFACE('',#1335,27.);
#16=SPHERICAL_SURFACE('',#1337,24.3);
#17=TOROIDAL_SURFACE('',#1291,9.58257569495584,5.);
#18=TOROIDAL_SURFACE('',#1307,9.58257569495584,5.);
#19=TOROIDAL_SURFACE('',#1319,32.,5.);
#20=TOROIDAL_SURFACE('',#1322,32.,5.);
#21=TOROIDAL_SURFACE('',#1346,33.25,10.);
#22=ELLIPSE('',#1240,36.5483241749878,24.3);
#23=ELLIPSE('',#1241,36.5483241749878,24.3);
#24=ELLIPSE('',#1242,36.5483241749878,24.3);
#25=STYLED_ITEM('',(#3775),#28);
#26=STYLED_ITEM('',(#3775),#29);
#27=STYLED_ITEM('',(#3775),#30);
#28=MANIFOLD_SOLID_BREP('Body1',#1199);
#29=MANIFOLD_SOLID_BREP('Body2',#1200);
#30=MANIFOLD_SOLID_BREP('Body8',#1201);
#31=FACE_BOUND('',#231,.T.);
#32=FACE_BOUND('',#233,.T.);
#33=FACE_BOUND('',#235,.T.);
#34=FACE_BOUND('',#237,.T.);
#35=FACE_BOUND('',#240,.T.);
#36=FACE_BOUND('',#242,.T.);
#37=FACE_BOUND('',#247,.T.);
#38=FACE_BOUND('',#248,.T.);
#39=FACE_BOUND('',#250,.T.);
#40=FACE_BOUND('',#251,.T.);
#41=FACE_BOUND('',#267,.T.);
#42=FACE_BOUND('',#269,.T.);
#43=FACE_BOUND('',#287,.T.);
#44=FACE_BOUND('',#291,.T.);
#45=FACE_BOUND('',#294,.T.);
#46=FACE_BOUND('',#300,.T.);
#47=FACE_BOUND('',#303,.T.);
#48=FACE_BOUND('',#305,.T.);
#49=FACE_BOUND('',#311,.T.);
#50=FACE_BOUND('',#313,.T.);
#51=PLANE('',#1225);
#52=PLANE('',#1227);
#53=PLANE('',#1229);
#54=PLANE('',#1232);
#55=PLANE('',#1237);
#56=PLANE('',#1287);
#57=PLANE('',#1288);
#58=PLANE('',#1306);
#59=PLANE('',#1318);
#60=PLANE('',#1325);
#61=PLANE('',#1326);
#62=PLANE('',#1329);
#63=PLANE('',#1332);
#64=PLANE('',#1336);
#65=PLANE('',#1338);
#66=PLANE('',#1342);
#67=PLANE('',#1357);
#68=LINE('',#2057,#102);
#69=LINE('',#2130,#103);
#70=LINE('',#2135,#104);
#71=LINE('',#2158,#105);
#72=LINE('',#2220,#106);
#73=LINE('',#2222,#107);
#74=LINE('',#2305,#108);
#75=LINE('',#2769,#109);
#76=LINE('',#2773,#110);
#77=LINE('',#2923,#111);
#78=LINE('',#3114,#112);
#79=LINE('',#3119,#113);
#80=LINE('',#3218,#114);
#81=LINE('',#3253,#115);
#82=LINE('',#3258,#116);
#83=LINE('',#3271,#117);
#84=LINE('',#3273,#118);
#85=LINE('',#3320,#119);
#86=LINE('',#3408,#120);
#87=LINE('',#3409,#121);
#88=LINE('',#3464,#122);
#89=LINE('',#3541,#123);
#90=LINE('',#3544,#124);
#91=LINE('',#3548,#125);
#92=LINE('',#3552,#126);
#93=LINE('',#3559,#127);
#94=LINE('',#3566,#128);
#95=LINE('',#3575,#129);
#96=LINE('',#3595,#130);
#97=LINE('',#3666,#131);
#98=LINE('',#3706,#132);
#99=LINE('',#3709,#133);
#100=LINE('',#3753,#134);
#101=LINE('',#3754,#135);
#102=VECTOR('',#1374,21.);
#103=VECTOR('',#1401,32.);
#104=VECTOR('',#1406,24.);
#105=VECTOR('',#1407,24.);
#106=VECTOR('',#1412,2.4);
#107=VECTOR('',#1415,2.4);
#108=VECTOR('',#1426,24.);
#109=VECTOR('',#1461,10.);
#110=VECTOR('',#1464,27.);
#111=VECTOR('',#1475,10.);
#112=VECTOR('',#1508,2.4);
#113=VECTOR('',#1515,2.4);
#114=VECTOR('',#1540,10.);
#115=VECTOR('',#1549,10.);
#116=VECTOR('',#1554,10.);
#117=VECTOR('',#1559,10.);
#118=VECTOR('',#1560,10.);
#119=VECTOR('',#1575,10.);
#120=VECTOR('',#1586,10.);
#121=VECTOR('',#1587,10.);
#122=VECTOR('',#1594,10.);
#123=VECTOR('',#1601,10.);
#124=VECTOR('',#1606,10.);
#125=VECTOR('',#1611,2.4);
#126=VECTOR('',#1616,2.4);
#127=VECTOR('',#1629,10.);
#128=VECTOR('',#1638,21.75);
#129=VECTOR('',#1649,21.25);
#130=VECTOR('',#1650,21.25);
#131=VECTOR('',#1665,23.25);
#132=VECTOR('',#1668,2.4);
#133=VECTOR('',#1671,2.4);
#134=VECTOR('',#1676,24.);
#135=VECTOR('',#1677,24.);
#136=CYLINDRICAL_SURFACE('',#1220,21.);
#137=CYLINDRICAL_SURFACE('',#1234,32.);
#138=CYLINDRICAL_SURFACE('',#1235,24.);
#139=CYLINDRICAL_SURFACE('',#1238,2.4);
#140=CYLINDRICAL_SURFACE('',#1239,2.4);
#141=CYLINDRICAL_SURFACE('',#1243,24.3);
#142=CYLINDRICAL_SURFACE('',#1247,24.3);
#143=CYLINDRICAL_SURFACE('',#1261,27.);
#144=CYLINDRICAL_SURFACE('',#1281,5.);
#145=CYLINDRICAL_SURFACE('',#1283,2.4);
#146=CYLINDRICAL_SURFACE('',#1285,2.4);
#147=CYLINDRICAL_SURFACE('',#1290,5.);
#148=CYLINDRICAL_SURFACE('',#1302,27.);
#149=CYLINDRICAL_SURFACE('',#1327,2.4);
#150=CYLINDRICAL_SURFACE('',#1330,2.4);
#151=CYLINDRICAL_SURFACE('',#1344,21.25);
#152=CYLINDRICAL_SURFACE('',#1352,23.25);
#153=CYLINDRICAL_SURFACE('',#1353,2.4);
#154=CYLINDRICAL_SURFACE('',#1354,2.4);
#155=CYLINDRICAL_SURFACE('',#1355,24.);
#156=FACE_OUTER_BOUND('',#225,.T.);
#157=FACE_OUTER_BOUND('',#226,.T.);
#158=FACE_OUTER_BOUND('',#227,.T.);
#159=FACE_OUTER_BOUND('',#228,.T.);
#160=FACE_OUTER_BOUND('',#229,.T.);
#161=FACE_OUTER_BOUND('',#230,.T.);
#162=FACE_OUTER_BOUND('',#232,.T.);
#163=FACE_OUTER_BOUND('',#234,.T.);
#164=FACE_OUTER_BOUND('',#236,.T.);
#165=FACE_OUTER_BOUND('',#238,.T.);
#166=FACE_OUTER_BOUND('',#239,.T.);
#167=FACE_OUTER_BOUND('',#241,.T.);
#168=FACE_OUTER_BOUND('',#243,.T.);
#169=FACE_OUTER_BOUND('',#244,.T.);
#170=FACE_OUTER_BOUND('',#245,.T.);
#171=FACE_OUTER_BOUND('',#246,.T.);
#172=FACE_OUTER_BOUND('',#249,.T.);
#173=FACE_OUTER_BOUND('',#252,.T.);
#174=FACE_OUTER_BOUND('',#253,.T.);
#175=FACE_OUTER_BOUND('',#254,.T.);
#176=FACE_OUTER_BOUND('',#255,.T.);
#177=FACE_OUTER_BOUND('',#256,.T.);
#178=FACE_OUTER_BOUND('',#257,.T.);
#179=FACE_OUTER_BOUND('',#258,.T.);
#180=FACE_OUTER_BOUND('',#259,.T.);
#181=FACE_OUTER_BOUND('',#260,.T.);
#182=FACE_OUTER_BOUND('',#261,.T.);
#183=FACE_OUTER_BOUND('',#262,.T.);
#184=FACE_OUTER_BOUND('',#263,.T.);
#185=FACE_OUTER_BOUND('',#264,.T.);
#186=FACE_OUTER_BOUND('',#265,.T.);
#187=FACE_OUTER_BOUND('',#266,.T.);
#188=FACE_OUTER_BOUND('',#268,.T.);
#189=FACE_OUTER_BOUND('',#270,.T.);
#190=FACE_OUTER_BOUND('',#271,.T.);
#191=FACE_OUTER_BOUND('',#272,.T.);
#192=FACE_OUTER_BOUND('',#273,.T.);
#193=FACE_OUTER_BOUND('',#274,.T.);
#194=FACE_OUTER_BOUND('',#275,.T.);
#195=FACE_OUTER_BOUND('',#276,.T.);
#196=FACE_OUTER_BOUND('',#277,.T.);
#197=FACE_OUTER_BOUND('',#278,.T.);
#198=FACE_OUTER_BOUND('',#279,.T.);
#199=FACE_OUTER_BOUND('',#280,.T.);
#200=FACE_OUTER_BOUND('',#281,.T.);
#201=FACE_OUTER_BOUND('',#282,.T.);
#202=FACE_OUTER_BOUND('',#283,.T.);
#203=FACE_OUTER_BOUND('',#284,.T.);
#204=FACE_OUTER_BOUND('',#285,.T.);
#205=FACE_OUTER_BOUND('',#286,.T.);
#206=FACE_OUTER_BOUND('',#288,.T.);
#207=FACE_OUTER_BOUND('',#289,.T.);
#208=FACE_OUTER_BOUND('',#290,.T.);
#209=FACE_OUTER_BOUND('',#292,.T.);
#210=FACE_OUTER_BOUND('',#293,.T.);
#211=FACE_OUTER_BOUND('',#295,.T.);
#212=FACE_OUTER_BOUND('',#296,.T.);
#213=FACE_OUTER_BOUND('',#297,.T.);
#214=FACE_OUTER_BOUND('',#298,.T.);
#215=FACE_OUTER_BOUND('',#299,.T.);
#216=FACE_OUTER_BOUND('',#301,.T.);
#217=FACE_OUTER_BOUND('',#302,.T.);
#218=FACE_OUTER_BOUND('',#304,.T.);
#219=FACE_OUTER_BOUND('',#306,.T.);
#220=FACE_OUTER_BOUND('',#307,.T.);
#221=FACE_OUTER_BOUND('',#308,.T.);
#222=FACE_OUTER_BOUND('',#309,.T.);
#223=FACE_OUTER_BOUND('',#310,.T.);
#224=FACE_OUTER_BOUND('',#312,.T.);
#225=EDGE_LOOP('',(#749,#750,#751,#752,#753,#754));
#226=EDGE_LOOP('',(#755,#756,#757,#758));
#227=EDGE_LOOP('',(#759,#760,#761,#762,#763,#764));
#228=EDGE_LOOP('',(#765,#766,#767,#768,#769,#770,#771,#772,#773,#774,#775,
#776));
#229=EDGE_LOOP('',(#777,#778,#779,#780,#781));
#230=EDGE_LOOP('',(#782,#783));
#231=EDGE_LOOP('',(#784));
#232=EDGE_LOOP('',(#785,#786));
#233=EDGE_LOOP('',(#787));
#234=EDGE_LOOP('',(#788));
#235=EDGE_LOOP('',(#789));
#236=EDGE_LOOP('',(#790));
#237=EDGE_LOOP('',(#791));
#238=EDGE_LOOP('',(#792,#793,#794,#795));
#239=EDGE_LOOP('',(#796,#797,#798,#799,#800,#801,#802,#803,#804,#805));
#240=EDGE_LOOP('',(#806,#807));
#241=EDGE_LOOP('',(#808));
#242=EDGE_LOOP('',(#809,#810,#811,#812));
#243=EDGE_LOOP('',(#813,#814,#815,#816,#817));
#244=EDGE_LOOP('',(#818,#819,#820,#821,#822,#823,#824));
#245=EDGE_LOOP('',(#825,#826,#827,#828));
#246=EDGE_LOOP('',(#829,#830,#831,#832,#833,#834));
#247=EDGE_LOOP('',(#835,#836));
#248=EDGE_LOOP('',(#837,#838));
#249=EDGE_LOOP('',(#839,#840,#841,#842));
#250=EDGE_LOOP('',(#843));
#251=EDGE_LOOP('',(#844));
#252=EDGE_LOOP('',(#845,#846,#847,#848,#849));
#253=EDGE_LOOP('',(#850,#851,#852,#853));
#254=EDGE_LOOP('',(#854,#855,#856,#857));
#255=EDGE_LOOP('',(#858,#859,#860));
#256=EDGE_LOOP('',(#861,#862,#863));
#257=EDGE_LOOP('',(#864,#865,#866,#867,#868,#869,#870,#871,#872,#873,#874,
#875,#876,#877,#878,#879,#880,#881));
#258=EDGE_LOOP('',(#882,#883,#884,#885,#886));
#259=EDGE_LOOP('',(#887,#888,#889,#890));
#260=EDGE_LOOP('',(#891,#892,#893,#894));
#261=EDGE_LOOP('',(#895,#896,#897));
#262=EDGE_LOOP('',(#898,#899,#900));
#263=EDGE_LOOP('',(#901,#902,#903));
#264=EDGE_LOOP('',(#904,#905,#906,#907,#908));
#265=EDGE_LOOP('',(#909,#910,#911,#912,#913));
#266=EDGE_LOOP('',(#914,#915,#916,#917));
#267=EDGE_LOOP('',(#918));
#268=EDGE_LOOP('',(#919,#920,#921,#922));
#269=EDGE_LOOP('',(#923));
#270=EDGE_LOOP('',(#924,#925,#926));
#271=EDGE_LOOP('',(#927,#928,#929,#930));
#272=EDGE_LOOP('',(#931,#932,#933,#934));
#273=EDGE_LOOP('',(#935,#936,#937,#938));
#274=EDGE_LOOP('',(#939,#940,#941,#942));
#275=EDGE_LOOP('',(#943,#944,#945,#946,#947,#948,#949));
#276=EDGE_LOOP('',(#950,#951,#952,#953,#954,#955));
#277=EDGE_LOOP('',(#956,#957,#958,#959));
#278=EDGE_LOOP('',(#960,#961,#962,#963));
#279=EDGE_LOOP('',(#964,#965,#966,#967));
#280=EDGE_LOOP('',(#968,#969,#970,#971));
#281=EDGE_LOOP('',(#972,#973,#974,#975,#976,#977));
#282=EDGE_LOOP('',(#978,#979,#980,#981,#982));
#283=EDGE_LOOP('',(#983,#984,#985));
#284=EDGE_LOOP('',(#986,#987,#988,#989));
#285=EDGE_LOOP('',(#990,#991,#992));
#286=EDGE_LOOP('',(#993,#994,#995,#996,#997,#998,#999,#1000,#1001,#1002,
#1003));
#287=EDGE_LOOP('',(#1004));
#288=EDGE_LOOP('',(#1005,#1006,#1007));
#289=EDGE_LOOP('',(#1008,#1009,#1010,#1011));
#290=EDGE_LOOP('',(#1012,#1013,#1014,#1015));
#291=EDGE_LOOP('',(#1016));
#292=EDGE_LOOP('',(#1017,#1018,#1019,#1020));
#293=EDGE_LOOP('',(#1021,#1022,#1023,#1024));
#294=EDGE_LOOP('',(#1025));
#295=EDGE_LOOP('',(#1026,#1027,#1028));
#296=EDGE_LOOP('',(#1029,#1030,#1031));
#297=EDGE_LOOP('',(#1032,#1033,#1034));
#298=EDGE_LOOP('',(#1035,#1036,#1037));
#299=EDGE_LOOP('',(#1038,#1039,#1040,#1041,#1042,#1043,#1044,#1045,#1046,
#1047,#1048));
#300=EDGE_LOOP('',(#1049,#1050));
#301=EDGE_LOOP('',(#1051,#1052,#1053,#1054));
#302=EDGE_LOOP('',(#1055));
#303=EDGE_LOOP('',(#1056));
#304=EDGE_LOOP('',(#1057,#1058,#1059,#1060,#1061,#1062,#1063,#1064,#1065));
#305=EDGE_LOOP('',(#1066,#1067));
#306=EDGE_LOOP('',(#1068,#1069,#1070,#1071,#1072,#1073));
#307=EDGE_LOOP('',(#1074,#1075,#1076,#1077,#1078));
#308=EDGE_LOOP('',(#1079,#1080,#1081,#1082,#1083,#1084));
#309=EDGE_LOOP('',(#1085,#1086,#1087,#1088,#1089,#1090,#1091,#1092));
#310=EDGE_LOOP('',(#1093,#1094,#1095,#1096,#1097,#1098,#1099,#1100,#1101,
#1102));
#311=EDGE_LOOP('',(#1103,#1104));
#312=EDGE_LOOP('',(#1105));
#313=EDGE_LOOP('',(#1106));
#314=CIRCLE('',#1215,5.);
#315=CIRCLE('',#1216,5.);
#316=CIRCLE('',#1217,5.);
#317=CIRCLE('',#1218,5.);
#318=CIRCLE('',#1219,5.);
#319=CIRCLE('',#1221,21.);
#320=CIRCLE('',#1222,21.);
#321=CIRCLE('',#1223,21.);
#322=CIRCLE('',#1224,5.);
#323=CIRCLE('',#1226,2.4);
#324=CIRCLE('',#1228,2.4);
#325=CIRCLE('',#1230,32.);
#326=CIRCLE('',#1231,24.);
#327=CIRCLE('',#1233,32.);
#328=CIRCLE('',#1236,24.);
#329=CIRCLE('',#1244,24.3);
#330=CIRCLE('',#1245,24.3);
#331=CIRCLE('',#1246,24.3);
#332=CIRCLE('',#1248,24.3);
#333=CIRCLE('',#1249,24.3);
#334=CIRCLE('',#1250,5.);
#335=CIRCLE('',#1251,5.);
#336=CIRCLE('',#1252,5.00000000000001);
#337=CIRCLE('',#1253,5.00000000000001);
#338=CIRCLE('',#1254,5.);
#339=CIRCLE('',#1255,27.);
#340=CIRCLE('',#1256,5.);
#341=CIRCLE('',#1257,27.);
#342=CIRCLE('',#1258,5.);
#343=CIRCLE('',#1259,27.);
#344=CIRCLE('',#1260,27.);
#345=CIRCLE('',#1262,27.);
#346=CIRCLE('',#1263,27.);
#347=CIRCLE('',#1264,27.);
#348=CIRCLE('',#1265,27.);
#349=CIRCLE('',#1266,27.);
#350=CIRCLE('',#1267,27.);
#351=CIRCLE('',#1268,27.);
#352=CIRCLE('',#1269,27.);
#353=CIRCLE('',#1270,5.00000000000001);
#354=CIRCLE('',#1271,5.);
#355=CIRCLE('',#1272,5.);
#356=CIRCLE('',#1273,5.);
#357=CIRCLE('',#1274,5.);
#358=CIRCLE('',#1275,27.);
#359=CIRCLE('',#1276,5.);
#360=CIRCLE('',#1277,27.);
#361=CIRCLE('',#1278,5.);
#362=CIRCLE('',#1279,27.);
#363=CIRCLE('',#1280,27.);
#364=CIRCLE('',#1282,5.);
#365=CIRCLE('',#1284,2.4);
#366=CIRCLE('',#1286,2.4);
#367=CIRCLE('',#1289,5.);
#368=CIRCLE('',#1292,5.);
#369=CIRCLE('',#1293,5.);
#370=CIRCLE('',#1294,5.00000000000001);
#371=CIRCLE('',#1295,9.58257569495584);
#372=CIRCLE('',#1296,5.);
#373=CIRCLE('',#1297,5.);
#374=CIRCLE('',#1298,5.);
#375=CIRCLE('',#1299,5.);
#376=CIRCLE('',#1300,5.);
#377=CIRCLE('',#1301,27.);
#378=CIRCLE('',#1303,27.);
#379=CIRCLE('',#1304,27.);
#380=CIRCLE('',#1305,27.);
#381=CIRCLE('',#1308,5.);
#382=CIRCLE('',#1309,5.);
#383=CIRCLE('',#1310,5.);
#384=CIRCLE('',#1311,9.58257569495584);
#385=CIRCLE('',#1312,5.);
#386=CIRCLE('',#1313,5.);
#387=CIRCLE('',#1314,5.);
#388=CIRCLE('',#1315,5.);
#389=CIRCLE('',#1316,5.);
#390=CIRCLE('',#1317,27.);
#391=CIRCLE('',#1320,4.99999999999999);
#392=CIRCLE('',#1321,32.);
#393=CIRCLE('',#1323,5.00000000000001);
#394=CIRCLE('',#1324,32.);
#395=CIRCLE('',#1328,2.4);
#396=CIRCLE('',#1331,2.4);
#397=CIRCLE('',#1334,27.);
#398=CIRCLE('',#1340,22.25);
#399=CIRCLE('',#1341,21.25);
#400=CIRCLE('',#1343,23.25);
#401=CIRCLE('',#1345,21.25);
#402=CIRCLE('',#1347,23.25);
#403=CIRCLE('',#1348,23.25);
#404=CIRCLE('',#1349,10.);
#405=CIRCLE('',#1350,24.);
#406=CIRCLE('',#1351,24.);
#407=CIRCLE('',#1356,24.);
#408=B_SPLINE_CURVE_WITH_KNOTS('',3,(#1743,#1744,#1745,#1746),
 .UNSPECIFIED.,.F.,.F.,(4,4),(-1.,0.),.UNSPECIFIED.);
#409=B_SPLINE_CURVE_WITH_KNOTS('',3,(#1748,#1749,#1750,#1751),
 .UNSPECIFIED.,.F.,.F.,(4,4),(-4.36485379765336,-4.1107062761914),
 .UNSPECIFIED.);
#410=B_SPLINE_CURVE_WITH_KNOTS('',3,(#1753,#1754,#1755,#1756,#1757,#1758,
#1759,#1760,#1761,#1762,#1763,#1764,#1765,#1766,#1767,#1768,#1769,#1770,
#1771,#1772,#1773,#1774),.UNSPECIFIED.,.F.,.F.,(4,2,2,2,2,2,2,2,2,2,4),
(0.,0.101865109870322,0.428583194912878,0.485908959396407,0.512076417135812,
0.532091485945877,0.553417009484585,0.586246042417167,0.64938278505389,
0.747941418436732,1.03788188126018),.UNSPECIFIED.);
#411=B_SPLINE_CURVE_WITH_KNOTS('',3,(#1776,#1777,#1778,#1779,#1780,#1781,
#1782,#1783,#1784,#1785),.UNSPECIFIED.,.F.,.F.,(4,1,1,1,1,1,1,4),(-3.1911265374404,
-2.89029418913681,-2.70597423807225,-2.61381426253996,-2.52165428700768,
-2.33733433594311,-2.15301438487854,-1.78437448274941),.UNSPECIFIED.);
#412=B_SPLINE_CURVE_WITH_KNOTS('',3,(#1831,#1832,#1833,#1834),
 .UNSPECIFIED.,.F.,.F.,(4,4),(-1.,0.),.UNSPECIFIED.);
#413=B_SPLINE_CURVE_WITH_KNOTS('',3,(#1836,#1837,#1838,#1839,#1840,#1841,
#1842,#1843,#1844,#1845),.UNSPECIFIED.,.F.,.F.,(4,1,1,1,1,1,1,4),(-4.36605672194903,
-4.16497831385362,-3.96389990575821,-3.76282149766279,-3.56174308956738,
-3.36066468147197,-3.15958627337655,-2.95850786528114),.UNSPECIFIED.);
#414=B_SPLINE_CURVE_WITH_KNOTS('',3,(#1923,#1924,#1925,#1926,#1927,#1928,
#1929,#1930,#1931,#1932,#1933,#1934,#1935,#1936,#1937,#1938,#1939,#1940,
#1941,#1942,#1943,#1944,#1945,#1946,#1947,#1948,#1949,#1950,#1951,#1952,
#1953,#1954,#1955,#1956,#1957,#1958,#1959,#1960,#1961,#1962,#1963,#1964,
#1965,#1966,#1967,#1968,#1969,#1970,#1971,#1972,#1973,#1974,#1975,#1976,
#1977,#1978,#1979,#1980,#1981,#1982,#1983,#1984,#1985,#1986,#1987,#1988,
#1989,#1990,#1991,#1992,#1993,#1994,#1995,#1996,#1997,#1998,#1999,#2000,
#2001,#2002,#2003,#2004,#2005,#2006,#2007,#2008,#2009,#2010,#2011,#2012,
#2013,#2014,#2015,#2016,#2017,#2018,#2019,#2020,#2021,#2022),
 .UNSPECIFIED.,.F.,.F.,(4,3,3,3,3,3,3,3,3,3,3,3,3,3,3,3,3,3,3,3,3,3,3,3,
3,3,3,3,3,3,3,3,3,4),(-2.95850786528114,-2.92350209486397,-2.88775217185829,
-2.85166862977385,-2.81529504701506,-2.80057471166195,-2.7573807840703,
-2.74722312267998,-2.70386483821938,-2.65876543397062,-2.61264058713364,
-2.56516890909788,-2.54745968135409,-2.53602337111531,-2.48165406834688,
-2.4242370582585,-2.36023546790145,-2.32464414027457,-2.27309250134194,
-2.2086786559826,-2.12713653996905,-2.11315828579365,-2.04357244323934,
-2.00470256841893,-1.93793448754273,-1.9018435372846,-1.84595625687182,
-1.79234140393104,-1.73872655099027,-1.69043833420681,-1.6464741322584,
-1.60299017489098,-1.56043823546824,-1.55095900861325),.UNSPECIFIED.);
#415=B_SPLINE_CURVE_WITH_KNOTS('',3,(#2024,#2025,#2026,#2027,#2028,#2029,
#2030,#2031,#2032,#2033,#2034,#2035,#2036,#2037,#2038,#2039,#2040,#2041,
#2042,#2043,#2044,#2045),.UNSPECIFIED.,.F.,.F.,(4,2,2,2,2,2,2,2,2,2,4),
(0.,0.101829849524412,0.428765126338152,0.485650970587213,0.512287751674686,
0.53226878326635,0.553516092544536,0.586420167373819,0.651177298040279,
0.750586431261867,1.03700262297299),.UNSPECIFIED.);
#416=B_SPLINE_CURVE_WITH_KNOTS('',3,(#2046,#2047,#2048,#2049,#2050,#2051,
#2052),.UNSPECIFIED.,.F.,.F.,(4,1,1,1,4),(-4.99780019946566,-4.78870070270348,
-4.57737871232626,-4.41888721954334,-4.36605672194903),.UNSPECIFIED.);
#417=B_SPLINE_CURVE_WITH_KNOTS('',3,(#2058,#2059,#2060,#2061,#2062),
 .UNSPECIFIED.,.F.,.F.,(4,1,4),(-6.14922828040276,-5.89431764000999,-5.83264576758043),
 .UNSPECIFIED.);
#418=B_SPLINE_CURVE_WITH_KNOTS('',3,(#2065,#2066,#2067,#2068,#2069,#2070,
#2071,#2072,#2073),.UNSPECIFIED.,.F.,.F.,(4,1,1,1,1,1,4),(-5.83264576758043,
-5.63940699961722,-5.38449635922445,-5.12958571883167,-4.8746750784389,
-4.61976443804613,-4.36485379765336),.UNSPECIFIED.);
#419=B_SPLINE_CURVE_WITH_KNOTS('',3,(#2137,#2138,#2139,#2140,#2141,#2142,
#2143,#2144,#2145,#2146),.UNSPECIFIED.,.F.,.F.,(4,2,2,2,4),(1.08563667982207,
1.17610624917181,1.26657581852155,1.35704569580882,1.44751557309609),
 .UNSPECIFIED.);
#420=B_SPLINE_CURVE_WITH_KNOTS('',3,(#2148,#2149,#2150,#2151,#2152,#2153,
#2154,#2155,#2156,#2157),.UNSPECIFIED.,.F.,.F.,(4,2,2,2,4),(0.,0.0904698772872717,
0.180939754574543,0.271409323924283,0.361878893274023),.UNSPECIFIED.);
#421=B_SPLINE_CURVE_WITH_KNOTS('',3,(#2160,#2161,#2162,#2163,#2164,#2165,
#2166,#2167,#2168,#2169),.UNSPECIFIED.,.F.,.F.,(4,2,2,2,4),(0.361878893274023,
0.452348462623762,0.542818031973502,0.633287909260773,0.723757786548045),
 .UNSPECIFIED.);
#422=B_SPLINE_CURVE_WITH_KNOTS('',3,(#2170,#2171,#2172,#2173,#2174,#2175,
#2176,#2177,#2178,#2179),.UNSPECIFIED.,.F.,.F.,(4,2,2,2,4),(0.723757786548045,
0.814227663835316,0.904697541122588,0.995167110472328,1.08563667982207),
 .UNSPECIFIED.);
#423=B_SPLINE_CURVE_WITH_KNOTS('',3,(#2182,#2183,#2184,#2185,#2186,#2187,
#2188,#2189,#2190,#2191,#2192,#2193,#2194,#2195,#2196,#2197,#2198,#2199),
 .UNSPECIFIED.,.F.,.F.,(4,2,2,2,2,2,2,2,4),(0.,0.0904698772872714,0.180939754574543,
0.271409323924283,0.361878893274022,0.452348462623762,0.542818031973502,
0.633287909260773,0.723757786548045),.UNSPECIFIED.);
#424=B_SPLINE_CURVE_WITH_KNOTS('',3,(#2200,#2201,#2202,#2203,#2204,#2205,
#2206,#2207,#2208,#2209,#2210,#2211,#2212,#2213,#2214,#2215,#2216,#2217),
 .UNSPECIFIED.,.F.,.F.,(4,2,2,2,2,2,2,2,4),(0.723757786548045,0.814227663835316,
0.904697541122588,0.995167110472327,1.08563667982207,1.17610624917181,1.26657581852155,
1.35704569580882,1.44751557309609),.UNSPECIFIED.);
#425=B_SPLINE_CURVE_WITH_KNOTS('',3,(#2280,#2281,#2282,#2283,#2284,#2285,
#2286,#2287,#2288,#2289,#2290,#2291,#2292,#2293,#2294,#2295),
 .UNSPECIFIED.,.F.,.F.,(4,2,2,2,2,2,2,4),(0.,0.212787125196386,0.298957803566431,
0.356960331363118,0.413128689523345,0.490341841548616,0.644588991891949,
0.723761706391824),.UNSPECIFIED.);
#426=B_SPLINE_CURVE_WITH_KNOTS('',3,(#2310,#2311,#2312,#2313,#2314,#2315,
#2316,#2317,#2318,#2319),.UNSPECIFIED.,.F.,.F.,(4,2,2,2,4),(0.,0.0904682692966558,
0.180936538593312,0.271404514952689,0.361872491312066),.UNSPECIFIED.);
#427=B_SPLINE_CURVE_WITH_KNOTS('',3,(#2320,#2321,#2322,#2323,#2324,#2325,
#2326,#2327,#2328,#2329,#2330,#2331,#2332,#2333,#2334,#2335,#2336,#2337,
#2338,#2339,#2340,#2341,#2342,#2343,#2344,#2345),.UNSPECIFIED.,.F.,.F.,
(4,2,2,2,2,2,2,2,2,2,2,2,4),(0.361872491312066,0.452340467671443,0.542808444030821,
0.633276713327476,0.723744982624132,0.814213251920788,0.904681521217444,
0.995149497576822,1.0856174739362,1.17608545029558,1.26655342665495,1.35702169595161,
1.44748996524827),.UNSPECIFIED.);
#428=B_SPLINE_CURVE_WITH_KNOTS('',3,(#2348,#2349,#2350,#2351,#2352,#2353,
#2354,#2355,#2356,#2357,#2358,#2359,#2360,#2361,#2362,#2363,#2364,#2365,
#2366,#2367,#2368,#2369,#2370,#2371,#2372,#2373),.UNSPECIFIED.,.F.,.F.,
(4,2,2,2,2,2,2,2,2,2,2,2,4),(0.,0.090468269296656,0.180936538593312,0.271404514952689,
0.361872491312067,0.452340467671444,0.542808444030821,0.633276713327477,
0.723744982624133,0.814213251920789,0.904681521217445,0.995149497576822,
1.0856174739362),.UNSPECIFIED.);
#429=B_SPLINE_CURVE_WITH_KNOTS('',3,(#2374,#2375,#2376,#2377,#2378,#2379,
#2380,#2381,#2382,#2383),.UNSPECIFIED.,.F.,.F.,(4,2,2,2,4),(1.0856174739362,
1.17608545029558,1.26655342665495,1.35702169595161,1.44748996524827),
 .UNSPECIFIED.);
#430=B_SPLINE_CURVE_WITH_KNOTS('',3,(#2388,#2389,#2390,#2391,#2392,#2393,
#2394,#2395,#2396,#2397,#2398,#2399,#2400,#2401,#2402,#2403,#2404,#2405,
#2406,#2407,#2408,#2409,#2410,#2411,#2412,#2413,#2414,#2415,#2416,#2417,
#2418,#2419,#2420,#2421),.UNSPECIFIED.,.T.,.F.,(4,2,2,2,2,2,2,2,2,2,2,2,
2,2,2,2,4),(0.,0.0904682692966559,0.180936538593312,0.271404514952689,0.361872491312066,
0.452340467671444,0.542808444030821,0.633276713327477,0.723744982624133,
0.814213251920789,0.904681521217444,0.995149497576822,1.0856174739362,1.17608545029558,
1.26655342665495,1.35702169595161,1.44748996524827),.UNSPECIFIED.);
#431=B_SPLINE_CURVE_WITH_KNOTS('',3,(#2423,#2424,#2425,#2426,#2427,#2428,
#2429,#2430,#2431,#2432,#2433,#2434,#2435,#2436,#2437,#2438,#2439,#2440,
#2441,#2442,#2443,#2444,#2445,#2446,#2447,#2448,#2449,#2450,#2451,#2452,
#2453,#2454,#2455,#2456),.UNSPECIFIED.,.T.,.F.,(4,2,2,2,2,2,2,2,2,2,2,2,
2,2,2,2,4),(0.,0.0904682692966559,0.180936538593312,0.271404514952689,0.361872491312066,
0.452340467671444,0.542808444030821,0.633276713327477,0.723744982624133,
0.814213251920789,0.904681521217444,0.995149497576822,1.0856174739362,1.17608545029558,
1.26655342665495,1.35702169595161,1.44748996524827),.UNSPECIFIED.);
#432=B_SPLINE_CURVE_WITH_KNOTS('',3,(#2525,#2526,#2527,#2528,#2529,#2530,
#2531,#2532,#2533,#2534,#2535,#2536,#2537,#2538,#2539,#2540,#2541,#2542,
#2543,#2544,#2545,#2546,#2547,#2548,#2549,#2550,#2551,#2552,#2553,#2554,
#2555,#2556,#2557,#2558,#2559,#2560,#2561,#2562,#2563,#2564,#2565,#2566,
#2567,#2568,#2569,#2570,#2571,#2572,#2573,#2574,#2575,#2576,#2577,#2578,
#2579,#2580,#2581,#2582,#2583,#2584,#2585,#2586,#2587,#2588,#2589,#2590,
#2591,#2592,#2593,#2594,#2595,#2596,#2597,#2598,#2599,#2600,#2601,#2602,
#2603,#2604,#2605,#2606,#2607,#2608,#2609,#2610,#2611,#2612,#2613,#2614,
#2615,#2616,#2617,#2618,#2619,#2620,#2621,#2622,#2623,#2624,#2625,#2626,
#2627,#2628,#2629,#2630,#2631,#2632,#2633),.UNSPECIFIED.,.F.,.F.,(4,3,3,
3,3,3,3,3,3,3,3,3,3,3,3,3,3,3,3,3,3,3,3,3,3,3,3,3,3,3,3,3,3,3,3,3,4),(-2.06726183266168,
-2.00552279181481,-1.9429955946176,-1.88740166855927,-1.82707469624602,
-1.76612562140443,-1.70482486396535,-1.64372085542073,-1.5834155222578,
-1.53148575744513,-1.47597608791114,-1.41596648770676,-1.35370436177298,
-1.29243653819421,-1.22967726108292,-1.16691798397163,-1.10463984155598,
-1.04254911687354,-0.980966509291712,-0.92046525305592,-0.88539614866312,
-0.823795336492832,-0.792506848104094,-0.729650547480254,-0.66615578804674,
-0.6003544008619,-0.536312831635776,-0.469631535471577,-0.406386123928211,
-0.402950239307379,-0.339642148571421,-0.294022377836512,-0.23168459727252,
-0.168698260393299,-0.105483636224776,-0.0421313706071215,0.),
 .UNSPECIFIED.);
#433=B_SPLINE_CURVE_WITH_KNOTS('',3,(#2634,#2635,#2636,#2637,#2638,#2639,
#2640,#2641,#2642),.UNSPECIFIED.,.F.,.F.,(4,1,1,1,1,1,4),(-6.17230982576869,
-5.8758673262679,-5.28487648334937,-4.98938106189011,-4.69388564043085,
-4.54613792970122,-4.10289479751232),.UNSPECIFIED.);
#434=B_SPLINE_CURVE_WITH_KNOTS('',3,(#2729,#2730,#2731,#2732,#2733,#2734),
 .UNSPECIFIED.,.F.,.F.,(4,2,4),(-4.04967864843519,-4.04800326684802,-3.44482611790593),
 .UNSPECIFIED.);
#435=B_SPLINE_CURVE_WITH_KNOTS('',3,(#2759,#2760,#2761,#2762,#2763,#2764),
 .UNSPECIFIED.,.F.,.F.,(4,2,4),(-0.603177148942089,0.,0.00167538158717071),
 .UNSPECIFIED.);
#436=B_SPLINE_CURVE_WITH_KNOTS('',3,(#2778,#2779,#2780,#2781,#2782,#2783,
#2784,#2785),.UNSPECIFIED.,.F.,.F.,(4,1,1,1,1,4),(-6.17232264568809,-5.8758673262679,
-5.28487648334937,-4.69388564043084,-4.39839021897158,-4.10289479751232),
 .UNSPECIFIED.);
#437=B_SPLINE_CURVE_WITH_KNOTS('',3,(#2787,#2788,#2789,#2790,#2791,#2792,
#2793,#2794,#2795,#2796,#2797,#2798,#2799,#2800,#2801,#2802,#2803,#2804,
#2805,#2806,#2807,#2808,#2809,#2810,#2811,#2812,#2813,#2814,#2815,#2816,
#2817,#2818,#2819,#2820,#2821,#2822,#2823,#2824,#2825,#2826,#2827,#2828,
#2829,#2830,#2831,#2832,#2833,#2834,#2835,#2836,#2837,#2838,#2839,#2840,
#2841,#2842,#2843,#2844,#2845,#2846,#2847,#2848,#2849,#2850,#2851,#2852,
#2853,#2854,#2855,#2856,#2857,#2858,#2859,#2860,#2861,#2862,#2863,#2864,
#2865,#2866,#2867,#2868,#2869,#2870,#2871,#2872,#2873,#2874,#2875,#2876,
#2877,#2878,#2879,#2880,#2881,#2882,#2883,#2884,#2885,#2886,#2887,#2888,
#2889,#2890,#2891,#2892),.UNSPECIFIED.,.F.,.F.,(4,3,3,3,3,3,3,3,3,3,3,3,
3,3,3,3,3,3,3,3,3,3,3,3,3,3,3,3,3,3,3,3,3,3,3,4),(-2.06726183266168,-2.00557080966626,
-1.94305545361227,-1.88740166855927,-1.82687364420004,-1.76567107423901,
-1.7039918364331,-1.64244980346726,-1.58167356627257,-1.53148575744513,
-1.4755381020874,-1.41576678077841,-1.35355458157671,-1.29257619870842,
-1.22974709134002,-1.16691798397163,-1.10622508313236,-1.04592743721748,
-0.986117683550922,-0.92719997657151,-0.885489015046262,-0.825319559114196,
-0.792506848104094,-0.729376721460149,-0.665591475493407,-0.5999311664469,
-0.535523643100658,-0.469236941204019,-0.40295023930738,-0.339478729946375,
-0.294051159915504,-0.231511279437045,-0.168373536438255,-0.105029565196625,
-0.0415682459659025,0.),.UNSPECIFIED.);
#438=B_SPLINE_CURVE_WITH_KNOTS('',3,(#2897,#2898,#2899,#2900,#2901,#2902,
#2903,#2904,#2905,#2906),.UNSPECIFIED.,.F.,.F.,(4,2,1,1,1,1,4),(-0.00221055289261739,
0.,0.376642628601025,0.753285257202049,1.12992788580307,1.5065705144041,
1.88321314300512),.UNSPECIFIED.);
#439=B_SPLINE_CURVE_WITH_KNOTS('',3,(#2908,#2909,#2910,#2911,#2912,#2913,
#2914,#2915,#2916,#2917,#2918,#2919),.UNSPECIFIED.,.F.,.F.,(4,1,1,1,1,1,
1,2,4),(3.94327693090965,4.31991955951068,4.50824087381119,4.6965621881117,
4.88488350241222,5.07320481671273,5.44984744531375,5.82649007391478,5.8287006268074),
 .UNSPECIFIED.);
#440=B_SPLINE_CURVE_WITH_KNOTS('',3,(#3073,#3074,#3075,#3076,#3077,#3078),
 .UNSPECIFIED.,.F.,.F.,(4,2,4),(-4.04967864843519,-4.04800326684802,-3.44482611790593),
 .UNSPECIFIED.);
#441=B_SPLINE_CURVE_WITH_KNOTS('',3,(#3103,#3104,#3105,#3106,#3107,#3108),
 .UNSPECIFIED.,.F.,.F.,(4,2,4),(-0.603177148942084,0.,0.00167538158717144),
 .UNSPECIFIED.);
#442=B_SPLINE_CURVE_WITH_KNOTS('',3,(#3177,#3178,#3179,#3180,#3181,#3182,
#3183,#3184),.UNSPECIFIED.,.F.,.F.,(4,1,1,1,1,4),(-6.17256886528032,-5.85929530903924,
-5.23274819655706,-4.60620108407488,-4.29292752783379,-3.9796539715927),
 .UNSPECIFIED.);
#443=B_SPLINE_CURVE_WITH_KNOTS('',3,(#3260,#3261,#3262,#3263,#3264,#3265,
#3266,#3267),.UNSPECIFIED.,.F.,.F.,(4,1,1,1,1,4),(-8.36317060392067,-8.05022749840062,
-7.42434128736052,-6.79845507632042,-6.48551197080038,-6.17256886528033),
 .UNSPECIFIED.);
#444=B_SPLINE_CURVE_WITH_KNOTS('',3,(#3274,#3275,#3276,#3277),
 .UNSPECIFIED.,.F.,.F.,(4,4),(0.,1.70784653999789),.UNSPECIFIED.);
#445=B_SPLINE_CURVE_WITH_KNOTS('',3,(#3403,#3404,#3405,#3406),
 .UNSPECIFIED.,.F.,.F.,(4,4),(3.69292103963423,5.40076757963212),
 .UNSPECIFIED.);
#446=B_SPLINE_CURVE_WITH_KNOTS('',3,(#3577,#3578,#3579,#3580,#3581,#3582,
#3583,#3584,#3585,#3586,#3587,#3588,#3589,#3590,#3591,#3592,#3593,#3594),
 .UNSPECIFIED.,.F.,.F.,(4,2,2,2,2,2,2,2,4),(0.361950891805224,0.452438363536389,
0.542925835267554,0.633413809439,0.723901783610447,0.814389757781894,0.904877731953341,
0.995365203684506,1.08585267541567),.UNSPECIFIED.);
#447=B_SPLINE_CURVE_WITH_KNOTS('',3,(#3597,#3598,#3599,#3600,#3601,#3602,
#3603,#3604,#3605,#3606),.UNSPECIFIED.,.F.,.F.,(4,2,2,2,4),(1.08585267541567,
1.17634014714684,1.266827618878,1.35731559304945,1.44780356722089),
 .UNSPECIFIED.);
#448=B_SPLINE_CURVE_WITH_KNOTS('',3,(#3607,#3608,#3609,#3610,#3611,#3612,
#3613,#3614,#3615,#3616),.UNSPECIFIED.,.F.,.F.,(4,2,2,2,4),(0.,0.0904879741714469,
0.180975948342894,0.271463420074059,0.361950891805224),.UNSPECIFIED.);
#449=B_SPLINE_CURVE_WITH_KNOTS('',3,(#3619,#3620,#3621,#3622,#3623,#3624,
#3625,#3626,#3627,#3628,#3629,#3630,#3631,#3632,#3633,#3634,#3635,#3636,
#3637,#3638,#3639,#3640,#3641,#3642,#3643,#3644),.UNSPECIFIED.,.F.,.F.,
(4,2,2,2,2,2,2,2,2,2,2,2,4),(0.,0.0904879741714469,0.180975948342894,0.271463420074059,
0.361950891805224,0.452438363536389,0.542925835267554,0.633413809439,0.723901783610447,
0.814389757781894,0.904877731953341,0.995365203684506,1.08585267541567),
 .UNSPECIFIED.);
#450=B_SPLINE_CURVE_WITH_KNOTS('',3,(#3645,#3646,#3647,#3648,#3649,#3650,
#3651,#3652,#3653,#3654),.UNSPECIFIED.,.F.,.F.,(4,2,2,2,4),(1.08585267541567,
1.17634014714684,1.266827618878,1.35731559304945,1.44780356722089),
 .UNSPECIFIED.);
#451=B_SPLINE_CURVE_WITH_KNOTS('',3,(#3670,#3671,#3672,#3673,#3674,#3675,
#3676,#3677,#3678,#3679),.UNSPECIFIED.,.F.,.F.,(4,2,2,2,4),(0.,0.0904698772872715,
0.180939754574543,0.271409323924283,0.361878893274022),.UNSPECIFIED.);
#452=B_SPLINE_CURVE_WITH_KNOTS('',3,(#3680,#3681,#3682,#3683,#3684,#3685,
#3686,#3687,#3688,#3689,#3690,#3691,#3692,#3693,#3694,#3695,#3696,#3697,
#3698,#3699,#3700,#3701,#3702,#3703,#3704,#3705),.UNSPECIFIED.,.F.,.F.,
(4,2,2,2,2,2,2,2,2,2,2,2,4),(0.361878893274022,0.452348462623762,0.542818031973502,
0.633287909260773,0.723757786548045,0.814227663835316,0.904697541122588,
0.995167110472327,1.08563667982207,1.17610624917181,1.26657581852155,1.35704569580882,
1.44751557309609),.UNSPECIFIED.);
#453=B_SPLINE_CURVE_WITH_KNOTS('',3,(#3711,#3712,#3713,#3714,#3715,#3716,
#3717,#3718,#3719,#3720,#3721,#3722,#3723,#3724,#3725,#3726,#3727,#3728),
 .UNSPECIFIED.,.F.,.F.,(4,2,2,2,2,2,2,2,4),(0.361878893274022,0.452348462623762,
0.542818031973502,0.633287909260773,0.723757786548045,0.814227663835316,
0.904697541122588,0.995167110472327,1.08563667982207),.UNSPECIFIED.);
#454=B_SPLINE_CURVE_WITH_KNOTS('',3,(#3730,#3731,#3732,#3733,#3734,#3735,
#3736,#3737,#3738,#3739),.UNSPECIFIED.,.F.,.F.,(4,2,2,2,4),(0.,0.0904698772872715,
0.180939754574543,0.271409323924283,0.361878893274022),.UNSPECIFIED.);
#455=B_SPLINE_CURVE_WITH_KNOTS('',3,(#3740,#3741,#3742,#3743,#3744,#3745,
#3746,#3747,#3748,#3749),.UNSPECIFIED.,.F.,.F.,(4,2,2,2,4),(1.08563667982207,
1.17610624917181,1.26657581852155,1.35704569580882,1.44751557309609),
 .UNSPECIFIED.);
#456=VERTEX_POINT('',#1741);
#457=VERTEX_POINT('',#1742);
#458=VERTEX_POINT('',#1747);
#459=VERTEX_POINT('',#1752);
#460=VERTEX_POINT('',#1775);
#461=VERTEX_POINT('',#1786);
#462=VERTEX_POINT('',#1829);
#463=VERTEX_POINT('',#1830);
#464=VERTEX_POINT('',#1835);
#465=VERTEX_POINT('',#1846);
#466=VERTEX_POINT('',#1922);
#467=VERTEX_POINT('',#2023);
#468=VERTEX_POINT('',#2054);
#469=VERTEX_POINT('',#2056);
#470=VERTEX_POINT('',#2116);
#471=VERTEX_POINT('',#2119);
#472=VERTEX_POINT('',#2122);
#473=VERTEX_POINT('',#2124);
#474=VERTEX_POINT('',#2127);
#475=VERTEX_POINT('',#2132);
#476=VERTEX_POINT('',#2134);
#477=VERTEX_POINT('',#2136);
#478=VERTEX_POINT('',#2147);
#479=VERTEX_POINT('',#2159);
#480=VERTEX_POINT('',#2180);
#481=VERTEX_POINT('',#2181);
#482=VERTEX_POINT('',#2278);
#483=VERTEX_POINT('',#2279);
#484=VERTEX_POINT('',#2296);
#485=VERTEX_POINT('',#2298);
#486=VERTEX_POINT('',#2302);
#487=VERTEX_POINT('',#2304);
#488=VERTEX_POINT('',#2308);
#489=VERTEX_POINT('',#2309);
#490=VERTEX_POINT('',#2346);
#491=VERTEX_POINT('',#2347);
#492=VERTEX_POINT('',#2387);
#493=VERTEX_POINT('',#2422);
#494=VERTEX_POINT('',#2517);
#495=VERTEX_POINT('',#2518);
#496=VERTEX_POINT('',#2520);
#497=VERTEX_POINT('',#2522);
#498=VERTEX_POINT('',#2524);
#499=VERTEX_POINT('',#2668);
#500=VERTEX_POINT('',#2669);
#501=VERTEX_POINT('',#2698);
#502=VERTEX_POINT('',#2699);
#503=VERTEX_POINT('',#2727);
#504=VERTEX_POINT('',#2767);
#505=VERTEX_POINT('',#2768);
#506=VERTEX_POINT('',#2770);
#507=VERTEX_POINT('',#2772);
#508=VERTEX_POINT('',#2775);
#509=VERTEX_POINT('',#2777);
#510=VERTEX_POINT('',#2786);
#511=VERTEX_POINT('',#2894);
#512=VERTEX_POINT('',#2896);
#513=VERTEX_POINT('',#2907);
#514=VERTEX_POINT('',#2920);
#515=VERTEX_POINT('',#2922);
#516=VERTEX_POINT('',#2924);
#517=VERTEX_POINT('',#2982);
#518=VERTEX_POINT('',#2984);
#519=VERTEX_POINT('',#3012);
#520=VERTEX_POINT('',#3013);
#521=VERTEX_POINT('',#3042);
#522=VERTEX_POINT('',#3043);
#523=VERTEX_POINT('',#3071);
#524=VERTEX_POINT('',#3113);
#525=VERTEX_POINT('',#3117);
#526=VERTEX_POINT('',#3125);
#527=VERTEX_POINT('',#3126);
#528=VERTEX_POINT('',#3128);
#529=VERTEX_POINT('',#3130);
#530=VERTEX_POINT('',#3173);
#531=VERTEX_POINT('',#3174);
#532=VERTEX_POINT('',#3215);
#533=VERTEX_POINT('',#3216);
#534=VERTEX_POINT('',#3254);
#535=VERTEX_POINT('',#3257);
#536=VERTEX_POINT('',#3259);
#537=VERTEX_POINT('',#3270);
#538=VERTEX_POINT('',#3272);
#539=VERTEX_POINT('',#3279);
#540=VERTEX_POINT('',#3280);
#541=VERTEX_POINT('',#3282);
#542=VERTEX_POINT('',#3316);
#543=VERTEX_POINT('',#3317);
#544=VERTEX_POINT('',#3361);
#545=VERTEX_POINT('',#3402);
#546=VERTEX_POINT('',#3407);
#547=VERTEX_POINT('',#3411);
#548=VERTEX_POINT('',#3466);
#549=VERTEX_POINT('',#3546);
#550=VERTEX_POINT('',#3551);
#551=VERTEX_POINT('',#3563);
#552=VERTEX_POINT('',#3565);
#553=VERTEX_POINT('',#3569);
#554=VERTEX_POINT('',#3572);
#555=VERTEX_POINT('',#3574);
#556=VERTEX_POINT('',#3576);
#557=VERTEX_POINT('',#3596);
#558=VERTEX_POINT('',#3617);
#559=VERTEX_POINT('',#3618);
#560=VERTEX_POINT('',#3656);
#561=VERTEX_POINT('',#3657);
#562=VERTEX_POINT('',#3660);
#563=VERTEX_POINT('',#3662);
#564=VERTEX_POINT('',#3668);
#565=VERTEX_POINT('',#3669);
#566=VERTEX_POINT('',#3708);
#567=VERTEX_POINT('',#3710);
#568=VERTEX_POINT('',#3729);
#569=VERTEX_POINT('',#3751);
#570=EDGE_CURVE('',#456,#457,#408,.T.);
#571=EDGE_CURVE('',#456,#458,#409,.T.);
#572=EDGE_CURVE('',#458,#459,#410,.T.);
#573=EDGE_CURVE('',#459,#460,#411,.T.);
#574=EDGE_CURVE('',#460,#461,#314,.T.);
#575=EDGE_CURVE('',#461,#457,#315,.T.);
#576=EDGE_CURVE('',#462,#463,#412,.T.);
#577=EDGE_CURVE('',#462,#464,#413,.T.);
#578=EDGE_CURVE('',#464,#465,#316,.T.);
#579=EDGE_CURVE('',#465,#463,#317,.T.);
#580=EDGE_CURVE('',#463,#465,#318,.T.);
#581=EDGE_CURVE('',#464,#466,#414,.T.);
#582=EDGE_CURVE('',#466,#467,#415,.T.);
#583=EDGE_CURVE('',#467,#462,#416,.T.);
#584=EDGE_CURVE('',#468,#468,#319,.T.);
#585=EDGE_CURVE('',#468,#469,#68,.T.);
#586=EDGE_CURVE('',#460,#469,#417,.T.);
#587=EDGE_CURVE('',#466,#459,#320,.T.);
#588=EDGE_CURVE('',#458,#467,#321,.T.);
#589=EDGE_CURVE('',#469,#456,#418,.T.);
#590=EDGE_CURVE('',#457,#461,#322,.T.);
#591=EDGE_CURVE('',#470,#470,#323,.T.);
#592=EDGE_CURVE('',#471,#471,#324,.T.);
#593=EDGE_CURVE('',#472,#472,#325,.T.);
#594=EDGE_CURVE('',#473,#473,#326,.T.);
#595=EDGE_CURVE('',#474,#474,#327,.T.);
#596=EDGE_CURVE('',#474,#472,#69,.T.);
#597=EDGE_CURVE('',#475,#475,#328,.T.);
#598=EDGE_CURVE('',#475,#476,#70,.T.);
#599=EDGE_CURVE('',#476,#477,#419,.T.);
#600=EDGE_CURVE('',#477,#478,#420,.T.);
#601=EDGE_CURVE('',#478,#473,#71,.T.);
#602=EDGE_CURVE('',#478,#479,#421,.T.);
#603=EDGE_CURVE('',#479,#476,#422,.T.);
#604=EDGE_CURVE('',#480,#481,#423,.T.);
#605=EDGE_CURVE('',#481,#480,#424,.T.);
#606=EDGE_CURVE('',#481,#471,#72,.T.);
#607=EDGE_CURVE('',#470,#479,#73,.T.);
#608=EDGE_CURVE('',#482,#483,#425,.T.);
#609=EDGE_CURVE('',#483,#484,#22,.T.);
#610=EDGE_CURVE('',#484,#485,#23,.T.);
#611=EDGE_CURVE('',#485,#482,#24,.T.);
#612=EDGE_CURVE('',#486,#486,#329,.F.);
#613=EDGE_CURVE('',#486,#487,#74,.T.);
#614=EDGE_CURVE('',#487,#485,#330,.F.);
#615=EDGE_CURVE('',#484,#487,#331,.F.);
#616=EDGE_CURVE('',#488,#489,#426,.T.);
#617=EDGE_CURVE('',#489,#488,#427,.T.);
#618=EDGE_CURVE('',#490,#491,#428,.T.);
#619=EDGE_CURVE('',#491,#490,#429,.T.);
#620=EDGE_CURVE('',#485,#484,#332,.F.);
#621=EDGE_CURVE('',#483,#482,#333,.F.);
#622=EDGE_CURVE('',#492,#492,#430,.T.);
#623=EDGE_CURVE('',#493,#493,#431,.T.);
#624=EDGE_CURVE('',#494,#495,#334,.T.);
#625=EDGE_CURVE('',#496,#495,#335,.T.);
#626=EDGE_CURVE('',#496,#497,#336,.T.);
#627=EDGE_CURVE('',#497,#498,#432,.T.);
#628=EDGE_CURVE('',#498,#494,#433,.T.);
#629=EDGE_CURVE('',#499,#500,#337,.T.);
#630=EDGE_CURVE('',#495,#500,#338,.T.);
#631=EDGE_CURVE('',#494,#499,#339,.T.);
#632=EDGE_CURVE('',#501,#502,#340,.T.);
#633=EDGE_CURVE('',#502,#497,#341,.T.);
#634=EDGE_CURVE('',#501,#496,#342,.T.);
#635=EDGE_CURVE('',#499,#503,#343,.T.);
#636=EDGE_CURVE('',#503,#500,#434,.T.);
#637=EDGE_CURVE('',#501,#503,#435,.T.);
#638=EDGE_CURVE('',#503,#502,#344,.T.);
#639=EDGE_CURVE('',#504,#505,#75,.T.);
#640=EDGE_CURVE('',#506,#505,#345,.T.);
#641=EDGE_CURVE('',#506,#507,#76,.T.);
#642=EDGE_CURVE('',#507,#494,#346,.T.);
#643=EDGE_CURVE('',#497,#508,#347,.T.);
#644=EDGE_CURVE('',#509,#508,#436,.T.);
#645=EDGE_CURVE('',#510,#509,#437,.T.);
#646=EDGE_CURVE('',#510,#507,#348,.T.);
#647=EDGE_CURVE('',#511,#506,#349,.T.);
#648=EDGE_CURVE('',#512,#511,#438,.T.);
#649=EDGE_CURVE('',#513,#512,#439,.T.);
#650=EDGE_CURVE('',#514,#513,#350,.T.);
#651=EDGE_CURVE('',#514,#515,#77,.T.);
#652=EDGE_CURVE('',#515,#516,#351,.F.);
#653=EDGE_CURVE('',#516,#504,#352,.F.);
#654=EDGE_CURVE('',#508,#517,#353,.T.);
#655=EDGE_CURVE('',#518,#517,#354,.T.);
#656=EDGE_CURVE('',#518,#510,#355,.T.);
#657=EDGE_CURVE('',#519,#520,#356,.T.);
#658=EDGE_CURVE('',#517,#520,#357,.T.);
#659=EDGE_CURVE('',#508,#519,#358,.T.);
#660=EDGE_CURVE('',#521,#522,#359,.T.);
#661=EDGE_CURVE('',#522,#510,#360,.T.);
#662=EDGE_CURVE('',#521,#518,#361,.T.);
#663=EDGE_CURVE('',#519,#523,#362,.T.);
#664=EDGE_CURVE('',#523,#520,#440,.T.);
#665=EDGE_CURVE('',#521,#523,#441,.T.);
#666=EDGE_CURVE('',#523,#522,#363,.T.);
#667=EDGE_CURVE('',#520,#521,#364,.T.);
#668=EDGE_CURVE('',#489,#524,#78,.T.);
#669=EDGE_CURVE('',#524,#524,#365,.T.);
#670=EDGE_CURVE('',#525,#525,#366,.T.);
#671=EDGE_CURVE('',#525,#491,#79,.T.);
#672=EDGE_CURVE('',#500,#501,#367,.T.);
#673=EDGE_CURVE('',#526,#527,#368,.T.);
#674=EDGE_CURVE('',#528,#527,#369,.T.);
#675=EDGE_CURVE('',#528,#529,#370,.T.);
#676=EDGE_CURVE('',#529,#526,#371,.T.);
#677=EDGE_CURVE('',#530,#531,#372,.T.);
#678=EDGE_CURVE('',#527,#531,#373,.T.);
#679=EDGE_CURVE('',#526,#530,#442,.T.);
#680=EDGE_CURVE('',#532,#533,#374,.T.);
#681=EDGE_CURVE('',#533,#529,#80,.T.);
#682=EDGE_CURVE('',#532,#528,#375,.T.);
#683=EDGE_CURVE('',#531,#532,#376,.T.);
#684=EDGE_CURVE('',#530,#533,#377,.T.);
#685=EDGE_CURVE('',#526,#504,#81,.T.);
#686=EDGE_CURVE('',#504,#534,#378,.F.);
#687=EDGE_CURVE('',#534,#515,#379,.F.);
#688=EDGE_CURVE('',#515,#535,#82,.T.);
#689=EDGE_CURVE('',#536,#535,#443,.T.);
#690=EDGE_CURVE('',#536,#530,#380,.T.);
#691=EDGE_CURVE('',#529,#537,#83,.T.);
#692=EDGE_CURVE('',#537,#538,#84,.T.);
#693=EDGE_CURVE('',#505,#538,#444,.T.);
#694=EDGE_CURVE('',#539,#540,#381,.T.);
#695=EDGE_CURVE('',#541,#540,#382,.T.);
#696=EDGE_CURVE('',#541,#535,#383,.T.);
#697=EDGE_CURVE('',#535,#539,#384,.T.);
#698=EDGE_CURVE('',#542,#543,#385,.T.);
#699=EDGE_CURVE('',#540,#543,#386,.T.);
#700=EDGE_CURVE('',#539,#542,#85,.T.);
#701=EDGE_CURVE('',#544,#536,#387,.T.);
#702=EDGE_CURVE('',#544,#541,#388,.T.);
#703=EDGE_CURVE('',#543,#544,#389,.T.);
#704=EDGE_CURVE('',#542,#536,#390,.T.);
#705=EDGE_CURVE('',#545,#514,#445,.T.);
#706=EDGE_CURVE('',#546,#545,#86,.T.);
#707=EDGE_CURVE('',#546,#539,#87,.T.);
#708=EDGE_CURVE('',#547,#511,#391,.T.);
#709=EDGE_CURVE('',#538,#547,#392,.T.);
#710=EDGE_CURVE('',#547,#512,#88,.T.);
#711=EDGE_CURVE('',#513,#548,#393,.T.);
#712=EDGE_CURVE('',#548,#545,#394,.T.);
#713=EDGE_CURVE('',#512,#548,#89,.T.);
#714=EDGE_CURVE('',#537,#547,#90,.T.);
#715=EDGE_CURVE('',#549,#549,#395,.T.);
#716=EDGE_CURVE('',#549,#493,#91,.T.);
#717=EDGE_CURVE('',#492,#550,#92,.T.);
#718=EDGE_CURVE('',#550,#550,#396,.T.);
#719=EDGE_CURVE('',#516,#534,#397,.T.);
#720=EDGE_CURVE('',#548,#546,#93,.T.);
#721=EDGE_CURVE('',#551,#551,#398,.T.);
#722=EDGE_CURVE('',#551,#552,#94,.T.);
#723=EDGE_CURVE('',#552,#552,#399,.T.);
#724=EDGE_CURVE('',#553,#553,#400,.T.);
#725=EDGE_CURVE('',#554,#554,#401,.T.);
#726=EDGE_CURVE('',#554,#555,#95,.T.);
#727=EDGE_CURVE('',#555,#556,#446,.T.);
#728=EDGE_CURVE('',#556,#552,#96,.T.);
#729=EDGE_CURVE('',#556,#557,#447,.T.);
#730=EDGE_CURVE('',#557,#555,#448,.T.);
#731=EDGE_CURVE('',#558,#559,#449,.T.);
#732=EDGE_CURVE('',#559,#558,#450,.T.);
#733=EDGE_CURVE('',#560,#561,#402,.T.);
#734=EDGE_CURVE('',#561,#560,#403,.T.);
#735=EDGE_CURVE('',#560,#562,#404,.T.);
#736=EDGE_CURVE('',#562,#563,#405,.T.);
#737=EDGE_CURVE('',#563,#562,#406,.T.);
#738=EDGE_CURVE('',#553,#561,#97,.T.);
#739=EDGE_CURVE('',#564,#565,#451,.T.);
#740=EDGE_CURVE('',#565,#564,#452,.T.);
#741=EDGE_CURVE('',#565,#559,#98,.T.);
#742=EDGE_CURVE('',#555,#566,#99,.T.);
#743=EDGE_CURVE('',#567,#566,#453,.T.);
#744=EDGE_CURVE('',#568,#567,#454,.T.);
#745=EDGE_CURVE('',#566,#568,#455,.T.);
#746=EDGE_CURVE('',#569,#569,#407,.T.);
#747=EDGE_CURVE('',#569,#566,#100,.T.);
#748=EDGE_CURVE('',#567,#563,#101,.T.);
#749=ORIENTED_EDGE('',*,*,#570,.F.);
#750=ORIENTED_EDGE('',*,*,#571,.T.);
#751=ORIENTED_EDGE('',*,*,#572,.T.);
#752=ORIENTED_EDGE('',*,*,#573,.T.);
#753=ORIENTED_EDGE('',*,*,#574,.T.);
#754=ORIENTED_EDGE('',*,*,#575,.T.);
#755=ORIENTED_EDGE('',*,*,#576,.F.);
#756=ORIENTED_EDGE('',*,*,#577,.T.);
#757=ORIENTED_EDGE('',*,*,#578,.T.);
#758=ORIENTED_EDGE('',*,*,#579,.T.);
#759=ORIENTED_EDGE('',*,*,#576,.T.);
#760=ORIENTED_EDGE('',*,*,#580,.T.);
#761=ORIENTED_EDGE('',*,*,#578,.F.);
#762=ORIENTED_EDGE('',*,*,#581,.T.);
#763=ORIENTED_EDGE('',*,*,#582,.T.);
#764=ORIENTED_EDGE('',*,*,#583,.T.);
#765=ORIENTED_EDGE('',*,*,#584,.F.);
#766=ORIENTED_EDGE('',*,*,#585,.T.);
#767=ORIENTED_EDGE('',*,*,#586,.F.);
#768=ORIENTED_EDGE('',*,*,#573,.F.);
#769=ORIENTED_EDGE('',*,*,#587,.F.);
#770=ORIENTED_EDGE('',*,*,#581,.F.);
#771=ORIENTED_EDGE('',*,*,#577,.F.);
#772=ORIENTED_EDGE('',*,*,#583,.F.);
#773=ORIENTED_EDGE('',*,*,#588,.F.);
#774=ORIENTED_EDGE('',*,*,#571,.F.);
#775=ORIENTED_EDGE('',*,*,#589,.F.);
#776=ORIENTED_EDGE('',*,*,#585,.F.);
#777=ORIENTED_EDGE('',*,*,#570,.T.);
#778=ORIENTED_EDGE('',*,*,#590,.T.);
#779=ORIENTED_EDGE('',*,*,#574,.F.);
#780=ORIENTED_EDGE('',*,*,#586,.T.);
#781=ORIENTED_EDGE('',*,*,#589,.T.);
#782=ORIENTED_EDGE('',*,*,#575,.F.);
#783=ORIENTED_EDGE('',*,*,#590,.F.);
#784=ORIENTED_EDGE('',*,*,#591,.F.);
#785=ORIENTED_EDGE('',*,*,#579,.F.);
#786=ORIENTED_EDGE('',*,*,#580,.F.);
#787=ORIENTED_EDGE('',*,*,#592,.F.);
#788=ORIENTED_EDGE('',*,*,#593,.F.);
#789=ORIENTED_EDGE('',*,*,#594,.T.);
#790=ORIENTED_EDGE('',*,*,#595,.T.);
#791=ORIENTED_EDGE('',*,*,#584,.T.);
#792=ORIENTED_EDGE('',*,*,#595,.F.);
#793=ORIENTED_EDGE('',*,*,#596,.T.);
#794=ORIENTED_EDGE('',*,*,#593,.T.);
#795=ORIENTED_EDGE('',*,*,#596,.F.);
#796=ORIENTED_EDGE('',*,*,#597,.F.);
#797=ORIENTED_EDGE('',*,*,#598,.T.);
#798=ORIENTED_EDGE('',*,*,#599,.T.);
#799=ORIENTED_EDGE('',*,*,#600,.T.);
#800=ORIENTED_EDGE('',*,*,#601,.T.);
#801=ORIENTED_EDGE('',*,*,#594,.F.);
#802=ORIENTED_EDGE('',*,*,#601,.F.);
#803=ORIENTED_EDGE('',*,*,#602,.T.);
#804=ORIENTED_EDGE('',*,*,#603,.T.);
#805=ORIENTED_EDGE('',*,*,#598,.F.);
#806=ORIENTED_EDGE('',*,*,#604,.T.);
#807=ORIENTED_EDGE('',*,*,#605,.T.);
#808=ORIENTED_EDGE('',*,*,#597,.T.);
#809=ORIENTED_EDGE('',*,*,#588,.T.);
#810=ORIENTED_EDGE('',*,*,#582,.F.);
#811=ORIENTED_EDGE('',*,*,#587,.T.);
#812=ORIENTED_EDGE('',*,*,#572,.F.);
#813=ORIENTED_EDGE('',*,*,#604,.F.);
#814=ORIENTED_EDGE('',*,*,#605,.F.);
#815=ORIENTED_EDGE('',*,*,#606,.T.);
#816=ORIENTED_EDGE('',*,*,#592,.T.);
#817=ORIENTED_EDGE('',*,*,#606,.F.);
#818=ORIENTED_EDGE('',*,*,#591,.T.);
#819=ORIENTED_EDGE('',*,*,#607,.T.);
#820=ORIENTED_EDGE('',*,*,#602,.F.);
#821=ORIENTED_EDGE('',*,*,#600,.F.);
#822=ORIENTED_EDGE('',*,*,#599,.F.);
#823=ORIENTED_EDGE('',*,*,#603,.F.);
#824=ORIENTED_EDGE('',*,*,#607,.F.);
#825=ORIENTED_EDGE('',*,*,#608,.T.);
#826=ORIENTED_EDGE('',*,*,#609,.T.);
#827=ORIENTED_EDGE('',*,*,#610,.T.);
#828=ORIENTED_EDGE('',*,*,#611,.T.);
#829=ORIENTED_EDGE('',*,*,#612,.F.);
#830=ORIENTED_EDGE('',*,*,#613,.T.);
#831=ORIENTED_EDGE('',*,*,#614,.T.);
#832=ORIENTED_EDGE('',*,*,#610,.F.);
#833=ORIENTED_EDGE('',*,*,#615,.T.);
#834=ORIENTED_EDGE('',*,*,#613,.F.);
#835=ORIENTED_EDGE('',*,*,#616,.T.);
#836=ORIENTED_EDGE('',*,*,#617,.T.);
#837=ORIENTED_EDGE('',*,*,#618,.T.);
#838=ORIENTED_EDGE('',*,*,#619,.T.);
#839=ORIENTED_EDGE('',*,*,#611,.F.);
#840=ORIENTED_EDGE('',*,*,#620,.T.);
#841=ORIENTED_EDGE('',*,*,#609,.F.);
#842=ORIENTED_EDGE('',*,*,#621,.T.);
#843=ORIENTED_EDGE('',*,*,#622,.T.);
#844=ORIENTED_EDGE('',*,*,#623,.T.);
#845=ORIENTED_EDGE('',*,*,#624,.T.);
#846=ORIENTED_EDGE('',*,*,#625,.F.);
#847=ORIENTED_EDGE('',*,*,#626,.T.);
#848=ORIENTED_EDGE('',*,*,#627,.T.);
#849=ORIENTED_EDGE('',*,*,#628,.T.);
#850=ORIENTED_EDGE('',*,*,#629,.T.);
#851=ORIENTED_EDGE('',*,*,#630,.F.);
#852=ORIENTED_EDGE('',*,*,#624,.F.);
#853=ORIENTED_EDGE('',*,*,#631,.T.);
#854=ORIENTED_EDGE('',*,*,#632,.T.);
#855=ORIENTED_EDGE('',*,*,#633,.T.);
#856=ORIENTED_EDGE('',*,*,#626,.F.);
#857=ORIENTED_EDGE('',*,*,#634,.F.);
#858=ORIENTED_EDGE('',*,*,#629,.F.);
#859=ORIENTED_EDGE('',*,*,#635,.T.);
#860=ORIENTED_EDGE('',*,*,#636,.T.);
#861=ORIENTED_EDGE('',*,*,#632,.F.);
#862=ORIENTED_EDGE('',*,*,#637,.T.);
#863=ORIENTED_EDGE('',*,*,#638,.T.);
#864=ORIENTED_EDGE('',*,*,#639,.T.);
#865=ORIENTED_EDGE('',*,*,#640,.F.);
#866=ORIENTED_EDGE('',*,*,#641,.T.);
#867=ORIENTED_EDGE('',*,*,#642,.T.);
#868=ORIENTED_EDGE('',*,*,#628,.F.);
#869=ORIENTED_EDGE('',*,*,#627,.F.);
#870=ORIENTED_EDGE('',*,*,#643,.T.);
#871=ORIENTED_EDGE('',*,*,#644,.F.);
#872=ORIENTED_EDGE('',*,*,#645,.F.);
#873=ORIENTED_EDGE('',*,*,#646,.T.);
#874=ORIENTED_EDGE('',*,*,#641,.F.);
#875=ORIENTED_EDGE('',*,*,#647,.F.);
#876=ORIENTED_EDGE('',*,*,#648,.F.);
#877=ORIENTED_EDGE('',*,*,#649,.F.);
#878=ORIENTED_EDGE('',*,*,#650,.F.);
#879=ORIENTED_EDGE('',*,*,#651,.T.);
#880=ORIENTED_EDGE('',*,*,#652,.T.);
#881=ORIENTED_EDGE('',*,*,#653,.T.);
#882=ORIENTED_EDGE('',*,*,#654,.T.);
#883=ORIENTED_EDGE('',*,*,#655,.F.);
#884=ORIENTED_EDGE('',*,*,#656,.T.);
#885=ORIENTED_EDGE('',*,*,#645,.T.);
#886=ORIENTED_EDGE('',*,*,#644,.T.);
#887=ORIENTED_EDGE('',*,*,#657,.T.);
#888=ORIENTED_EDGE('',*,*,#658,.F.);
#889=ORIENTED_EDGE('',*,*,#654,.F.);
#890=ORIENTED_EDGE('',*,*,#659,.T.);
#891=ORIENTED_EDGE('',*,*,#660,.T.);
#892=ORIENTED_EDGE('',*,*,#661,.T.);
#893=ORIENTED_EDGE('',*,*,#656,.F.);
#894=ORIENTED_EDGE('',*,*,#662,.F.);
#895=ORIENTED_EDGE('',*,*,#657,.F.);
#896=ORIENTED_EDGE('',*,*,#663,.T.);
#897=ORIENTED_EDGE('',*,*,#664,.T.);
#898=ORIENTED_EDGE('',*,*,#660,.F.);
#899=ORIENTED_EDGE('',*,*,#665,.T.);
#900=ORIENTED_EDGE('',*,*,#666,.T.);
#901=ORIENTED_EDGE('',*,*,#664,.F.);
#902=ORIENTED_EDGE('',*,*,#665,.F.);
#903=ORIENTED_EDGE('',*,*,#667,.F.);
#904=ORIENTED_EDGE('',*,*,#616,.F.);
#905=ORIENTED_EDGE('',*,*,#617,.F.);
#906=ORIENTED_EDGE('',*,*,#668,.T.);
#907=ORIENTED_EDGE('',*,*,#669,.F.);
#908=ORIENTED_EDGE('',*,*,#668,.F.);
#909=ORIENTED_EDGE('',*,*,#670,.F.);
#910=ORIENTED_EDGE('',*,*,#671,.T.);
#911=ORIENTED_EDGE('',*,*,#618,.F.);
#912=ORIENTED_EDGE('',*,*,#619,.F.);
#913=ORIENTED_EDGE('',*,*,#671,.F.);
#914=ORIENTED_EDGE('',*,*,#655,.T.);
#915=ORIENTED_EDGE('',*,*,#658,.T.);
#916=ORIENTED_EDGE('',*,*,#667,.T.);
#917=ORIENTED_EDGE('',*,*,#662,.T.);
#918=ORIENTED_EDGE('',*,*,#670,.T.);
#919=ORIENTED_EDGE('',*,*,#625,.T.);
#920=ORIENTED_EDGE('',*,*,#630,.T.);
#921=ORIENTED_EDGE('',*,*,#672,.T.);
#922=ORIENTED_EDGE('',*,*,#634,.T.);
#923=ORIENTED_EDGE('',*,*,#669,.T.);
#924=ORIENTED_EDGE('',*,*,#637,.F.);
#925=ORIENTED_EDGE('',*,*,#672,.F.);
#926=ORIENTED_EDGE('',*,*,#636,.F.);
#927=ORIENTED_EDGE('',*,*,#673,.T.);
#928=ORIENTED_EDGE('',*,*,#674,.F.);
#929=ORIENTED_EDGE('',*,*,#675,.T.);
#930=ORIENTED_EDGE('',*,*,#676,.T.);
#931=ORIENTED_EDGE('',*,*,#677,.T.);
#932=ORIENTED_EDGE('',*,*,#678,.F.);
#933=ORIENTED_EDGE('',*,*,#673,.F.);
#934=ORIENTED_EDGE('',*,*,#679,.T.);
#935=ORIENTED_EDGE('',*,*,#680,.T.);
#936=ORIENTED_EDGE('',*,*,#681,.T.);
#937=ORIENTED_EDGE('',*,*,#675,.F.);
#938=ORIENTED_EDGE('',*,*,#682,.F.);
#939=ORIENTED_EDGE('',*,*,#680,.F.);
#940=ORIENTED_EDGE('',*,*,#683,.F.);
#941=ORIENTED_EDGE('',*,*,#677,.F.);
#942=ORIENTED_EDGE('',*,*,#684,.T.);
#943=ORIENTED_EDGE('',*,*,#679,.F.);
#944=ORIENTED_EDGE('',*,*,#685,.T.);
#945=ORIENTED_EDGE('',*,*,#686,.T.);
#946=ORIENTED_EDGE('',*,*,#687,.T.);
#947=ORIENTED_EDGE('',*,*,#688,.T.);
#948=ORIENTED_EDGE('',*,*,#689,.F.);
#949=ORIENTED_EDGE('',*,*,#690,.T.);
#950=ORIENTED_EDGE('',*,*,#676,.F.);
#951=ORIENTED_EDGE('',*,*,#691,.T.);
#952=ORIENTED_EDGE('',*,*,#692,.T.);
#953=ORIENTED_EDGE('',*,*,#693,.F.);
#954=ORIENTED_EDGE('',*,*,#639,.F.);
#955=ORIENTED_EDGE('',*,*,#685,.F.);
#956=ORIENTED_EDGE('',*,*,#694,.T.);
#957=ORIENTED_EDGE('',*,*,#695,.F.);
#958=ORIENTED_EDGE('',*,*,#696,.T.);
#959=ORIENTED_EDGE('',*,*,#697,.T.);
#960=ORIENTED_EDGE('',*,*,#698,.T.);
#961=ORIENTED_EDGE('',*,*,#699,.F.);
#962=ORIENTED_EDGE('',*,*,#694,.F.);
#963=ORIENTED_EDGE('',*,*,#700,.T.);
#964=ORIENTED_EDGE('',*,*,#701,.T.);
#965=ORIENTED_EDGE('',*,*,#689,.T.);
#966=ORIENTED_EDGE('',*,*,#696,.F.);
#967=ORIENTED_EDGE('',*,*,#702,.F.);
#968=ORIENTED_EDGE('',*,*,#701,.F.);
#969=ORIENTED_EDGE('',*,*,#703,.F.);
#970=ORIENTED_EDGE('',*,*,#698,.F.);
#971=ORIENTED_EDGE('',*,*,#704,.T.);
#972=ORIENTED_EDGE('',*,*,#697,.F.);
#973=ORIENTED_EDGE('',*,*,#688,.F.);
#974=ORIENTED_EDGE('',*,*,#651,.F.);
#975=ORIENTED_EDGE('',*,*,#705,.F.);
#976=ORIENTED_EDGE('',*,*,#706,.F.);
#977=ORIENTED_EDGE('',*,*,#707,.T.);
#978=ORIENTED_EDGE('',*,*,#708,.T.);
#979=ORIENTED_EDGE('',*,*,#647,.T.);
#980=ORIENTED_EDGE('',*,*,#640,.T.);
#981=ORIENTED_EDGE('',*,*,#693,.T.);
#982=ORIENTED_EDGE('',*,*,#709,.T.);
#983=ORIENTED_EDGE('',*,*,#708,.F.);
#984=ORIENTED_EDGE('',*,*,#710,.T.);
#985=ORIENTED_EDGE('',*,*,#648,.T.);
#986=ORIENTED_EDGE('',*,*,#711,.T.);
#987=ORIENTED_EDGE('',*,*,#712,.T.);
#988=ORIENTED_EDGE('',*,*,#705,.T.);
#989=ORIENTED_EDGE('',*,*,#650,.T.);
#990=ORIENTED_EDGE('',*,*,#711,.F.);
#991=ORIENTED_EDGE('',*,*,#649,.T.);
#992=ORIENTED_EDGE('',*,*,#713,.T.);
#993=ORIENTED_EDGE('',*,*,#638,.F.);
#994=ORIENTED_EDGE('',*,*,#635,.F.);
#995=ORIENTED_EDGE('',*,*,#631,.F.);
#996=ORIENTED_EDGE('',*,*,#642,.F.);
#997=ORIENTED_EDGE('',*,*,#646,.F.);
#998=ORIENTED_EDGE('',*,*,#661,.F.);
#999=ORIENTED_EDGE('',*,*,#666,.F.);
#1000=ORIENTED_EDGE('',*,*,#663,.F.);
#1001=ORIENTED_EDGE('',*,*,#659,.F.);
#1002=ORIENTED_EDGE('',*,*,#643,.F.);
#1003=ORIENTED_EDGE('',*,*,#633,.F.);
#1004=ORIENTED_EDGE('',*,*,#612,.T.);
#1005=ORIENTED_EDGE('',*,*,#709,.F.);
#1006=ORIENTED_EDGE('',*,*,#692,.F.);
#1007=ORIENTED_EDGE('',*,*,#714,.T.);
#1008=ORIENTED_EDGE('',*,*,#715,.F.);
#1009=ORIENTED_EDGE('',*,*,#716,.T.);
#1010=ORIENTED_EDGE('',*,*,#623,.F.);
#1011=ORIENTED_EDGE('',*,*,#716,.F.);
#1012=ORIENTED_EDGE('',*,*,#702,.T.);
#1013=ORIENTED_EDGE('',*,*,#695,.T.);
#1014=ORIENTED_EDGE('',*,*,#699,.T.);
#1015=ORIENTED_EDGE('',*,*,#703,.T.);
#1016=ORIENTED_EDGE('',*,*,#715,.T.);
#1017=ORIENTED_EDGE('',*,*,#622,.F.);
#1018=ORIENTED_EDGE('',*,*,#717,.T.);
#1019=ORIENTED_EDGE('',*,*,#718,.F.);
#1020=ORIENTED_EDGE('',*,*,#717,.F.);
#1021=ORIENTED_EDGE('',*,*,#678,.T.);
#1022=ORIENTED_EDGE('',*,*,#683,.T.);
#1023=ORIENTED_EDGE('',*,*,#682,.T.);
#1024=ORIENTED_EDGE('',*,*,#674,.T.);
#1025=ORIENTED_EDGE('',*,*,#718,.T.);
#1026=ORIENTED_EDGE('',*,*,#719,.T.);
#1027=ORIENTED_EDGE('',*,*,#686,.F.);
#1028=ORIENTED_EDGE('',*,*,#653,.F.);
#1029=ORIENTED_EDGE('',*,*,#652,.F.);
#1030=ORIENTED_EDGE('',*,*,#687,.F.);
#1031=ORIENTED_EDGE('',*,*,#719,.F.);
#1032=ORIENTED_EDGE('',*,*,#712,.F.);
#1033=ORIENTED_EDGE('',*,*,#720,.T.);
#1034=ORIENTED_EDGE('',*,*,#706,.T.);
#1035=ORIENTED_EDGE('',*,*,#615,.F.);
#1036=ORIENTED_EDGE('',*,*,#620,.F.);
#1037=ORIENTED_EDGE('',*,*,#614,.F.);
#1038=ORIENTED_EDGE('',*,*,#704,.F.);
#1039=ORIENTED_EDGE('',*,*,#700,.F.);
#1040=ORIENTED_EDGE('',*,*,#707,.F.);
#1041=ORIENTED_EDGE('',*,*,#720,.F.);
#1042=ORIENTED_EDGE('',*,*,#713,.F.);
#1043=ORIENTED_EDGE('',*,*,#710,.F.);
#1044=ORIENTED_EDGE('',*,*,#714,.F.);
#1045=ORIENTED_EDGE('',*,*,#691,.F.);
#1046=ORIENTED_EDGE('',*,*,#681,.F.);
#1047=ORIENTED_EDGE('',*,*,#684,.F.);
#1048=ORIENTED_EDGE('',*,*,#690,.F.);
#1049=ORIENTED_EDGE('',*,*,#608,.F.);
#1050=ORIENTED_EDGE('',*,*,#621,.F.);
#1051=ORIENTED_EDGE('',*,*,#721,.T.);
#1052=ORIENTED_EDGE('',*,*,#722,.T.);
#1053=ORIENTED_EDGE('',*,*,#723,.T.);
#1054=ORIENTED_EDGE('',*,*,#722,.F.);
#1055=ORIENTED_EDGE('',*,*,#724,.T.);
#1056=ORIENTED_EDGE('',*,*,#721,.F.);
#1057=ORIENTED_EDGE('',*,*,#725,.F.);
#1058=ORIENTED_EDGE('',*,*,#726,.T.);
#1059=ORIENTED_EDGE('',*,*,#727,.T.);
#1060=ORIENTED_EDGE('',*,*,#728,.T.);
#1061=ORIENTED_EDGE('',*,*,#723,.F.);
#1062=ORIENTED_EDGE('',*,*,#728,.F.);
#1063=ORIENTED_EDGE('',*,*,#729,.T.);
#1064=ORIENTED_EDGE('',*,*,#730,.T.);
#1065=ORIENTED_EDGE('',*,*,#726,.F.);
#1066=ORIENTED_EDGE('',*,*,#731,.T.);
#1067=ORIENTED_EDGE('',*,*,#732,.T.);
#1068=ORIENTED_EDGE('',*,*,#733,.T.);
#1069=ORIENTED_EDGE('',*,*,#734,.T.);
#1070=ORIENTED_EDGE('',*,*,#735,.T.);
#1071=ORIENTED_EDGE('',*,*,#736,.T.);
#1072=ORIENTED_EDGE('',*,*,#737,.T.);
#1073=ORIENTED_EDGE('',*,*,#735,.F.);
#1074=ORIENTED_EDGE('',*,*,#724,.F.);
#1075=ORIENTED_EDGE('',*,*,#738,.T.);
#1076=ORIENTED_EDGE('',*,*,#733,.F.);
#1077=ORIENTED_EDGE('',*,*,#734,.F.);
#1078=ORIENTED_EDGE('',*,*,#738,.F.);
#1079=ORIENTED_EDGE('',*,*,#739,.F.);
#1080=ORIENTED_EDGE('',*,*,#740,.F.);
#1081=ORIENTED_EDGE('',*,*,#741,.T.);
#1082=ORIENTED_EDGE('',*,*,#731,.F.);
#1083=ORIENTED_EDGE('',*,*,#732,.F.);
#1084=ORIENTED_EDGE('',*,*,#741,.F.);
#1085=ORIENTED_EDGE('',*,*,#730,.F.);
#1086=ORIENTED_EDGE('',*,*,#729,.F.);
#1087=ORIENTED_EDGE('',*,*,#727,.F.);
#1088=ORIENTED_EDGE('',*,*,#742,.T.);
#1089=ORIENTED_EDGE('',*,*,#743,.F.);
#1090=ORIENTED_EDGE('',*,*,#744,.F.);
#1091=ORIENTED_EDGE('',*,*,#745,.F.);
#1092=ORIENTED_EDGE('',*,*,#742,.F.);
#1093=ORIENTED_EDGE('',*,*,#746,.F.);
#1094=ORIENTED_EDGE('',*,*,#747,.T.);
#1095=ORIENTED_EDGE('',*,*,#745,.T.);
#1096=ORIENTED_EDGE('',*,*,#744,.T.);
#1097=ORIENTED_EDGE('',*,*,#748,.T.);
#1098=ORIENTED_EDGE('',*,*,#736,.F.);
#1099=ORIENTED_EDGE('',*,*,#737,.F.);
#1100=ORIENTED_EDGE('',*,*,#748,.F.);
#1101=ORIENTED_EDGE('',*,*,#743,.T.);
#1102=ORIENTED_EDGE('',*,*,#747,.F.);
#1103=ORIENTED_EDGE('',*,*,#739,.T.);
#1104=ORIENTED_EDGE('',*,*,#740,.T.);
#1105=ORIENTED_EDGE('',*,*,#746,.T.);
#1106=ORIENTED_EDGE('',*,*,#725,.T.);
#1107=B_SPLINE_SURFACE_WITH_KNOTS('',3,3,((#1681,#1682,#1683,#1684,#1685,
#1686,#1687,#1688,#1689,#1690,#1691,#1692,#1693,#1694,#1695),(#1696,#1697,
#1698,#1699,#1700,#1701,#1702,#1703,#1704,#1705,#1706,#1707,#1708,#1709,
#1710),(#1711,#1712,#1713,#1714,#1715,#1716,#1717,#1718,#1719,#1720,#1721,
#1722,#1723,#1724,#1725),(#1726,#1727,#1728,#1729,#1730,#1731,#1732,#1733,
#1734,#1735,#1736,#1737,#1738,#1739,#1740)),.UNSPECIFIED.,.F.,.F.,.F.,(4,
4),(4,1,1,1,1,1,1,1,1,1,1,1,4),(0.,1.),(-4.36485379765336,-3.99621389552422,
-3.81189394445965,-3.62757399339509,-3.44325404233052,-3.25893409126595,
-2.89029418913681,-2.70597423807225,-2.61381426253996,-2.52165428700768,
-2.33733433594311,-2.15301438487854,-1.78437448274941),.UNSPECIFIED.);
#1108=B_SPLINE_SURFACE_WITH_KNOTS('',3,3,((#1789,#1790,#1791,#1792,#1793,
#1794,#1795,#1796,#1797,#1798),(#1799,#1800,#1801,#1802,#1803,#1804,#1805,
#1806,#1807,#1808),(#1809,#1810,#1811,#1812,#1813,#1814,#1815,#1816,#1817,
#1818),(#1819,#1820,#1821,#1822,#1823,#1824,#1825,#1826,#1827,#1828)),
 .UNSPECIFIED.,.F.,.F.,.F.,(4,4),(4,1,1,1,1,1,1,4),(0.,1.),(-4.36605672194903,
-4.16497831385362,-3.96389990575821,-3.76282149766279,-3.56174308956738,
-3.36066468147197,-3.15958627337655,-2.95850786528114),.UNSPECIFIED.);
#1109=B_SPLINE_SURFACE_WITH_KNOTS('',3,3,((#1849,#1850,#1851,#1852,#1853,
#1854,#1855,#1856,#1857,#1858,#1859,#1860,#1861,#1862,#1863,#1864,#1865,
#1866),(#1867,#1868,#1869,#1870,#1871,#1872,#1873,#1874,#1875,#1876,#1877,
#1878,#1879,#1880,#1881,#1882,#1883,#1884),(#1885,#1886,#1887,#1888,#1889,
#1890,#1891,#1892,#1893,#1894,#1895,#1896,#1897,#1898,#1899,#1900,#1901,
#1902),(#1903,#1904,#1905,#1906,#1907,#1908,#1909,#1910,#1911,#1912,#1913,
#1914,#1915,#1916,#1917,#1918,#1919,#1920)),.UNSPECIFIED.,.F.,.F.,.F.,(4,
4),(4,1,1,1,1,1,1,1,1,1,1,1,1,1,1,4),(0.,1.),(-7.32456458723017,-7.11324259685295,
-6.90192060647573,-6.6905986160985,-6.47927662572128,-6.26795463534405,
-6.05663264496683,-5.8453106545896,-5.63398866421238,-5.49310733729423,
-5.21134468345793,-5.00002269308071,-4.78870070270348,-4.57737871232626,
-4.41888721954334,-4.36605672194903),.UNSPECIFIED.);
#1110=B_SPLINE_SURFACE_WITH_KNOTS('',3,3,((#2074,#2075,#2076,#2077,#2078,
#2079,#2080,#2081,#2082,#2083),(#2084,#2085,#2086,#2087,#2088,#2089,#2090,
#2091,#2092,#2093),(#2094,#2095,#2096,#2097,#2098,#2099,#2100,#2101,#2102,
#2103),(#2104,#2105,#2106,#2107,#2108,#2109,#2110,#2111,#2112,#2113)),
 .UNSPECIFIED.,.F.,.F.,.F.,(4,4),(4,1,1,1,1,1,1,4),(0.,1.),(-6.14922828040276,
-5.89431764000999,-5.63940699961722,-5.38449635922445,-5.12958571883167,
-4.8746750784389,-4.61976443804613,-4.36485379765336),.UNSPECIFIED.);
#1111=B_SPLINE_SURFACE_WITH_KNOTS('',3,3,((#2223,#2224,#2225,#2226,#2227,
#2228,#2229,#2230,#2231,#2232,#2233),(#2234,#2235,#2236,#2237,#2238,#2239,
#2240,#2241,#2242,#2243,#2244),(#2245,#2246,#2247,#2248,#2249,#2250,#2251,
#2252,#2253,#2254,#2255),(#2256,#2257,#2258,#2259,#2260,#2261,#2262,#2263,
#2264,#2265,#2266),(#2267,#2268,#2269,#2270,#2271,#2272,#2273,#2274,#2275,
#2276,#2277)),.UNSPECIFIED.,.F.,.F.,.F.,(4,1,4),(4,1,1,1,1,1,1,1,4),(0.,
0.571428571428571,1.),(-1.5707963267949,-1.12199737628207,-0.673198425769241,
-0.224399475256414,-0.0747998250854713,0.224399475256414,0.673198425769241,
1.12199737628207,1.5707963267949),.UNSPECIFIED.);
#1112=B_SPLINE_SURFACE_WITH_KNOTS('',3,3,((#2457,#2458,#2459,#2460,#2461,
#2462,#2463,#2464,#2465,#2466,#2467,#2468),(#2469,#2470,#2471,#2472,#2473,
#2474,#2475,#2476,#2477,#2478,#2479,#2480),(#2481,#2482,#2483,#2484,#2485,
#2486,#2487,#2488,#2489,#2490,#2491,#2492),(#2493,#2494,#2495,#2496,#2497,
#2498,#2499,#2500,#2501,#2502,#2503,#2504),(#2505,#2506,#2507,#2508,#2509,
#2510,#2511,#2512,#2513,#2514,#2515,#2516)),.UNSPECIFIED.,.F.,.F.,.F.,(4,
1,4),(4,1,1,1,1,1,1,1,1,4),(0.,0.571428571428571,1.),(-8.23983069794201,
-7.64883985502348,-7.05784901210496,-6.46685816918643,-5.8758673262679,
-5.28487648334937,-4.98938106189011,-4.69388564043085,-4.54613792970122,
-4.10289479751232),.UNSPECIFIED.);
#1113=B_SPLINE_SURFACE_WITH_KNOTS('',3,3,((#2643,#2644,#2645,#2646,#2647),
(#2648,#2649,#2650,#2651,#2652),(#2653,#2654,#2655,#2656,#2657),(#2658,
#2659,#2660,#2661,#2662),(#2663,#2664,#2665,#2666,#2667)),.UNSPECIFIED.,
 .F.,.F.,.F.,(4,1,4),(4,1,4),(0.,0.571428571428571,1.),(-5.71005855312151,
-5.40949721807346,-5.18407621678743),.UNSPECIFIED.);
#1114=B_SPLINE_SURFACE_WITH_KNOTS('',3,3,((#2673,#2674,#2675,#2676,#2677),
(#2678,#2679,#2680,#2681,#2682),(#2683,#2684,#2685,#2686,#2687),(#2688,
#2689,#2690,#2691,#2692),(#2693,#2694,#2695,#2696,#2697)),.UNSPECIFIED.,
 .F.,.F.,.F.,(4,1,4),(4,1,4),(0.,0.571428571428571,1.),(0.,0.225479911460446,
0.526119793407707),.UNSPECIFIED.);
#1115=B_SPLINE_SURFACE_WITH_KNOTS('',3,3,((#2703,#2704,#2705,#2706,#2707,
#2708),(#2709,#2710,#2711,#2712,#2713,#2714),(#2715,#2716,#2717,#2718,#2719,
#2720),(#2721,#2722,#2723,#2724,#2725,#2726)),.UNSPECIFIED.,.F.,.F.,.F.,
(4,4),(4,2,4),(0.,1.),(-4.04967864843519,-4.04800326684802,-3.44482611790593),
 .UNSPECIFIED.);
#1116=B_SPLINE_SURFACE_WITH_KNOTS('',3,3,((#2735,#2736,#2737,#2738,#2739,
#2740),(#2741,#2742,#2743,#2744,#2745,#2746),(#2747,#2748,#2749,#2750,#2751,
#2752),(#2753,#2754,#2755,#2756,#2757,#2758)),.UNSPECIFIED.,.F.,.F.,.F.,
(4,4),(4,2,4),(0.,1.),(-0.603177148942089,0.,0.00167538158717071),
 .UNSPECIFIED.);
#1117=B_SPLINE_SURFACE_WITH_KNOTS('',3,3,((#2927,#2928,#2929,#2930,#2931,
#2932,#2933,#2934,#2935,#2936,#2937),(#2938,#2939,#2940,#2941,#2942,#2943,
#2944,#2945,#2946,#2947,#2948),(#2949,#2950,#2951,#2952,#2953,#2954,#2955,
#2956,#2957,#2958,#2959),(#2960,#2961,#2962,#2963,#2964,#2965,#2966,#2967,
#2968,#2969,#2970),(#2971,#2972,#2973,#2974,#2975,#2976,#2977,#2978,#2979,
#2980,#2981)),.UNSPECIFIED.,.F.,.F.,.F.,(4,1,4),(4,1,1,1,1,1,1,1,4),(0.,
0.571428571428571,1.),(-8.239830697942,-7.64883985502348,-7.05784901210495,
-6.46685816918642,-5.8758673262679,-5.28487648334937,-4.69388564043084,
-4.39839021897158,-4.10289479751232),.UNSPECIFIED.);
#1118=B_SPLINE_SURFACE_WITH_KNOTS('',3,3,((#2987,#2988,#2989,#2990,#2991),
(#2992,#2993,#2994,#2995,#2996),(#2997,#2998,#2999,#3000,#3001),(#3002,
#3003,#3004,#3005,#3006),(#3007,#3008,#3009,#3010,#3011)),.UNSPECIFIED.,
 .F.,.F.,.F.,(4,1,4),(4,1,4),(0.,0.571428571428571,1.),(-5.71005855312151,
-5.48463755183548,-5.18407621678743),.UNSPECIFIED.);
#1119=B_SPLINE_SURFACE_WITH_KNOTS('',3,3,((#3017,#3018,#3019,#3020,#3021),
(#3022,#3023,#3024,#3025,#3026),(#3027,#3028,#3029,#3030,#3031),(#3032,
#3033,#3034,#3035,#3036),(#3037,#3038,#3039,#3040,#3041)),.UNSPECIFIED.,
 .F.,.F.,.F.,(4,1,4),(4,1,4),(0.,0.571428571428571,1.),(0.,0.30063988194726,
0.526119793407705),.UNSPECIFIED.);
#1120=B_SPLINE_SURFACE_WITH_KNOTS('',3,3,((#3047,#3048,#3049,#3050,#3051,
#3052),(#3053,#3054,#3055,#3056,#3057,#3058),(#3059,#3060,#3061,#3062,#3063,
#3064),(#3065,#3066,#3067,#3068,#3069,#3070)),.UNSPECIFIED.,.F.,.F.,.F.,
(4,4),(4,2,4),(0.,1.),(-4.04967864843519,-4.04800326684802,-3.44482611790593),
 .UNSPECIFIED.);
#1121=B_SPLINE_SURFACE_WITH_KNOTS('',3,3,((#3079,#3080,#3081,#3082,#3083,
#3084),(#3085,#3086,#3087,#3088,#3089,#3090),(#3091,#3092,#3093,#3094,#3095,
#3096),(#3097,#3098,#3099,#3100,#3101,#3102)),.UNSPECIFIED.,.F.,.F.,.F.,
(4,4),(4,2,4),(0.,1.),(-0.603177148942084,0.,0.00167538158717144),
 .UNSPECIFIED.);
#1122=B_SPLINE_SURFACE_WITH_KNOTS('',3,3,((#3133,#3134,#3135,#3136,#3137,
#3138,#3139,#3140),(#3141,#3142,#3143,#3144,#3145,#3146,#3147,#3148),(#3149,
#3150,#3151,#3152,#3153,#3154,#3155,#3156),(#3157,#3158,#3159,#3160,#3161,
#3162,#3163,#3164),(#3165,#3166,#3167,#3168,#3169,#3170,#3171,#3172)),
 .UNSPECIFIED.,.F.,.F.,.F.,(4,1,4),(4,1,1,1,1,4),(0.,0.571428571428571,
1.),(-6.17256886528032,-5.85929530903924,-5.23274819655706,-4.60620108407488,
-4.29292752783379,-3.9796539715927),.UNSPECIFIED.);
#1123=B_SPLINE_SURFACE_WITH_KNOTS('',3,3,((#3185,#3186,#3187,#3188,#3189,
#3190),(#3191,#3192,#3193,#3194,#3195,#3196),(#3197,#3198,#3199,#3200,#3201,
#3202),(#3203,#3204,#3205,#3206,#3207,#3208),(#3209,#3210,#3211,#3212,#3213,
#3214)),.UNSPECIFIED.,.F.,.F.,.F.,(4,1,4),(4,1,1,4),(0.,0.571428571428571,
1.),(0.,0.387943620395962,0.646572700659937,0.905201780923911),
 .UNSPECIFIED.);
#1124=B_SPLINE_SURFACE_WITH_KNOTS('',3,3,((#3220,#3221,#3222,#3223,#3224,
#3225),(#3226,#3227,#3228,#3229,#3230,#3231),(#3232,#3233,#3234,#3235,#3236,
#3237),(#3238,#3239,#3240,#3241,#3242,#3243),(#3244,#3245,#3246,#3247,#3248,
#3249)),.UNSPECIFIED.,.F.,.F.,.F.,(4,1,4),(4,1,1,4),(0.,0.571428571428571,
1.),(-5.2570240331095,-4.86226206923263,-4.59908742664805,-4.33591278406347),
 .UNSPECIFIED.);
#1125=B_SPLINE_SURFACE_WITH_KNOTS('',3,3,((#3286,#3287,#3288,#3289,#3290,
#3291),(#3292,#3293,#3294,#3295,#3296,#3297),(#3298,#3299,#3300,#3301,#3302,
#3303),(#3304,#3305,#3306,#3307,#3308,#3309),(#3310,#3311,#3312,#3313,#3314,
#3315)),.UNSPECIFIED.,.F.,.F.,.F.,(4,1,4),(4,1,1,4),(0.,0.571428571428571,
1.),(-5.54872915954707,-5.16116716861035,-4.90279250798586,-4.64441784736138),
 .UNSPECIFIED.);
#1126=B_SPLINE_SURFACE_WITH_KNOTS('',3,3,((#3321,#3322,#3323,#3324,#3325,
#3326,#3327,#3328),(#3329,#3330,#3331,#3332,#3333,#3334,#3335,#3336),(#3337,
#3338,#3339,#3340,#3341,#3342,#3343,#3344),(#3345,#3346,#3347,#3348,#3349,
#3350,#3351,#3352),(#3353,#3354,#3355,#3356,#3357,#3358,#3359,#3360)),
 .UNSPECIFIED.,.F.,.F.,.F.,(4,1,4),(4,1,1,1,1,4),(0.,0.571428571428571,
1.),(-8.36317060392067,-8.05022749840062,-7.42434128736052,-6.79845507632042,
-6.48551197080038,-6.17256886528033),.UNSPECIFIED.);
#1127=B_SPLINE_SURFACE_WITH_KNOTS('',3,3,((#3364,#3365,#3366,#3367,#3368,
#3369,#3370),(#3371,#3372,#3373,#3374,#3375,#3376,#3377),(#3378,#3379,#3380,
#3381,#3382,#3383,#3384),(#3385,#3386,#3387,#3388,#3389,#3390,#3391),(#3392,
#3393,#3394,#3395,#3396,#3397,#3398)),.UNSPECIFIED.,.F.,.F.,.F.,(4,1,4),
(4,1,1,1,4),(0.,0.571428571428571,1.),(-5.25684461259172,-4.99370260911809,
-4.86213160738127,-4.59898960390764,-4.33584760043401),.UNSPECIFIED.);
#1128=B_SPLINE_SURFACE_WITH_KNOTS('',3,3,((#3414,#3415,#3416,#3417,#3418,
#3419,#3420,#3421,#3422,#3423),(#3424,#3425,#3426,#3427,#3428,#3429,#3430,
#3431,#3432,#3433),(#3434,#3435,#3436,#3437,#3438,#3439,#3440,#3441,#3442,
#3443),(#3444,#3445,#3446,#3447,#3448,#3449,#3450,#3451,#3452,#3453),(#3454,
#3455,#3456,#3457,#3458,#3459,#3460,#3461,#3462,#3463)),.UNSPECIFIED.,.F.,
 .F.,.F.,(4,1,4),(4,2,1,1,1,1,4),(0.,0.571428571428571,1.),(-0.00221055289261739,
0.,0.376642628601025,0.753285257202049,1.12992788580307,1.5065705144041,
1.88321314300512),.UNSPECIFIED.);
#1129=B_SPLINE_SURFACE_WITH_KNOTS('',3,3,((#3469,#3470,#3471,#3472,#3473,
#3474,#3475,#3476,#3477,#3478,#3479,#3480),(#3481,#3482,#3483,#3484,#3485,
#3486,#3487,#3488,#3489,#3490,#3491,#3492),(#3493,#3494,#3495,#3496,#3497,
#3498,#3499,#3500,#3501,#3502,#3503,#3504),(#3505,#3506,#3507,#3508,#3509,
#3510,#3511,#3512,#3513,#3514,#3515,#3516),(#3517,#3518,#3519,#3520,#3521,
#3522,#3523,#3524,#3525,#3526,#3527,#3528),(#3529,#3530,#3531,#3532,#3533,
#3534,#3535,#3536,#3537,#3538,#3539,#3540)),.UNSPECIFIED.,.F.,.F.,.F.,(4,
1,1,4),(4,1,1,1,1,1,1,2,4),(0.,0.285714285714286,0.571428571428571,1.),
(3.94327693090965,4.31991955951068,4.50824087381119,4.6965621881117,4.88488350241222,
5.07320481671273,5.44984744531375,5.82649007391478,5.8287006268074),
 .UNSPECIFIED.);
#1130=ADVANCED_FACE('',(#156),#1107,.T.);
#1131=ADVANCED_FACE('',(#157),#1108,.T.);
#1132=ADVANCED_FACE('',(#158),#1109,.T.);
#1133=ADVANCED_FACE('',(#159),#136,.F.);
#1134=ADVANCED_FACE('',(#160),#1110,.T.);
#1135=ADVANCED_FACE('',(#161,#31),#51,.T.);
#1136=ADVANCED_FACE('',(#162,#32),#52,.F.);
#1137=ADVANCED_FACE('',(#163,#33),#53,.F.);
#1138=ADVANCED_FACE('',(#164,#34),#54,.T.);
#1139=ADVANCED_FACE('',(#165),#137,.T.);
#1140=ADVANCED_FACE('',(#166,#35),#138,.T.);
#1141=ADVANCED_FACE('',(#167,#36),#55,.F.);
#1142=ADVANCED_FACE('',(#168),#139,.F.);
#1143=ADVANCED_FACE('',(#169),#140,.F.);
#1144=ADVANCED_FACE('',(#170),#1111,.F.);
#1145=ADVANCED_FACE('',(#171,#37,#38),#141,.F.);
#1146=ADVANCED_FACE('',(#172,#39,#40),#142,.F.);
#1147=ADVANCED_FACE('',(#173),#1112,.T.);
#1148=ADVANCED_FACE('',(#174),#1113,.T.);
#1149=ADVANCED_FACE('',(#175),#1114,.T.);
#1150=ADVANCED_FACE('',(#176),#1115,.T.);
#1151=ADVANCED_FACE('',(#177),#1116,.T.);
#1152=ADVANCED_FACE('',(#178),#143,.T.);
#1153=ADVANCED_FACE('',(#179),#1117,.T.);
#1154=ADVANCED_FACE('',(#180),#1118,.T.);
#1155=ADVANCED_FACE('',(#181),#1119,.T.);
#1156=ADVANCED_FACE('',(#182),#1120,.T.);
#1157=ADVANCED_FACE('',(#183),#1121,.T.);
#1158=ADVANCED_FACE('',(#184),#144,.T.);
#1159=ADVANCED_FACE('',(#185),#145,.F.);
#1160=ADVANCED_FACE('',(#186),#146,.F.);
#1161=ADVANCED_FACE('',(#187,#41),#56,.T.);
#1162=ADVANCED_FACE('',(#188,#42),#57,.F.);
#1163=ADVANCED_FACE('',(#189),#147,.T.);
#1164=ADVANCED_FACE('',(#190),#17,.F.);
#1165=ADVANCED_FACE('',(#191),#1122,.T.);
#1166=ADVANCED_FACE('',(#192),#1123,.T.);
#1167=ADVANCED_FACE('',(#193),#1124,.T.);
#1168=ADVANCED_FACE('',(#194),#148,.T.);
#1169=ADVANCED_FACE('',(#195),#58,.T.);
#1170=ADVANCED_FACE('',(#196),#18,.F.);
#1171=ADVANCED_FACE('',(#197),#1125,.T.);
#1172=ADVANCED_FACE('',(#198),#1126,.T.);
#1173=ADVANCED_FACE('',(#199),#1127,.T.);
#1174=ADVANCED_FACE('',(#200),#59,.T.);
#1175=ADVANCED_FACE('',(#201),#19,.F.);
#1176=ADVANCED_FACE('',(#202),#1128,.T.);
#1177=ADVANCED_FACE('',(#203),#20,.F.);
#1178=ADVANCED_FACE('',(#204),#1129,.T.);
#1179=ADVANCED_FACE('',(#205,#43),#60,.T.);
#1180=ADVANCED_FACE('',(#206),#61,.T.);
#1181=ADVANCED_FACE('',(#207),#149,.F.);
#1182=ADVANCED_FACE('',(#208,#44),#62,.T.);
#1183=ADVANCED_FACE('',(#209),#150,.F.);
#1184=ADVANCED_FACE('',(#210,#45),#63,.F.);
#1185=ADVANCED_FACE('',(#211),#14,.T.);
#1186=ADVANCED_FACE('',(#212),#15,.T.);
#1187=ADVANCED_FACE('',(#213),#64,.T.);
#1188=ADVANCED_FACE('',(#214),#16,.F.);
#1189=ADVANCED_FACE('',(#215,#46),#65,.F.);
#1190=ADVANCED_FACE('',(#216),#13,.F.);
#1191=ADVANCED_FACE('',(#217,#47),#66,.T.);
#1192=ADVANCED_FACE('',(#218,#48),#151,.F.);
#1193=ADVANCED_FACE('',(#219),#21,.F.);
#1194=ADVANCED_FACE('',(#220),#152,.T.);
#1195=ADVANCED_FACE('',(#221),#153,.F.);
#1196=ADVANCED_FACE('',(#222),#154,.F.);
#1197=ADVANCED_FACE('',(#223,#49),#155,.T.);
#1198=ADVANCED_FACE('',(#224,#50),#67,.F.);
#1199=CLOSED_SHELL('',(#1130,#1131,#1132,#1133,#1134,#1135,#1136,#1137,
#1138,#1139,#1140,#1141,#1142,#1143));
#1200=CLOSED_SHELL('',(#1144,#1145,#1146,#1147,#1148,#1149,#1150,#1151,
#1152,#1153,#1154,#1155,#1156,#1157,#1158,#1159,#1160,#1161,#1162,#1163,
#1164,#1165,#1166,#1167,#1168,#1169,#1170,#1171,#1172,#1173,#1174,#1175,
#1176,#1177,#1178,#1179,#1180,#1181,#1182,#1183,#1184,#1185,#1186,#1187,
#1188,#1189));
#1201=CLOSED_SHELL('',(#1190,#1191,#1192,#1193,#1194,#1195,#1196,#1197,
#1198));
#1202=DERIVED_UNIT_ELEMENT(#1204,1.);
#1203=DERIVED_UNIT_ELEMENT(#3761,-3.);
#1204=(
MASS_UNIT()
NAMED_UNIT(*)
SI_UNIT(.KILO.,.GRAM.)
);
#1205=DERIVED_UNIT((#1202,#1203));
#1206=MEASURE_REPRESENTATION_ITEM('density measure',
POSITIVE_RATIO_MEASURE(2700.),#1205);
#1207=PROPERTY_DEFINITION_REPRESENTATION(#1212,#1209);
#1208=PROPERTY_DEFINITION_REPRESENTATION(#1213,#1210);
#1209=REPRESENTATION('material name',(#1211),#3758);
#1210=REPRESENTATION('density',(#1206),#3758);
#1211=DESCRIPTIVE_REPRESENTATION_ITEM('Aluminum','Aluminum');
#1212=PROPERTY_DEFINITION('material property','material name',#3768);
#1213=PROPERTY_DEFINITION('material property','density of part',#3768);
#1214=AXIS2_PLACEMENT_3D('',#1680,#1358,#1359);
#1215=AXIS2_PLACEMENT_3D('',#1787,#1360,#1361);
#1216=AXIS2_PLACEMENT_3D('',#1788,#1362,#1363);
#1217=AXIS2_PLACEMENT_3D('',#1847,#1364,#1365);
#1218=AXIS2_PLACEMENT_3D('',#1848,#1366,#1367);
#1219=AXIS2_PLACEMENT_3D('',#1921,#1368,#1369);
#1220=AXIS2_PLACEMENT_3D('',#2053,#1370,#1371);
#1221=AXIS2_PLACEMENT_3D('',#2055,#1372,#1373);
#1222=AXIS2_PLACEMENT_3D('',#2063,#1375,#1376);
#1223=AXIS2_PLACEMENT_3D('',#2064,#1377,#1378);
#1224=AXIS2_PLACEMENT_3D('',#2114,#1379,#1380);
#1225=AXIS2_PLACEMENT_3D('',#2115,#1381,#1382);
#1226=AXIS2_PLACEMENT_3D('',#2117,#1383,#1384);
#1227=AXIS2_PLACEMENT_3D('',#2118,#1385,#1386);
#1228=AXIS2_PLACEMENT_3D('',#2120,#1387,#1388);
#1229=AXIS2_PLACEMENT_3D('',#2121,#1389,#1390);
#1230=AXIS2_PLACEMENT_3D('',#2123,#1391,#1392);
#1231=AXIS2_PLACEMENT_3D('',#2125,#1393,#1394);
#1232=AXIS2_PLACEMENT_3D('',#2126,#1395,#1396);
#1233=AXIS2_PLACEMENT_3D('',#2128,#1397,#1398);
#1234=AXIS2_PLACEMENT_3D('',#2129,#1399,#1400);
#1235=AXIS2_PLACEMENT_3D('',#2131,#1402,#1403);
#1236=AXIS2_PLACEMENT_3D('',#2133,#1404,#1405);
#1237=AXIS2_PLACEMENT_3D('',#2218,#1408,#1409);
#1238=AXIS2_PLACEMENT_3D('',#2219,#1410,#1411);
#1239=AXIS2_PLACEMENT_3D('',#2221,#1413,#1414);
#1240=AXIS2_PLACEMENT_3D('',#2297,#1416,#1417);
#1241=AXIS2_PLACEMENT_3D('',#2299,#1418,#1419);
#1242=AXIS2_PLACEMENT_3D('',#2300,#1420,#1421);
#1243=AXIS2_PLACEMENT_3D('',#2301,#1422,#1423);
#1244=AXIS2_PLACEMENT_3D('',#2303,#1424,#1425);
#1245=AXIS2_PLACEMENT_3D('',#2306,#1427,#1428);
#1246=AXIS2_PLACEMENT_3D('',#2307,#1429,#1430);
#1247=AXIS2_PLACEMENT_3D('',#2384,#1431,#1432);
#1248=AXIS2_PLACEMENT_3D('',#2385,#1433,#1434);
#1249=AXIS2_PLACEMENT_3D('',#2386,#1435,#1436);
#1250=AXIS2_PLACEMENT_3D('',#2519,#1437,#1438);
#1251=AXIS2_PLACEMENT_3D('',#2521,#1439,#1440);
#1252=AXIS2_PLACEMENT_3D('',#2523,#1441,#1442);
#1253=AXIS2_PLACEMENT_3D('',#2670,#1443,#1444);
#1254=AXIS2_PLACEMENT_3D('',#2671,#1445,#1446);
#1255=AXIS2_PLACEMENT_3D('',#2672,#1447,#1448);
#1256=AXIS2_PLACEMENT_3D('',#2700,#1449,#1450);
#1257=AXIS2_PLACEMENT_3D('',#2701,#1451,#1452);
#1258=AXIS2_PLACEMENT_3D('',#2702,#1453,#1454);
#1259=AXIS2_PLACEMENT_3D('',#2728,#1455,#1456);
#1260=AXIS2_PLACEMENT_3D('',#2765,#1457,#1458);
#1261=AXIS2_PLACEMENT_3D('',#2766,#1459,#1460);
#1262=AXIS2_PLACEMENT_3D('',#2771,#1462,#1463);
#1263=AXIS2_PLACEMENT_3D('',#2774,#1465,#1466);
#1264=AXIS2_PLACEMENT_3D('',#2776,#1467,#1468);
#1265=AXIS2_PLACEMENT_3D('',#2893,#1469,#1470);
#1266=AXIS2_PLACEMENT_3D('',#2895,#1471,#1472);
#1267=AXIS2_PLACEMENT_3D('',#2921,#1473,#1474);
#1268=AXIS2_PLACEMENT_3D('',#2925,#1476,#1477);
#1269=AXIS2_PLACEMENT_3D('',#2926,#1478,#1479);
#1270=AXIS2_PLACEMENT_3D('',#2983,#1480,#1481);
#1271=AXIS2_PLACEMENT_3D('',#2985,#1482,#1483);
#1272=AXIS2_PLACEMENT_3D('',#2986,#1484,#1485);
#1273=AXIS2_PLACEMENT_3D('',#3014,#1486,#1487);
#1274=AXIS2_PLACEMENT_3D('',#3015,#1488,#1489);
#1275=AXIS2_PLACEMENT_3D('',#3016,#1490,#1491);
#1276=AXIS2_PLACEMENT_3D('',#3044,#1492,#1493);
#1277=AXIS2_PLACEMENT_3D('',#3045,#1494,#1495);
#1278=AXIS2_PLACEMENT_3D('',#3046,#1496,#1497);
#1279=AXIS2_PLACEMENT_3D('',#3072,#1498,#1499);
#1280=AXIS2_PLACEMENT_3D('',#3109,#1500,#1501);
#1281=AXIS2_PLACEMENT_3D('',#3110,#1502,#1503);
#1282=AXIS2_PLACEMENT_3D('',#3111,#1504,#1505);
#1283=AXIS2_PLACEMENT_3D('',#3112,#1506,#1507);
#1284=AXIS2_PLACEMENT_3D('',#3115,#1509,#1510);
#1285=AXIS2_PLACEMENT_3D('',#3116,#1511,#1512);
#1286=AXIS2_PLACEMENT_3D('',#3118,#1513,#1514);
#1287=AXIS2_PLACEMENT_3D('',#3120,#1516,#1517);
#1288=AXIS2_PLACEMENT_3D('',#3121,#1518,#1519);
#1289=AXIS2_PLACEMENT_3D('',#3122,#1520,#1521);
#1290=AXIS2_PLACEMENT_3D('',#3123,#1522,#1523);
#1291=AXIS2_PLACEMENT_3D('',#3124,#1524,#1525);
#1292=AXIS2_PLACEMENT_3D('',#3127,#1526,#1527);
#1293=AXIS2_PLACEMENT_3D('',#3129,#1528,#1529);
#1294=AXIS2_PLACEMENT_3D('',#3131,#1530,#1531);
#1295=AXIS2_PLACEMENT_3D('',#3132,#1532,#1533);
#1296=AXIS2_PLACEMENT_3D('',#3175,#1534,#1535);
#1297=AXIS2_PLACEMENT_3D('',#3176,#1536,#1537);
#1298=AXIS2_PLACEMENT_3D('',#3217,#1538,#1539);
#1299=AXIS2_PLACEMENT_3D('',#3219,#1541,#1542);
#1300=AXIS2_PLACEMENT_3D('',#3250,#1543,#1544);
#1301=AXIS2_PLACEMENT_3D('',#3251,#1545,#1546);
#1302=AXIS2_PLACEMENT_3D('',#3252,#1547,#1548);
#1303=AXIS2_PLACEMENT_3D('',#3255,#1550,#1551);
#1304=AXIS2_PLACEMENT_3D('',#3256,#1552,#1553);
#1305=AXIS2_PLACEMENT_3D('',#3268,#1555,#1556);
#1306=AXIS2_PLACEMENT_3D('',#3269,#1557,#1558);
#1307=AXIS2_PLACEMENT_3D('',#3278,#1561,#1562);
#1308=AXIS2_PLACEMENT_3D('',#3281,#1563,#1564);
#1309=AXIS2_PLACEMENT_3D('',#3283,#1565,#1566);
#1310=AXIS2_PLACEMENT_3D('',#3284,#1567,#1568);
#1311=AXIS2_PLACEMENT_3D('',#3285,#1569,#1570);
#1312=AXIS2_PLACEMENT_3D('',#3318,#1571,#1572);
#1313=AXIS2_PLACEMENT_3D('',#3319,#1573,#1574);
#1314=AXIS2_PLACEMENT_3D('',#3362,#1576,#1577);
#1315=AXIS2_PLACEMENT_3D('',#3363,#1578,#1579);
#1316=AXIS2_PLACEMENT_3D('',#3399,#1580,#1581);
#1317=AXIS2_PLACEMENT_3D('',#3400,#1582,#1583);
#1318=AXIS2_PLACEMENT_3D('',#3401,#1584,#1585);
#1319=AXIS2_PLACEMENT_3D('',#3410,#1588,#1589);
#1320=AXIS2_PLACEMENT_3D('',#3412,#1590,#1591);
#1321=AXIS2_PLACEMENT_3D('',#3413,#1592,#1593);
#1322=AXIS2_PLACEMENT_3D('',#3465,#1595,#1596);
#1323=AXIS2_PLACEMENT_3D('',#3467,#1597,#1598);
#1324=AXIS2_PLACEMENT_3D('',#3468,#1599,#1600);
#1325=AXIS2_PLACEMENT_3D('',#3542,#1602,#1603);
#1326=AXIS2_PLACEMENT_3D('',#3543,#1604,#1605);
#1327=AXIS2_PLACEMENT_3D('',#3545,#1607,#1608);
#1328=AXIS2_PLACEMENT_3D('',#3547,#1609,#1610);
#1329=AXIS2_PLACEMENT_3D('',#3549,#1612,#1613);
#1330=AXIS2_PLACEMENT_3D('',#3550,#1614,#1615);
#1331=AXIS2_PLACEMENT_3D('',#3553,#1617,#1618);
#1332=AXIS2_PLACEMENT_3D('',#3554,#1619,#1620);
#1333=AXIS2_PLACEMENT_3D('',#3555,#1621,#1622);
#1334=AXIS2_PLACEMENT_3D('',#3556,#1623,#1624);
#1335=AXIS2_PLACEMENT_3D('',#3557,#1625,#1626);
#1336=AXIS2_PLACEMENT_3D('',#3558,#1627,#1628);
#1337=AXIS2_PLACEMENT_3D('',#3560,#1630,#1631);
#1338=AXIS2_PLACEMENT_3D('',#3561,#1632,#1633);
#1339=AXIS2_PLACEMENT_3D('',#3562,#1634,#1635);
#1340=AXIS2_PLACEMENT_3D('',#3564,#1636,#1637);
#1341=AXIS2_PLACEMENT_3D('',#3567,#1639,#1640);
#1342=AXIS2_PLACEMENT_3D('',#3568,#1641,#1642);
#1343=AXIS2_PLACEMENT_3D('',#3570,#1643,#1644);
#1344=AXIS2_PLACEMENT_3D('',#3571,#1645,#1646);
#1345=AXIS2_PLACEMENT_3D('',#3573,#1647,#1648);
#1346=AXIS2_PLACEMENT_3D('',#3655,#1651,#1652);
#1347=AXIS2_PLACEMENT_3D('',#3658,#1653,#1654);
#1348=AXIS2_PLACEMENT_3D('',#3659,#1655,#1656);
#1349=AXIS2_PLACEMENT_3D('',#3661,#1657,#1658);
#1350=AXIS2_PLACEMENT_3D('',#3663,#1659,#1660);
#1351=AXIS2_PLACEMENT_3D('',#3664,#1661,#1662);
#1352=AXIS2_PLACEMENT_3D('',#3665,#1663,#1664);
#1353=AXIS2_PLACEMENT_3D('',#3667,#1666,#1667);
#1354=AXIS2_PLACEMENT_3D('',#3707,#1669,#1670);
#1355=AXIS2_PLACEMENT_3D('',#3750,#1672,#1673);
#1356=AXIS2_PLACEMENT_3D('',#3752,#1674,#1675);
#1357=AXIS2_PLACEMENT_3D('',#3755,#1678,#1679);
#1358=DIRECTION('axis',(0.,0.,1.));
#1359=DIRECTION('refdir',(1.,0.,0.));
#1360=DIRECTION('center_axis',(-0.147844837318738,-0.789051220417985,0.596271813550736));
#1361=DIRECTION('ref_axis',(-0.982895253652472,0.184165470019337,0.));
#1362=DIRECTION('center_axis',(-1.,0.,0.));
#1363=DIRECTION('ref_axis',(0.,1.,0.));
#1364=DIRECTION('center_axis',(-0.147721239760472,0.789806140057019,-0.595302189187863));
#1365=DIRECTION('ref_axis',(0.982954912623665,0.183846783352344,-4.44089209850063E-16));
#1366=DIRECTION('center_axis',(1.,0.,0.));
#1367=DIRECTION('ref_axis',(0.,1.,0.));
#1368=DIRECTION('center_axis',(1.,0.,0.));
#1369=DIRECTION('ref_axis',(0.,1.,0.));
#1370=DIRECTION('center_axis',(0.,0.,1.));
#1371=DIRECTION('ref_axis',(1.,0.,0.));
#1372=DIRECTION('center_axis',(0.,0.,-1.));
#1373=DIRECTION('ref_axis',(1.,0.,0.));
#1374=DIRECTION('',(0.,0.,-1.));
#1375=DIRECTION('center_axis',(0.,0.,1.));
#1376=DIRECTION('ref_axis',(1.,0.,0.));
#1377=DIRECTION('center_axis',(0.,0.,1.));
#1378=DIRECTION('ref_axis',(1.,0.,0.));
#1379=DIRECTION('center_axis',(-1.,0.,0.));
#1380=DIRECTION('ref_axis',(0.,1.,0.));
#1381=DIRECTION('center_axis',(1.,0.,0.));
#1382=DIRECTION('ref_axis',(0.,1.,0.));
#1383=DIRECTION('center_axis',(1.,0.,0.));
#1384=DIRECTION('ref_axis',(0.,1.,0.));
#1385=DIRECTION('center_axis',(1.,0.,0.));
#1386=DIRECTION('ref_axis',(0.,1.,0.));
#1387=DIRECTION('center_axis',(-1.,0.,0.));
#1388=DIRECTION('ref_axis',(0.,1.,0.));
#1389=DIRECTION('center_axis',(0.,0.,1.));
#1390=DIRECTION('ref_axis',(1.,0.,0.));
#1391=DIRECTION('center_axis',(0.,0.,1.));
#1392=DIRECTION('ref_axis',(1.,0.,0.));
#1393=DIRECTION('center_axis',(0.,0.,1.));
#1394=DIRECTION('ref_axis',(1.,0.,0.));
#1395=DIRECTION('center_axis',(0.,0.,1.));
#1396=DIRECTION('ref_axis',(1.,0.,0.));
#1397=DIRECTION('center_axis',(0.,0.,1.));
#1398=DIRECTION('ref_axis',(1.,0.,0.));
#1399=DIRECTION('center_axis',(0.,0.,1.));
#1400=DIRECTION('ref_axis',(1.,0.,0.));
#1401=DIRECTION('',(0.,0.,-1.));
#1402=DIRECTION('center_axis',(0.,0.,-1.));
#1403=DIRECTION('ref_axis',(1.,0.,0.));
#1404=DIRECTION('center_axis',(0.,0.,-1.));
#1405=DIRECTION('ref_axis',(1.,0.,0.));
#1406=DIRECTION('',(0.,0.,1.));
#1407=DIRECTION('',(0.,0.,1.));
#1408=DIRECTION('center_axis',(0.,0.,1.));
#1409=DIRECTION('ref_axis',(1.,0.,0.));
#1410=DIRECTION('center_axis',(1.,0.,0.));
#1411=DIRECTION('ref_axis',(0.,1.,0.));
#1412=DIRECTION('',(-1.,0.,0.));
#1413=DIRECTION('center_axis',(1.,0.,0.));
#1414=DIRECTION('ref_axis',(0.,1.,0.));
#1415=DIRECTION('',(-1.,0.,0.));
#1416=DIRECTION('center_axis',(-2.13988044444109E-16,-0.74695627272243,
0.664873165829855));
#1417=DIRECTION('ref_axis',(1.62232416958181E-16,0.664873165829855,0.74695627272243));
#1418=DIRECTION('center_axis',(2.1871333249177E-16,0.664873165829856,-0.74695627272243));
#1419=DIRECTION('ref_axis',(1.8923406294482E-16,0.74695627272243,0.664873165829855));
#1420=DIRECTION('center_axis',(-2.13988044444109E-16,-0.74695627272243,
0.664873165829855));
#1421=DIRECTION('ref_axis',(1.62232416958181E-16,0.664873165829855,0.74695627272243));
#1422=DIRECTION('center_axis',(3.28954970259306E-16,1.,0.));
#1423=DIRECTION('ref_axis',(-0.707106781186547,2.61682076447296E-16,0.707106781186547));
#1424=DIRECTION('center_axis',(0.,1.,0.));
#1425=DIRECTION('ref_axis',(-0.707106781186547,2.61682076447296E-16,0.707106781186547));
#1426=DIRECTION('',(-3.28954970259306E-16,-1.,0.));
#1427=DIRECTION('center_axis',(3.70074341541719E-16,1.,0.));
#1428=DIRECTION('ref_axis',(0.,0.,-1.));
#1429=DIRECTION('center_axis',(3.70074341541719E-16,1.,0.));
#1430=DIRECTION('ref_axis',(0.,0.,-1.));
#1431=DIRECTION('center_axis',(0.,0.,-1.));
#1432=DIRECTION('ref_axis',(0.,-1.,0.));
#1433=DIRECTION('center_axis',(-3.70074341541719E-16,-6.08688970077941E-32,
1.));
#1434=DIRECTION('ref_axis',(1.64477485129653E-16,-1.,0.));
#1435=DIRECTION('center_axis',(0.,0.,-1.));
#1436=DIRECTION('ref_axis',(-0.707106781186547,0.707106781186548,0.));
#1437=DIRECTION('center_axis',(-0.144455962863458,0.842473610306917,-0.519009335879057));
#1438=DIRECTION('ref_axis',(0.96338054575898,4.06785716222658E-13,-0.268137882540177));
#1439=DIRECTION('center_axis',(-1.,0.,0.));
#1440=DIRECTION('ref_axis',(0.,1.,0.));
#1441=DIRECTION('center_axis',(-0.144455962860616,0.842473610315044,0.519009335866656));
#1442=DIRECTION('ref_axis',(0.16563549285216,-0.496522745116349,0.852073968085956));
#1443=DIRECTION('center_axis',(0.370445888419228,0.465969630508793,-0.803518604138565));
#1444=DIRECTION('ref_axis',(0.673951708281388,-0.730128872837574,-0.1126983760022));
#1445=DIRECTION('center_axis',(-1.,0.,0.));
#1446=DIRECTION('ref_axis',(0.,1.,0.));
#1447=DIRECTION('center_axis',(0.,-1.,0.));
#1448=DIRECTION('ref_axis',(0.707106781186547,0.,0.707106781186548));
#1449=DIRECTION('center_axis',(0.370445888419231,0.465969630508793,0.803518604138564));
#1450=DIRECTION('ref_axis',(0.,-0.865064436418788,0.501660762710664));
#1451=DIRECTION('center_axis',(0.,-1.,0.));
#1452=DIRECTION('ref_axis',(0.707106781186547,0.,0.707106781186548));
#1453=DIRECTION('center_axis',(-1.,0.,0.));
#1454=DIRECTION('ref_axis',(0.,1.,0.));
#1455=DIRECTION('center_axis',(0.,-1.,0.));
#1456=DIRECTION('ref_axis',(0.707106781186547,0.,0.707106781186548));
#1457=DIRECTION('center_axis',(0.,-1.,0.));
#1458=DIRECTION('ref_axis',(0.707106781186547,0.,0.707106781186548));
#1459=DIRECTION('center_axis',(-3.28954970259306E-16,-1.,0.));
#1460=DIRECTION('ref_axis',(0.707106781186547,-2.32606290175374E-16,-0.707106781186548));
#1461=DIRECTION('',(3.28954970259306E-16,1.,0.));
#1462=DIRECTION('center_axis',(0.,-1.,0.));
#1463=DIRECTION('ref_axis',(-0.707106781186547,0.,0.707106781186548));
#1464=DIRECTION('',(3.28954970259306E-16,1.,0.));
#1465=DIRECTION('center_axis',(0.,-1.,0.));
#1466=DIRECTION('ref_axis',(0.707106781186547,0.,0.707106781186548));
#1467=DIRECTION('center_axis',(0.,-1.,0.));
#1468=DIRECTION('ref_axis',(0.707106781186547,0.,0.707106781186548));
#1469=DIRECTION('center_axis',(0.,-1.,0.));
#1470=DIRECTION('ref_axis',(0.707106781186547,0.,0.707106781186548));
#1471=DIRECTION('center_axis',(0.,-1.,0.));
#1472=DIRECTION('ref_axis',(-0.707106781186547,0.,0.707106781186548));
#1473=DIRECTION('center_axis',(0.,-1.,0.));
#1474=DIRECTION('ref_axis',(0.707106781186547,0.,0.707106781186547));
#1475=DIRECTION('',(-3.28954970259306E-16,-1.,0.));
#1476=DIRECTION('center_axis',(-3.28954970259306E-16,-1.,0.));
#1477=DIRECTION('ref_axis',(1.,-3.28954970259306E-16,0.));
#1478=DIRECTION('center_axis',(-3.28954970259306E-16,-1.,0.));
#1479=DIRECTION('ref_axis',(0.,0.,-1.));
#1480=DIRECTION('center_axis',(0.144455962863454,0.842473610306916,0.519009335879061));
#1481=DIRECTION('ref_axis',(-0.963380545758981,4.03233002543856E-13,0.268137882540175));
#1482=DIRECTION('center_axis',(1.,0.,0.));
#1483=DIRECTION('ref_axis',(0.,1.,0.));
#1484=DIRECTION('center_axis',(0.144455962860615,0.842473610315044,-0.519009335866656));
#1485=DIRECTION('ref_axis',(-0.165635492852166,-0.496522745116348,-0.852073968085956));
#1486=DIRECTION('center_axis',(-0.370445888419232,0.46596963050879,0.803518604138565));
#1487=DIRECTION('ref_axis',(-0.673951708281385,-0.730128872837577,0.112698376002196));
#1488=DIRECTION('center_axis',(1.,0.,0.));
#1489=DIRECTION('ref_axis',(0.,1.,0.));
#1490=DIRECTION('center_axis',(0.,-1.,0.));
#1491=DIRECTION('ref_axis',(0.707106781186547,0.,0.707106781186548));
#1492=DIRECTION('center_axis',(-0.370445888419231,0.465969630508791,-0.803518604138565));
#1493=DIRECTION('ref_axis',(0.,-0.865064436418789,-0.501660762710662));
#1494=DIRECTION('center_axis',(0.,-1.,0.));
#1495=DIRECTION('ref_axis',(0.707106781186547,0.,0.707106781186548));
#1496=DIRECTION('center_axis',(1.,0.,0.));
#1497=DIRECTION('ref_axis',(0.,1.,0.));
#1498=DIRECTION('center_axis',(0.,-1.,0.));
#1499=DIRECTION('ref_axis',(0.707106781186547,0.,0.707106781186548));
#1500=DIRECTION('center_axis',(0.,-1.,0.));
#1501=DIRECTION('ref_axis',(0.707106781186547,0.,0.707106781186548));
#1502=DIRECTION('center_axis',(1.,0.,0.));
#1503=DIRECTION('ref_axis',(0.,1.,0.));
#1504=DIRECTION('center_axis',(1.,0.,0.));
#1505=DIRECTION('ref_axis',(0.,1.,0.));
#1506=DIRECTION('center_axis',(1.,0.,0.));
#1507=DIRECTION('ref_axis',(0.,1.,0.));
#1508=DIRECTION('',(-1.,0.,0.));
#1509=DIRECTION('center_axis',(1.,0.,0.));
#1510=DIRECTION('ref_axis',(0.,1.,0.));
#1511=DIRECTION('center_axis',(1.,0.,0.));
#1512=DIRECTION('ref_axis',(0.,1.,0.));
#1513=DIRECTION('center_axis',(-1.,0.,0.));
#1514=DIRECTION('ref_axis',(0.,1.,0.));
#1515=DIRECTION('',(-1.,0.,0.));
#1516=DIRECTION('center_axis',(1.,0.,0.));
#1517=DIRECTION('ref_axis',(0.,1.,0.));
#1518=DIRECTION('center_axis',(1.,0.,0.));
#1519=DIRECTION('ref_axis',(0.,1.,0.));
#1520=DIRECTION('center_axis',(-1.,0.,0.));
#1521=DIRECTION('ref_axis',(0.,1.,0.));
#1522=DIRECTION('center_axis',(1.,0.,0.));
#1523=DIRECTION('ref_axis',(0.,1.,0.));
#1524=DIRECTION('center_axis',(-1.,0.,0.));
#1525=DIRECTION('ref_axis',(0.,0.901702960393898,-0.432356069943374));
#1526=DIRECTION('center_axis',(-1.11022302462515E-16,-1.,4.1185989441271E-16));
#1527=DIRECTION('ref_axis',(1.,-1.11022302462515E-16,0.));
#1528=DIRECTION('center_axis',(-1.,0.,0.));
#1529=DIRECTION('ref_axis',(0.,1.,0.));
#1530=DIRECTION('center_axis',(6.92524701073103E-16,-0.62613645756624,0.779713496424424));
#1531=DIRECTION('ref_axis',(0.399999999999999,-0.71461922354872,-0.573863542433761));
#1532=DIRECTION('center_axis',(-1.,0.,0.));
#1533=DIRECTION('ref_axis',(0.,-0.894221520576762,0.447624700097508));
#1534=DIRECTION('center_axis',(-0.15843931951963,0.624536627258476,0.764755505532823));
#1535=DIRECTION('ref_axis',(0.96929485324543,0.245901377531562,4.06341627012807E-13));
#1536=DIRECTION('center_axis',(-1.,0.,0.));
#1537=DIRECTION('ref_axis',(0.,1.,0.));
#1538=DIRECTION('center_axis',(-3.78209338393969E-12,-1.,1.8910371566553E-12));
#1539=DIRECTION('ref_axis',(0.,-1.8910371566553E-12,-1.));
#1540=DIRECTION('',(3.28954970259306E-16,1.,0.));
#1541=DIRECTION('center_axis',(-1.,0.,0.));
#1542=DIRECTION('ref_axis',(0.,1.,0.));
#1543=DIRECTION('center_axis',(-1.,0.,0.));
#1544=DIRECTION('ref_axis',(0.,1.,0.));
#1545=DIRECTION('center_axis',(0.,0.,-1.));
#1546=DIRECTION('ref_axis',(-0.707106781186547,-0.707106781186547,0.));
#1547=DIRECTION('center_axis',(0.,0.,-1.));
#1548=DIRECTION('ref_axis',(0.707106781186547,-0.707106781186547,0.));
#1549=DIRECTION('',(0.,0.,-1.));
#1550=DIRECTION('center_axis',(0.,0.,-1.));
#1551=DIRECTION('ref_axis',(-1.,3.28954970259306E-16,0.));
#1552=DIRECTION('center_axis',(0.,0.,-1.));
#1553=DIRECTION('ref_axis',(1.64477485129653E-16,-1.,0.));
#1554=DIRECTION('',(0.,0.,1.));
#1555=DIRECTION('center_axis',(0.,0.,-1.));
#1556=DIRECTION('ref_axis',(-0.707106781186547,-0.707106781186547,0.));
#1557=DIRECTION('center_axis',(-1.,3.28954970259306E-16,0.));
#1558=DIRECTION('ref_axis',(3.28954970259306E-16,1.,0.));
#1559=DIRECTION('',(3.28954970259306E-16,1.,0.));
#1560=DIRECTION('',(0.,0.,-1.));
#1561=DIRECTION('center_axis',(1.,0.,0.));
#1562=DIRECTION('ref_axis',(0.,0.901702960393898,-0.432356069943375));
#1563=DIRECTION('center_axis',(2.78060444698909E-16,-0.62613645756624,0.779713496424424));
#1564=DIRECTION('ref_axis',(-1.,-4.44089209850063E-16,0.));
#1565=DIRECTION('center_axis',(1.,0.,0.));
#1566=DIRECTION('ref_axis',(0.,1.,0.));
#1567=DIRECTION('center_axis',(-9.99200722162641E-16,-1.,1.56264489350705E-15));
#1568=DIRECTION('ref_axis',(-0.399999999999998,1.83186799063151E-15,0.916515138991169));
#1569=DIRECTION('center_axis',(1.,0.,0.));
#1570=DIRECTION('ref_axis',(0.,-0.894221520576762,0.447624700097507));
#1571=DIRECTION('center_axis',(-6.06093189431487E-13,-1.,4.54873468681911E-13));
#1572=DIRECTION('ref_axis',(-0.6,-2.42861286636753E-16,-0.8));
#1573=DIRECTION('center_axis',(1.,0.,0.));
#1574=DIRECTION('ref_axis',(0.,1.,0.));
#1575=DIRECTION('',(-3.28954970259306E-16,-1.,0.));
#1576=DIRECTION('center_axis',(0.158439319488152,0.624536627059306,0.764755505701997));
#1577=DIRECTION('ref_axis',(-0.203487060692152,0.77856564288916,-0.593656934469275));
#1578=DIRECTION('center_axis',(1.,0.,0.));
#1579=DIRECTION('ref_axis',(0.,1.,0.));
#1580=DIRECTION('center_axis',(1.,0.,0.));
#1581=DIRECTION('ref_axis',(0.,1.,0.));
#1582=DIRECTION('center_axis',(0.,0.,-1.));
#1583=DIRECTION('ref_axis',(-0.707106781186547,-0.707106781186547,0.));
#1584=DIRECTION('center_axis',(1.,-3.28954970259306E-16,0.));
#1585=DIRECTION('ref_axis',(-3.28954970259306E-16,-1.,0.));
#1586=DIRECTION('',(0.,0.,-1.));
#1587=DIRECTION('',(-3.28954970259306E-16,-1.,0.));
#1588=DIRECTION('center_axis',(0.,-1.,0.));
#1589=DIRECTION('ref_axis',(0.,0.,-1.));
#1590=DIRECTION('center_axis',(0.84375,3.74700270810991E-16,0.536736376166178));
#1591=DIRECTION('ref_axis',(4.44089209850063E-16,-1.,0.));
#1592=DIRECTION('center_axis',(0.,1.,0.));
#1593=DIRECTION('ref_axis',(-0.707106781186547,0.,0.707106781186548));
#1594=DIRECTION('',(1.,0.,0.));
#1595=DIRECTION('center_axis',(0.,-1.,0.));
#1596=DIRECTION('ref_axis',(0.,0.,-1.));
#1597=DIRECTION('center_axis',(-0.84375,0.,0.536736376166177));
#1598=DIRECTION('ref_axis',(-0.536736376166177,0.,-0.84375));
#1599=DIRECTION('center_axis',(0.,1.,0.));
#1600=DIRECTION('ref_axis',(0.707106781186548,0.,0.707106781186547));
#1601=DIRECTION('',(1.,0.,0.));
#1602=DIRECTION('center_axis',(0.,1.,0.));
#1603=DIRECTION('ref_axis',(1.,0.,0.));
#1604=DIRECTION('center_axis',(0.,1.,0.));
#1605=DIRECTION('ref_axis',(1.,0.,0.));
#1606=DIRECTION('',(1.,0.,0.));
#1607=DIRECTION('center_axis',(1.,0.,0.));
#1608=DIRECTION('ref_axis',(0.,1.,0.));
#1609=DIRECTION('center_axis',(-1.,0.,0.));
#1610=DIRECTION('ref_axis',(0.,1.,0.));
#1611=DIRECTION('',(-1.,0.,0.));
#1612=DIRECTION('center_axis',(1.,0.,0.));
#1613=DIRECTION('ref_axis',(0.,1.,0.));
#1614=DIRECTION('center_axis',(1.,0.,0.));
#1615=DIRECTION('ref_axis',(0.,1.,0.));
#1616=DIRECTION('',(-1.,0.,0.));
#1617=DIRECTION('center_axis',(1.,0.,0.));
#1618=DIRECTION('ref_axis',(0.,1.,0.));
#1619=DIRECTION('center_axis',(1.,0.,0.));
#1620=DIRECTION('ref_axis',(0.,1.,0.));
#1621=DIRECTION('center_axis',(0.408248290463863,0.408248290463863,-0.816496580927726));
#1622=DIRECTION('ref_axis',(-0.577350269189626,-0.577350269189625,-0.577350269189626));
#1623=DIRECTION('center_axis',(-1.,-1.64477485129653E-16,-1.46085352818706E-31));
#1624=DIRECTION('ref_axis',(1.16303145087687E-16,-0.707106781186547,-0.707106781186548));
#1625=DIRECTION('center_axis',(-0.816496580927726,-0.408248290463863,-0.408248290463863));
#1626=DIRECTION('ref_axis',(0.577350269189626,-0.577350269189626,-0.577350269189626));
#1627=DIRECTION('center_axis',(0.,1.,0.));
#1628=DIRECTION('ref_axis',(1.,0.,0.));
#1629=DIRECTION('',(1.,0.,0.));
#1630=DIRECTION('center_axis',(0.408248290463863,-0.816496580927726,0.408248290463863));
#1631=DIRECTION('ref_axis',(-0.577350269189626,-0.577350269189626,-0.577350269189626));
#1632=DIRECTION('center_axis',(0.,0.,-1.));
#1633=DIRECTION('ref_axis',(1.,0.,0.));
#1634=DIRECTION('center_axis',(0.,1.,0.));
#1635=DIRECTION('ref_axis',(-1.,0.,0.));
#1636=DIRECTION('center_axis',(0.,1.,0.));
#1637=DIRECTION('ref_axis',(-1.,0.,0.));
#1638=DIRECTION('',(-0.707106781186549,-0.707106781186546,8.65956056235495E-17));
#1639=DIRECTION('center_axis',(0.,-1.,0.));
#1640=DIRECTION('ref_axis',(-1.,0.,0.));
#1641=DIRECTION('center_axis',(0.,1.,0.));
#1642=DIRECTION('ref_axis',(-1.,0.,0.));
#1643=DIRECTION('center_axis',(0.,1.,0.));
#1644=DIRECTION('ref_axis',(-1.,0.,0.));
#1645=DIRECTION('center_axis',(0.,-1.,0.));
#1646=DIRECTION('ref_axis',(-1.,0.,0.));
#1647=DIRECTION('center_axis',(0.,1.,0.));
#1648=DIRECTION('ref_axis',(-1.,0.,0.));
#1649=DIRECTION('',(0.,1.,0.));
#1650=DIRECTION('',(0.,1.,0.));
#1651=DIRECTION('center_axis',(0.,-1.,0.));
#1652=DIRECTION('ref_axis',(1.,0.,0.));
#1653=DIRECTION('center_axis',(0.,-1.,0.));
#1654=DIRECTION('ref_axis',(1.,0.,0.));
#1655=DIRECTION('center_axis',(0.,-1.,0.));
#1656=DIRECTION('ref_axis',(1.,0.,0.));
#1657=DIRECTION('center_axis',(2.05359172185E-16,0.,-1.));
#1658=DIRECTION('ref_axis',(-1.,0.,-2.05359172185E-16));
#1659=DIRECTION('center_axis',(0.,1.,0.));
#1660=DIRECTION('ref_axis',(-1.,0.,0.));
#1661=DIRECTION('center_axis',(0.,1.,0.));
#1662=DIRECTION('ref_axis',(-1.,0.,0.));
#1663=DIRECTION('center_axis',(0.,1.,0.));
#1664=DIRECTION('ref_axis',(-1.,0.,0.));
#1665=DIRECTION('',(0.,-1.,0.));
#1666=DIRECTION('center_axis',(1.,0.,0.));
#1667=DIRECTION('ref_axis',(0.,1.,0.));
#1668=DIRECTION('',(1.,0.,0.));
#1669=DIRECTION('center_axis',(1.,0.,0.));
#1670=DIRECTION('ref_axis',(0.,1.,0.));
#1671=DIRECTION('',(1.,0.,0.));
#1672=DIRECTION('center_axis',(0.,-1.,0.));
#1673=DIRECTION('ref_axis',(-1.,0.,0.));
#1674=DIRECTION('center_axis',(0.,-1.,0.));
#1675=DIRECTION('ref_axis',(-1.,0.,0.));
#1676=DIRECTION('',(0.,1.,0.));
#1677=DIRECTION('',(0.,1.,0.));
#1678=DIRECTION('center_axis',(0.,1.,0.));
#1679=DIRECTION('ref_axis',(-1.,0.,0.));
#1680=CARTESIAN_POINT('',(0.,0.,0.));
#1681=CARTESIAN_POINT('Ctrl Pts',(-20.,-4.02346792776015,-27.4684517571093));
#1682=CARTESIAN_POINT('Ctrl Pts',(-20.,-3.48300492167653,-28.2010004892591));
#1683=CARTESIAN_POINT('Ctrl Pts',(-20.,-2.49243926788609,-28.9526001783752));
#1684=CARTESIAN_POINT('Ctrl Pts',(-20.,-1.01716949549604,-29.4417627159729));
#1685=CARTESIAN_POINT('Ctrl Pts',(-20.,0.143336886000848,-29.5424519375408));
#1686=CARTESIAN_POINT('Ctrl Pts',(-20.,1.30213630323864,-29.3752049981356));
#1687=CARTESIAN_POINT('Ctrl Pts',(-20.,2.74620718795727,-28.7974050390668));
#1688=CARTESIAN_POINT('Ctrl Pts',(-20.,4.04300910784645,-27.7042292283184));
#1689=CARTESIAN_POINT('Ctrl Pts',(-20.,4.7987661720807,-26.083432235641));
#1690=CARTESIAN_POINT('Ctrl Pts',(-20.,4.99997095275419,-24.9922191077619));
#1691=CARTESIAN_POINT('Ctrl Pts',(-20.,5.01640778794411,-23.8640413509449));
#1692=CARTESIAN_POINT('Ctrl Pts',(-20.,4.68187009484673,-22.5256616225939));
#1693=CARTESIAN_POINT('Ctrl Pts',(-20.,3.6646795549904,-20.8960135504253));
#1694=CARTESIAN_POINT('Ctrl Pts',(-20.,2.66000886381888,-20.1947714998701));
#1695=CARTESIAN_POINT('Ctrl Pts',(-20.,1.93977799426514,-19.8916096809228));
#1696=CARTESIAN_POINT('Ctrl Pts',(-20.2268485632319,-4.89396867905042,-27.6997185677879));
#1697=CARTESIAN_POINT('Ctrl Pts',(-20.3145910449404,-4.37382414632269,-28.5596185862974));
#1698=CARTESIAN_POINT('Ctrl Pts',(-20.4803851132425,-3.28636093436481,-29.5643298979144));
#1699=CARTESIAN_POINT('Ctrl Pts',(-20.6242282709013,-1.37476554886724,-30.270569749005));
#1700=CARTESIAN_POINT('Ctrl Pts',(-20.6579572339907,0.19625280970988,-30.4216060216171));
#1701=CARTESIAN_POINT('Ctrl Pts',(-20.602933856675,1.75282234986991,-30.1720239392018));
#1702=CARTESIAN_POINT('Ctrl Pts',(-20.4415564121084,3.59276159077792,-29.3498190406645));
#1703=CARTESIAN_POINT('Ctrl Pts',(-20.220562611128,4.95518887513995,-27.9205701825576));
#1704=CARTESIAN_POINT('Ctrl Pts',(-20.1040835605725,5.58866472433392,-26.1424964887139));
#1705=CARTESIAN_POINT('Ctrl Pts',(-20.074709099531,5.74829739360274,-25.0062852313532));
#1706=CARTESIAN_POINT('Ctrl Pts',(-20.0723990892873,5.76043601310344,-23.8468355474925));
#1707=CARTESIAN_POINT('Ctrl Pts',(-20.1206577514326,5.49999411704919,-22.4468049436217));
#1708=CARTESIAN_POINT('Ctrl Pts',(-20.2844495038171,4.58776045235324,-20.5839852944514));
#1709=CARTESIAN_POINT('Ctrl Pts',(-20.4487777103803,3.46086525670134,-19.6307806705598));
#1710=CARTESIAN_POINT('Ctrl Pts',(-20.5294373114381,2.55734202797697,-19.2056556042561));
#1711=CARTESIAN_POINT('Ctrl Pts',(-20.1972522318232,-5.81888844829294,-27.9717858721948));
#1712=CARTESIAN_POINT('Ctrl Pts',(-20.3374024509217,-5.33809779881342,-28.9888806182633));
#1713=CARTESIAN_POINT('Ctrl Pts',(-20.6484508607533,-4.17061852625899,-30.3226724082782));
#1714=CARTESIAN_POINT('Ctrl Pts',(-20.9580365281475,-1.77502598953805,-31.3044408710173));
#1715=CARTESIAN_POINT('Ctrl Pts',(-21.0309134129665,0.25569328756069,-31.5173779616917));
#1716=CARTESIAN_POINT('Ctrl Pts',(-20.9118368039328,2.25707642227152,-31.1660893915065));
#1717=CARTESIAN_POINT('Ctrl Pts',(-20.5672585042229,4.53284410589181,-30.0300643386362));
#1718=CARTESIAN_POINT('Ctrl Pts',(-20.1735127221546,5.92397371453898,-28.1681992104724));
#1719=CARTESIAN_POINT('Ctrl Pts',(-20.0161905638432,6.4023075022941,-26.2086789077907));
#1720=CARTESIAN_POINT('Ctrl Pts',(-19.9781643527043,6.51337387434936,-25.0218088045842));
#1721=CARTESIAN_POINT('Ctrl Pts',(-19.9755530365632,6.52059193639679,-23.8277263158475));
#1722=CARTESIAN_POINT('Ctrl Pts',(-20.0359785128326,6.34618618282014,-22.3593675594925));
#1723=CARTESIAN_POINT('Ctrl Pts',(-20.2768537864825,5.58282986256088,-20.2170945381423));
#1724=CARTESIAN_POINT('Ctrl Pts',(-20.5910450664562,4.34661431548961,-18.9352188715953));
#1725=CARTESIAN_POINT('Ctrl Pts',(-20.7576475290379,3.24385872473784,-18.353767047096));
#1726=CARTESIAN_POINT('Ctrl Pts',(-19.9156024553919,-6.66098932883009,-28.2442848204377));
#1727=CARTESIAN_POINT('Ctrl Pts',(-20.0656851798428,-6.21225900844827,-29.4190121887845));
#1728=CARTESIAN_POINT('Ctrl Pts',(-20.4727635186117,-4.97263231525239,-31.083032454459));
#1729=CARTESIAN_POINT('Ctrl Pts',(-20.9360834396109,-2.14011438262968,-32.3413208815599));
#1730=CARTESIAN_POINT('Ctrl Pts',(-21.0462724365019,0.309895101770194,-32.6163203870432));
#1731=CARTESIAN_POINT('Ctrl Pts',(-20.8662178125938,2.71655385789421,-32.1630404527737));
#1732=CARTESIAN_POINT('Ctrl Pts',(-20.3550133368537,5.38403320075471,-30.7120174060737));
#1733=CARTESIAN_POINT('Ctrl Pts',(-19.8681869744607,6.80408773162536,-28.4160515815438));
#1734=CARTESIAN_POINT('Ctrl Pts',(-19.7459619250502,7.15057738789962,-26.2748983098277));
#1735=CARTESIAN_POINT('Ctrl Pts',(-19.7199665497153,7.21965308736251,-25.037330078566));
#1736=CARTESIAN_POINT('Ctrl Pts',(-19.7189063968527,7.222648757701,-23.8086010829633));
#1737=CARTESIAN_POINT('Ctrl Pts',(-19.7562811597852,7.12249988912385,-22.2719211423296));
#1738=CARTESIAN_POINT('Ctrl Pts',(-19.9809942566298,6.48423549242258,-19.8496286747233));
#1739=CARTESIAN_POINT('Ctrl Pts',(-20.4005043092974,5.14994011730425,-18.2379480105842));
#1740=CARTESIAN_POINT('Ctrl Pts',(-20.6408003267019,3.86747487040607,-17.499558739983));
#1741=CARTESIAN_POINT('',(-19.9156024553919,-6.66098932883009,-28.2442848204377));
#1742=CARTESIAN_POINT('',(-20.,-4.02346792776015,-27.4684517571093));
#1743=CARTESIAN_POINT('Ctrl Pts',(-19.9156024553919,-6.66098932883009,-28.2442848204377));
#1744=CARTESIAN_POINT('Ctrl Pts',(-20.1972522318232,-5.81888844829294,-27.9717858721948));
#1745=CARTESIAN_POINT('Ctrl Pts',(-20.2268485632319,-4.89396867905042,-27.6997185677879));
#1746=CARTESIAN_POINT('Ctrl Pts',(-20.,-4.02346792776015,-27.4684517571093));
#1747=CARTESIAN_POINT('',(-20.3500080896173,-5.18975910704315,-30.4978624328572));
#1748=CARTESIAN_POINT('Ctrl Pts',(-19.9156024553919,-6.66098932883009,-28.2442848204377));
#1749=CARTESIAN_POINT('Ctrl Pts',(-20.0190724059131,-6.35162591463865,-29.0541647258265));
#1750=CARTESIAN_POINT('Ctrl Pts',(-20.1801974953848,-5.86274794990546,-29.8329693209241));
#1751=CARTESIAN_POINT('Ctrl Pts',(-20.3505509462378,-5.18926328864549,-30.4972205010796));
#1752=CARTESIAN_POINT('',(-20.3475361009868,5.19272738385253,-30.4991523564045));
#1753=CARTESIAN_POINT('Ctrl Pts',(-20.3482004338171,-5.19141012685431,-30.5));
#1754=CARTESIAN_POINT('Ctrl Pts',(-20.432140681905,-4.8623987502108,-30.5));
#1755=CARTESIAN_POINT('Ctrl Pts',(-20.4938860333578,-4.52934838907015,-30.5));
#1756=CARTESIAN_POINT('Ctrl Pts',(-20.6784662214622,-3.11129460443862,-30.5));
#1757=CARTESIAN_POINT('Ctrl Pts',(-20.6251546883221,-2.06715281446523,-30.5));
#1758=CARTESIAN_POINT('Ctrl Pts',(-20.5919292070753,-0.794289484540813,
-30.5));
#1759=CARTESIAN_POINT('Ctrl Pts',(-20.5879433873176,-0.610861072018278,
-30.5));
#1760=CARTESIAN_POINT('Ctrl Pts',(-20.5842868171215,-0.335779751288344,
-30.5));
#1761=CARTESIAN_POINT('Ctrl Pts',(-20.5834720002824,-0.250023914149343,
-30.5000000000001));
#1762=CARTESIAN_POINT('Ctrl Pts',(-20.5826619409708,-0.0978816681610485,
-30.5000000000001));
#1763=CARTESIAN_POINT('Ctrl Pts',(-20.582521549724,-0.0321435133081874,
-30.4999999999999));
#1764=CARTESIAN_POINT('Ctrl Pts',(-20.5826719240055,0.104047392644396,-30.4999999999999));
#1765=CARTESIAN_POINT('Ctrl Pts',(-20.5829909973702,0.174060234130464,-30.4999999999998));
#1766=CARTESIAN_POINT('Ctrl Pts',(-20.5843981057116,0.352466627986938,-30.4999999999998));
#1767=CARTESIAN_POINT('Ctrl Pts',(-20.5857961547684,0.459721133376362,-30.5000000000025));
#1768=CARTESIAN_POINT('Ctrl Pts',(-20.5912846632441,0.775979994720622,-30.5000000000025));
#1769=CARTESIAN_POINT('Ctrl Pts',(-20.5964049886526,0.974515727091506,-30.5));
#1770=CARTESIAN_POINT('Ctrl Pts',(-20.6118012501472,1.51689066671307,-30.5));
#1771=CARTESIAN_POINT('Ctrl Pts',(-20.6219101200338,1.82875396836483,-30.5000000000003));
#1772=CARTESIAN_POINT('Ctrl Pts',(-20.643211835387,3.08892143177085,-30.5000000000003));
#1773=CARTESIAN_POINT('Ctrl Pts',(-20.6190822483428,4.12966441207594,-30.5));
#1774=CARTESIAN_POINT('Ctrl Pts',(-20.3482004338171,5.19141012685431,-30.5));
#1775=CARTESIAN_POINT('',(-20.6408003267019,3.86747487040607,-17.499558739983));
#1776=CARTESIAN_POINT('Ctrl Pts',(-20.3475361009868,5.19272738385253,-30.4991523564045));
#1777=CARTESIAN_POINT('Ctrl Pts',(-20.147675031993,5.98870202463511,-29.7140027102564));
#1778=CARTESIAN_POINT('Ctrl Pts',(-19.8553400873435,6.840506726937,-28.1909982515177));
#1779=CARTESIAN_POINT('Ctrl Pts',(-19.7459619250502,7.15057738789962,-26.2748983098277));
#1780=CARTESIAN_POINT('Ctrl Pts',(-19.7199665497153,7.21965308736251,-25.037330078566));
#1781=CARTESIAN_POINT('Ctrl Pts',(-19.7189063968527,7.222648757701,-23.8086010829633));
#1782=CARTESIAN_POINT('Ctrl Pts',(-19.7562811597852,7.12249988912385,-22.2719211423296));
#1783=CARTESIAN_POINT('Ctrl Pts',(-19.9809942566298,6.48423549242258,-19.8496286747233));
#1784=CARTESIAN_POINT('Ctrl Pts',(-20.4005043092974,5.14994011730425,-18.2379480105842));
#1785=CARTESIAN_POINT('Ctrl Pts',(-20.6408003267019,3.86747487040607,-17.499558739983));
#1786=CARTESIAN_POINT('',(-20.,1.93977799426514,-19.8916096809228));
#1787=CARTESIAN_POINT('Origin',(-15.7263240584396,2.94664752030939,-17.499558739983));
#1788=CARTESIAN_POINT('Origin',(-20.,4.71844785465692E-15,-24.5));
#1789=CARTESIAN_POINT('Ctrl Pts',(20.,-5.,-24.5));
#1790=CARTESIAN_POINT('Ctrl Pts',(20.,-5.,-23.8906516345875));
#1791=CARTESIAN_POINT('Ctrl Pts',(20.,-4.76224635646622,-22.6829133315964));
#1792=CARTESIAN_POINT('Ctrl Pts',(20.,-3.94549838748701,-21.3160447301232));
#1793=CARTESIAN_POINT('Ctrl Pts',(20.,-2.9278593947072,-20.3766807502058));
#1794=CARTESIAN_POINT('Ctrl Pts',(20.,-1.78646097227349,-19.772574999276));
#1795=CARTESIAN_POINT('Ctrl Pts',(20.,-0.548678716243318,-19.4761629719411));
#1796=CARTESIAN_POINT('Ctrl Pts',(20.,0.724684428191164,-19.49840635866));
#1797=CARTESIAN_POINT('Ctrl Pts',(20.,1.543545332389,-19.7252044766132));
#1798=CARTESIAN_POINT('Ctrl Pts',(20.,1.93602084293016,-19.8900300114057));
#1799=CARTESIAN_POINT('Ctrl Pts',(20.0751441907689,-5.74794606009619,-24.5));
#1800=CARTESIAN_POINT('Ctrl Pts',(20.0751441907689,-5.74794606009619,-23.8717475842192));
#1801=CARTESIAN_POINT('Ctrl Pts',(20.1081283536747,-5.56796527153566,-22.6209448769611));
#1802=CARTESIAN_POINT('Ctrl Pts',(20.2390062218777,-4.84513826342867,-21.069379776235));
#1803=CARTESIAN_POINT('Ctrl Pts',(20.4048175190202,-3.76998418955608,-19.8806666300688));
#1804=CARTESIAN_POINT('Ctrl Pts',(20.5580260795859,-2.38620014851999,-19.0437019260139));
#1805=CARTESIAN_POINT('Ctrl Pts',(20.6514662637199,-0.747329123685585,-18.606763042278));
#1806=CARTESIAN_POINT('Ctrl Pts',(20.6436177091602,0.985368370409914,-18.6404718239209));
#1807=CARTESIAN_POINT('Ctrl Pts',(20.5737428051096,2.06012637940817,-18.9722566814237));
#1808=CARTESIAN_POINT('Ctrl Pts',(20.5298573858513,2.55262799609143,-19.2034393469345));
#1809=CARTESIAN_POINT('Ctrl Pts',(19.9787636644002,-6.5126087246403,-24.5));
#1810=CARTESIAN_POINT('Ctrl Pts',(19.9787636644002,-6.5126087246403,-23.8507513128527));
#1811=CARTESIAN_POINT('Ctrl Pts',(20.0184073521732,-6.39868401294005,-22.55308731453));
#1812=CARTESIAN_POINT('Ctrl Pts',(20.2088123170887,-5.80452345978815,-20.7818391314816));
#1813=CARTESIAN_POINT('Ctrl Pts',(20.5024573287199,-4.69710010539037,-19.2736477463818));
#1814=CARTESIAN_POINT('Ctrl Pts',(20.8139697102719,-3.05628596440725,-18.1355676638957));
#1815=CARTESIAN_POINT('Ctrl Pts',(21.0172344042495,-0.970096189301423,-17.5227588847503));
#1816=CARTESIAN_POINT('Ctrl Pts',(20.9998788877337,1.27756780412274,-17.5705944273026));
#1817=CARTESIAN_POINT('Ctrl Pts',(20.8491822733168,2.63685780834514,-18.0345055900039));
#1818=CARTESIAN_POINT('Ctrl Pts',(20.7585155742443,3.23810472321841,-18.3507361886062));
#1819=CARTESIAN_POINT('Ctrl Pts',(19.7203713069744,-7.21851477210246,-24.5));
#1820=CARTESIAN_POINT('Ctrl Pts',(19.7203713069744,-7.21851477210246,-23.829738639682));
#1821=CARTESIAN_POINT('Ctrl Pts',(19.7413827478524,-7.16177462607464,-22.4852648634471));
#1822=CARTESIAN_POINT('Ctrl Pts',(19.915402601628,-6.67616229190737,-20.4939490407965));
#1823=CARTESIAN_POINT('Ctrl Pts',(20.2760576256971,-5.53680978448546,-18.6651855556718));
#1824=CARTESIAN_POINT('Ctrl Pts',(20.7181213603168,-3.66558889420568,-17.2248131986734));
#1825=CARTESIAN_POINT('Ctrl Pts',(21.025920807118,-1.17351324735199,-16.4355864378543));
#1826=CARTESIAN_POINT('Ctrl Pts',(20.9992171756288,1.54432246666871,-16.497622869513));
#1827=CARTESIAN_POINT('Ctrl Pts',(20.7728538395203,3.16144377743194,-17.0940998639152));
#1828=CARTESIAN_POINT('Ctrl Pts',(20.642053165097,3.86078245039921,-17.4957105009579));
#1829=CARTESIAN_POINT('',(19.7203713069744,-7.21851477210246,-24.5));
#1830=CARTESIAN_POINT('',(20.,-5.,-24.5));
#1831=CARTESIAN_POINT('Ctrl Pts',(19.7203713069744,-7.21851477210246,-24.5));
#1832=CARTESIAN_POINT('Ctrl Pts',(19.9787636644002,-6.5126087246403,-24.5));
#1833=CARTESIAN_POINT('Ctrl Pts',(20.0751441907689,-5.74794606009619,-24.5));
#1834=CARTESIAN_POINT('Ctrl Pts',(20.,-5.,-24.5));
#1835=CARTESIAN_POINT('',(20.642053165097,3.8607824503992,-17.4957105009579));
#1836=CARTESIAN_POINT('Ctrl Pts',(19.7203713069744,-7.21851477210246,-24.5));
#1837=CARTESIAN_POINT('Ctrl Pts',(19.7203713069744,-7.21851477210246,-23.829738639682));
#1838=CARTESIAN_POINT('Ctrl Pts',(19.7413827478524,-7.16177462607464,-22.4852648634471));
#1839=CARTESIAN_POINT('Ctrl Pts',(19.915402601628,-6.67616229190737,-20.4939490407965));
#1840=CARTESIAN_POINT('Ctrl Pts',(20.2760576256971,-5.53680978448546,-18.6651855556718));
#1841=CARTESIAN_POINT('Ctrl Pts',(20.7181213603168,-3.66558889420568,-17.2248131986734));
#1842=CARTESIAN_POINT('Ctrl Pts',(21.025920807118,-1.17351324735199,-16.4355864378543));
#1843=CARTESIAN_POINT('Ctrl Pts',(20.9992171756288,1.54432246666871,-16.497622869513));
#1844=CARTESIAN_POINT('Ctrl Pts',(20.7728538395203,3.16144377743194,-17.0940998639152));
#1845=CARTESIAN_POINT('Ctrl Pts',(20.642053165097,3.86078245039921,-17.4957105009579));
#1846=CARTESIAN_POINT('',(20.,1.93602084293015,-19.8900300114057));
#1847=CARTESIAN_POINT('Origin',(15.7272786019786,2.94154853363748,-17.4957105009579));
#1848=CARTESIAN_POINT('Origin',(20.,4.71844785465692E-15,-24.5));
#1849=CARTESIAN_POINT('Ctrl Pts',(20.,1.93602084293015,-19.8900300114057));
#1850=CARTESIAN_POINT('Ctrl Pts',(20.,2.34849032111758,-20.0632522902533));
#1851=CARTESIAN_POINT('Ctrl Pts',(20.,3.13804573173636,-20.5233814709029));
#1852=CARTESIAN_POINT('Ctrl Pts',(20.,4.17260347804207,-21.5982228870102));
#1853=CARTESIAN_POINT('Ctrl Pts',(20.,4.94482867453574,-23.1702441650138));
#1854=CARTESIAN_POINT('Ctrl Pts',(20.,5.08655561087823,-25.1735849600182));
#1855=CARTESIAN_POINT('Ctrl Pts',(20.,4.47846654524281,-26.9279430188171));
#1856=CARTESIAN_POINT('Ctrl Pts',(20.,3.51007620928172,-28.1570812405901));
#1857=CARTESIAN_POINT('Ctrl Pts',(20.,2.37327257058063,-28.969602978693));
#1858=CARTESIAN_POINT('Ctrl Pts',(20.,1.25544685533196,-29.3822953845426));
#1859=CARTESIAN_POINT('Ctrl Pts',(20.,-0.0663224993229485,-29.5610310857449));
#1860=CARTESIAN_POINT('Ctrl Pts',(20.,-1.40207215360832,-29.3837801150367));
#1861=CARTESIAN_POINT('Ctrl Pts',(20.,-2.761904132935,-28.7427146387177));
#1862=CARTESIAN_POINT('Ctrl Pts',(20.,-3.85168160987434,-27.8044177197126));
#1863=CARTESIAN_POINT('Ctrl Pts',(20.,-4.66197709973704,-26.5248488632271));
#1864=CARTESIAN_POINT('Ctrl Pts',(20.,-4.96975594362142,-25.3035749327205));
#1865=CARTESIAN_POINT('Ctrl Pts',(20.,-5.,-24.6600976338431));
#1866=CARTESIAN_POINT('Ctrl Pts',(20.,-5.,-24.5));
#1867=CARTESIAN_POINT('Ctrl Pts',(20.5298573858513,2.55262799609143,-19.2034393469345));
#1868=CARTESIAN_POINT('Ctrl Pts',(20.483736301872,3.0702192327006,-19.4463992026405));
#1869=CARTESIAN_POINT('Ctrl Pts',(20.372159903506,4.00778636331627,-20.0760528348496));
#1870=CARTESIAN_POINT('Ctrl Pts',(20.2006739447324,5.06321403938765,-21.4079735148553));
#1871=CARTESIAN_POINT('Ctrl Pts',(20.0816736920768,5.71001420575955,-23.1421388905991));
#1872=CARTESIAN_POINT('Ctrl Pts',(20.0621838067024,5.81429357764474,-25.1815418365443));
#1873=CARTESIAN_POINT('Ctrl Pts',(20.1513502773681,5.33526643060578,-27.0468506661684));
#1874=CARTESIAN_POINT('Ctrl Pts',(20.3113469055289,4.40863845234234,-28.5126579595555));
#1875=CARTESIAN_POINT('Ctrl Pts',(20.4864046818574,3.12049783434429,-29.5897596683456));
#1876=CARTESIAN_POINT('Ctrl Pts',(20.605980165676,1.69034754922086,-30.1838821397267));
#1877=CARTESIAN_POINT('Ctrl Pts',(20.6638256993828,-0.0866320152529101,
-30.4490314700972));
#1878=CARTESIAN_POINT('Ctrl Pts',(20.603318495236,-1.9000127241463,-30.1815506903322));
#1879=CARTESIAN_POINT('Ctrl Pts',(20.4301754739734,-3.58180445400409,-29.2773168134728));
#1880=CARTESIAN_POINT('Ctrl Pts',(20.2547537280542,-4.75562384746859,-28.0746925803473));
#1881=CARTESIAN_POINT('Ctrl Pts',(20.1240304655412,-5.48252132891072,-26.6079898174862));
#1882=CARTESIAN_POINT('Ctrl Pts',(20.0795366317707,-5.72388973760345,-25.3281333923766));
#1883=CARTESIAN_POINT('Ctrl Pts',(20.0751441907689,-5.74794606009619,-24.6650644047509));
#1884=CARTESIAN_POINT('Ctrl Pts',(20.0751441907689,-5.74794606009619,-24.5));
#1885=CARTESIAN_POINT('Ctrl Pts',(20.7585155742443,3.2381047232184,-18.3507361886061));
#1886=CARTESIAN_POINT('Ctrl Pts',(20.6632300212582,3.86998109404632,-18.6830765932661));
#1887=CARTESIAN_POINT('Ctrl Pts',(20.4404759206035,4.96084219353801,-19.5327174812964));
#1888=CARTESIAN_POINT('Ctrl Pts',(20.1478750023697,6.00400821321017,-21.1901742901165));
#1889=CARTESIAN_POINT('Ctrl Pts',(19.9855389433877,6.49330704595344,-23.1118743086979));
#1890=CARTESIAN_POINT('Ctrl Pts',(19.9630498999248,6.55553685201423,-25.1900203647555));
#1891=CARTESIAN_POINT('Ctrl Pts',(20.0759408543123,6.22887198045299,-27.1799841277393));
#1892=CARTESIAN_POINT('Ctrl Pts',(20.329805825748,5.38264490151739,-28.9373210359936));
#1893=CARTESIAN_POINT('Ctrl Pts',(20.6641226131119,3.95120277463285,-30.3583195745186));
#1894=CARTESIAN_POINT('Ctrl Pts',(20.9180425422807,2.17689788243552,-31.1834675810123));
#1895=CARTESIAN_POINT('Ctrl Pts',(21.0446299409279,-0.109123139130676,-31.5558677148626));
#1896=CARTESIAN_POINT('Ctrl Pts',(20.9104018846539,-2.45842215866008,-31.1773466231262));
#1897=CARTESIAN_POINT('Ctrl Pts',(20.5508010581431,-4.48787453143351,-29.9349244683494));
#1898=CARTESIAN_POINT('Ctrl Pts',(20.23388382723,-5.72354556541154,-28.39122574974));
#1899=CARTESIAN_POINT('Ctrl Pts',(20.0403030452219,-6.33220735830104,-26.7007021422296));
#1900=CARTESIAN_POINT('Ctrl Pts',(19.9844506017608,-6.49587930206404,-25.3554960937507));
#1901=CARTESIAN_POINT('Ctrl Pts',(19.9787636644002,-6.5126087246403,-24.6705808770286));
#1902=CARTESIAN_POINT('Ctrl Pts',(19.9787636644002,-6.5126087246403,-24.5));
#1903=CARTESIAN_POINT('Ctrl Pts',(20.642053165097,3.8607824503992,-17.4957105009579));
#1904=CARTESIAN_POINT('Ctrl Pts',(20.5045890826843,4.59574768967583,-17.9177804784377));
#1905=CARTESIAN_POINT('Ctrl Pts',(20.1940507054173,5.823961067524,-18.9882647253394));
#1906=CARTESIAN_POINT('Ctrl Pts',(19.8505087263102,6.86056231525617,-20.972203360071));
#1907=CARTESIAN_POINT('Ctrl Pts',(19.72158526462,7.21554294019881,-23.0816371468897));
#1908=CARTESIAN_POINT('Ctrl Pts',(19.7117956236851,7.24126893391429,-25.1984825345139));
#1909=CARTESIAN_POINT('Ctrl Pts',(19.7843821470745,7.04574738891658,-27.313151375953));
#1910=CARTESIAN_POINT('Ctrl Pts',(20.0538737088127,6.26519344677696,-29.3626869025282));
#1911=CARTESIAN_POINT('Ctrl Pts',(20.4997028946982,4.70475201147873,-31.128965938073));
#1912=CARTESIAN_POINT('Ctrl Pts',(20.8752269374021,2.62022780015812,-32.1859379348454));
#1913=CARTESIAN_POINT('Ctrl Pts',(21.0681895847653,-0.129544162894897,-32.6658945620437));
#1914=CARTESIAN_POINT('Ctrl Pts',(20.8610896334989,-2.96738409134039,-32.1760363183731));
#1915=CARTESIAN_POINT('Ctrl Pts',(20.340270022479,-5.30873837818165,-30.5942024427627));
#1916=CARTESIAN_POINT('Ctrl Pts',(19.9422858787847,-6.60215899893803,-28.7081399615976));
#1917=CARTESIAN_POINT('Ctrl Pts',(19.7590896724602,-7.11142368537129,-26.7934755507719));
#1918=CARTESIAN_POINT('Ctrl Pts',(19.7242833411796,-7.20810931658969,-25.3828729703444));
#1919=CARTESIAN_POINT('Ctrl Pts',(19.7203713069744,-7.21851477210246,-24.6761016586477));
#1920=CARTESIAN_POINT('Ctrl Pts',(19.7203713069744,-7.21851477210246,-24.5));
#1921=CARTESIAN_POINT('Origin',(20.,4.71844785465692E-15,-24.5));
#1922=CARTESIAN_POINT('',(20.3484434995184,5.19147215831401,-30.4999999843133));
#1923=CARTESIAN_POINT('Ctrl Pts',(20.642053165097,3.8607824503992,-17.4957105009579));
#1924=CARTESIAN_POINT('Ctrl Pts',(20.6192820559429,3.98253042553796,-17.5656269573819));
#1925=CARTESIAN_POINT('Ctrl Pts',(20.5959675391963,4.10124844273964,-17.6388182708084));
#1926=CARTESIAN_POINT('Ctrl Pts',(20.5723120291024,4.21667802214356,-17.7149851238055));
#1927=CARTESIAN_POINT('Ctrl Pts',(20.5481536502284,4.33456140328589,-17.7927711315918));
#1928=CARTESIAN_POINT('Ctrl Pts',(20.5236399488782,4.44901477840058,-17.8736602192368));
#1929=CARTESIAN_POINT('Ctrl Pts',(20.498992483332,4.55980220032531,-17.9572964578765));
#1930=CARTESIAN_POINT('Ctrl Pts',(20.4741150070877,4.67162349294215,-18.0417131917604));
#1931=CARTESIAN_POINT('Ctrl Pts',(20.4491016258899,4.77970990163294,-18.1289281492103));
#1932=CARTESIAN_POINT('Ctrl Pts',(20.4241808822515,4.88386190708363,-18.2185437730717));
#1933=CARTESIAN_POINT('Ctrl Pts',(20.3990598248725,4.98885108971125,-18.3088797302062));
#1934=CARTESIAN_POINT('Ctrl Pts',(20.3740332862693,5.08984219835533,-18.4016546172557));
#1935=CARTESIAN_POINT('Ctrl Pts',(20.349330378592,5.18667714769862,-18.4964363052384));
#1936=CARTESIAN_POINT('Ctrl Pts',(20.3393331482499,5.22586610903047,-18.5347943147228));
#1937=CARTESIAN_POINT('Ctrl Pts',(20.3293888333291,5.26437490995395,-18.5734807582658));
#1938=CARTESIAN_POINT('Ctrl Pts',(20.3195121695763,5.3021952909684,-18.612466129387));
#1939=CARTESIAN_POINT('Ctrl Pts',(20.2905310432126,5.413171757186,-18.7268610298393));
#1940=CARTESIAN_POINT('Ctrl Pts',(20.2619086962958,5.51907256333905,-18.8447327890899));
#1941=CARTESIAN_POINT('Ctrl Pts',(20.234003802171,5.61960162682491,-18.9655833631226));
#1942=CARTESIAN_POINT('Ctrl Pts',(20.2274415726759,5.64324245422151,-18.9940030803906));
#1943=CARTESIAN_POINT('Ctrl Pts',(20.2209190376114,5.66658638672109,-19.0225873867402));
#1944=CARTESIAN_POINT('Ctrl Pts',(20.2144408844031,5.68962989845751,-19.0513295489093));
#1945=CARTESIAN_POINT('Ctrl Pts',(20.1867886917583,5.78799182434248,-19.174016336296));
#1946=CARTESIAN_POINT('Ctrl Pts',(20.1599455933663,5.88087625029352,-19.2995812024412));
#1947=CARTESIAN_POINT('Ctrl Pts',(20.1340772250954,5.96833162185224,-19.4275536758552));
#1948=CARTESIAN_POINT('Ctrl Pts',(20.1071700720007,6.05929890076376,-19.5606650842749));
#1949=CARTESIAN_POINT('Ctrl Pts',(20.0813177423321,6.14439230197818,-19.6963809573921));
#1950=CARTESIAN_POINT('Ctrl Pts',(20.0566988677984,6.22371774647795,-19.8341488541489));
#1951=CARTESIAN_POINT('Ctrl Pts',(20.0315202243976,6.30484684427369,-19.9750492328304));
#1952=CARTESIAN_POINT('Ctrl Pts',(20.0076320207463,6.37994285713856,-20.1180954594297));
#1953=CARTESIAN_POINT('Ctrl Pts',(19.9852135848505,6.4491707952882,-20.26268034708));
#1954=CARTESIAN_POINT('Ctrl Pts',(19.962140537591,6.52042016772588,-20.4114870685338));
#1955=CARTESIAN_POINT('Ctrl Pts',(19.9406246594755,6.58545392533222,-20.56192296897));
#1956=CARTESIAN_POINT('Ctrl Pts',(19.9208446911988,6.64450383263386,-20.71331841798));
#1957=CARTESIAN_POINT('Ctrl Pts',(19.9134658080947,6.66653229886728,-20.7697962295263));
#1958=CARTESIAN_POINT('Ctrl Pts',(19.9063283147678,6.68772851625877,-20.826407552679));
#1959=CARTESIAN_POINT('Ctrl Pts',(19.8994407807715,6.70810621209901,-20.8831176501823));
#1960=CARTESIAN_POINT('Ctrl Pts',(19.8949929315088,6.72126577246787,-20.9197400415199));
#1961=CARTESIAN_POINT('Ctrl Pts',(19.8906445868522,6.73409797779516,-20.9564437552248));
#1962=CARTESIAN_POINT('Ctrl Pts',(19.8863985729921,6.74660476333149,-20.9932214314055));
#1963=CARTESIAN_POINT('Ctrl Pts',(19.8662126206787,6.80606320712039,-21.1680659896274));
#1964=CARTESIAN_POINT('Ctrl Pts',(19.8483407793951,6.85816235329131,-21.3445836254345));
#1965=CARTESIAN_POINT('Ctrl Pts',(19.8325512469964,6.90378283755209,-21.5223485932775));
#1966=CARTESIAN_POINT('Ctrl Pts',(19.8158766218887,6.95196060830989,-21.7100782942721));
#1967=CARTESIAN_POINT('Ctrl Pts',(19.8015242461759,6.99291344209756,-21.8991987124134));
#1968=CARTESIAN_POINT('Ctrl Pts',(19.7892038187513,7.02773599711387,-22.0891910337886));
#1969=CARTESIAN_POINT('Ctrl Pts',(19.7754704852351,7.0665520012546,-22.3009716664778));
#1970=CARTESIAN_POINT('Ctrl Pts',(19.7642617432215,7.09775179109675,-22.5138350090085));
#1971=CARTESIAN_POINT('Ctrl Pts',(19.7551556023805,7.12291310585938,-22.7270493602523));
#1972=CARTESIAN_POINT('Ctrl Pts',(19.7500916713081,7.13690532999388,-22.8456180049929));
#1973=CARTESIAN_POINT('Ctrl Pts',(19.7456776286894,7.14903117430288,-22.9642950300675));
#1974=CARTESIAN_POINT('Ctrl Pts',(19.7418391311866,7.15956690141047,-23.0829544621705));
#1975=CARTESIAN_POINT('Ctrl Pts',(19.7362793262987,7.17482719193509,-23.2548246509943));
#1976=CARTESIAN_POINT('Ctrl Pts',(19.7319271369058,7.18675111038492,-23.4266580841145));
#1977=CARTESIAN_POINT('Ctrl Pts',(19.7286956869498,7.19559412178629,-23.5983345225175));
#1978=CARTESIAN_POINT('Ctrl Pts',(19.7246579856844,7.20664347697097,-23.8128444737837));
#1979=CARTESIAN_POINT('Ctrl Pts',(19.7221965198833,7.21335894036422,-24.0275151001947));
#1980=CARTESIAN_POINT('Ctrl Pts',(19.7211981365779,7.21608140820474,-24.2422819931773));
#1981=CARTESIAN_POINT('Ctrl Pts',(19.7199342733997,7.21952780683622,-24.514157500776));
#1982=CARTESIAN_POINT('Ctrl Pts',(19.7210149795035,7.21657603938528,-24.7861856992075));
#1983=CARTESIAN_POINT('Ctrl Pts',(19.7241873324774,7.20799218769046,-25.0581944935954));
#1984=CARTESIAN_POINT('Ctrl Pts',(19.7247311490764,7.20652071176293,-25.1048232573776));
#1985=CARTESIAN_POINT('Ctrl Pts',(19.725336394837,7.20488383488014,-25.1514513958344));
#1986=CARTESIAN_POINT('Ctrl Pts',(19.7260017640445,7.20308550106568,-25.1980779713308));
#1987=CARTESIAN_POINT('Ctrl Pts',(19.7293140716,7.19413312603352,-25.4301920465665));
#1988=CARTESIAN_POINT('Ctrl Pts',(19.7341157136973,7.18118156744607,-25.6622700942797));
#1989=CARTESIAN_POINT('Ctrl Pts',(19.7411467170142,7.16190553670541,-25.8938640461456));
#1990=CARTESIAN_POINT('Ctrl Pts',(19.7450741569755,7.1511381611241,-26.0232298422294));
#1991=CARTESIAN_POINT('Ctrl Pts',(19.7496973808389,7.13839691377643,-26.1524440659011));
#1992=CARTESIAN_POINT('Ctrl Pts',(19.7551462178903,7.1232728931041,-26.2814221968688));
#1993=CARTESIAN_POINT('Ctrl Pts',(19.7645058670945,7.0972938581808,-26.5029722357999));
#1994=CARTESIAN_POINT('Ctrl Pts',(19.7762067718433,7.06454728559706,-26.7243892088437));
#1995=CARTESIAN_POINT('Ctrl Pts',(19.7908671830669,7.02307428973035,-26.9450782865011));
#1996=CARTESIAN_POINT('Ctrl Pts',(19.798791750694,7.00065639466374,-27.0643699962481));
#1997=CARTESIAN_POINT('Ctrl Pts',(19.8075808485957,6.97568929868623,-27.1834490075064));
#1998=CARTESIAN_POINT('Ctrl Pts',(19.8173298785931,6.9478700651189,-27.3022214904205));
#1999=CARTESIAN_POINT('Ctrl Pts',(19.8324263714622,6.90479163974839,-27.4861421411784));
#2000=CARTESIAN_POINT('Ctrl Pts',(19.849825458416,6.85487151843873,-27.6693274827048));
#2001=CARTESIAN_POINT('Ctrl Pts',(19.8694510840427,6.79754307815928,-27.8509500987305));
#2002=CARTESIAN_POINT('Ctrl Pts',(19.8882787139448,6.74254566421813,-28.0251877745849));
#2003=CARTESIAN_POINT('Ctrl Pts',(19.9091554020215,6.68072980923613,-28.1979867479179));
#2004=CARTESIAN_POINT('Ctrl Pts',(19.9320015436839,6.6116406533639,-28.3686245500614));
#2005=CARTESIAN_POINT('Ctrl Pts',(19.9548476853463,6.54255149749168,-28.5392623522048));
#2006=CARTESIAN_POINT('Ctrl Pts',(19.9796632859993,6.46618839606171,-28.7077384423932));
#2007=CARTESIAN_POINT('Ctrl Pts',(20.0063565569833,6.38215052323417,-28.8733461705706));
#2008=CARTESIAN_POINT('Ctrl Pts',(20.0303978512373,6.30646181388341,-29.0225007693547));
#2009=CARTESIAN_POINT('Ctrl Pts',(20.0560643380644,6.22422725593055,-29.1700715010317));
#2010=CARTESIAN_POINT('Ctrl Pts',(20.08330586569,6.13507303056983,-29.3154064043253));
#2011=CARTESIAN_POINT('Ctrl Pts',(20.1081080245124,6.0539022061037,-29.4477271538615));
#2012=CARTESIAN_POINT('Ctrl Pts',(20.1342157451205,5.96699547094752,-29.5781942927858));
#2013=CARTESIAN_POINT('Ctrl Pts',(20.1613087522838,5.87440227340797,-29.706211711559));
#2014=CARTESIAN_POINT('Ctrl Pts',(20.1881058079844,5.78282052107577,-29.832830727338));
#2015=CARTESIAN_POINT('Ctrl Pts',(20.2158663309135,5.68567588809475,-29.957052678041));
#2016=CARTESIAN_POINT('Ctrl Pts',(20.2442707369621,5.58306305204489,-30.078317499514));
#2017=CARTESIAN_POINT('Ctrl Pts',(20.2720663342051,5.48264957894041,-30.1969831787628));
#2018=CARTESIAN_POINT('Ctrl Pts',(20.3004781297946,5.37699991753569,-30.3128166668219));
#2019=CARTESIAN_POINT('Ctrl Pts',(20.3292031432789,5.26624666202026,-30.4253168190601));
#2020=CARTESIAN_POINT('Ctrl Pts',(20.335602168163,5.24157433807447,-30.4503782963688));
#2021=CARTESIAN_POINT('Ctrl Pts',(20.342016735253,5.21664891622691,-30.4752744647629));
#2022=CARTESIAN_POINT('Ctrl Pts',(20.3484434995184,5.19147215831401,-30.4999999843134));
#2023=CARTESIAN_POINT('',(20.347532470466,-5.19095895394594,-30.4997142197605));
#2024=CARTESIAN_POINT('Ctrl Pts',(20.3482004338171,5.19141012685431,-30.5));
#2025=CARTESIAN_POINT('Ctrl Pts',(20.4321116262039,4.86251263665302,-30.5));
#2026=CARTESIAN_POINT('Ctrl Pts',(20.4938434280334,4.52957826540148,-30.5));
#2027=CARTESIAN_POINT('Ctrl Pts',(20.6785542560371,3.11093090930527,-30.5));
#2028=CARTESIAN_POINT('Ctrl Pts',(20.6250969422289,2.06613854910673,-30.5));
#2029=CARTESIAN_POINT('Ctrl Pts',(20.591921009594,0.793765732878109,-30.5));
#2030=CARTESIAN_POINT('Ctrl Pts',(20.5879648258507,0.611596892450897,-30.5));
#2031=CARTESIAN_POINT('Ctrl Pts',(20.5842887062667,0.336325272925433,-30.5));
#2032=CARTESIAN_POINT('Ctrl Pts',(20.5834594767337,0.24901923312356,-30.5));
#2033=CARTESIAN_POINT('Ctrl Pts',(20.5826542540919,0.0953920222337621,-30.5));
#2034=CARTESIAN_POINT('Ctrl Pts',(20.5825193199401,0.0297433085485532,-30.4999999999998));
#2035=CARTESIAN_POINT('Ctrl Pts',(20.5826795846449,-0.106122894450916,-30.4999999999998));
#2036=CARTESIAN_POINT('Ctrl Pts',(20.5830020309389,-0.175903687873611,-30.4999999999998));
#2037=CARTESIAN_POINT('Ctrl Pts',(20.5844185629491,-0.354358834121615,-30.4999999999998));
#2038=CARTESIAN_POINT('Ctrl Pts',(20.585826848604,-0.461889222823275,-30.5000000000002));
#2039=CARTESIAN_POINT('Ctrl Pts',(20.5914350198681,-0.783844148166872,-30.5000000000002));
#2040=CARTESIAN_POINT('Ctrl Pts',(20.5967181964477,-0.986530167889445,-30.5));
#2041=CARTESIAN_POINT('Ctrl Pts',(20.6124788926178,-1.53914653469638,-30.5));
#2042=CARTESIAN_POINT('Ctrl Pts',(20.6226196386494,-1.85360717811326,-30.5000000000001));
#2043=CARTESIAN_POINT('Ctrl Pts',(20.6426536958831,-3.10826685066219,-30.5000000000001));
#2044=CARTESIAN_POINT('Ctrl Pts',(20.6166214976378,-4.13930954650761,-30.5));
#2045=CARTESIAN_POINT('Ctrl Pts',(20.3482004338171,-5.1914101268543,-30.5));
#2046=CARTESIAN_POINT('Ctrl Pts',(20.3475085131482,-5.19094277208096,-30.4997039699047));
#2047=CARTESIAN_POINT('Ctrl Pts',(20.2048218689123,-5.74893366846172,-29.9522872797993));
#2048=CARTESIAN_POINT('Ctrl Pts',(19.9415852634937,-6.60410663002494,-28.7008175219569));
#2049=CARTESIAN_POINT('Ctrl Pts',(19.7590896724602,-7.11142368537129,-26.7934755507719));
#2050=CARTESIAN_POINT('Ctrl Pts',(19.7242833411796,-7.20810931658969,-25.3828729703444));
#2051=CARTESIAN_POINT('Ctrl Pts',(19.7203713069744,-7.21851477210246,-24.6761016586477));
#2052=CARTESIAN_POINT('Ctrl Pts',(19.7203713069744,-7.21851477210246,-24.5));
#2053=CARTESIAN_POINT('Origin',(0.,0.,0.));
#2054=CARTESIAN_POINT('',(-21.,-2.57175827820944E-15,1.));
#2055=CARTESIAN_POINT('Origin',(0.,0.,1.));
#2056=CARTESIAN_POINT('',(-21.0004282187816,-7.10288386683577E-7,-16.5001654615654));
#2057=CARTESIAN_POINT('',(-21.,-2.57175827820944E-15,0.));
#2058=CARTESIAN_POINT('Ctrl Pts',(-20.6408003267019,3.86747487040608,-17.499558739983));
#2059=CARTESIAN_POINT('Ctrl Pts',(-20.8069625118767,2.98066355269428,-16.9889702748142));
#2060=CARTESIAN_POINT('Ctrl Pts',(-20.9779988511775,1.66263214549054,-16.5644595028183));
#2061=CARTESIAN_POINT('Ctrl Pts',(-21.0011254719437,0.271306168683223,-16.4995256104043));
#2062=CARTESIAN_POINT('Ctrl Pts',(-21.0004282187816,-7.1028838660725E-7,
-16.5001654615654));
#2063=CARTESIAN_POINT('Origin',(0.,0.,-30.5));
#2064=CARTESIAN_POINT('Origin',(0.,0.,-30.5));
#2065=CARTESIAN_POINT('Ctrl Pts',(-21.0004282187816,-7.1028838660725E-7,
-16.5001654615654));
#2066=CARTESIAN_POINT('Ctrl Pts',(-20.9982434895574,-0.850096628687816,
-16.5021703309683));
#2067=CARTESIAN_POINT('Ctrl Pts',(-20.8747228302128,-2.827732750071,-16.8094032303954));
#2068=CARTESIAN_POINT('Ctrl Pts',(-20.3565476990445,-5.30058691322175,-18.2998010250301));
#2069=CARTESIAN_POINT('Ctrl Pts',(-19.8760714459467,-6.79648698267931,-20.6122229126972));
#2070=CARTESIAN_POINT('Ctrl Pts',(-19.7123442860281,-7.23964847976054,-23.1853185078067));
#2071=CARTESIAN_POINT('Ctrl Pts',(-19.7120029357206,-7.24121642485612,-25.7230752642448));
#2072=CARTESIAN_POINT('Ctrl Pts',(-19.8118218196531,-6.97128165657738,-27.4319731199878));
#2073=CARTESIAN_POINT('Ctrl Pts',(-19.9156024553919,-6.66098932883009,-28.2442848204377));
#2074=CARTESIAN_POINT('Ctrl Pts',(-20.,1.93977799426515,-19.8916096809228));
#2075=CARTESIAN_POINT('Ctrl Pts',(-20.,1.44174587368295,-19.6819764508677));
#2076=CARTESIAN_POINT('Ctrl Pts',(-20.,0.393535020926833,-19.4300908903058));
#2077=CARTESIAN_POINT('Ctrl Pts',(-20.,-1.22498140512938,-19.5625792036941));
#2078=CARTESIAN_POINT('Ctrl Pts',(-20.,-2.72728677624353,-20.2046499395443));
#2079=CARTESIAN_POINT('Ctrl Pts',(-20.,-4.0282430916338,-21.3470703264303));
#2080=CARTESIAN_POINT('Ctrl Pts',(-20.,-5.02774753335897,-23.2232853658398));
#2081=CARTESIAN_POINT('Ctrl Pts',(-20.,-5.047691150399,-25.6875284236325));
#2082=CARTESIAN_POINT('Ctrl Pts',(-20.,-4.39719244915256,-26.9619019632517));
#2083=CARTESIAN_POINT('Ctrl Pts',(-20.,-4.02346792776015,-27.4684517571093));
#2084=CARTESIAN_POINT('Ctrl Pts',(-20.5294373114381,2.55734202797698,-19.2056556042561));
#2085=CARTESIAN_POINT('Ctrl Pts',(-20.5852125827549,1.93256515625571,-18.9116860630518));
#2086=CARTESIAN_POINT('Ctrl Pts',(-20.667766232536,0.541178230749638,-18.5361498033641));
#2087=CARTESIAN_POINT('Ctrl Pts',(-20.6208302989968,-1.6656249362752,-18.7387860375016));
#2088=CARTESIAN_POINT('Ctrl Pts',(-20.4393389835404,-3.55346609364969,-19.6552191851629));
#2089=CARTESIAN_POINT('Ctrl Pts',(-20.2241779697875,-4.94207342340013,-21.1242725101675));
#2090=CARTESIAN_POINT('Ctrl Pts',(-20.0690925067645,-5.77466877742407,-23.2101473941017));
#2091=CARTESIAN_POINT('Ctrl Pts',(-20.067268554794,-5.78813399045211,-25.6996877072944));
#2092=CARTESIAN_POINT('Ctrl Pts',(-20.1661755539543,-5.25364318842559,-27.1051066901101));
#2093=CARTESIAN_POINT('Ctrl Pts',(-20.2268485632319,-4.89396867905042,-27.6997185677879));
#2094=CARTESIAN_POINT('Ctrl Pts',(-20.7576475290379,3.24385872473785,-18.353767047096));
#2095=CARTESIAN_POINT('Ctrl Pts',(-20.872851391079,2.48131475645964,-17.9516991860625));
#2096=CARTESIAN_POINT('Ctrl Pts',(-21.0535814162614,0.706736838850679,-17.4223616485528));
#2097=CARTESIAN_POINT('Ctrl Pts',(-20.9490259907868,-2.15982942496848,-17.7102405007049));
#2098=CARTESIAN_POINT('Ctrl Pts',(-20.565688776753,-4.47029494530988,-18.9783776983693));
#2099=CARTESIAN_POINT('Ctrl Pts',(-20.1798969210881,-5.91379174346194,-20.8683483132918));
#2100=CARTESIAN_POINT('Ctrl Pts',(-19.970002997746,-6.5361223423865,-23.1977043390301));
#2101=CARTESIAN_POINT('Ctrl Pts',(-19.9680493653257,-6.54334007390489,-25.711385502711));
#2102=CARTESIAN_POINT('Ctrl Pts',(-20.1003398197506,-6.15135015861191,-27.2684754829423));
#2103=CARTESIAN_POINT('Ctrl Pts',(-20.1972522318232,-5.81888844829294,-27.9717858721948));
#2104=CARTESIAN_POINT('Ctrl Pts',(-20.6408003267019,3.86747487040608,-17.499558739983));
#2105=CARTESIAN_POINT('Ctrl Pts',(-20.8069625118767,2.98066355269428,-16.9889702748142));
#2106=CARTESIAN_POINT('Ctrl Pts',(-21.0823977050143,0.858119088233303,-16.3053424156605));
#2107=CARTESIAN_POINT('Ctrl Pts',(-20.9201767436338,-2.61081593513016,-16.6786667124783));
#2108=CARTESIAN_POINT('Ctrl Pts',(-20.3565476990445,-5.30058691322175,-18.2998010250301));
#2109=CARTESIAN_POINT('Ctrl Pts',(-19.8760714459467,-6.79648698267931,-20.6122229126972));
#2110=CARTESIAN_POINT('Ctrl Pts',(-19.7123442860281,-7.23964847976054,-23.1853185078067));
#2111=CARTESIAN_POINT('Ctrl Pts',(-19.7120029357206,-7.24121642485612,-25.7230752642448));
#2112=CARTESIAN_POINT('Ctrl Pts',(-19.8118218196531,-6.97128165657738,-27.4319731199878));
#2113=CARTESIAN_POINT('Ctrl Pts',(-19.9156024553919,-6.66098932883009,-28.2442848204377));
#2114=CARTESIAN_POINT('Origin',(-20.,4.71844785465692E-15,-24.5));
#2115=CARTESIAN_POINT('Origin',(-20.,4.44089209850063E-15,-24.5));
#2116=CARTESIAN_POINT('',(-20.,-2.4,-24.5));
#2117=CARTESIAN_POINT('Origin',(-20.,4.71844785465692E-15,-24.5));
#2118=CARTESIAN_POINT('Origin',(20.,4.44089209850063E-15,-24.5));
#2119=CARTESIAN_POINT('',(20.,-2.4,-24.5));
#2120=CARTESIAN_POINT('Origin',(20.,4.71844785465692E-15,-24.5));
#2121=CARTESIAN_POINT('Origin',(0.,0.,0.));
#2122=CARTESIAN_POINT('',(-32.,-3.91886975727153E-15,0.));
#2123=CARTESIAN_POINT('Origin',(0.,0.,0.));
#2124=CARTESIAN_POINT('',(-24.,-2.93915231795365E-15,0.));
#2125=CARTESIAN_POINT('Origin',(0.,0.,0.));
#2126=CARTESIAN_POINT('Origin',(0.,0.,1.));
#2127=CARTESIAN_POINT('',(-32.,-3.91886975727153E-15,1.));
#2128=CARTESIAN_POINT('Origin',(0.,0.,1.));
#2129=CARTESIAN_POINT('Origin',(0.,0.,0.));
#2130=CARTESIAN_POINT('',(-32.,-3.91886975727153E-15,0.));
#2131=CARTESIAN_POINT('Origin',(0.,0.,0.));
#2132=CARTESIAN_POINT('',(-24.,-2.93915231795365E-15,-30.5));
#2133=CARTESIAN_POINT('Origin',(0.,0.,-30.5));
#2134=CARTESIAN_POINT('',(-24.,3.93288349486389E-15,-26.9));
#2135=CARTESIAN_POINT('',(-24.,2.93915231795365E-15,0.));
#2136=CARTESIAN_POINT('',(-23.8796984905589,2.4,-24.5));
#2137=CARTESIAN_POINT('Ctrl Pts',(-24.,4.78783679369599E-15,-26.9));
#2138=CARTESIAN_POINT('Ctrl Pts',(-24.,0.301565231165804,-26.9));
#2139=CARTESIAN_POINT('Ctrl Pts',(-23.9937341072782,0.623094202343747,-26.8396908770139));
#2140=CARTESIAN_POINT('Ctrl Pts',(-23.971084406813,1.21434556817625,-26.5946991700739));
#2141=CARTESIAN_POINT('Ctrl Pts',(-23.9550219567107,1.48408483912568,-26.4100277105698));
#2142=CARTESIAN_POINT('Ctrl Pts',(-23.9248276157261,1.91002843547536,-25.9840841142201));
#2143=CARTESIAN_POINT('Ctrl Pts',(-23.9087299753775,2.09469932933564,-25.7143451610957));
#2144=CARTESIAN_POINT('Ctrl Pts',(-23.8859997113807,2.33969061401787,-25.1230948597718));
#2145=CARTESIAN_POINT('Ctrl Pts',(-23.8796984905589,2.4,-24.8015662576242));
#2146=CARTESIAN_POINT('Ctrl Pts',(-23.8796984905589,2.4,-24.5));
#2147=CARTESIAN_POINT('',(-24.,3.6553277387076E-15,-22.1));
#2148=CARTESIAN_POINT('Ctrl Pts',(-23.8796984905589,2.4,-24.5));
#2149=CARTESIAN_POINT('Ctrl Pts',(-23.8796984905589,2.4,-24.1984337423758));
#2150=CARTESIAN_POINT('Ctrl Pts',(-23.8859997113807,2.33969061401787,-23.8769051402283));
#2151=CARTESIAN_POINT('Ctrl Pts',(-23.9087299753775,2.09469932933564,-23.2856548389043));
#2152=CARTESIAN_POINT('Ctrl Pts',(-23.9248276157261,1.91002843547536,-23.0159158857799));
#2153=CARTESIAN_POINT('Ctrl Pts',(-23.9550219567107,1.48408483912568,-22.5899722894302));
#2154=CARTESIAN_POINT('Ctrl Pts',(-23.971084406813,1.21434556817625,-22.4053008299261));
#2155=CARTESIAN_POINT('Ctrl Pts',(-23.9937341072782,0.623094202343744,-22.1603091229861));
#2156=CARTESIAN_POINT('Ctrl Pts',(-24.,0.301565231165803,-22.1));
#2157=CARTESIAN_POINT('Ctrl Pts',(-24.,4.30211422042248E-15,-22.1));
#2158=CARTESIAN_POINT('',(-24.,2.93915231795365E-15,0.));
#2159=CARTESIAN_POINT('',(-23.8796984905589,-2.4,-24.5));
#2160=CARTESIAN_POINT('Ctrl Pts',(-24.,4.37150315946155E-15,-22.1));
#2161=CARTESIAN_POINT('Ctrl Pts',(-24.,-0.301565231165795,-22.1));
#2162=CARTESIAN_POINT('Ctrl Pts',(-23.9937341072782,-0.623094202343738,
-22.1603091229861));
#2163=CARTESIAN_POINT('Ctrl Pts',(-23.971084406813,-1.21434556817625,-22.4053008299261));
#2164=CARTESIAN_POINT('Ctrl Pts',(-23.9550219567107,-1.48408483912568,-22.5899722894303));
#2165=CARTESIAN_POINT('Ctrl Pts',(-23.9248276157261,-1.91002843547535,-23.0159158857799));
#2166=CARTESIAN_POINT('Ctrl Pts',(-23.9087299753775,-2.09469932933563,-23.2856548389043));
#2167=CARTESIAN_POINT('Ctrl Pts',(-23.8859997113807,-2.33969061401786,-23.8769051402283));
#2168=CARTESIAN_POINT('Ctrl Pts',(-23.8796984905589,-2.4,-24.1984337423758));
#2169=CARTESIAN_POINT('Ctrl Pts',(-23.8796984905589,-2.4,-24.5));
#2170=CARTESIAN_POINT('Ctrl Pts',(-23.8796984905589,-2.4,-24.5));
#2171=CARTESIAN_POINT('Ctrl Pts',(-23.8796984905589,-2.4,-24.8015662576242));
#2172=CARTESIAN_POINT('Ctrl Pts',(-23.8859997113807,-2.33969061401786,-25.1230948597718));
#2173=CARTESIAN_POINT('Ctrl Pts',(-23.9087299753775,-2.09469932933563,-25.7143451610957));
#2174=CARTESIAN_POINT('Ctrl Pts',(-23.9248276157261,-1.91002843547535,-25.9840841142201));
#2175=CARTESIAN_POINT('Ctrl Pts',(-23.9550219567107,-1.48408483912568,-26.4100277105698));
#2176=CARTESIAN_POINT('Ctrl Pts',(-23.971084406813,-1.21434556817625,-26.5946991700739));
#2177=CARTESIAN_POINT('Ctrl Pts',(-23.9937341072782,-0.623094202343738,
-26.8396908770139));
#2178=CARTESIAN_POINT('Ctrl Pts',(-24.,-0.301565231165794,-26.9));
#2179=CARTESIAN_POINT('Ctrl Pts',(-24.,4.85722573273506E-15,-26.9));
#2180=CARTESIAN_POINT('',(23.8796984905589,2.4,-24.5));
#2181=CARTESIAN_POINT('',(23.8796984905589,-2.4,-24.5));
#2182=CARTESIAN_POINT('Ctrl Pts',(23.8796984905589,2.4,-24.5));
#2183=CARTESIAN_POINT('Ctrl Pts',(23.8796984905589,2.4,-24.8015662576242));
#2184=CARTESIAN_POINT('Ctrl Pts',(23.8859997113807,2.33969061401787,-25.1230948597718));
#2185=CARTESIAN_POINT('Ctrl Pts',(23.9087299753775,2.09469932933564,-25.7143451610957));
#2186=CARTESIAN_POINT('Ctrl Pts',(23.9248276157261,1.91002843547536,-25.9840841142201));
#2187=CARTESIAN_POINT('Ctrl Pts',(23.9550219567107,1.48408483912568,-26.4100277105698));
#2188=CARTESIAN_POINT('Ctrl Pts',(23.971084406813,1.21434556817626,-26.5946991700739));
#2189=CARTESIAN_POINT('Ctrl Pts',(23.9937341072782,0.62309420234375,-26.8396908770139));
#2190=CARTESIAN_POINT('Ctrl Pts',(24.,0.301565231165804,-26.9));
#2191=CARTESIAN_POINT('Ctrl Pts',(24.,-0.301565231165794,-26.9));
#2192=CARTESIAN_POINT('Ctrl Pts',(23.9937341072782,-0.623094202343737,-26.8396908770139));
#2193=CARTESIAN_POINT('Ctrl Pts',(23.971084406813,-1.21434556817625,-26.5946991700739));
#2194=CARTESIAN_POINT('Ctrl Pts',(23.9550219567107,-1.48408483912568,-26.4100277105698));
#2195=CARTESIAN_POINT('Ctrl Pts',(23.9248276157261,-1.91002843547535,-25.9840841142201));
#2196=CARTESIAN_POINT('Ctrl Pts',(23.9087299753775,-2.09469932933563,-25.7143451610957));
#2197=CARTESIAN_POINT('Ctrl Pts',(23.8859997113807,-2.33969061401786,-25.1230948597718));
#2198=CARTESIAN_POINT('Ctrl Pts',(23.8796984905589,-2.4,-24.8015662576242));
#2199=CARTESIAN_POINT('Ctrl Pts',(23.8796984905589,-2.4,-24.5));
#2200=CARTESIAN_POINT('Ctrl Pts',(23.8796984905589,-2.4,-24.5));
#2201=CARTESIAN_POINT('Ctrl Pts',(23.8796984905589,-2.4,-24.1984337423758));
#2202=CARTESIAN_POINT('Ctrl Pts',(23.8859997113807,-2.33969061401786,-23.8769051402283));
#2203=CARTESIAN_POINT('Ctrl Pts',(23.9087299753775,-2.09469932933563,-23.2856548389043));
#2204=CARTESIAN_POINT('Ctrl Pts',(23.9248276157261,-1.91002843547535,-23.0159158857799));
#2205=CARTESIAN_POINT('Ctrl Pts',(23.9550219567107,-1.48408483912568,-22.5899722894303));
#2206=CARTESIAN_POINT('Ctrl Pts',(23.971084406813,-1.21434556817625,-22.4053008299261));
#2207=CARTESIAN_POINT('Ctrl Pts',(23.9937341072782,-0.623094202343738,-22.1603091229861));
#2208=CARTESIAN_POINT('Ctrl Pts',(24.,-0.301565231165795,-22.1));
#2209=CARTESIAN_POINT('Ctrl Pts',(24.,0.301565231165803,-22.1));
#2210=CARTESIAN_POINT('Ctrl Pts',(23.9937341072782,0.623094202343747,-22.1603091229861));
#2211=CARTESIAN_POINT('Ctrl Pts',(23.971084406813,1.21434556817625,-22.4053008299261));
#2212=CARTESIAN_POINT('Ctrl Pts',(23.9550219567107,1.48408483912568,-22.5899722894303));
#2213=CARTESIAN_POINT('Ctrl Pts',(23.9248276157261,1.91002843547536,-23.0159158857799));
#2214=CARTESIAN_POINT('Ctrl Pts',(23.9087299753775,2.09469932933564,-23.2856548389043));
#2215=CARTESIAN_POINT('Ctrl Pts',(23.8859997113807,2.33969061401787,-23.8769051402283));
#2216=CARTESIAN_POINT('Ctrl Pts',(23.8796984905589,2.4,-24.1984337423758));
#2217=CARTESIAN_POINT('Ctrl Pts',(23.8796984905589,2.4,-24.5));
#2218=CARTESIAN_POINT('Origin',(0.,0.,-30.5));
#2219=CARTESIAN_POINT('Origin',(-4.93432455388958E-16,4.71844785465692E-15,
-24.5));
#2220=CARTESIAN_POINT('',(-4.93432455388958E-16,-2.4,-24.5));
#2221=CARTESIAN_POINT('Origin',(-4.93432455388958E-16,4.71844785465692E-15,
-24.5));
#2222=CARTESIAN_POINT('',(-4.93432455388958E-16,-2.4,-24.5));
#2223=CARTESIAN_POINT('Ctrl Pts',(-24.3,8.88178419700125E-15,-45.5));
#2224=CARTESIAN_POINT('Ctrl Pts',(-24.3,4.08407044966674,-41.8647285008461));
#2225=CARTESIAN_POINT('Ctrl Pts',(-22.643517854247,12.2495871820964,-34.5965212994527));
#2226=CARTESIAN_POINT('Ctrl Pts',(-15.6676479062842,22.0739490975948,-25.8517595944486));
#2227=CARTESIAN_POINT('Ctrl Pts',(-7.83191220257983,26.3126799440976,-22.0788233464626));
#2228=CARTESIAN_POINT('Ctrl Pts',(-0.621011205178882,27.5279724160143,-20.9970794978334));
#2229=CARTESIAN_POINT('Ctrl Pts',(6.71089980775574,26.9172057311831,-21.5407289645513));
#2230=CARTESIAN_POINT('Ctrl Pts',(15.6704644075433,22.0768973383695,-25.8491353361766));
#2231=CARTESIAN_POINT('Ctrl Pts',(22.6413477514515,12.2482986732918,-34.5976682138831));
#2232=CARTESIAN_POINT('Ctrl Pts',(24.3,4.08407044966672,-41.8647285008461));
#2233=CARTESIAN_POINT('Ctrl Pts',(24.3,-6.66133814775094E-15,-45.5));
#2234=CARTESIAN_POINT('Ctrl Pts',(-24.3,8.88178419700125E-15,-45.5));
#2235=CARTESIAN_POINT('Ctrl Pts',(-24.3,3.99858493528334,-41.7792429864627));
#2236=CARTESIAN_POINT('Ctrl Pts',(-22.5646163292008,11.9942476818187,-34.3380597228821));
#2237=CARTESIAN_POINT('Ctrl Pts',(-15.3374159021078,21.5104870881767,-25.5857830858421));
#2238=CARTESIAN_POINT('Ctrl Pts',(-7.55179498074408,25.4903820142611,-22.0126974657807));
#2239=CARTESIAN_POINT('Ctrl Pts',(-0.592460514674969,26.6108521680435,-21.0159906827916));
#2240=CARTESIAN_POINT('Ctrl Pts',(6.4421082991319,26.0546835358275,-21.5073110980671));
#2241=CARTESIAN_POINT('Ctrl Pts',(15.3373185839887,21.5162360712043,-25.5787923414876));
#2242=CARTESIAN_POINT('Ctrl Pts',(22.5617362497608,11.9912766152083,-34.3423700249555));
#2243=CARTESIAN_POINT('Ctrl Pts',(24.3,3.99858493528333,-41.7792429864627));
#2244=CARTESIAN_POINT('Ctrl Pts',(24.3,-6.66133814775094E-15,-45.5));
#2245=CARTESIAN_POINT('Ctrl Pts',(-24.3,8.88178419700125E-15,-45.5));
#2246=CARTESIAN_POINT('Ctrl Pts',(-24.3,3.84898528511241,-41.6296433362918));
#2247=CARTESIAN_POINT('Ctrl Pts',(-22.5077658599782,11.5461376061501,-33.8898943453348));
#2248=CARTESIAN_POINT('Ctrl Pts',(-15.0675423883627,20.524253547386,-24.8363126103978));
#2249=CARTESIAN_POINT('Ctrl Pts',(-7.30804126014781,24.0637848938395,-21.2443522384285));
#2250=CARTESIAN_POINT('Ctrl Pts',(-0.5669999907263,25.0267821523697,-20.2644963485563));
#2251=CARTESIAN_POINT('Ctrl Pts',(6.20504788612382,24.5596605417251,-20.7407039811202));
#2252=CARTESIAN_POINT('Ctrl Pts',(15.0664257617319,20.5337997644433,-24.8270726532187));
#2253=CARTESIAN_POINT('Ctrl Pts',(22.5040307707012,11.5415403624419,-33.8942485879783));
#2254=CARTESIAN_POINT('Ctrl Pts',(24.3,3.84898528511239,-41.6296433362918));
#2255=CARTESIAN_POINT('Ctrl Pts',(24.3,-6.66133814775094E-15,-45.5));
#2256=CARTESIAN_POINT('Ctrl Pts',(-24.3,8.88178419700125E-15,-45.5));
#2257=CARTESIAN_POINT('Ctrl Pts',(-24.3,3.69938563494146,-41.4800436861208));
#2258=CARTESIAN_POINT('Ctrl Pts',(-22.5838288190612,11.0967879241667,-33.4424289807048));
#2259=CARTESIAN_POINT('Ctrl Pts',(-15.4198685598741,19.8471873642647,-23.8491609897405));
#2260=CARTESIAN_POINT('Ctrl Pts',(-7.6233402132902,23.4709561713112,-19.803869358164));
#2261=CARTESIAN_POINT('Ctrl Pts',(-0.599787055999218,24.4897620923089,-18.6588827664518));
#2262=CARTESIAN_POINT('Ctrl Pts',(6.51076128613177,23.9844596353709,-19.2295678566995));
#2263=CARTESIAN_POINT('Ctrl Pts',(15.4209120748514,19.8527896357806,-23.8443983316869));
#2264=CARTESIAN_POINT('Ctrl Pts',(22.5812003417895,11.0937666612473,-33.4445026368337));
#2265=CARTESIAN_POINT('Ctrl Pts',(24.3,3.69938563494144,-41.4800436861208));
#2266=CARTESIAN_POINT('Ctrl Pts',(24.3,-6.66133814775094E-15,-45.5));
#2267=CARTESIAN_POINT('Ctrl Pts',(-24.3,8.88178419700125E-15,-45.5));
#2268=CARTESIAN_POINT('Ctrl Pts',(-24.3,3.63527149915391,-41.4159295503333));
#2269=CARTESIAN_POINT('Ctrl Pts',(-22.643517854247,10.9034787005473,-33.2504128179036));
#2270=CARTESIAN_POINT('Ctrl Pts',(-15.6676479062842,19.6482404055514,-23.4260509024052));
#2271=CARTESIAN_POINT('Ctrl Pts',(-7.83191220257984,23.4211766535374,-19.1873200559024));
#2272=CARTESIAN_POINT('Ctrl Pts',(-0.621011205178882,24.5029205021666,-17.9720275839857));
#2273=CARTESIAN_POINT('Ctrl Pts',(6.71089980775574,23.9592710354487,-18.5827942688169));
#2274=CARTESIAN_POINT('Ctrl Pts',(15.6704644075433,19.6508646638234,-23.4231026616305));
#2275=CARTESIAN_POINT('Ctrl Pts',(22.6413477514515,10.9023317861169,-33.2517013267082));
#2276=CARTESIAN_POINT('Ctrl Pts',(24.3,3.6352714991539,-41.4159295503333));
#2277=CARTESIAN_POINT('Ctrl Pts',(24.3,-6.66133814775094E-15,-45.5));
#2278=CARTESIAN_POINT('',(3.59256114663616,24.032967032967,-18.5));
#2279=CARTESIAN_POINT('',(-3.59256114663613,24.032967032967,-18.5));
#2280=CARTESIAN_POINT('Ctrl Pts',(3.59256114663616,24.032967032967,-18.5));
#2281=CARTESIAN_POINT('Ctrl Pts',(2.89106512950522,24.1378299628004,-18.5));
#2282=CARTESIAN_POINT('Ctrl Pts',(2.19631268581625,24.2171330721195,-18.5000000000021));
#2283=CARTESIAN_POINT('Ctrl Pts',(1.20333179757137,24.2838309868139,-18.5000000000021));
#2284=CARTESIAN_POINT('Ctrl Pts',(0.917435012762783,24.2976728991149,-18.5));
#2285=CARTESIAN_POINT('Ctrl Pts',(0.437700555607739,24.3114985885742,-18.5));
#2286=CARTESIAN_POINT('Ctrl Pts',(0.244833713187414,24.3145184255229,-18.5));
#2287=CARTESIAN_POINT('Ctrl Pts',(-0.135224103936065,24.3154197401133,-18.5));
#2288=CARTESIAN_POINT('Ctrl Pts',(-0.322016049692324,24.3134597666149,-18.5));
#2289=CARTESIAN_POINT('Ctrl Pts',(-0.765904846671025,24.3031264672095,-18.5));
#2290=CARTESIAN_POINT('Ctrl Pts',(-1.02227525565302,24.2926451604945,-18.5000000000071));
#2291=CARTESIAN_POINT('Ctrl Pts',(-1.79149899177794,24.248095336802,-18.5000000000071));
#2292=CARTESIAN_POINT('Ctrl Pts',(-2.29937188431297,24.2012644821629,-18.5));
#2293=CARTESIAN_POINT('Ctrl Pts',(-3.07100896924295,24.1075380904264,-18.5));
#2294=CARTESIAN_POINT('Ctrl Pts',(-3.33177947183978,24.0719499064234,-18.5));
#2295=CARTESIAN_POINT('Ctrl Pts',(-3.59256114663613,24.032967032967,-18.5));
#2296=CARTESIAN_POINT('',(-24.3,9.04831765069503E-15,-45.5));
#2297=CARTESIAN_POINT('Origin',(8.88178419700125E-15,0.,-45.5));
#2298=CARTESIAN_POINT('',(24.3,-1.34892097491957E-14,-45.5));
#2299=CARTESIAN_POINT('Origin',(8.88178419700125E-15,0.,-45.5));
#2300=CARTESIAN_POINT('Origin',(8.88178419700125E-15,0.,-45.5));
#2301=CARTESIAN_POINT('Origin',(4.44089209850063E-15,-13.5,-45.5));
#2302=CARTESIAN_POINT('',(17.1826947828331,47.,-62.6826947828331));
#2303=CARTESIAN_POINT('Origin',(2.43426677991886E-14,47.,-45.5));
#2304=CARTESIAN_POINT('',(17.1826947828331,-1.11022302462516E-14,-62.6826947828331));
#2305=CARTESIAN_POINT('',(17.1826947828331,-13.5,-62.6826947828331));
#2306=CARTESIAN_POINT('Origin',(-9.10382880192629E-15,-4.44089209850063E-15,
-45.5));
#2307=CARTESIAN_POINT('Origin',(-9.10382880192629E-15,-4.44089209850063E-15,
-45.5));
#2308=CARTESIAN_POINT('',(-24.1811910376639,42.,-47.9));
#2309=CARTESIAN_POINT('',(-24.3,39.6,-45.5));
#2310=CARTESIAN_POINT('Ctrl Pts',(-24.1811910376639,42.,-47.9));
#2311=CARTESIAN_POINT('Ctrl Pts',(-24.1811910376639,41.6984391023445,-47.9));
#2312=CARTESIAN_POINT('Ctrl Pts',(-24.1874134427643,41.3769127787774,-47.8396927029538));
#2313=CARTESIAN_POINT('Ctrl Pts',(-24.2098606043448,40.7856609802608,-47.5947029502357));
#2314=CARTESIAN_POINT('Ctrl Pts',(-24.2257582200788,40.5159186817603,-47.4100312314557));
#2315=CARTESIAN_POINT('Ctrl Pts',(-24.25557834688,40.0899694581596,-46.9840820078551));
#2316=CARTESIAN_POINT('Ctrl Pts',(-24.2714420642189,39.9052972014438,-46.7143394068568));
#2317=CARTESIAN_POINT('Ctrl Pts',(-24.2938116228017,39.660307046634,-46.123086595826));
#2318=CARTESIAN_POINT('Ctrl Pts',(-24.3,39.6,-45.8015599211979));
#2319=CARTESIAN_POINT('Ctrl Pts',(-24.3,39.6,-45.5));
#2320=CARTESIAN_POINT('Ctrl Pts',(-24.3,39.6,-45.5));
#2321=CARTESIAN_POINT('Ctrl Pts',(-24.3,39.6,-45.1984400788021));
#2322=CARTESIAN_POINT('Ctrl Pts',(-24.2938116228017,39.660307046634,-44.8769134041741));
#2323=CARTESIAN_POINT('Ctrl Pts',(-24.2714420642189,39.9052972014438,-44.2856605931432));
#2324=CARTESIAN_POINT('Ctrl Pts',(-24.25557834688,40.0899694581596,-44.015917992145));
#2325=CARTESIAN_POINT('Ctrl Pts',(-24.2257582200788,40.5159186817603,-43.5899687685443));
#2326=CARTESIAN_POINT('Ctrl Pts',(-24.2098606043448,40.7856609802608,-43.4052970497644));
#2327=CARTESIAN_POINT('Ctrl Pts',(-24.1874134427643,41.3769127787774,-43.1603072970463));
#2328=CARTESIAN_POINT('Ctrl Pts',(-24.181191037664,41.6984391023445,-43.1));
#2329=CARTESIAN_POINT('Ctrl Pts',(-24.181191037664,42.3015608976555,-43.1));
#2330=CARTESIAN_POINT('Ctrl Pts',(-24.1874134427643,42.6230872212226,-43.1603072970463));
#2331=CARTESIAN_POINT('Ctrl Pts',(-24.2098606043448,43.2143390197392,-43.4052970497644));
#2332=CARTESIAN_POINT('Ctrl Pts',(-24.2257582200788,43.4840813182397,-43.5899687685443));
#2333=CARTESIAN_POINT('Ctrl Pts',(-24.25557834688,43.9100305418404,-44.015917992145));
#2334=CARTESIAN_POINT('Ctrl Pts',(-24.2714420642189,44.0947027985562,-44.2856605931432));
#2335=CARTESIAN_POINT('Ctrl Pts',(-24.2938116228017,44.339692953366,-44.8769134041741));
#2336=CARTESIAN_POINT('Ctrl Pts',(-24.3,44.4,-45.1984400788021));
#2337=CARTESIAN_POINT('Ctrl Pts',(-24.3,44.4,-45.8015599211979));
#2338=CARTESIAN_POINT('Ctrl Pts',(-24.2938116228017,44.339692953366,-46.123086595826));
#2339=CARTESIAN_POINT('Ctrl Pts',(-24.2714420642189,44.0947027985562,-46.7143394068568));
#2340=CARTESIAN_POINT('Ctrl Pts',(-24.25557834688,43.9100305418404,-46.984082007855));
#2341=CARTESIAN_POINT('Ctrl Pts',(-24.2257582200788,43.4840813182397,-47.4100312314557));
#2342=CARTESIAN_POINT('Ctrl Pts',(-24.2098606043448,43.2143390197392,-47.5947029502357));
#2343=CARTESIAN_POINT('Ctrl Pts',(-24.1874134427643,42.6230872212226,-47.8396927029538));
#2344=CARTESIAN_POINT('Ctrl Pts',(-24.1811910376639,42.3015608976555,-47.9));
#2345=CARTESIAN_POINT('Ctrl Pts',(-24.1811910376639,42.,-47.9));
#2346=CARTESIAN_POINT('',(24.181191037664,42.,-47.9));
#2347=CARTESIAN_POINT('',(24.3,39.6,-45.5));
#2348=CARTESIAN_POINT('Ctrl Pts',(24.181191037664,42.,-47.9));
#2349=CARTESIAN_POINT('Ctrl Pts',(24.181191037664,42.3015608976555,-47.9));
#2350=CARTESIAN_POINT('Ctrl Pts',(24.1874134427643,42.6230872212226,-47.8396927029538));
#2351=CARTESIAN_POINT('Ctrl Pts',(24.2098606043448,43.2143390197392,-47.5947029502357));
#2352=CARTESIAN_POINT('Ctrl Pts',(24.2257582200789,43.4840813182397,-47.4100312314557));
#2353=CARTESIAN_POINT('Ctrl Pts',(24.25557834688,43.9100305418404,-46.984082007855));
#2354=CARTESIAN_POINT('Ctrl Pts',(24.2714420642189,44.0947027985562,-46.7143394068568));
#2355=CARTESIAN_POINT('Ctrl Pts',(24.2938116228017,44.3396929533659,-46.1230865958259));
#2356=CARTESIAN_POINT('Ctrl Pts',(24.3,44.4,-45.8015599211979));
#2357=CARTESIAN_POINT('Ctrl Pts',(24.3,44.4,-45.1984400788021));
#2358=CARTESIAN_POINT('Ctrl Pts',(24.2938116228017,44.339692953366,-44.8769134041741));
#2359=CARTESIAN_POINT('Ctrl Pts',(24.2714420642189,44.0947027985562,-44.2856605931432));
#2360=CARTESIAN_POINT('Ctrl Pts',(24.25557834688,43.9100305418404,-44.015917992145));
#2361=CARTESIAN_POINT('Ctrl Pts',(24.2257582200789,43.4840813182397,-43.5899687685443));
#2362=CARTESIAN_POINT('Ctrl Pts',(24.2098606043448,43.2143390197392,-43.4052970497644));
#2363=CARTESIAN_POINT('Ctrl Pts',(24.1874134427643,42.6230872212226,-43.1603072970463));
#2364=CARTESIAN_POINT('Ctrl Pts',(24.181191037664,42.3015608976555,-43.1));
#2365=CARTESIAN_POINT('Ctrl Pts',(24.181191037664,41.6984391023445,-43.1));
#2366=CARTESIAN_POINT('Ctrl Pts',(24.1874134427643,41.3769127787774,-43.1603072970463));
#2367=CARTESIAN_POINT('Ctrl Pts',(24.2098606043448,40.7856609802608,-43.4052970497644));
#2368=CARTESIAN_POINT('Ctrl Pts',(24.2257582200789,40.5159186817603,-43.5899687685443));
#2369=CARTESIAN_POINT('Ctrl Pts',(24.25557834688,40.0899694581596,-44.015917992145));
#2370=CARTESIAN_POINT('Ctrl Pts',(24.2714420642189,39.9052972014438,-44.2856605931432));
#2371=CARTESIAN_POINT('Ctrl Pts',(24.2938116228017,39.660307046634,-44.8769134041741));
#2372=CARTESIAN_POINT('Ctrl Pts',(24.3,39.6,-45.1984400788021));
#2373=CARTESIAN_POINT('Ctrl Pts',(24.3,39.6,-45.5));
#2374=CARTESIAN_POINT('Ctrl Pts',(24.3,39.6,-45.5));
#2375=CARTESIAN_POINT('Ctrl Pts',(24.3,39.6,-45.8015599211979));
#2376=CARTESIAN_POINT('Ctrl Pts',(24.2938116228017,39.660307046634,-46.123086595826));
#2377=CARTESIAN_POINT('Ctrl Pts',(24.2714420642189,39.9052972014438,-46.7143394068568));
#2378=CARTESIAN_POINT('Ctrl Pts',(24.25557834688,40.0899694581596,-46.9840820078551));
#2379=CARTESIAN_POINT('Ctrl Pts',(24.2257582200789,40.5159186817603,-47.4100312314557));
#2380=CARTESIAN_POINT('Ctrl Pts',(24.2098606043448,40.7856609802608,-47.5947029502357));
#2381=CARTESIAN_POINT('Ctrl Pts',(24.1874134427643,41.3769127787774,-47.8396927029538));
#2382=CARTESIAN_POINT('Ctrl Pts',(24.181191037664,41.6984391023445,-47.9));
#2383=CARTESIAN_POINT('Ctrl Pts',(24.181191037664,42.,-47.9));
#2384=CARTESIAN_POINT('Origin',(8.88178419700125E-15,0.,-18.5));
#2385=CARTESIAN_POINT('Origin',(8.88178419700125E-15,-4.44089209850063E-15,
-45.5));
#2386=CARTESIAN_POINT('Origin',(8.88178419700125E-15,0.,-18.5));
#2387=CARTESIAN_POINT('',(-24.181191037664,-2.4,-24.5));
#2388=CARTESIAN_POINT('Ctrl Pts',(-24.181191037664,-2.4,-24.5));
#2389=CARTESIAN_POINT('Ctrl Pts',(-24.181191037664,-2.4,-24.1984391023445));
#2390=CARTESIAN_POINT('Ctrl Pts',(-24.1874134427643,-2.33969270295374,-23.8769127787774));
#2391=CARTESIAN_POINT('Ctrl Pts',(-24.2098606043448,-2.09470295023564,-23.2856609802608));
#2392=CARTESIAN_POINT('Ctrl Pts',(-24.2257582200788,-1.9100312314557,-23.0159186817603));
#2393=CARTESIAN_POINT('Ctrl Pts',(-24.25557834688,-1.48408200785504,-22.5899694581596));
#2394=CARTESIAN_POINT('Ctrl Pts',(-24.2714420642189,-1.21433940685678,-22.4052972014438));
#2395=CARTESIAN_POINT('Ctrl Pts',(-24.2938116228017,-0.623086595825948,
-22.160307046634));
#2396=CARTESIAN_POINT('Ctrl Pts',(-24.3,-0.301559921197919,-22.1));
#2397=CARTESIAN_POINT('Ctrl Pts',(-24.3,0.301559921197929,-22.1));
#2398=CARTESIAN_POINT('Ctrl Pts',(-24.2938116228017,0.623086595825957,-22.160307046634));
#2399=CARTESIAN_POINT('Ctrl Pts',(-24.2714420642189,1.21433940685679,-22.4052972014438));
#2400=CARTESIAN_POINT('Ctrl Pts',(-24.25557834688,1.48408200785505,-22.5899694581596));
#2401=CARTESIAN_POINT('Ctrl Pts',(-24.2257582200788,1.91003123145571,-23.0159186817603));
#2402=CARTESIAN_POINT('Ctrl Pts',(-24.2098606043448,2.09470295023564,-23.2856609802608));
#2403=CARTESIAN_POINT('Ctrl Pts',(-24.1874134427643,2.33969270295375,-23.8769127787774));
#2404=CARTESIAN_POINT('Ctrl Pts',(-24.181191037664,2.4,-24.1984391023445));
#2405=CARTESIAN_POINT('Ctrl Pts',(-24.181191037664,2.4,-24.8015608976555));
#2406=CARTESIAN_POINT('Ctrl Pts',(-24.1874134427643,2.33969270295375,-25.1230872212226));
#2407=CARTESIAN_POINT('Ctrl Pts',(-24.2098606043448,2.09470295023565,-25.7143390197392));
#2408=CARTESIAN_POINT('Ctrl Pts',(-24.2257582200788,1.91003123145571,-25.9840813182397));
#2409=CARTESIAN_POINT('Ctrl Pts',(-24.25557834688,1.48408200785505,-26.4100305418404));
#2410=CARTESIAN_POINT('Ctrl Pts',(-24.2714420642189,1.21433940685679,-26.5947027985562));
#2411=CARTESIAN_POINT('Ctrl Pts',(-24.2938116228017,0.623086595825957,-26.839692953366));
#2412=CARTESIAN_POINT('Ctrl Pts',(-24.3,0.301559921197929,-26.9));
#2413=CARTESIAN_POINT('Ctrl Pts',(-24.3,-0.301559921197919,-26.9));
#2414=CARTESIAN_POINT('Ctrl Pts',(-24.2938116228017,-0.623086595825947,
-26.839692953366));
#2415=CARTESIAN_POINT('Ctrl Pts',(-24.2714420642189,-1.21433940685678,-26.5947027985562));
#2416=CARTESIAN_POINT('Ctrl Pts',(-24.25557834688,-1.48408200785504,-26.4100305418404));
#2417=CARTESIAN_POINT('Ctrl Pts',(-24.2257582200788,-1.9100312314557,-25.9840813182397));
#2418=CARTESIAN_POINT('Ctrl Pts',(-24.2098606043448,-2.09470295023563,-25.7143390197392));
#2419=CARTESIAN_POINT('Ctrl Pts',(-24.1874134427643,-2.33969270295374,-25.1230872212226));
#2420=CARTESIAN_POINT('Ctrl Pts',(-24.181191037664,-2.4,-24.8015608976555));
#2421=CARTESIAN_POINT('Ctrl Pts',(-24.181191037664,-2.4,-24.5));
#2422=CARTESIAN_POINT('',(24.181191037664,-2.4,-24.5));
#2423=CARTESIAN_POINT('Ctrl Pts',(24.181191037664,-2.4,-24.5));
#2424=CARTESIAN_POINT('Ctrl Pts',(24.181191037664,-2.4,-24.8015608976555));
#2425=CARTESIAN_POINT('Ctrl Pts',(24.1874134427643,-2.33969270295374,-25.1230872212226));
#2426=CARTESIAN_POINT('Ctrl Pts',(24.2098606043448,-2.09470295023564,-25.7143390197392));
#2427=CARTESIAN_POINT('Ctrl Pts',(24.2257582200788,-1.9100312314557,-25.9840813182397));
#2428=CARTESIAN_POINT('Ctrl Pts',(24.25557834688,-1.48408200785504,-26.4100305418404));
#2429=CARTESIAN_POINT('Ctrl Pts',(24.2714420642189,-1.21433940685678,-26.5947027985562));
#2430=CARTESIAN_POINT('Ctrl Pts',(24.2938116228017,-0.623086595825948,-26.839692953366));
#2431=CARTESIAN_POINT('Ctrl Pts',(24.3,-0.301559921197919,-26.9));
#2432=CARTESIAN_POINT('Ctrl Pts',(24.3,0.301559921197929,-26.9));
#2433=CARTESIAN_POINT('Ctrl Pts',(24.2938116228017,0.623086595825957,-26.839692953366));
#2434=CARTESIAN_POINT('Ctrl Pts',(24.2714420642189,1.21433940685679,-26.5947027985562));
#2435=CARTESIAN_POINT('Ctrl Pts',(24.25557834688,1.48408200785505,-26.4100305418404));
#2436=CARTESIAN_POINT('Ctrl Pts',(24.2257582200788,1.91003123145571,-25.9840813182397));
#2437=CARTESIAN_POINT('Ctrl Pts',(24.2098606043448,2.09470295023565,-25.7143390197392));
#2438=CARTESIAN_POINT('Ctrl Pts',(24.1874134427643,2.33969270295375,-25.1230872212226));
#2439=CARTESIAN_POINT('Ctrl Pts',(24.181191037664,2.4,-24.8015608976555));
#2440=CARTESIAN_POINT('Ctrl Pts',(24.181191037664,2.4,-24.1984391023445));
#2441=CARTESIAN_POINT('Ctrl Pts',(24.1874134427643,2.33969270295375,-23.8769127787774));
#2442=CARTESIAN_POINT('Ctrl Pts',(24.2098606043448,2.09470295023564,-23.2856609802608));
#2443=CARTESIAN_POINT('Ctrl Pts',(24.2257582200788,1.91003123145571,-23.0159186817603));
#2444=CARTESIAN_POINT('Ctrl Pts',(24.25557834688,1.48408200785505,-22.5899694581596));
#2445=CARTESIAN_POINT('Ctrl Pts',(24.2714420642189,1.21433940685679,-22.4052972014438));
#2446=CARTESIAN_POINT('Ctrl Pts',(24.2938116228017,0.623086595825957,-22.160307046634));
#2447=CARTESIAN_POINT('Ctrl Pts',(24.3,0.301559921197929,-22.1));
#2448=CARTESIAN_POINT('Ctrl Pts',(24.3,-0.301559921197919,-22.1));
#2449=CARTESIAN_POINT('Ctrl Pts',(24.2938116228017,-0.623086595825948,-22.160307046634));
#2450=CARTESIAN_POINT('Ctrl Pts',(24.2714420642189,-1.21433940685679,-22.4052972014438));
#2451=CARTESIAN_POINT('Ctrl Pts',(24.25557834688,-1.48408200785504,-22.5899694581596));
#2452=CARTESIAN_POINT('Ctrl Pts',(24.2257582200788,-1.9100312314557,-23.0159186817603));
#2453=CARTESIAN_POINT('Ctrl Pts',(24.2098606043448,-2.09470295023564,-23.2856609802608));
#2454=CARTESIAN_POINT('Ctrl Pts',(24.1874134427643,-2.33969270295374,-23.8769127787774));
#2455=CARTESIAN_POINT('Ctrl Pts',(24.181191037664,-2.4,-24.1984391023445));
#2456=CARTESIAN_POINT('Ctrl Pts',(24.181191037664,-2.4,-24.5));
#2457=CARTESIAN_POINT('Ctrl Pts',(-30.,44.5173862742899,-49.8200424009513));
#2458=CARTESIAN_POINT('Ctrl Pts',(-30.,43.6619162121442,-50.3185441267763));
#2459=CARTESIAN_POINT('Ctrl Pts',(-30.,41.6353652039105,-50.7880341837405));
#2460=CARTESIAN_POINT('Ctrl Pts',(-30.,38.7583906291915,-49.6918659061375));
#2461=CARTESIAN_POINT('Ctrl Pts',(-30.,36.9290840899734,-47.1400260120633));
#2462=CARTESIAN_POINT('Ctrl Pts',(-30.,36.9294554228769,-43.851482069671));
#2463=CARTESIAN_POINT('Ctrl Pts',(-30.,38.4619814459789,-41.7337523320457));
#2464=CARTESIAN_POINT('Ctrl Pts',(-30.,40.1928908668226,-40.7591470274197));
#2465=CARTESIAN_POINT('Ctrl Pts',(-30.,41.4166285003057,-40.4907653485746));
#2466=CARTESIAN_POINT('Ctrl Pts',(-30.,42.9107104910267,-40.5018572779707));
#2467=CARTESIAN_POINT('Ctrl Pts',(-30.,43.8782055913096,-40.807492579302));
#2468=CARTESIAN_POINT('Ctrl Pts',(-30.,44.5173862743499,-41.1799575990837));
#2469=CARTESIAN_POINT('Ctrl Pts',(-28.9108323838197,44.7507873208034,-49.8957586990581));
#2470=CARTESIAN_POINT('Ctrl Pts',(-28.8944438792859,43.8186579092818,-50.4040413148271));
#2471=CARTESIAN_POINT('Ctrl Pts',(-28.8761933287065,41.6009204870834,-50.8837297939178));
#2472=CARTESIAN_POINT('Ctrl Pts',(-28.917491116182,38.4551832559971,-49.7630125085419));
#2473=CARTESIAN_POINT('Ctrl Pts',(-28.9899668113237,36.4820860595096,-47.1650948831964));
#2474=CARTESIAN_POINT('Ctrl Pts',(-28.990103715069,36.4821966925252,-43.8259877472811));
#2475=CARTESIAN_POINT('Ctrl Pts',(-28.9288125401977,38.1354166152124,-41.6707738005896));
#2476=CARTESIAN_POINT('Ctrl Pts',(-28.8968521386519,40.024574141512,-40.674898932085));
#2477=CARTESIAN_POINT('Ctrl Pts',(-28.8863750153355,41.3619053880978,-40.4013615542268));
#2478=CARTESIAN_POINT('Ctrl Pts',(-28.8869110668099,42.9954917354717,-40.4123035284837));
#2479=CARTESIAN_POINT('Ctrl Pts',(-28.8985874018095,44.0543291509081,-40.7244683037552));
#2480=CARTESIAN_POINT('Ctrl Pts',(-28.9108323838209,44.7507873208688,-41.1042413009775));
#2481=CARTESIAN_POINT('Ctrl Pts',(-27.1237392015459,45.4955033937121,-50.6072051928247));
#2482=CARTESIAN_POINT('Ctrl Pts',(-27.0390772210344,44.3164871706054,-51.2075712860369));
#2483=CARTESIAN_POINT('Ctrl Pts',(-26.938103182576,41.4978245794731,-51.7757570099543));
#2484=CARTESIAN_POINT('Ctrl Pts',(-27.1655029348341,37.4788330937566,-50.4480876147107));
#2485=CARTESIAN_POINT('Ctrl Pts',(-27.5019266685574,35.0808624735542,-47.3986393740176));
#2486=CARTESIAN_POINT('Ctrl Pts',(-27.4996150826557,35.0841682521965,-43.5902943441874));
#2487=CARTESIAN_POINT('Ctrl Pts',(-27.2214834384222,37.0854030194316,-41.0619857275211));
#2488=CARTESIAN_POINT('Ctrl Pts',(-27.0506983392557,39.4855883510831,-39.8852313154612));
#2489=CARTESIAN_POINT('Ctrl Pts',(-26.9973539044545,41.1865835224327,-39.5636254052403));
#2490=CARTESIAN_POINT('Ctrl Pts',(-26.9996854589986,43.2687419038627,-39.576568052152));
#2491=CARTESIAN_POINT('Ctrl Pts',(-27.0604823969871,44.614579059739,-39.94421989323));
#2492=CARTESIAN_POINT('Ctrl Pts',(-27.1237392015518,45.4955033937947,-40.3927948072173));
#2493=CARTESIAN_POINT('Ctrl Pts',(-26.2004311324287,46.5488885507663,-52.0601113123539));
#2494=CARTESIAN_POINT('Ctrl Pts',(-26.0065171032164,45.0226455892289,-52.8447802929837));
#2495=CARTESIAN_POINT('Ctrl Pts',(-25.7654516445126,41.3530938327139,-53.5875155644509));
#2496=CARTESIAN_POINT('Ctrl Pts',(-26.3073207916605,36.0944948584963,-51.849129937359));
#2497=CARTESIAN_POINT('Ctrl Pts',(-27.0322757822816,33.1170067253428,-47.876550893675));
#2498=CARTESIAN_POINT('Ctrl Pts',(-27.0247478970137,33.1249394482076,-43.108201609616));
#2499=CARTESIAN_POINT('Ctrl Pts',(-26.4319577565135,35.5994172928913,-39.8169455383667));
#2500=CARTESIAN_POINT('Ctrl Pts',(-26.0313502794467,38.7243522892523,-38.2758736107444));
#2501=CARTESIAN_POINT('Ctrl Pts',(-25.9097304727141,40.9382019166631,-37.858289678337));
#2502=CARTESIAN_POINT('Ctrl Pts',(-25.9139689544988,43.6545235205702,-37.8745721308874));
#2503=CARTESIAN_POINT('Ctrl Pts',(-26.0555445874533,45.4085271731849,-38.3536083756147));
#2504=CARTESIAN_POINT('Ctrl Pts',(-26.2004311324423,46.5488885508732,-38.9398886877011));
#2505=CARTESIAN_POINT('Ctrl Pts',(-26.0112747354701,46.9999999998717,-52.7397228286653));
#2506=CARTESIAN_POINT('Ctrl Pts',(-25.768967671945,45.3251607841781,-53.6102969858333));
#2507=CARTESIAN_POINT('Ctrl Pts',(-25.4648858035023,41.2910192611022,-54.4342964795269));
#2508=CARTESIAN_POINT('Ctrl Pts',(-26.148105396511,35.5017182242465,-52.5047217218667));
#2509=CARTESIAN_POINT('Ctrl Pts',(-27.0407883650445,32.2760711753048,-48.1011489053062));
#2510=CARTESIAN_POINT('Ctrl Pts',(-27.030777271415,32.2859132055246,-42.8816820782505));
#2511=CARTESIAN_POINT('Ctrl Pts',(-26.3027702442307,34.9631713774993,-39.2341424367388));
#2512=CARTESIAN_POINT('Ctrl Pts',(-25.799491011846,38.3984247086204,-37.5233612822264));
#2513=CARTESIAN_POINT('Ctrl Pts',(-25.6476301381477,40.8318340073587,-37.0610036130678));
#2514=CARTESIAN_POINT('Ctrl Pts',(-25.6526147050862,43.8196609229202,-37.078856585075));
#2515=CARTESIAN_POINT('Ctrl Pts',(-25.8302304170167,45.7486121125124,-37.6098111772523));
#2516=CARTESIAN_POINT('Ctrl Pts',(-26.011274735487,46.999999999989,-38.2602771713958));
#2517=CARTESIAN_POINT('',(-26.011274735486,46.999999999991,-38.2602771713921));
#2518=CARTESIAN_POINT('',(-30.,44.5173862743499,-41.1799575990837));
#2519=CARTESIAN_POINT('Origin',(-30.8281774642809,46.999999999989,-36.9195877586913));
#2520=CARTESIAN_POINT('',(-30.,44.5173862742899,-49.8200424009513));
#2521=CARTESIAN_POINT('Origin',(-30.,42.,-45.5));
#2522=CARTESIAN_POINT('',(-26.0112747354583,46.9999999998953,-52.7397228287074));
#2523=CARTESIAN_POINT('Origin',(-30.8281774642608,46.9999999998717,-54.0804122413811));
#2524=CARTESIAN_POINT('',(-26.9989916905875,32.4170225581118,-45.5000006612721));
#2525=CARTESIAN_POINT('Ctrl Pts',(-26.0112747354701,46.9999999998717,-52.7397228286652));
#2526=CARTESIAN_POINT('Ctrl Pts',(-25.9859616432763,46.825034570223,-52.8306690998193));
#2527=CARTESIAN_POINT('Ctrl Pts',(-25.9616278884583,46.6462866887559,-52.9166306171066));
#2528=CARTESIAN_POINT('Ctrl Pts',(-25.9384112697622,46.4643931216806,-52.9974451372843));
#2529=CARTESIAN_POINT('Ctrl Pts',(-25.9148982693083,46.2801775138348,-53.0792913300699));
#2530=CARTESIAN_POINT('Ctrl Pts',(-25.8925312988883,46.0927360023482,-53.1558580727702));
#2531=CARTESIAN_POINT('Ctrl Pts',(-25.8714425169853,45.902754991012,-53.2270230713195));
#2532=CARTESIAN_POINT('Ctrl Pts',(-25.8526921453976,45.7338398505588,-53.2902970040181));
#2533=CARTESIAN_POINT('Ctrl Pts',(-25.8349521393931,45.5629178275797,-53.3493013142001));
#2534=CARTESIAN_POINT('Ctrl Pts',(-25.8183064539329,45.390481561483,-53.403981877809));
#2535=CARTESIAN_POINT('Ctrl Pts',(-25.8002436208666,45.2033647559582,-53.4633177276182));
#2536=CARTESIAN_POINT('Ctrl Pts',(-25.7833667931511,45.013256024628,-53.5178981767292));
#2537=CARTESIAN_POINT('Ctrl Pts',(-25.7678211297908,44.8207399951702,-53.567507507289));
#2538=CARTESIAN_POINT('Ctrl Pts',(-25.7521151567696,44.6262387059839,-53.6176284181384));
#2539=CARTESIAN_POINT('Ctrl Pts',(-25.7377681211379,44.4292807763075,-53.6626749528139));
#2540=CARTESIAN_POINT('Ctrl Pts',(-25.7249198981356,44.2304968009096,-53.7024690785457));
#2541=CARTESIAN_POINT('Ctrl Pts',(-25.7119975395298,44.0305658209839,-53.7424928205848));
#2542=CARTESIAN_POINT('Ctrl Pts',(-25.7005915137952,43.8287882912295,-53.7772032051632));
#2543=CARTESIAN_POINT('Ctrl Pts',(-25.6908316010604,43.6258245945325,-53.806466509604));
#2544=CARTESIAN_POINT('Ctrl Pts',(-25.6811030134205,43.4235123234395,-53.8356358915056));
#2545=CARTESIAN_POINT('Ctrl Pts',(-25.6730101357154,43.2200221435328,-53.8593930333082));
#2546=CARTESIAN_POINT('Ctrl Pts',(-25.6666667118446,43.0160170380276,-53.8776540785048));
#2547=CARTESIAN_POINT('Ctrl Pts',(-25.6604062012982,42.8146784327961,-53.8956764380965));
#2548=CARTESIAN_POINT('Ctrl Pts',(-25.6558498126034,42.6128388878952,-53.9083454712417));
#2549=CARTESIAN_POINT('Ctrl Pts',(-25.6530906502395,42.4111350165421,-53.9156281078323));
#2550=CARTESIAN_POINT('Ctrl Pts',(-25.6507146969843,42.2374449952489,-53.9218992879342));
#2551=CARTESIAN_POINT('Ctrl Pts',(-25.6496712054702,42.0638557817122,-53.9241770992711));
#2552=CARTESIAN_POINT('Ctrl Pts',(-25.6500089182264,41.8907683353437,-53.9224690171579));
#2553=CARTESIAN_POINT('Ctrl Pts',(-25.6503699120334,41.7057486846086,-53.9206431842471));
#2554=CARTESIAN_POINT('Ctrl Pts',(-25.6522680117466,41.5203041659982,-53.9143825089315));
#2555=CARTESIAN_POINT('Ctrl Pts',(-25.6558171422255,41.3349074752127,-53.9035384271011));
#2556=CARTESIAN_POINT('Ctrl Pts',(-25.6596539854801,41.1344814703985,-53.8918152620978));
#2557=CARTESIAN_POINT('Ctrl Pts',(-25.6654210972423,40.9341116399714,-53.8747344797503));
#2558=CARTESIAN_POINT('Ctrl Pts',(-25.6729809083653,40.7344095586362,-53.8523448595349));
#2559=CARTESIAN_POINT('Ctrl Pts',(-25.6808244852359,40.5272114420852,-53.8291148205292));
#2560=CARTESIAN_POINT('Ctrl Pts',(-25.6905978372261,40.320732735986,-53.8001696382534));
#2561=CARTESIAN_POINT('Ctrl Pts',(-25.7021277869079,40.115666863084,-53.7656175104565));
#2562=CARTESIAN_POINT('Ctrl Pts',(-25.7134736077001,39.9138758137976,-53.7316171669349));
#2563=CARTESIAN_POINT('Ctrl Pts',(-25.726520148044,39.7134535195735,-53.6921877365676));
#2564=CARTESIAN_POINT('Ctrl Pts',(-25.7410860108215,39.5150607913396,-53.647483186833));
#2565=CARTESIAN_POINT('Ctrl Pts',(-25.7560064529886,39.3118385536167,-53.6016903862887));
#2566=CARTESIAN_POINT('Ctrl Pts',(-25.772520929005,39.1107466935542,-53.5503624038471));
#2567=CARTESIAN_POINT('Ctrl Pts',(-25.7904198675878,38.9124842971977,-53.4937182915082));
#2568=CARTESIAN_POINT('Ctrl Pts',(-25.8083188061706,38.7142219008412,-53.4370741791693));
#2569=CARTESIAN_POINT('Ctrl Pts',(-25.8276019555928,38.5187897585626,-53.3751140727047));
#2570=CARTESIAN_POINT('Ctrl Pts',(-25.8480485208106,38.3268639452879,-53.3081094347486));
#2571=CARTESIAN_POINT('Ctrl Pts',(-25.8683383354668,38.1364095028129,-53.2416184779179));
#2572=CARTESIAN_POINT('Ctrl Pts',(-25.8899201559291,37.947978683227,-53.169682529614));
#2573=CARTESIAN_POINT('Ctrl Pts',(-25.9125963028348,37.76226789504,-53.0924660941085));
#2574=CARTESIAN_POINT('Ctrl Pts',(-25.9352042089117,37.5771159786112,-53.0154820311296));
#2575=CARTESIAN_POINT('Ctrl Pts',(-25.9588995578156,37.3946683417214,-52.9332495059542));
#2576=CARTESIAN_POINT('Ctrl Pts',(-25.9834748614842,37.2155898276026,-52.8459747749334));
#2577=CARTESIAN_POINT('Ctrl Pts',(-26.0078490540833,37.0379767957414,-52.7594142533782));
#2578=CARTESIAN_POINT('Ctrl Pts',(-26.0330885649471,36.8636784847618,-52.6678940390069));
#2579=CARTESIAN_POINT('Ctrl Pts',(-26.0589840281593,36.6933104032087,-52.57165330883));
#2580=CARTESIAN_POINT('Ctrl Pts',(-26.0844247835392,36.5259338766017,-52.4771025045462));
#2581=CARTESIAN_POINT('Ctrl Pts',(-26.110498397947,36.3623511397623,-52.3779958616236));
#2582=CARTESIAN_POINT('Ctrl Pts',(-26.1370037105525,36.2031072703409,-52.2745918500995));
#2583=CARTESIAN_POINT('Ctrl Pts',(-26.1523673183941,36.1108027426649,-52.2146544818465));
#2584=CARTESIAN_POINT('Ctrl Pts',(-26.1678759422758,36.019955261403,-52.1532738234417));
#2585=CARTESIAN_POINT('Ctrl Pts',(-26.1834904893174,35.9306641659428,-52.0905045260948));
#2586=CARTESIAN_POINT('Ctrl Pts',(-26.2109183006655,35.7738194419284,-51.9802468003022));
#2587=CARTESIAN_POINT('Ctrl Pts',(-26.2386725495662,35.6217795480297,-51.8657034337841));
#2588=CARTESIAN_POINT('Ctrl Pts',(-26.2665099486672,35.4747349617282,-51.747373084995));
#2589=CARTESIAN_POINT('Ctrl Pts',(-26.2806492125479,35.400047588802,-51.6872703426174));
#2590=CARTESIAN_POINT('Ctrl Pts',(-26.2948100139125,35.326648169751,-51.6261909523484));
#2591=CARTESIAN_POINT('Ctrl Pts',(-26.3089611910387,35.2545568969753,-51.5642020241477));
#2592=CARTESIAN_POINT('Ctrl Pts',(-26.3373898780552,35.1097307661107,-51.4396707697795));
#2593=CARTESIAN_POINT('Ctrl Pts',(-26.3659736506613,34.9695409027746,-51.3106215588535));
#2594=CARTESIAN_POINT('Ctrl Pts',(-26.3944593124603,34.8343191460628,-51.1774655145976));
#2595=CARTESIAN_POINT('Ctrl Pts',(-26.4232343155274,34.6977238830998,-51.0429569464312));
#2596=CARTESIAN_POINT('Ctrl Pts',(-26.4519089151134,34.5661984088433,-50.9042580668844));
#2597=CARTESIAN_POINT('Ctrl Pts',(-26.4802193369932,34.4400452941443,-50.7618284648431));
#2598=CARTESIAN_POINT('Ctrl Pts',(-26.5095582154785,34.3093093087033,-50.6142247023575));
#2599=CARTESIAN_POINT('Ctrl Pts',(-26.5385056263036,34.1843435748734,-50.4626145569583));
#2600=CARTESIAN_POINT('Ctrl Pts',(-26.566769940231,34.065436910581,-50.3075426479272));
#2601=CARTESIAN_POINT('Ctrl Pts',(-26.5942783423248,33.9497103324871,-50.1566180425029));
#2602=CARTESIAN_POINT('Ctrl Pts',(-26.6211394070678,33.8397230168027,-50.0024149691906));
#2603=CARTESIAN_POINT('Ctrl Pts',(-26.6470908351751,33.7356942763037,-49.8454588375278));
#2604=CARTESIAN_POINT('Ctrl Pts',(-26.674111954183,33.6273775792173,-49.6820331372105));
#2605=CARTESIAN_POINT('Ctrl Pts',(-26.7001464746046,33.5255213274363,-49.515623176462));
#2606=CARTESIAN_POINT('Ctrl Pts',(-26.7249110939816,33.4303170659634,-49.3468401111246));
#2607=CARTESIAN_POINT('Ctrl Pts',(-26.7483996677543,33.3400183908639,-49.1867539243995));
#2608=CARTESIAN_POINT('Ctrl Pts',(-26.7707456842891,33.2557035315438,-49.024533443546));
#2609=CARTESIAN_POINT('Ctrl Pts',(-26.7917225927276,33.1774864363024,-48.86070841075));
#2610=CARTESIAN_POINT('Ctrl Pts',(-26.7928621890293,33.1732371965857,-48.8518084147352));
#2611=CARTESIAN_POINT('Ctrl Pts',(-26.7939977488507,33.1690059413701,-48.8429036841261));
#2612=CARTESIAN_POINT('Ctrl Pts',(-26.7951292373611,33.1647926847506,-48.8339943041332));
#2613=CARTESIAN_POINT('Ctrl Pts',(-26.8159775443307,33.0871610813058,-48.6698340079535));
#2614=CARTESIAN_POINT('Ctrl Pts',(-26.8355866207198,33.0151762272435,-48.5029638771736));
#2615=CARTESIAN_POINT('Ctrl Pts',(-26.8536834798924,32.9491389583195,-48.3338701756459));
#2616=CARTESIAN_POINT('Ctrl Pts',(-26.8667240653354,32.901552543483,-48.2120213596931));
#2617=CARTESIAN_POINT('Ctrl Pts',(-26.8789794614319,32.8570535694682,-48.089018511765));
#2618=CARTESIAN_POINT('Ctrl Pts',(-26.890349808897,32.8157393900511,-47.9650503013093));
#2619=CARTESIAN_POINT('Ctrl Pts',(-26.9058869809125,32.7592850456037,-47.7956521878202));
#2620=CARTESIAN_POINT('Ctrl Pts',(-26.9197707683071,32.7087794773859,-47.6244512639671));
#2621=CARTESIAN_POINT('Ctrl Pts',(-26.931982846229,32.664291445919,-47.4519409940817));
#2622=CARTESIAN_POINT('Ctrl Pts',(-26.9443219774433,32.6193405652217,-47.2776359438245));
#2623=CARTESIAN_POINT('Ctrl Pts',(-26.9549544457886,32.5805331302473,-47.1019945962159));
#2624=CARTESIAN_POINT('Ctrl Pts',(-26.9638758851728,32.5478894918996,-46.9255342036934));
#2625=CARTESIAN_POINT('Ctrl Pts',(-26.9728296593667,32.5151275401513,-46.7484342492172));
#2626=CARTESIAN_POINT('Ctrl Pts',(-26.9800600132719,32.4885741173111,-46.5705097623673));
#2627=CARTESIAN_POINT('Ctrl Pts',(-26.9855767258879,32.4681990687768,-46.392285096986));
#2628=CARTESIAN_POINT('Ctrl Pts',(-26.9911054504131,32.4477796562802,-46.2136723710642));
#2629=CARTESIAN_POINT('Ctrl Pts',(-26.9949131047426,32.4335654945855,-46.0347586199829));
#2630=CARTESIAN_POINT('Ctrl Pts',(-26.9970231851516,32.4254760464128,-45.8560661426315));
#2631=CARTESIAN_POINT('Ctrl Pts',(-26.9984264590339,32.4200962934451,-45.7372296824892));
#2632=CARTESIAN_POINT('Ctrl Pts',(-26.9990792281436,32.4174242811118,-45.6184909603493));
#2633=CARTESIAN_POINT('Ctrl Pts',(-26.9989915919099,32.4174242930706,-45.500000745826));
#2634=CARTESIAN_POINT('Ctrl Pts',(-26.9989921580277,32.4151195209436,-45.5000002607362));
#2635=CARTESIAN_POINT('Ctrl Pts',(-26.998372062053,32.4152207625824,-44.6619567371117));
#2636=CARTESIAN_POINT('Ctrl Pts',(-26.8856425259799,32.8196486898597,-42.1545122604225));
#2637=CARTESIAN_POINT('Ctrl Pts',(-26.3027702442307,34.9631713774993,-39.2341424367388));
#2638=CARTESIAN_POINT('Ctrl Pts',(-25.799491011846,38.3984247086204,-37.5233612822264));
#2639=CARTESIAN_POINT('Ctrl Pts',(-25.6476301381477,40.8318340073587,-37.0610036130678));
#2640=CARTESIAN_POINT('Ctrl Pts',(-25.6526147050862,43.8196609229202,-37.078856585075));
#2641=CARTESIAN_POINT('Ctrl Pts',(-25.8302304170167,45.7486121125124,-37.6098111772523));
#2642=CARTESIAN_POINT('Ctrl Pts',(-26.011274735487,46.999999999989,-38.2602771713958));
#2643=CARTESIAN_POINT('Ctrl Pts',(-30.,44.5173862743499,-41.1799575990837));
#2644=CARTESIAN_POINT('Ctrl Pts',(-30.,44.9485079482336,-41.4311819352568));
#2645=CARTESIAN_POINT('Ctrl Pts',(-30.,45.6561628123605,-42.0053239872511));
#2646=CARTESIAN_POINT('Ctrl Pts',(-30.,46.148530301445,-42.686836049946));
#2647=CARTESIAN_POINT('Ctrl Pts',(-30.,46.3253221820939,-42.9916961864467));
#2648=CARTESIAN_POINT('Ctrl Pts',(-28.9108323838201,44.7507873208709,-41.1042413009786));
#2649=CARTESIAN_POINT('Ctrl Pts',(-28.9795139044494,45.0577530873067,-41.2754195464025));
#2650=CARTESIAN_POINT('Ctrl Pts',(-29.1198570960537,45.6101834353949,-41.7692934176538));
#2651=CARTESIAN_POINT('Ctrl Pts',(-29.2373137006253,46.0249457207822,-42.4339593456846));
#2652=CARTESIAN_POINT('Ctrl Pts',(-29.2818037197469,46.1816308450042,-42.7439146679837));
#2653=CARTESIAN_POINT('Ctrl Pts',(-27.123732349711,45.4954998302808,-40.3928024987203));
#2654=CARTESIAN_POINT('Ctrl Pts',(-27.3096271519829,45.5877289761264,-40.5595380223116));
#2655=CARTESIAN_POINT('Ctrl Pts',(-27.6487535713746,45.8541633966747,-41.0651759319749));
#2656=CARTESIAN_POINT('Ctrl Pts',(-27.9222072930551,46.1032932724329,-41.7947924032337));
#2657=CARTESIAN_POINT('Ctrl Pts',(-28.0259200587696,46.2070495635472,-42.1501744770632));
#2658=CARTESIAN_POINT('Ctrl Pts',(-26.2004311324414,46.5488885508832,-38.9398886877017));
#2659=CARTESIAN_POINT('Ctrl Pts',(-26.3643995297334,46.5509108571681,-39.2883342016848));
#2660=CARTESIAN_POINT('Ctrl Pts',(-26.6539746445305,46.608630327596,-40.022233750857));
#2661=CARTESIAN_POINT('Ctrl Pts',(-26.9027902974137,46.6787754983708,-40.9416537377712));
#2662=CARTESIAN_POINT('Ctrl Pts',(-27.0009087758022,46.710172654213,-41.3858470640408));
#2663=CARTESIAN_POINT('Ctrl Pts',(-26.011274735487,47.,-38.2602771713958));
#2664=CARTESIAN_POINT('Ctrl Pts',(-26.1333875147017,47.,-38.6990106870375));
#2665=CARTESIAN_POINT('Ctrl Pts',(-26.3493324292381,47.,-39.5492285403485));
#2666=CARTESIAN_POINT('Ctrl Pts',(-26.5489857741919,47.,-40.5609641424971));
#2667=CARTESIAN_POINT('Ctrl Pts',(-26.6302414585931,47.,-41.0468842529044));
#2668=CARTESIAN_POINT('',(-26.6302414585931,47.,-41.0468842529044));
#2669=CARTESIAN_POINT('',(-30.,46.3253221820939,-42.9916961864467));
#2670=CARTESIAN_POINT('Origin',(-30.,50.6506443641879,-40.4833923728934));
#2671=CARTESIAN_POINT('Origin',(-30.,42.,-45.5));
#2672=CARTESIAN_POINT('Origin',(0.,47.,-45.5));
#2673=CARTESIAN_POINT('Ctrl Pts',(-26.0112747354701,47.,-52.7397228286653));
#2674=CARTESIAN_POINT('Ctrl Pts',(-26.1028832540473,47.,-52.4105866999469));
#2675=CARTESIAN_POINT('Ctrl Pts',(-26.3187744581097,47.,-51.5763157744384));
#2676=CARTESIAN_POINT('Ctrl Pts',(-26.5217843740561,47.,-50.6017039521064));
#2677=CARTESIAN_POINT('Ctrl Pts',(-26.6302414585931,47.,-49.9531157470956));
#2678=CARTESIAN_POINT('Ctrl Pts',(-26.2634832647349,46.3985180678439,-51.8335741402406));
#2679=CARTESIAN_POINT('Ctrl Pts',(-26.3977355944021,46.4003417904313,-51.5957018632513));
#2680=CARTESIAN_POINT('Ctrl Pts',(-26.7133244444616,46.4620327176114,-50.9307889849867));
#2681=CARTESIAN_POINT('Ctrl Pts',(-26.985773426114,46.5575032100083,-50.0753232526404));
#2682=CARTESIAN_POINT('Ctrl Pts',(-27.1244645482052,46.6135635389507,-49.5011653322471));
#2683=CARTESIAN_POINT('Ctrl Pts',(-27.3584520643285,45.3494169878358,-50.4354004427156));
#2684=CARTESIAN_POINT('Ctrl Pts',(-27.4870127170048,45.4410958103176,-50.322632434863));
#2685=CARTESIAN_POINT('Ctrl Pts',(-27.8037253970243,45.7327707654123,-49.8888167567016));
#2686=CARTESIAN_POINT('Ctrl Pts',(-28.0740368437715,46.0198676415671,-49.2070320396375));
#2687=CARTESIAN_POINT('Ctrl Pts',(-28.204255667519,46.1713466622155,-48.7469030014973));
#2688=CARTESIAN_POINT('Ctrl Pts',(-29.183124287858,44.6924370591937,-49.8768296245219));
#2689=CARTESIAN_POINT('Ctrl Pts',(-29.2212195105924,44.9461257398354,-49.7326577785814));
#2690=CARTESIAN_POINT('Ctrl Pts',(-29.3238735592701,45.5430758038312,-49.2607408481206));
#2691=CARTESIAN_POINT('Ctrl Pts',(-29.4169750701322,46.0018473525042,-48.6062897658017));
#2692=CARTESIAN_POINT('Ctrl Pts',(-29.4613527898102,46.2175536792767,-48.1941399524006));
#2693=CARTESIAN_POINT('Ctrl Pts',(-30.,44.5173862742899,-49.8200424009513));
#2694=CARTESIAN_POINT('Ctrl Pts',(-30.,44.8408120297711,-49.6315749087292));
#2695=CARTESIAN_POINT('Ctrl Pts',(-30.,45.5651263644971,-49.0888805236444));
#2696=CARTESIAN_POINT('Ctrl Pts',(-30.0000000000001,46.0893469135782,-48.4152198569057));
#2697=CARTESIAN_POINT('Ctrl Pts',(-30.,46.3253221820939,-48.0083038135533));
#2698=CARTESIAN_POINT('',(-30.,46.3253221820939,-48.0083038135533));
#2699=CARTESIAN_POINT('',(-26.6302414585931,47.,-49.9531157470957));
#2700=CARTESIAN_POINT('Origin',(-30.,50.6506443641879,-50.5166076271066));
#2701=CARTESIAN_POINT('Origin',(0.,47.,-45.5));
#2702=CARTESIAN_POINT('Origin',(-30.,42.,-45.5));
#2703=CARTESIAN_POINT('Ctrl Pts',(-27.,47.,-45.5));
#2704=CARTESIAN_POINT('Ctrl Pts',(-27.,47.,-45.4954401902637));
#2705=CARTESIAN_POINT('Ctrl Pts',(-26.9999980967012,47.,-45.4908827329434));
#2706=CARTESIAN_POINT('Ctrl Pts',(-26.9995481772506,46.9999999999983,-43.8448065472729));
#2707=CARTESIAN_POINT('Ctrl Pts',(-26.8455407890455,47.,-42.3344037070216));
#2708=CARTESIAN_POINT('Ctrl Pts',(-26.6302414585931,47.,-41.0468842529044));
#2709=CARTESIAN_POINT('Ctrl Pts',(-27.,47.,-45.5));
#2710=CARTESIAN_POINT('Ctrl Pts',(-27.0012038143816,47.0004116046075,-45.4962660682002));
#2711=CARTESIAN_POINT('Ctrl Pts',(-27.0020259053899,46.9996105595737,-45.492338821717));
#2712=CARTESIAN_POINT('Ctrl Pts',(-27.3937448644945,47.0096486428504,-44.1237636467485));
#2713=CARTESIAN_POINT('Ctrl Pts',(-27.632946152298,46.6925904895795,-42.8149174792198));
#2714=CARTESIAN_POINT('Ctrl Pts',(-27.4951318654143,46.3237361931637,-41.8377974788893));
#2715=CARTESIAN_POINT('Ctrl Pts',(-27.,47.,-45.5));
#2716=CARTESIAN_POINT('Ctrl Pts',(-27.0022907999813,47.0003380526138,-45.4968986404182));
#2717=CARTESIAN_POINT('Ctrl Pts',(-27.0041703213367,46.9996786090663,-45.4939761197359));
#2718=CARTESIAN_POINT('Ctrl Pts',(-27.7800823958651,47.0076638887261,-44.395973730493));
#2719=CARTESIAN_POINT('Ctrl Pts',(-28.4499139721447,46.629119896769,-43.3108034703516));
#2720=CARTESIAN_POINT('Ctrl Pts',(-28.7431565095571,46.073862342187,-42.5580785291364));
#2721=CARTESIAN_POINT('Ctrl Pts',(-27.,47.,-45.5));
#2722=CARTESIAN_POINT('Ctrl Pts',(-27.0032242723862,47.,-45.497720095136));
#2723=CARTESIAN_POINT('Ctrl Pts',(-27.0064517484046,46.9999978700158,-45.4954376521231));
#2724=CARTESIAN_POINT('Ctrl Pts',(-28.1679022599819,46.9991617858957,-44.673297647109));
#2725=CARTESIAN_POINT('Ctrl Pts',(-29.2551850172869,46.7937592374667,-43.7994696210563));
#2726=CARTESIAN_POINT('Ctrl Pts',(-30.,46.3253221820939,-42.9916961864467));
#2727=CARTESIAN_POINT('',(-27.,47.,-45.5));
#2728=CARTESIAN_POINT('Origin',(0.,47.,-45.5));
#2729=CARTESIAN_POINT('Ctrl Pts',(-27.,47.,-45.5));
#2730=CARTESIAN_POINT('Ctrl Pts',(-27.0032242723862,47.,-45.497720095136));
#2731=CARTESIAN_POINT('Ctrl Pts',(-27.0064517484046,46.9999978700158,-45.4954376521231));
#2732=CARTESIAN_POINT('Ctrl Pts',(-28.1679022599819,46.9991617858957,-44.673297647109));
#2733=CARTESIAN_POINT('Ctrl Pts',(-29.2551850172869,46.7937592374667,-43.7994696210563));
#2734=CARTESIAN_POINT('Ctrl Pts',(-30.,46.3253221820939,-42.9916961864467));
#2735=CARTESIAN_POINT('Ctrl Pts',(-26.6302414585931,47.,-49.9531157470957));
#2736=CARTESIAN_POINT('Ctrl Pts',(-26.8455407890457,47.,-48.665596292977));
#2737=CARTESIAN_POINT('Ctrl Pts',(-26.9994273350241,46.9999999999995,-47.1549226147333));
#2738=CARTESIAN_POINT('Ctrl Pts',(-26.9999983337513,47.,-45.5091177764818));
#2739=CARTESIAN_POINT('Ctrl Pts',(-27.,47.,-45.5045598097363));
#2740=CARTESIAN_POINT('Ctrl Pts',(-27.,47.,-45.5));
#2741=CARTESIAN_POINT('Ctrl Pts',(-27.4951318654143,46.3237361931637,-49.1622025211107));
#2742=CARTESIAN_POINT('Ctrl Pts',(-27.6331132081872,46.6870611240772,-48.1880916976571));
#2743=CARTESIAN_POINT('Ctrl Pts',(-27.3913755575718,47.0036097115372,-46.8785483193391));
#2744=CARTESIAN_POINT('Ctrl Pts',(-27.0021446889344,46.9999879903867,-45.5075998926608));
#2745=CARTESIAN_POINT('Ctrl Pts',(-27.0010747574621,47.,-45.5037998414455));
#2746=CARTESIAN_POINT('Ctrl Pts',(-27.,47.,-45.5));
#2747=CARTESIAN_POINT('Ctrl Pts',(-28.7431565095571,46.0738623421869,-48.4419214708636));
#2748=CARTESIAN_POINT('Ctrl Pts',(-28.4475946172095,46.6263458849075,-47.6904639957208));
#2749=CARTESIAN_POINT('Ctrl Pts',(-27.7797550672201,47.0026163040352,-46.6035010038389));
#2750=CARTESIAN_POINT('Ctrl Pts',(-27.0042979895965,46.9999886741739,-45.5060794136489));
#2751=CARTESIAN_POINT('Ctrl Pts',(-27.0021495149241,47.,-45.5030398731548));
#2752=CARTESIAN_POINT('Ctrl Pts',(-27.,47.,-45.5));
#2753=CARTESIAN_POINT('Ctrl Pts',(-30.,46.3253221820939,-48.0083038135533));
#2754=CARTESIAN_POINT('Ctrl Pts',(-29.2551850172866,46.793759237467,-47.2005303789431));
#2755=CARTESIAN_POINT('Ctrl Pts',(-28.1685560457044,46.9990680497865,-46.3270622659042));
#2756=CARTESIAN_POINT('Ctrl Pts',(-27.0064504591256,46.9999980563572,-45.5045616348799));
#2757=CARTESIAN_POINT('Ctrl Pts',(-27.0032242723862,47.,-45.502279904864));
#2758=CARTESIAN_POINT('Ctrl Pts',(-27.,47.,-45.5));
#2759=CARTESIAN_POINT('Ctrl Pts',(-30.,46.3253221820939,-48.0083038135533));
#2760=CARTESIAN_POINT('Ctrl Pts',(-29.2551850172866,46.793759237467,-47.2005303789431));
#2761=CARTESIAN_POINT('Ctrl Pts',(-28.1685560457044,46.9990680497865,-46.3270622659042));
#2762=CARTESIAN_POINT('Ctrl Pts',(-27.0064504591256,46.9999980563572,-45.5045616348799));
#2763=CARTESIAN_POINT('Ctrl Pts',(-27.0032242723862,47.,-45.502279904864));
#2764=CARTESIAN_POINT('Ctrl Pts',(-27.,47.,-45.5));
#2765=CARTESIAN_POINT('Origin',(0.,47.,-45.5));
#2766=CARTESIAN_POINT('Origin',(-4.44089209850063E-15,13.5,-45.5));
#2767=CARTESIAN_POINT('',(-27.,4.44089209850063E-15,-45.5));
#2768=CARTESIAN_POINT('',(-27.,32.,-45.5));
#2769=CARTESIAN_POINT('',(-27.,-13.5,-45.5));
#2770=CARTESIAN_POINT('',(-19.0918830920368,32.,-26.4081169079632));
#2771=CARTESIAN_POINT('Origin',(1.64477485129652E-15,32.,-45.5));
#2772=CARTESIAN_POINT('',(-19.0918830920368,47.,-26.4081169079632));
#2773=CARTESIAN_POINT('',(-19.0918830920368,13.5,-26.4081169079632));
#2774=CARTESIAN_POINT('Origin',(0.,47.,-45.5));
#2775=CARTESIAN_POINT('',(26.011274735486,46.999999999991,-52.7397228286079));
#2776=CARTESIAN_POINT('Origin',(0.,47.,-45.5));
#2777=CARTESIAN_POINT('',(27.0000833623611,32.4151217479815,-45.4999994993325));
#2778=CARTESIAN_POINT('Ctrl Pts',(27.000084096363,32.4124694135227,-45.4999989880052));
#2779=CARTESIAN_POINT('Ctrl Pts',(27.0006593050372,32.411814916395,-46.337885114744));
#2780=CARTESIAN_POINT('Ctrl Pts',(26.8907228766169,32.8143628016325,-48.8445603509599));
#2781=CARTESIAN_POINT('Ctrl Pts',(26.1487822940799,35.5032431202667,-52.5017395624364));
#2782=CARTESIAN_POINT('Ctrl Pts',(25.5803411690978,40.3286453793168,-54.1150791800763));
#2783=CARTESIAN_POINT('Ctrl Pts',(25.69039536711,44.321136689895,-53.8184641298937));
#2784=CARTESIAN_POINT('Ctrl Pts',(25.8905785231735,46.1657414083379,-53.1733668246999));
#2785=CARTESIAN_POINT('Ctrl Pts',(26.011274735487,46.999999999989,-52.7397228286043));
#2786=CARTESIAN_POINT('',(26.0112747354583,46.9999999998953,-38.2602771712926));
#2787=CARTESIAN_POINT('Ctrl Pts',(26.0112747354701,46.9999999998717,-38.2602771713348));
#2788=CARTESIAN_POINT('Ctrl Pts',(25.9859813306619,46.8251706504714,-38.1694016341033));
#2789=CARTESIAN_POINT('Ctrl Pts',(25.961687394743,46.6465483500002,-38.0835271638001));
#2790=CARTESIAN_POINT('Ctrl Pts',(25.9385258347113,46.4647768529034,-38.002808087111));
#2791=CARTESIAN_POINT('Ctrl Pts',(25.9150547833032,46.280576473177,-37.9210104190784));
#2792=CARTESIAN_POINT('Ctrl Pts',(25.8927467569657,46.0931427916595,-37.8445070390207));
#2793=CARTESIAN_POINT('Ctrl Pts',(25.8717288241204,45.9031703217629,-37.7734120897682));
#2794=CARTESIAN_POINT('Ctrl Pts',(25.8530177810957,45.7340488822805,-37.7101203919551));
#2795=CARTESIAN_POINT('Ctrl Pts',(25.8353290946959,45.562916036976,-37.6511144356406));
#2796=CARTESIAN_POINT('Ctrl Pts',(25.8187433307401,45.3902717090069,-37.59644271334));
#2797=CARTESIAN_POINT('Ctrl Pts',(25.800704961494,45.2025069401087,-37.536982762215));
#2798=CARTESIAN_POINT('Ctrl Pts',(25.7838560268917,45.0117572008988,-37.4822713655864));
#2799=CARTESIAN_POINT('Ctrl Pts',(25.7683420325084,44.8185981482372,-37.4325323007436));
#2800=CARTESIAN_POINT('Ctrl Pts',(25.7526551447128,44.6232864631248,-37.3822389262603));
#2801=CARTESIAN_POINT('Ctrl Pts',(25.7383333064393,44.4255119833038,-37.33702956769));
#2802=CARTESIAN_POINT('Ctrl Pts',(25.7255183863603,44.2259020227036,-37.297093870819));
#2803=CARTESIAN_POINT('Ctrl Pts',(25.712603659029,44.0247374272278,-37.2568471402353));
#2804=CARTESIAN_POINT('Ctrl Pts',(25.7012196123693,43.821709247977,-37.2219567537707));
#2805=CARTESIAN_POINT('Ctrl Pts',(25.6914998794805,43.6174835849641,-37.1925712813749));
#2806=CARTESIAN_POINT('Ctrl Pts',(25.6818017680391,43.4137122198711,-37.1632511766649));
#2807=CARTESIAN_POINT('Ctrl Pts',(25.6737607516816,43.2087493478073,-37.1394116467666));
#2808=CARTESIAN_POINT('Ctrl Pts',(25.6674952963678,43.0032709560067,-37.1211526594272));
#2809=CARTESIAN_POINT('Ctrl Pts',(25.661307804991,42.8003494261737,-37.1031208770502));
#2810=CARTESIAN_POINT('Ctrl Pts',(25.6568520976383,42.5969257626353,-37.0905316377429));
#2811=CARTESIAN_POINT('Ctrl Pts',(25.6542260411673,42.3936553919706,-37.083433797387));
#2812=CARTESIAN_POINT('Ctrl Pts',(25.6520574959229,42.2257987596074,-37.0775725418813));
#2813=CARTESIAN_POINT('Ctrl Pts',(25.651136362502,42.0580468974944,-37.0754551129706));
#2814=CARTESIAN_POINT('Ctrl Pts',(25.6515082544657,41.890766599867,-37.0770840057202));
#2815=CARTESIAN_POINT('Ctrl Pts',(25.6519228269267,41.7042882367257,-37.0788998397304));
#2816=CARTESIAN_POINT('Ctrl Pts',(25.6538764285054,41.5173668014291,-37.0851694708195));
#2817=CARTESIAN_POINT('Ctrl Pts',(25.6574863733955,41.3304870172553,-37.0960536185206));
#2818=CARTESIAN_POINT('Ctrl Pts',(25.6613430350295,41.130835189943,-37.1076816284035));
#2819=CARTESIAN_POINT('Ctrl Pts',(25.6670908895476,40.9312311838656,-37.124577371476));
#2820=CARTESIAN_POINT('Ctrl Pts',(25.6746009832265,40.7322771625637,-37.1467151311529));
#2821=CARTESIAN_POINT('Ctrl Pts',(25.6824177661541,40.5251984677289,-37.1697569292048));
#2822=CARTESIAN_POINT('Ctrl Pts',(25.6921436639819,40.3188244812282,-37.1984779721776));
#2823=CARTESIAN_POINT('Ctrl Pts',(25.7036135473065,40.1138484795993,-37.2327957177729));
#2824=CARTESIAN_POINT('Ctrl Pts',(25.7148559554805,39.9129376411058,-37.2664328605993));
#2825=CARTESIAN_POINT('Ctrl Pts',(25.7277736512265,39.7133705809425,-37.3054467195604));
#2826=CARTESIAN_POINT('Ctrl Pts',(25.7421943856732,39.5158039876553,-37.349708823055));
#2827=CARTESIAN_POINT('Ctrl Pts',(25.7570527966423,39.3122411491841,-37.3953143035877));
#2828=CARTESIAN_POINT('Ctrl Pts',(25.7735067438774,39.11080285394,-37.4464916508646));
#2829=CARTESIAN_POINT('Ctrl Pts',(25.7913521736772,38.9122001977905,-37.5030451862859));
#2830=CARTESIAN_POINT('Ctrl Pts',(25.8091976034769,38.7135975416409,-37.5595987217071));
#2831=CARTESIAN_POINT('Ctrl Pts',(25.8284342725758,38.5178313473817,-37.6215283524145));
#2832=CARTESIAN_POINT('Ctrl Pts',(25.8488456174353,38.3255932847353,-37.6885835543957));
#2833=CARTESIAN_POINT('Ctrl Pts',(25.8685629710861,38.1398913678623,-37.7533588614956));
#2834=CARTESIAN_POINT('Ctrl Pts',(25.8895240363271,37.9561443004351,-37.8234006976922));
#2835=CARTESIAN_POINT('Ctrl Pts',(25.9115331123669,37.7750026646666,-37.89852224841));
#2836=CARTESIAN_POINT('Ctrl Pts',(25.9333988570522,37.5950406911412,-37.9731545794259));
#2837=CARTESIAN_POINT('Ctrl Pts',(25.9562986847616,37.4176508068538,-38.0528003065451));
#2838=CARTESIAN_POINT('Ctrl Pts',(25.9800320606011,37.2434372862719,-38.1372388083857));
#2839=CARTESIAN_POINT('Ctrl Pts',(26.0035734002521,37.0706333966127,-38.220994084706));
#2840=CARTESIAN_POINT('Ctrl Pts',(26.0279345638623,36.9009550719537,-38.3094645212931));
#2841=CARTESIAN_POINT('Ctrl Pts',(26.0529158753132,36.734952284367,-38.4024033759112));
#2842=CARTESIAN_POINT('Ctrl Pts',(26.0775245970984,36.5714253845351,-38.493956072047));
#2843=CARTESIAN_POINT('Ctrl Pts',(26.1027348609026,36.4114654607093,-38.5898445226269));
#2844=CARTESIAN_POINT('Ctrl Pts',(26.1283558758473,36.2555547457296,-38.6898077183129));
#2845=CARTESIAN_POINT('Ctrl Pts',(26.1464943476818,36.1451773028979,-38.7605769526053));
#2846=CARTESIAN_POINT('Ctrl Pts',(26.1648386863044,36.0368284142653,-38.833387911863));
#2847=CARTESIAN_POINT('Ctrl Pts',(26.1833221758435,35.9306646928773,-38.9081416478319));
#2848=CARTESIAN_POINT('Ctrl Pts',(26.2099852272004,35.7775199769068,-39.0159764101502));
#2849=CARTESIAN_POINT('Ctrl Pts',(26.2369373585969,35.6289244163167,-39.1278541456801));
#2850=CARTESIAN_POINT('Ctrl Pts',(26.2639523883347,35.4850125067644,-39.2432779334878));
#2851=CARTESIAN_POINT('Ctrl Pts',(26.2786847197143,35.406531825397,-39.306222949931));
#2852=CARTESIAN_POINT('Ctrl Pts',(26.2934358980121,35.3294431500354,-39.3702223123396));
#2853=CARTESIAN_POINT('Ctrl Pts',(26.3081704957492,35.2537620042853,-39.435194290742));
#2854=CARTESIAN_POINT('Ctrl Pts',(26.336519175043,35.1081550072198,-39.5601973489651));
#2855=CARTESIAN_POINT('Ctrl Pts',(26.3650300419284,34.967246852008,-39.6897780894301));
#2856=CARTESIAN_POINT('Ctrl Pts',(26.3934522745826,34.8313704058204,-39.8235193820676));
#2857=CARTESIAN_POINT('Ctrl Pts',(26.4221694528483,34.6940839310118,-39.958648546229));
#2858=CARTESIAN_POINT('Ctrl Pts',(26.4507958612524,34.5619344032347,-40.0980247022137));
#2859=CARTESIAN_POINT('Ctrl Pts',(26.4790692361284,34.4352277041671,-40.2411797035534));
#2860=CARTESIAN_POINT('Ctrl Pts',(26.5081737493119,34.3047962714283,-40.388542961107));
#2861=CARTESIAN_POINT('Ctrl Pts',(26.5369038281398,34.1801327979433,-40.5399101679794));
#2862=CARTESIAN_POINT('Ctrl Pts',(26.5649744522767,34.0615259580181,-40.694735853479));
#2863=CARTESIAN_POINT('Ctrl Pts',(26.5925094944612,33.9451821131224,-40.8466074955443));
#2864=CARTESIAN_POINT('Ctrl Pts',(26.6194096974566,33.8346660319034,-41.0018063191992));
#2865=CARTESIAN_POINT('Ctrl Pts',(26.6454118946419,33.7302045604759,-41.1597917447973));
#2866=CARTESIAN_POINT('Ctrl Pts',(26.6721727418836,33.6226952811798,-41.3223866136348));
#2867=CARTESIAN_POINT('Ctrl Pts',(26.6979820139232,33.5215995052374,-41.4879326142764));
#2868=CARTESIAN_POINT('Ctrl Pts',(26.7225645732913,33.4271115643218,-41.6558204733102));
#2869=CARTESIAN_POINT('Ctrl Pts',(26.7471471326593,33.3326236234062,-41.823708332344));
#2870=CARTESIAN_POINT('Ctrl Pts',(26.7705026255595,33.2447436876203,-41.9939374841705));
#2871=CARTESIAN_POINT('Ctrl Pts',(26.792373165675,33.1636096606573,-42.1658868099151));
#2872=CARTESIAN_POINT('Ctrl Pts',(26.8133148651706,33.085921391298,-42.3305334573774));
#2873=CARTESIAN_POINT('Ctrl Pts',(26.8330420275429,33.0139049097761,-42.497905285544));
#2874=CARTESIAN_POINT('Ctrl Pts',(26.8512818664215,32.9478545315783,-42.6674996822592));
#2875=CARTESIAN_POINT('Ctrl Pts',(26.8643364095756,32.9005812240526,-42.7888810927721));
#2876=CARTESIAN_POINT('Ctrl Pts',(26.8766291334091,32.8563631057548,-42.9114004494011));
#2877=CARTESIAN_POINT('Ctrl Pts',(26.8880623475782,32.8152930544881,-43.0348673390303));
#2878=CARTESIAN_POINT('Ctrl Pts',(26.9038023893003,32.7587521456144,-43.2048435124247));
#2879=CARTESIAN_POINT('Ctrl Pts',(26.9179126030032,32.708179814309,-43.3766157291006));
#2880=CARTESIAN_POINT('Ctrl Pts',(26.9303644437168,32.6636483441411,-43.5496908682063));
#2881=CARTESIAN_POINT('Ctrl Pts',(26.942935320297,32.6186911664601,-43.7244205537883));
#2882=CARTESIAN_POINT('Ctrl Pts',(26.95381597807,32.579890932946,-43.9004777611461));
#2883=CARTESIAN_POINT('Ctrl Pts',(26.9629917050058,32.5472713402594,-44.0773485258988));
#2884=CARTESIAN_POINT('Ctrl Pts',(26.9721974028268,32.5145452014569,-44.2547970076444));
#2885=CARTESIAN_POINT('Ctrl Pts',(26.9796870479386,32.4880401072188,-44.4330639192652));
#2886=CARTESIAN_POINT('Ctrl Pts',(26.985460091688,32.4677293331357,-44.6116303404456));
#2887=CARTESIAN_POINT('Ctrl Pts',(26.9912438303001,32.4473809322912,-44.7905275651742));
#2888=CARTESIAN_POINT('Ctrl Pts',(26.9953046433022,32.433249756184,-44.969724960267));
#2889=CARTESIAN_POINT('Ctrl Pts',(26.9976557400789,32.4252589843106,-45.148707595374));
#2890=CARTESIAN_POINT('Ctrl Pts',(26.9991957485485,32.4200248925091,-45.2659442726121));
#2891=CARTESIAN_POINT('Ctrl Pts',(27.0000024878193,32.4174243053692,-45.3830889636939));
#2892=CARTESIAN_POINT('Ctrl Pts',(27.0000827251611,32.4174242863733,-45.4999999432248));
#2893=CARTESIAN_POINT('Origin',(0.,47.,-45.5));
#2894=CARTESIAN_POINT('',(-14.4918821564868,32.,-22.71875));
#2895=CARTESIAN_POINT('Origin',(1.64477485129652E-15,32.,-45.5));
#2896=CARTESIAN_POINT('',(1.33226762955019E-14,27.,-18.5));
#2897=CARTESIAN_POINT('Ctrl Pts',(8.88178419700125E-15,27.,-18.5));
#2898=CARTESIAN_POINT('Ctrl Pts',(-0.00578185944797806,27.0027087177677,
-18.5));
#2899=CARTESIAN_POINT('Ctrl Pts',(-0.0115635589649435,27.0054173872124,
-18.5000017734474));
#2900=CARTESIAN_POINT('Ctrl Pts',(-1.00252063743653,27.469659575496,-18.5006589676435));
#2901=CARTESIAN_POINT('Ctrl Pts',(-2.98222803189956,28.3972730327759,-18.6096015741055));
#2902=CARTESIAN_POINT('Ctrl Pts',(-5.94720223447904,29.7162109715552,-19.1057329110178));
#2903=CARTESIAN_POINT('Ctrl Pts',(-8.86648562086015,30.8647317902863,-19.9358980811817));
#2904=CARTESIAN_POINT('Ctrl Pts',(-11.7461102395878,31.7345389690865,-21.1209249756426));
#2905=CARTESIAN_POINT('Ctrl Pts',(-13.5980915436933,32.,-22.1501811886671));
#2906=CARTESIAN_POINT('Ctrl Pts',(-14.4918821564868,32.,-22.71875));
#2907=CARTESIAN_POINT('',(14.4918821564868,32.,-22.71875));
#2908=CARTESIAN_POINT('Ctrl Pts',(14.4918821564868,32.,-22.71875));
#2909=CARTESIAN_POINT('Ctrl Pts',(13.5980915436934,32.,-22.1501811886672));
#2910=CARTESIAN_POINT('Ctrl Pts',(12.2089063961198,31.8007346802023,-21.3782458610231));
#2911=CARTESIAN_POINT('Ctrl Pts',(10.3065147529319,31.2996743618275,-20.5284265397254));
#2912=CARTESIAN_POINT('Ctrl Pts',(8.86039952494193,30.829582419569,-19.9798660205514));
#2913=CARTESIAN_POINT('Ctrl Pts',(7.4084382594452,30.2908439420408,-19.5215498320232));
#2914=CARTESIAN_POINT('Ctrl Pts',(5.45227964202743,29.4962522236286,-19.0226684915097));
#2915=CARTESIAN_POINT('Ctrl Pts',(2.98290695760085,28.3974345739752,-18.6099315839372));
#2916=CARTESIAN_POINT('Ctrl Pts',(1.00246571984853,27.4696495302648,-18.5006315104941));
#2917=CARTESIAN_POINT('Ctrl Pts',(0.0115637831098548,27.0054174283368,-18.5000018854835));
#2918=CARTESIAN_POINT('Ctrl Pts',(0.00578185944802616,27.0027087177677,
-18.5));
#2919=CARTESIAN_POINT('Ctrl Pts',(8.58172392108357E-15,27.,-18.5));
#2920=CARTESIAN_POINT('',(27.,32.,-45.5));
#2921=CARTESIAN_POINT('Origin',(1.64477485129652E-15,32.,-45.5));
#2922=CARTESIAN_POINT('',(27.,-1.33226762955019E-14,-45.5));
#2923=CARTESIAN_POINT('',(27.,13.5,-45.5));
#2924=CARTESIAN_POINT('',(-8.88178419700126E-15,-4.44089209850063E-15,-72.5));
#2925=CARTESIAN_POINT('Origin',(-8.88178419700126E-15,-4.44089209850063E-15,
-45.5));
#2926=CARTESIAN_POINT('Origin',(4.44089209850063E-15,-4.44089209850063E-15,
-45.5));
#2927=CARTESIAN_POINT('Ctrl Pts',(30.,44.5173862742899,-41.1799575990487));
#2928=CARTESIAN_POINT('Ctrl Pts',(30.,43.6619162121441,-40.6814558732237));
#2929=CARTESIAN_POINT('Ctrl Pts',(30.,41.6356798298552,-40.2108172793703));
#2930=CARTESIAN_POINT('Ctrl Pts',(30.,38.7601571213158,-41.3039305685978));
#2931=CARTESIAN_POINT('Ctrl Pts',(30.,36.9283865342477,-43.8622605235142));
#2932=CARTESIAN_POINT('Ctrl Pts',(30.,36.9283370401263,-47.1505129772973));
#2933=CARTESIAN_POINT('Ctrl Pts',(30.,38.7608310073661,-49.6901942143233));
#2934=CARTESIAN_POINT('Ctrl Pts',(30.,41.1555520538276,-50.6068234988446));
#2935=CARTESIAN_POINT('Ctrl Pts',(30.,43.1634516995608,-50.4397986203927));
#2936=CARTESIAN_POINT('Ctrl Pts',(30.,44.0912658189898,-50.0683524141041));
#2937=CARTESIAN_POINT('Ctrl Pts',(30.,44.5173862743499,-49.8200424009163));
#2938=CARTESIAN_POINT('Ctrl Pts',(28.9108323838197,44.7507873208034,-41.1042413009419));
#2939=CARTESIAN_POINT('Ctrl Pts',(28.8944438792859,43.8186579092817,-40.5959586851729));
#2940=CARTESIAN_POINT('Ctrl Pts',(28.8759718388595,41.6013005089681,-40.1151882232588));
#2941=CARTESIAN_POINT('Ctrl Pts',(28.9169200214366,38.4578185817982,-41.2334925823608));
#2942=CARTESIAN_POINT('Ctrl Pts',(28.9899214264784,36.4811345074329,-43.8373613352777));
#2943=CARTESIAN_POINT('Ctrl Pts',(28.9899490671166,36.4820958188438,-47.175534976187));
#2944=CARTESIAN_POINT('Ctrl Pts',(28.9173808743221,38.4579191488949,-49.760934910729));
#2945=CARTESIAN_POINT('Ctrl Pts',(28.8833439109434,41.0775551158381,-50.6981639211897));
#2946=CARTESIAN_POINT('Ctrl Pts',(28.8892120567909,43.2725901748164,-50.5277893776866));
#2947=CARTESIAN_POINT('Ctrl Pts',(28.90266906248,44.2864818742284,-50.1489406971707));
#2948=CARTESIAN_POINT('Ctrl Pts',(28.9108323838209,44.7507873208688,-49.8957586990225));
#2949=CARTESIAN_POINT('Ctrl Pts',(27.1237392015459,45.4955033937121,-40.3927948071753));
#2950=CARTESIAN_POINT('Ctrl Pts',(27.0390772210344,44.3164871706053,-39.7924287139631));
#2951=CARTESIAN_POINT('Ctrl Pts',(26.9383991205537,41.4961270933902,-39.2245006742237));
#2952=CARTESIAN_POINT('Ctrl Pts',(27.1641023412921,37.4784822648441,-40.5458526886509));
#2953=CARTESIAN_POINT('Ctrl Pts',(27.5005938454061,35.0808376504659,-43.6035771227335));
#2954=CARTESIAN_POINT('Ctrl Pts',(27.5016387842961,35.0808431363178,-47.4101570644043));
#2955=CARTESIAN_POINT('Ctrl Pts',(27.1654317343158,37.4811851593927,-50.4461332101247));
#2956=CARTESIAN_POINT('Ctrl Pts',(26.976669578856,40.8282082028655,-51.5562329775129));
#2957=CARTESIAN_POINT('Ctrl Pts',(27.0120324868943,43.6196344510015,-51.3528187944279));
#2958=CARTESIAN_POINT('Ctrl Pts',(27.0815679985086,44.9082205044243,-50.9062551354409));
#2959=CARTESIAN_POINT('Ctrl Pts',(27.1237392015518,45.4955033937947,-50.6072051927827));
#2960=CARTESIAN_POINT('Ctrl Pts',(26.2004311324287,46.5488885507663,-38.9398886876461));
#2961=CARTESIAN_POINT('Ctrl Pts',(26.0065171032165,45.0226455892288,-38.1552197070163));
#2962=CARTESIAN_POINT('Ctrl Pts',(25.7678618429388,41.3481556210961,-37.4144420538939));
#2963=CARTESIAN_POINT('Ctrl Pts',(26.3057910809139,36.0912443392549,-39.1423980861194));
#2964=CARTESIAN_POINT('Ctrl Pts',(27.0284278212352,33.1181961058893,-43.1259892441601));
#2965=CARTESIAN_POINT('Ctrl Pts',(27.0306869957617,33.118757942235,-47.8903027331086));
#2966=CARTESIAN_POINT('Ctrl Pts',(26.3077311712686,36.0962515794128,-51.8464723290835));
#2967=CARTESIAN_POINT('Ctrl Pts',(25.8570744328402,40.4783680649988,-53.2999623393115));
#2968=CARTESIAN_POINT('Ctrl Pts',(25.9438343631202,44.1107758754808,-53.0329336292497));
#2969=CARTESIAN_POINT('Ctrl Pts',(26.1038401024496,45.7886476324144,-52.4509648536899));
#2970=CARTESIAN_POINT('Ctrl Pts',(26.2004311324423,46.5488885508732,-52.0601113122989));
#2971=CARTESIAN_POINT('Ctrl Pts',(26.0112747354701,46.9999999998717,-38.2602771713348));
#2972=CARTESIAN_POINT('Ctrl Pts',(25.768967671945,45.325160784178,-37.3897030141667));
#2973=CARTESIAN_POINT('Ctrl Pts',(25.4683811067496,41.2847266922998,-36.568410417853));
#2974=CARTESIAN_POINT('Ctrl Pts',(26.1466705381086,35.4973737089087,-38.4856978074891));
#2975=CARTESIAN_POINT('Ctrl Pts',(27.0357625307233,32.2777449952776,-42.9015559475931));
#2976=CARTESIAN_POINT('Ctrl Pts',(27.0385329335251,32.2786816941811,-48.115973884476));
#2977=CARTESIAN_POINT('Ctrl Pts',(26.1487822940799,35.5032431202667,-52.5017395624364));
#2978=CARTESIAN_POINT('Ctrl Pts',(25.5803411690978,40.3286453793168,-54.1150791800763));
#2979=CARTESIAN_POINT('Ctrl Pts',(25.69039536711,44.321136689895,-53.8184641298937));
#2980=CARTESIAN_POINT('Ctrl Pts',(25.8905785231735,46.1657414083379,-53.1733668246999));
#2981=CARTESIAN_POINT('Ctrl Pts',(26.011274735487,46.999999999989,-52.7397228286043));
#2982=CARTESIAN_POINT('',(30.,44.5173862743499,-49.8200424009163));
#2983=CARTESIAN_POINT('Origin',(30.8281774642809,46.999999999989,-54.0804122413087));
#2984=CARTESIAN_POINT('',(30.,44.5173862742899,-41.1799575990488));
#2985=CARTESIAN_POINT('Origin',(30.,42.,-45.5));
#2986=CARTESIAN_POINT('Origin',(30.8281774642608,46.9999999998717,-36.919587758619));
#2987=CARTESIAN_POINT('Ctrl Pts',(30.,44.5173862743499,-49.8200424009163));
#2988=CARTESIAN_POINT('Ctrl Pts',(30.,44.8407275297628,-49.6316241487865));
#2989=CARTESIAN_POINT('Ctrl Pts',(30.,45.5645475242744,-49.089723584823));
#2990=CARTESIAN_POINT('Ctrl Pts',(30.,46.089599674562,-48.4147839955542));
#2991=CARTESIAN_POINT('Ctrl Pts',(30.,46.3253221820939,-48.0083038135533));
#2992=CARTESIAN_POINT('Ctrl Pts',(28.9108323838201,44.7507873208709,-49.8957586990214));
#2993=CARTESIAN_POINT('Ctrl Pts',(28.9623435242921,44.9810116456978,-49.7673750149535));
#2994=CARTESIAN_POINT('Ctrl Pts',(29.099353265891,45.5350496740696,-49.3200972036599));
#2995=CARTESIAN_POINT('Ctrl Pts',(29.2224836942514,45.9727173460415,-48.6693590950818));
#2996=CARTESIAN_POINT('Ctrl Pts',(29.2818037197469,46.1816308450042,-48.2560853320163));
#2997=CARTESIAN_POINT('Ctrl Pts',(27.1237398240037,45.4955037175285,-50.6072058915136));
#2998=CARTESIAN_POINT('Ctrl Pts',(27.2631609257078,45.5646755769127,-50.48215424882));
#2999=CARTESIAN_POINT('Ctrl Pts',(27.6011429907189,45.8103980669629,-50.0261992030181));
#3000=CARTESIAN_POINT('Ctrl Pts',(27.8876372948268,46.0687103049876,-49.3236692904796));
#3001=CARTESIAN_POINT('Ctrl Pts',(28.0259209824462,46.2070520264733,-48.8498265253736));
#3002=CARTESIAN_POINT('Ctrl Pts',(26.2004311324414,46.5488885508832,-52.0601113122983));
#3003=CARTESIAN_POINT('Ctrl Pts',(26.3234074304105,46.5504052805969,-51.7987771768107));
#3004=CARTESIAN_POINT('Ctrl Pts',(26.6135989562897,46.5965980942337,-51.0924026386027));
#3005=CARTESIAN_POINT('Ctrl Pts',(26.8700841379509,46.6683097797567,-50.2064107043186));
#3006=CARTESIAN_POINT('Ctrl Pts',(27.0009087758022,46.710172654213,-49.6141529359592));
#3007=CARTESIAN_POINT('Ctrl Pts',(26.011274735487,47.,-52.7397228286042));
#3008=CARTESIAN_POINT('Ctrl Pts',(26.1028593198981,47.,-52.4106726918726));
#3009=CARTESIAN_POINT('Ctrl Pts',(26.3185376699182,47.,-51.5775386732666));
#3010=CARTESIAN_POINT('Ctrl Pts',(26.5219005460582,47.,-50.6010092276387));
#3011=CARTESIAN_POINT('Ctrl Pts',(26.6302414585931,47.,-49.9531157470956));
#3012=CARTESIAN_POINT('',(26.6302414585931,47.,-49.9531157470956));
#3013=CARTESIAN_POINT('',(30.,46.3253221820939,-48.0083038135533));
#3014=CARTESIAN_POINT('Origin',(30.,50.6506443641879,-50.5166076271066));
#3015=CARTESIAN_POINT('Origin',(30.,42.,-45.5));
#3016=CARTESIAN_POINT('Origin',(0.,47.,-45.5));
#3017=CARTESIAN_POINT('Ctrl Pts',(26.0112747354701,47.,-38.2602771713348));
#3018=CARTESIAN_POINT('Ctrl Pts',(26.133419426907,47.,-38.6991253429616));
#3019=CARTESIAN_POINT('Ctrl Pts',(26.3497575107038,47.,-39.5511820915196));
#3020=CARTESIAN_POINT('Ctrl Pts',(26.5488986451903,47.,-40.5604430991463));
#3021=CARTESIAN_POINT('Ctrl Pts',(26.6302414585931,47.,-41.0468842529044));
#3022=CARTESIAN_POINT('Ctrl Pts',(26.2634832647349,46.3985180678439,-39.1664258597594));
#3023=CARTESIAN_POINT('Ctrl Pts',(26.4424863709589,46.4009496979607,-39.4835888957471));
#3024=CARTESIAN_POINT('Ctrl Pts',(26.7564075214305,46.4780930396707,-40.18118587887));
#3025=CARTESIAN_POINT('Ctrl Pts',(27.0204462066368,46.5715182922439,-41.0682162274579));
#3026=CARTESIAN_POINT('Ctrl Pts',(27.1244645482052,46.6135635389507,-41.4988346677529));
#3027=CARTESIAN_POINT('Ctrl Pts',(27.358443459964,45.3494138039536,-40.5646071203246));
#3028=CARTESIAN_POINT('Ctrl Pts',(27.5298576635335,45.4716522339302,-40.7149644641291));
#3029=CARTESIAN_POINT('Ctrl Pts',(27.849300020995,45.7817856699314,-41.2008601423732));
#3030=CARTESIAN_POINT('Ctrl Pts',(28.106590410498,46.0577349769562,-41.9080010979419));
#3031=CARTESIAN_POINT('Ctrl Pts',(28.2042545283086,46.1713442424425,-42.2530978765471));
#3032=CARTESIAN_POINT('Ctrl Pts',(29.183124287858,44.6924370591937,-41.1231703754781));
#3033=CARTESIAN_POINT('Ctrl Pts',(29.2339179181709,45.0306886333836,-41.3153995033993));
#3034=CARTESIAN_POINT('Ctrl Pts',(29.3398812033923,45.6228922437783,-41.8299053444688));
#3035=CARTESIAN_POINT('Ctrl Pts',(29.4280695000517,46.0557739341973,-42.4967476875485));
#3036=CARTESIAN_POINT('Ctrl Pts',(29.4613527898102,46.2175536792767,-42.8058600475994));
#3037=CARTESIAN_POINT('Ctrl Pts',(30.,44.5173862742899,-41.1799575990488));
#3038=CARTESIAN_POINT('Ctrl Pts',(30.,44.9486206149324,-41.4312475886786));
#3039=CARTESIAN_POINT('Ctrl Pts',(30.,45.6573491381458,-42.0066731269949));
#3040=CARTESIAN_POINT('Ctrl Pts',(30.,46.1483407307071,-42.6865091539324));
#3041=CARTESIAN_POINT('Ctrl Pts',(30.,46.3253221820939,-42.9916961864467));
#3042=CARTESIAN_POINT('',(30.,46.3253221820939,-42.9916961864467));
#3043=CARTESIAN_POINT('',(26.6302414585931,47.,-41.0468842529044));
#3044=CARTESIAN_POINT('Origin',(30.,50.6506443641879,-40.4833923728934));
#3045=CARTESIAN_POINT('Origin',(0.,47.,-45.5));
#3046=CARTESIAN_POINT('Origin',(30.,42.,-45.5));
#3047=CARTESIAN_POINT('Ctrl Pts',(27.,47.,-45.5));
#3048=CARTESIAN_POINT('Ctrl Pts',(27.,47.,-45.5045598097363));
#3049=CARTESIAN_POINT('Ctrl Pts',(26.9999980982809,47.,-45.5091172663234));
#3050=CARTESIAN_POINT('Ctrl Pts',(26.9995473568414,46.9999999999993,-47.1551938314666));
#3051=CARTESIAN_POINT('Ctrl Pts',(26.8455407890455,47.,-48.6655962929781));
#3052=CARTESIAN_POINT('Ctrl Pts',(26.6302414585931,47.,-49.9531157470956));
#3053=CARTESIAN_POINT('Ctrl Pts',(27.,47.,-45.5));
#3054=CARTESIAN_POINT('Ctrl Pts',(27.0012038143813,47.0004116046075,-45.5037339317997));
#3055=CARTESIAN_POINT('Ctrl Pts',(27.0020259069698,46.9996105595737,-45.5076611775498));
#3056=CARTESIAN_POINT('Ctrl Pts',(27.3937440440851,47.0096486428514,-46.876236731991));
#3057=CARTESIAN_POINT('Ctrl Pts',(27.6329461522981,46.6925904895795,-48.1850825207799));
#3058=CARTESIAN_POINT('Ctrl Pts',(27.4951318654143,46.3237361931637,-49.1622025211107));
#3059=CARTESIAN_POINT('Ctrl Pts',(27.,47.,-45.5));
#3060=CARTESIAN_POINT('Ctrl Pts',(27.0022907999816,47.0003380526138,-45.5031013595819));
#3061=CARTESIAN_POINT('Ctrl Pts',(27.0041703128091,46.9996786109176,-45.5060238747957));
#3062=CARTESIAN_POINT('Ctrl Pts',(27.780086823699,47.007662928009,-46.6040291101436));
#3063=CARTESIAN_POINT('Ctrl Pts',(28.4499139721444,46.6291198967693,-47.6891965296478));
#3064=CARTESIAN_POINT('Ctrl Pts',(28.7431565095571,46.073862342187,-48.4419214708636));
#3065=CARTESIAN_POINT('Ctrl Pts',(27.,47.,-45.5));
#3066=CARTESIAN_POINT('Ctrl Pts',(27.0032242723862,47.,-45.502279904864));
#3067=CARTESIAN_POINT('Ctrl Pts',(27.0064517398773,46.9999978718672,-45.5045623424086));
#3068=CARTESIAN_POINT('Ctrl Pts',(28.1679066878156,46.9991608251786,-46.3267051935275));
#3069=CARTESIAN_POINT('Ctrl Pts',(29.2551850172866,46.793759237467,-47.2005303789431));
#3070=CARTESIAN_POINT('Ctrl Pts',(30.,46.3253221820939,-48.0083038135533));
#3071=CARTESIAN_POINT('',(27.,47.,-45.5));
#3072=CARTESIAN_POINT('Origin',(0.,47.,-45.5));
#3073=CARTESIAN_POINT('Ctrl Pts',(27.,47.,-45.5));
#3074=CARTESIAN_POINT('Ctrl Pts',(27.0032242723862,47.,-45.502279904864));
#3075=CARTESIAN_POINT('Ctrl Pts',(27.0064517398773,46.9999978718672,-45.5045623424086));
#3076=CARTESIAN_POINT('Ctrl Pts',(28.1679066878156,46.9991608251786,-46.3267051935275));
#3077=CARTESIAN_POINT('Ctrl Pts',(29.2551850172866,46.793759237467,-47.2005303789431));
#3078=CARTESIAN_POINT('Ctrl Pts',(30.,46.3253221820939,-48.0083038135533));
#3079=CARTESIAN_POINT('Ctrl Pts',(26.6302414585931,47.,-41.0468842529044));
#3080=CARTESIAN_POINT('Ctrl Pts',(26.8455407890459,47.,-42.3344037070244));
#3081=CARTESIAN_POINT('Ctrl Pts',(26.9994277289428,47.0000000000004,-43.8450774214595));
#3082=CARTESIAN_POINT('Ctrl Pts',(26.9999983329931,47.,-45.4908822234727));
#3083=CARTESIAN_POINT('Ctrl Pts',(27.,47.,-45.4954401902637));
#3084=CARTESIAN_POINT('Ctrl Pts',(27.,47.,-45.5));
#3085=CARTESIAN_POINT('Ctrl Pts',(27.4951318654143,46.3237361931637,-41.8377974788893));
#3086=CARTESIAN_POINT('Ctrl Pts',(27.6331132081874,46.6870611240776,-42.8119083023442));
#3087=CARTESIAN_POINT('Ctrl Pts',(27.3913766926769,47.0036134562703,-44.1214535617884));
#3088=CARTESIAN_POINT('Ctrl Pts',(27.002144686746,46.999987983181,-45.4924001037426));
#3089=CARTESIAN_POINT('Ctrl Pts',(27.0010747574621,47.,-45.4962001585545));
#3090=CARTESIAN_POINT('Ctrl Pts',(27.,47.,-45.5));
#3091=CARTESIAN_POINT('Ctrl Pts',(28.7431565095571,46.073862342187,-42.5580785291364));
#3092=CARTESIAN_POINT('Ctrl Pts',(28.4475946172094,46.626345884908,-43.3095360042802));
#3093=CARTESIAN_POINT('Ctrl Pts',(27.7797539661639,47.0026192922436,-44.3965003913593));
#3094=CARTESIAN_POINT('Ctrl Pts',(27.0042979917079,46.9999886684232,-45.4939205836869));
#3095=CARTESIAN_POINT('Ctrl Pts',(27.0021495149241,47.,-45.4969601268452));
#3096=CARTESIAN_POINT('Ctrl Pts',(27.,47.,-45.5));
#3097=CARTESIAN_POINT('Ctrl Pts',(30.,46.3253221820939,-42.9916961864467));
#3098=CARTESIAN_POINT('Ctrl Pts',(29.2551850172863,46.7937592374674,-43.7994696210577));
#3099=CARTESIAN_POINT('Ctrl Pts',(28.1685539467789,46.9990684915753,-44.6729390593294));
#3100=CARTESIAN_POINT('Ctrl Pts',(27.0064504631541,46.9999980555061,-45.4954383625873));
#3101=CARTESIAN_POINT('Ctrl Pts',(27.0032242723862,47.,-45.497720095136));
#3102=CARTESIAN_POINT('Ctrl Pts',(27.,47.,-45.5));
#3103=CARTESIAN_POINT('Ctrl Pts',(30.,46.3253221820939,-42.9916961864467));
#3104=CARTESIAN_POINT('Ctrl Pts',(29.2551850172863,46.7937592374674,-43.7994696210577));
#3105=CARTESIAN_POINT('Ctrl Pts',(28.1685539467789,46.9990684915753,-44.6729390593294));
#3106=CARTESIAN_POINT('Ctrl Pts',(27.0064504631541,46.9999980555061,-45.4954383625873));
#3107=CARTESIAN_POINT('Ctrl Pts',(27.0032242723862,47.,-45.497720095136));
#3108=CARTESIAN_POINT('Ctrl Pts',(27.,47.,-45.5));
#3109=CARTESIAN_POINT('Origin',(0.,47.,-45.5));
#3110=CARTESIAN_POINT('Origin',(-4.49571792687718E-15,42.,-45.5));
#3111=CARTESIAN_POINT('Origin',(30.,42.,-45.5));
#3112=CARTESIAN_POINT('Origin',(-4.49571792687718E-15,42.,-45.5));
#3113=CARTESIAN_POINT('',(-30.,39.6,-45.5));
#3114=CARTESIAN_POINT('',(-4.49571792687718E-15,39.6,-45.5));
#3115=CARTESIAN_POINT('Origin',(-30.,42.,-45.5));
#3116=CARTESIAN_POINT('Origin',(-4.49571792687718E-15,42.,-45.5));
#3117=CARTESIAN_POINT('',(30.,39.6,-45.5));
#3118=CARTESIAN_POINT('Origin',(30.,42.,-45.5));
#3119=CARTESIAN_POINT('',(-4.49571792687718E-15,39.6,-45.5));
#3120=CARTESIAN_POINT('Origin',(30.,42.,-45.5));
#3121=CARTESIAN_POINT('Origin',(-30.,42.,-45.5));
#3122=CARTESIAN_POINT('Origin',(-30.,42.,-45.5));
#3123=CARTESIAN_POINT('Origin',(-4.49571792687718E-15,42.,-45.5));
#3124=CARTESIAN_POINT('Origin',(-32.,5.37635779517553E-15,-24.5));
#3125=CARTESIAN_POINT('',(-27.,4.44089209850063E-15,-34.0825756949558));
#3126=CARTESIAN_POINT('',(-30.,6.66133814775094E-15,-29.5));
#3127=CARTESIAN_POINT('Origin',(-32.,4.9960036108132E-15,-34.0825756949558));
#3128=CARTESIAN_POINT('',(-30.,3.89856748212212,-21.3693177121688));
#3129=CARTESIAN_POINT('Origin',(-30.,4.71844785465692E-15,-24.5));
#3130=CARTESIAN_POINT('',(-27.,7.47166359986573,-18.5));
#3131=CARTESIAN_POINT('Origin',(-32.,7.47166359986573,-18.5));
#3132=CARTESIAN_POINT('Origin',(-27.,5.37635779517553E-15,-24.5));
#3133=CARTESIAN_POINT('Ctrl Pts',(-30.,4.30211422042248E-15,-29.5));
#3134=CARTESIAN_POINT('Ctrl Pts',(-30.,-0.544866652094383,-29.5));
#3135=CARTESIAN_POINT('Ctrl Pts',(-30.,-2.18966498137798,-29.2245783248917));
#3136=CARTESIAN_POINT('Ctrl Pts',(-30.,-4.38576148751503,-27.5444525389175));
#3137=CARTESIAN_POINT('Ctrl Pts',(-30.,-5.18132563672675,-24.9207567136277));
#3138=CARTESIAN_POINT('Ctrl Pts',(-30.,-4.79448072183558,-22.8124024537686));
#3139=CARTESIAN_POINT('Ctrl Pts',(-30.,-4.29488489497242,-21.8864731166674));
#3140=CARTESIAN_POINT('Ctrl Pts',(-30.,-3.976015867372,-21.4682846732574));
#3141=CARTESIAN_POINT('Ctrl Pts',(-28.9880979100872,3.75634350172465E-15,
-29.9416302783724));
#3142=CARTESIAN_POINT('Ctrl Pts',(-28.9880979100872,-0.55319553863892,-29.9416302783724));
#3143=CARTESIAN_POINT('Ctrl Pts',(-28.9746690386846,-2.22411370200667,-29.6457644411923));
#3144=CARTESIAN_POINT('Ctrl Pts',(-28.9116766841811,-4.46056495207552,-27.8301276836625));
#3145=CARTESIAN_POINT('Ctrl Pts',(-28.879838135737,-5.27439274198775,-24.9591082269246));
#3146=CARTESIAN_POINT('Ctrl Pts',(-28.8948476650821,-4.87945509021508,-22.6547973055334));
#3147=CARTESIAN_POINT('Ctrl Pts',(-28.9121519664903,-4.36962679381037,-21.6436723465251));
#3148=CARTESIAN_POINT('Ctrl Pts',(-28.9219464449054,-4.04470354240376,-21.18884367672));
#3149=CARTESIAN_POINT('Ctrl Pts',(-27.4885055109147,2.89641324113249E-15,
-31.3208720994686));
#3150=CARTESIAN_POINT('Ctrl Pts',(-27.4885055109147,-0.635555364950336,
-31.3208720994686));
#3151=CARTESIAN_POINT('Ctrl Pts',(-27.4360876089515,-2.55095791981495,-30.9768937979188));
#3152=CARTESIAN_POINT('Ctrl Pts',(-27.132633031281,-5.18346722466953,-28.7489329090084));
#3153=CARTESIAN_POINT('Ctrl Pts',(-26.9603377410152,-6.14440523683836,-25.0838954108013));
#3154=CARTESIAN_POINT('Ctrl Pts',(-27.0412495260887,-5.67819177662244,-22.1508846753385));
#3155=CARTESIAN_POINT('Ctrl Pts',(-27.1298299928588,-5.07656327117267,-20.8703277337261));
#3156=CARTESIAN_POINT('Ctrl Pts',(-27.1796591509586,-4.69312409421668,-20.2983509730936));
#3157=CARTESIAN_POINT('Ctrl Pts',(-27.,2.51158134583686E-15,-33.2545189230077));
#3158=CARTESIAN_POINT('Ctrl Pts',(-27.,-0.802679811769556,-33.2545189230077));
#3159=CARTESIAN_POINT('Ctrl Pts',(-26.8986467932198,-3.22067215335643,-32.8491271307471));
#3160=CARTESIAN_POINT('Ctrl Pts',(-26.2290046010295,-6.65952392731691,-30.0508890649545));
#3161=CARTESIAN_POINT('Ctrl Pts',(-25.8218010076191,-7.91347428091882,-25.2583325149842));
#3162=CARTESIAN_POINT('Ctrl Pts',(-26.0117580375033,-7.3060965947171,-21.4384522433768));
#3163=CARTESIAN_POINT('Ctrl Pts',(-26.2152494012167,-6.51996886891346,-19.7754605047595));
#3164=CARTESIAN_POINT('Ctrl Pts',(-26.3283340792704,-6.01900362370838,-19.0391986197186));
#3165=CARTESIAN_POINT('Ctrl Pts',(-27.,2.45317234887322E-15,-34.0825756949558));
#3166=CARTESIAN_POINT('Ctrl Pts',(-27.,-0.881081876927992,-34.0825756949558));
#3167=CARTESIAN_POINT('Ctrl Pts',(-26.878625137503,-3.53491119243632,-33.6507782622665));
#3168=CARTESIAN_POINT('Ctrl Pts',(-26.0493379320934,-7.3499864968125,-30.608350203932));
#3169=CARTESIAN_POINT('Ctrl Pts',(-25.5367552308487,-8.74036838580828,-25.3329327847921));
#3170=CARTESIAN_POINT('Ctrl Pts',(-25.7755042859303,-8.06721848772646,-21.133402854365));
#3171=CARTESIAN_POINT('Ctrl Pts',(-26.0299686050549,-7.19510162464503,-19.3065692512501));
#3172=CARTESIAN_POINT('Ctrl Pts',(-26.1709610376228,-6.63933719336719,-18.5000000000081));
#3173=CARTESIAN_POINT('',(-26.1709610376221,-6.63933719336997,-18.5000000000061));
#3174=CARTESIAN_POINT('',(-30.,-3.976015867372,-21.4682846732574));
#3175=CARTESIAN_POINT('Origin',(-31.0174353038493,-7.86884408102778,-18.5000000000081));
#3176=CARTESIAN_POINT('Origin',(-30.,4.71844785465692E-15,-24.5));
#3177=CARTESIAN_POINT('Ctrl Pts',(-27.,2.45317234887322E-15,-34.0825756949558));
#3178=CARTESIAN_POINT('Ctrl Pts',(-27.,-0.881081876927992,-34.0825756949558));
#3179=CARTESIAN_POINT('Ctrl Pts',(-26.878625137503,-3.53491119243632,-33.6507782622665));
#3180=CARTESIAN_POINT('Ctrl Pts',(-26.0493379320934,-7.3499864968125,-30.608350203932));
#3181=CARTESIAN_POINT('Ctrl Pts',(-25.5367552308487,-8.74036838580828,-25.3329327847921));
#3182=CARTESIAN_POINT('Ctrl Pts',(-25.7755042859303,-8.06721848772646,-21.133402854365));
#3183=CARTESIAN_POINT('Ctrl Pts',(-26.0299686050549,-7.19510162464503,-19.3065692512501));
#3184=CARTESIAN_POINT('Ctrl Pts',(-26.1709610376228,-6.63933719336719,-18.5000000000081));
#3185=CARTESIAN_POINT('Ctrl Pts',(-27.,7.47166359986573,-18.5));
#3186=CARTESIAN_POINT('Ctrl Pts',(-27.,6.66197811916508,-18.5));
#3187=CARTESIAN_POINT('Ctrl Pts',(-27.,5.16805616683511,-18.5));
#3188=CARTESIAN_POINT('Ctrl Pts',(-27.,2.58441949538441,-18.5));
#3189=CARTESIAN_POINT('Ctrl Pts',(-27.,0.862281378521664,-18.5));
#3190=CARTESIAN_POINT('Ctrl Pts',(-27.,4.9960036108132E-15,-18.5));
#3191=CARTESIAN_POINT('Ctrl Pts',(-27.,6.61080087867424,-19.1913020451351));
#3192=CARTESIAN_POINT('Ctrl Pts',(-27.1417211852957,5.94141020245917,-19.1736865982297));
#3193=CARTESIAN_POINT('Ctrl Pts',(-27.3285652490696,4.62041420339793,-19.0650312911942));
#3194=CARTESIAN_POINT('Ctrl Pts',(-27.4688712932675,2.32081075467967,-18.9126914389791));
#3195=CARTESIAN_POINT('Ctrl Pts',(-27.4902865590806,0.774194254466895,-18.8677149193105));
#3196=CARTESIAN_POINT('Ctrl Pts',(-27.4902865590806,5.49939877975764E-15,
-18.8677149193105));
#3197=CARTESIAN_POINT('Ctrl Pts',(-27.6642168200983,5.10897932592482,-20.3973158325678));
#3198=CARTESIAN_POINT('Ctrl Pts',(-27.896259649021,4.6801145630258,-20.2149337477596));
#3199=CARTESIAN_POINT('Ctrl Pts',(-28.209209714658,3.66217868784995,-19.8488612126119));
#3200=CARTESIAN_POINT('Ctrl Pts',(-28.4324921792273,1.85840591160643,-19.4571324031465));
#3201=CARTESIAN_POINT('Ctrl Pts',(-28.4677565038858,0.620123276841595,-19.3513963503074));
#3202=CARTESIAN_POINT('Ctrl Pts',(-28.4677565038858,6.59053377287946E-15,
-19.3513963503074));
#3203=CARTESIAN_POINT('Ctrl Pts',(-29.2410734325654,4.15682629847957,-21.1619270986283));
#3204=CARTESIAN_POINT('Ctrl Pts',(-29.323580151856,3.76762174152463,-20.7339949320031));
#3205=CARTESIAN_POINT('Ctrl Pts',(-29.4426211926583,2.88887426782866,-20.1253612052567));
#3206=CARTESIAN_POINT('Ctrl Pts',(-29.5273494295398,1.44898653585726,-19.6213144442693));
#3207=CARTESIAN_POINT('Ctrl Pts',(-29.5403563508619,0.483977197323621,-19.5));
#3208=CARTESIAN_POINT('Ctrl Pts',(-29.5403563508619,7.92197132402175E-15,
-19.5));
#3209=CARTESIAN_POINT('Ctrl Pts',(-30.,3.89856748212212,-21.3693177121688));
#3210=CARTESIAN_POINT('Ctrl Pts',(-30.,3.47608948326506,-20.8432154645347));
#3211=CARTESIAN_POINT('Ctrl Pts',(-30.,2.61194619630527,-20.1438585196538));
#3212=CARTESIAN_POINT('Ctrl Pts',(-30.,1.28941610917287,-19.6198554241136));
#3213=CARTESIAN_POINT('Ctrl Pts',(-30.,0.43114068926086,-19.5));
#3214=CARTESIAN_POINT('Ctrl Pts',(-30.,8.51488339395402E-15,-19.5));
#3215=CARTESIAN_POINT('',(-30.,9.45968388726228E-12,-19.5));
#3216=CARTESIAN_POINT('',(-27.,4.44089209850063E-15,-18.5));
#3217=CARTESIAN_POINT('Origin',(-30.,1.89148696705388E-11,-14.5));
#3218=CARTESIAN_POINT('',(-27.,-27.,-18.5));
#3219=CARTESIAN_POINT('Origin',(-30.,4.71844785465692E-15,-24.5));
#3220=CARTESIAN_POINT('Ctrl Pts',(-30.,-3.976015867372,-21.4682846732574));
#3221=CARTESIAN_POINT('Ctrl Pts',(-30.,-3.57817688598093,-20.9465291876032));
#3222=CARTESIAN_POINT('Ctrl Pts',(-30.,-2.70670847743573,-20.1894661216269));
#3223=CARTESIAN_POINT('Ctrl Pts',(-30.,-1.3128002447134,-19.6214246044102));
#3224=CARTESIAN_POINT('Ctrl Pts',(-30.,-0.440395359481188,-19.4999999999992));
#3225=CARTESIAN_POINT('Ctrl Pts',(-30.,9.46000222601384E-12,-19.5));
#3226=CARTESIAN_POINT('Ctrl Pts',(-28.9219464449047,-4.04470354240288,-21.1888436767186));
#3227=CARTESIAN_POINT('Ctrl Pts',(-29.0252027201545,-3.749985405922,-20.7939247043112));
#3228=CARTESIAN_POINT('Ctrl Pts',(-29.2060774260725,-2.93817635589804,-20.154505039468));
#3229=CARTESIAN_POINT('Ctrl Pts',(-29.3560052225471,-1.47432819952765,-19.6245055898847));
#3230=CARTESIAN_POINT('Ctrl Pts',(-29.3871418011495,-0.494339369350191,
-19.4999999999992));
#3231=CARTESIAN_POINT('Ctrl Pts',(-29.3871418011493,1.06192850007126E-11,
-19.5));
#3232=CARTESIAN_POINT('Ctrl Pts',(-27.1796229585851,-4.69308853355676,-20.2983725154498));
#3233=CARTESIAN_POINT('Ctrl Pts',(-27.4533174920687,-4.39163583478938,-20.1527908924698));
#3234=CARTESIAN_POINT('Ctrl Pts',(-27.8818723119286,-3.51783784737696,-19.7794242754096));
#3235=CARTESIAN_POINT('Ctrl Pts',(-28.2370635280757,-1.80681197028021,-19.4036083930412));
#3236=CARTESIAN_POINT('Ctrl Pts',(-28.3149568643517,-0.606398680820849,
-19.3004635934016));
#3237=CARTESIAN_POINT('Ctrl Pts',(-28.3149568643512,1.30248287466617E-11,
-19.3004635934022));
#3238=CARTESIAN_POINT('Ctrl Pts',(-26.3283340792696,-6.01900362370788,-19.0391986197113));
#3239=CARTESIAN_POINT('Ctrl Pts',(-26.5662371399922,-5.45522180139588,-19.0261385825556));
#3240=CARTESIAN_POINT('Ctrl Pts',(-26.9380252367495,-4.294353229544,-18.9284771788575));
#3241=CARTESIAN_POINT('Ctrl Pts',(-27.2852694462899,-2.19394858056337,-18.8110372687291));
#3242=CARTESIAN_POINT('Ctrl Pts',(-27.367714919311,-0.736036990486554,-18.7757861894826));
#3243=CARTESIAN_POINT('Ctrl Pts',(-27.3677149193104,1.58089941484426E-11,
-18.7757861894828));
#3244=CARTESIAN_POINT('Ctrl Pts',(-26.1709610376228,-6.63933719336719,-18.5));
#3245=CARTESIAN_POINT('Ctrl Pts',(-26.3468711477355,-5.94593414667729,-18.5));
#3246=CARTESIAN_POINT('Ctrl Pts',(-26.630059935071,-4.64184932557258,-18.5));
#3247=CARTESIAN_POINT('Ctrl Pts',(-26.92490792117,-2.3633484782838,-18.5));
#3248=CARTESIAN_POINT('Ctrl Pts',(-27.0000000000005,-0.792711647066113,
-18.5));
#3249=CARTESIAN_POINT('Ctrl Pts',(-27.,1.70261791779444E-11,-18.5));
#3250=CARTESIAN_POINT('Origin',(-30.,4.71844785465692E-15,-24.5));
#3251=CARTESIAN_POINT('Origin',(4.44089209850063E-15,-4.44089209850062E-15,
-18.5));
#3252=CARTESIAN_POINT('Origin',(-8.88178419700126E-15,-4.44089209850063E-15,
-18.5));
#3253=CARTESIAN_POINT('',(-27.,4.44089209850063E-15,-18.5));
#3254=CARTESIAN_POINT('',(-4.44089209850063E-15,-27.,-45.5));
#3255=CARTESIAN_POINT('Origin',(4.44089209850063E-15,-4.44089209850062E-15,
-45.5));
#3256=CARTESIAN_POINT('Origin',(-8.88178419700126E-15,-4.44089209850063E-15,
-45.5));
#3257=CARTESIAN_POINT('',(27.,-1.33226762955019E-14,-34.0825756949558));
#3258=CARTESIAN_POINT('',(27.,-1.33226762955019E-14,-18.5));
#3259=CARTESIAN_POINT('',(26.1709610371313,-6.63933719530462,-18.5000000014099));
#3260=CARTESIAN_POINT('Ctrl Pts',(26.170961037295,-6.63933719465925,-18.5000000018832));
#3261=CARTESIAN_POINT('Ctrl Pts',(26.0308886708616,-7.1914749061283,-19.3013058712349));
#3262=CARTESIAN_POINT('Ctrl Pts',(25.6263198254871,-8.51456992079183,-22.0429175374177));
#3263=CARTESIAN_POINT('Ctrl Pts',(25.5940445303517,-8.63024514329519,-27.6131421507938));
#3264=CARTESIAN_POINT('Ctrl Pts',(26.4330740425907,-5.87521417985422,-32.0018219363477));
#3265=CARTESIAN_POINT('Ctrl Pts',(26.9095476188743,-2.65944961285638,-33.7762374136349));
#3266=CARTESIAN_POINT('Ctrl Pts',(27.,-0.880152484275137,-34.0825756949558));
#3267=CARTESIAN_POINT('Ctrl Pts',(27.,-1.56277478513009E-14,-34.0825756949558));
#3268=CARTESIAN_POINT('Origin',(4.44089209850063E-15,-4.44089209850062E-15,
-18.5));
#3269=CARTESIAN_POINT('Origin',(-27.,-27.,-18.5));
#3270=CARTESIAN_POINT('',(-27.,27.,-18.5));
#3271=CARTESIAN_POINT('',(-27.,-27.,-18.5));
#3272=CARTESIAN_POINT('',(-27.,27.,-28.3244359626823));
#3273=CARTESIAN_POINT('',(-27.,27.,-18.5));
#3274=CARTESIAN_POINT('Ctrl Pts',(-27.,32.,-45.5));
#3275=CARTESIAN_POINT('Ctrl Pts',(-27.,29.7497145998203,-40.2708092725343));
#3276=CARTESIAN_POINT('Ctrl Pts',(-27.,27.,-34.0172577626753));
#3277=CARTESIAN_POINT('Ctrl Pts',(-27.,27.,-28.3244359626823));
#3278=CARTESIAN_POINT('Origin',(32.,4.06053791413831E-15,-24.5));
#3279=CARTESIAN_POINT('',(27.,7.47166359986573,-18.5));
#3280=CARTESIAN_POINT('',(30.,3.89856748212213,-21.3693177121688));
#3281=CARTESIAN_POINT('Origin',(32.,7.47166359986573,-18.5));
#3282=CARTESIAN_POINT('',(30.,-9.15933995315754E-15,-29.5));
#3283=CARTESIAN_POINT('Origin',(30.,4.71844785465692E-15,-24.5));
#3284=CARTESIAN_POINT('Origin',(32.,-1.83186799063151E-14,-34.0825756949558));
#3285=CARTESIAN_POINT('Origin',(27.,4.06053791413831E-15,-24.5));
#3286=CARTESIAN_POINT('Ctrl Pts',(30.,3.89856748212213,-21.3693177121688));
#3287=CARTESIAN_POINT('Ctrl Pts',(30.,3.47650508502184,-20.8437330039544));
#3288=CARTESIAN_POINT('Ctrl Pts',(30.,2.60876969624192,-20.1420130263995));
#3289=CARTESIAN_POINT('Ctrl Pts',(30.,1.2925384262787,-19.6206384356476));
#3290=CARTESIAN_POINT('Ctrl Pts',(30.,0.432292345324565,-19.4999999999998));
#3291=CARTESIAN_POINT('Ctrl Pts',(30.,-2.28662574985883E-12,-19.5));
#3292=CARTESIAN_POINT('Ctrl Pts',(28.9880979100871,4.24291257059872,-21.0927968941147));
#3293=CARTESIAN_POINT('Ctrl Pts',(29.0997834031677,3.86635022333223,-20.6980111775448));
#3294=CARTESIAN_POINT('Ctrl Pts',(29.2578671750056,2.97809324448435,-20.1177121245501));
#3295=CARTESIAN_POINT('Ctrl Pts',(29.3707848368303,1.50636034805073,-19.6222352212251));
#3296=CARTESIAN_POINT('Ctrl Pts',(29.3871418011493,0.502908301507731,-19.4999999999998));
#3297=CARTESIAN_POINT('Ctrl Pts',(29.3871418011493,-2.66085151243057E-12,
-19.5));
#3298=CARTESIAN_POINT('Ctrl Pts',(27.4884667419119,5.31830329994516,-20.229221561816));
#3299=CARTESIAN_POINT('Ctrl Pts',(27.7277921467963,4.85820920587409,-20.085052803903));
#3300=CARTESIAN_POINT('Ctrl Pts',(28.0491806279472,3.79379281387757,-19.7603092279661));
#3301=CARTESIAN_POINT('Ctrl Pts',(28.2780427505023,1.92871701463918,-19.4004130852969));
#3302=CARTESIAN_POINT('Ctrl Pts',(28.314956986707,0.643802293828951,-19.3004631779143));
#3303=CARTESIAN_POINT('Ctrl Pts',(28.3149569867069,-3.40696405619951E-12,
-19.3004631779145));
#3304=CARTESIAN_POINT('Ctrl Pts',(27.,6.82601655897212,-19.0184765338514));
#3305=CARTESIAN_POINT('Ctrl Pts',(27.1048054286587,6.1214235597028,-19.005195028283));
#3306=CARTESIAN_POINT('Ctrl Pts',(27.2463045253506,4.75159755802167,-18.9233279132115));
#3307=CARTESIAN_POINT('Ctrl Pts',(27.3506216635715,2.39196836282541,-18.8098792783868));
#3308=CARTESIAN_POINT('Ctrl Pts',(27.3677149193105,0.798357285413691,-18.7757861894828));
#3309=CARTESIAN_POINT('Ctrl Pts',(27.3677149193104,-4.22573556530422E-12,
-18.7757861894828));
#3310=CARTESIAN_POINT('Ctrl Pts',(27.,7.47166359986574,-18.5));
#3311=CARTESIAN_POINT('Ctrl Pts',(27.,6.66277462622357,-18.5));
#3312=CARTESIAN_POINT('Ctrl Pts',(27.,5.16205256112332,-18.5));
#3313=CARTESIAN_POINT('Ctrl Pts',(27.,2.59061083828243,-18.5));
#3314=CARTESIAN_POINT('Ctrl Pts',(27.,0.864584690648978,-18.5));
#3315=CARTESIAN_POINT('Ctrl Pts',(27.,-4.57661313953908E-12,-18.5));
#3316=CARTESIAN_POINT('',(27.,-1.33226762955019E-14,-18.5));
#3317=CARTESIAN_POINT('',(30.,-2.28647571327188E-12,-19.5));
#3318=CARTESIAN_POINT('Origin',(30.,-1.21083698623181E-14,-14.5));
#3319=CARTESIAN_POINT('Origin',(30.,4.71844785465692E-15,-24.5));
#3320=CARTESIAN_POINT('',(27.,27.,-18.5));
#3321=CARTESIAN_POINT('Ctrl Pts',(30.,-3.97601586811331,-21.4682846742296));
#3322=CARTESIAN_POINT('Ctrl Pts',(30.,-4.29280407053825,-21.883744169706));
#3323=CARTESIAN_POINT('Ctrl Pts',(30.,-5.05429141141895,-23.2774960018424));
#3324=CARTESIAN_POINT('Ctrl Pts',(30.,-5.11186425283736,-26.0462314571256));
#3325=CARTESIAN_POINT('Ctrl Pts',(30.,-3.54994963709699,-28.2947749726085));
#3326=CARTESIAN_POINT('Ctrl Pts',(30.,-1.64573096663618,-29.3150465736054));
#3327=CARTESIAN_POINT('Ctrl Pts',(30.,-0.54429190975025,-29.5));
#3328=CARTESIAN_POINT('Ctrl Pts',(30.,-7.18784371643297E-15,-29.5));
#3329=CARTESIAN_POINT('Ctrl Pts',(28.9219464448823,-4.04470354315997,-21.1888436777782));
#3330=CARTESIAN_POINT('Ctrl Pts',(28.9122158817272,-4.36750646169337,-21.6407042986632));
#3331=CARTESIAN_POINT('Ctrl Pts',(28.8852393277621,-5.1444277669626,-23.1618708476148));
#3332=CARTESIAN_POINT('Ctrl Pts',(28.8830716248069,-5.20340132954065,-26.1926416794408));
#3333=CARTESIAN_POINT('Ctrl Pts',(28.9391590912409,-3.60774742839,-28.6428312266537));
#3334=CARTESIAN_POINT('Ctrl Pts',(28.9792360431517,-1.67226613746704,-29.7422206695284));
#3335=CARTESIAN_POINT('Ctrl Pts',(28.9880979100871,-0.552612010725421,-29.9416302783723));
#3336=CARTESIAN_POINT('Ctrl Pts',(28.9880979100871,-7.61221676189139E-15,
-29.9416302783723));
#3337=CARTESIAN_POINT('Ctrl Pts',(27.179659150822,-4.69312409508735,-20.2983509744356));
#3338=CARTESIAN_POINT('Ctrl Pts',(27.1301551599686,-5.07406108517971,-20.8665952196927));
#3339=CARTESIAN_POINT('Ctrl Pts',(26.9902377360934,-5.98984488555653,-22.7913886025516));
#3340=CARTESIAN_POINT('Ctrl Pts',(26.9788601020367,-6.06313596911068,-26.6632883307054));
#3341=CARTESIAN_POINT('Ctrl Pts',(27.2693573982522,-4.17444329100559,-29.7552693684291));
#3342=CARTESIAN_POINT('Ctrl Pts',(27.4518558730271,-1.91868847133061,-31.084533788279));
#3343=CARTESIAN_POINT('Ctrl Pts',(27.4885055108903,-0.634884961322515,-31.3208720994503));
#3344=CARTESIAN_POINT('Ctrl Pts',(27.4885055108903,-9.8313010390445E-15,
-31.3208720994503));
#3345=CARTESIAN_POINT('Ctrl Pts',(26.3283340790075,-6.01900362487296,-19.0391986214302));
#3346=CARTESIAN_POINT('Ctrl Pts',(26.2159873510749,-6.51669975014836,-19.7706559252542));
#3347=CARTESIAN_POINT('Ctrl Pts',(25.8928728587354,-7.71029081612489,-22.267311382216));
#3348=CARTESIAN_POINT('Ctrl Pts',(25.8669658345634,-7.81255399843665,-27.3284033783925));
#3349=CARTESIAN_POINT('Ctrl Pts',(26.5372769050021,-5.33278507788663,-31.3282770895674));
#3350=CARTESIAN_POINT('Ctrl Pts',(26.9255023791904,-2.4229159119382,-32.9692145165746));
#3351=CARTESIAN_POINT('Ctrl Pts',(27.,-0.801833120061104,-33.2545189230077));
#3352=CARTESIAN_POINT('Ctrl Pts',(27.,-1.38109384772105E-14,-33.2545189230077));
#3353=CARTESIAN_POINT('Ctrl Pts',(26.170961037295,-6.63933719465925,-18.5000000018832));
#3354=CARTESIAN_POINT('Ctrl Pts',(26.0308886708616,-7.1914749061283,-19.3013058712349));
#3355=CARTESIAN_POINT('Ctrl Pts',(25.6263198254871,-8.51456992079183,-22.0429175374177));
#3356=CARTESIAN_POINT('Ctrl Pts',(25.5940445303517,-8.63024514329519,-27.6131421507938));
#3357=CARTESIAN_POINT('Ctrl Pts',(26.4330740425907,-5.87521417985422,-32.0018219363477));
#3358=CARTESIAN_POINT('Ctrl Pts',(26.9095476188743,-2.65944961285638,-33.7762374136349));
#3359=CARTESIAN_POINT('Ctrl Pts',(27.,-0.880152484275137,-34.0825756949558));
#3360=CARTESIAN_POINT('Ctrl Pts',(27.,-1.56277478513009E-14,-34.0825756949558));
#3361=CARTESIAN_POINT('',(30.,-3.97601586811331,-21.4682846742296));
#3362=CARTESIAN_POINT('Origin',(31.0174353034608,-7.86884408255912,-18.5000000018832));
#3363=CARTESIAN_POINT('Origin',(30.,4.71844785465692E-15,-24.5));
#3364=CARTESIAN_POINT('Ctrl Pts',(30.,-3.72965547335014E-15,-19.5));
#3365=CARTESIAN_POINT('Ctrl Pts',(30.,-0.438570005789362,-19.5));
#3366=CARTESIAN_POINT('Ctrl Pts',(30.,-1.09947236484798,-19.5890766523192));
#3367=CARTESIAN_POINT('Ctrl Pts',(30.,-2.11454008647427,-19.9343376899354));
#3368=CARTESIAN_POINT('Ctrl Pts',(30.,-3.06749977619794,-20.4764979766455));
#3369=CARTESIAN_POINT('Ctrl Pts',(30.,-3.70964167799498,-21.1189418455211));
#3370=CARTESIAN_POINT('Ctrl Pts',(30.,-3.97601586946231,-21.4682846759988));
#3371=CARTESIAN_POINT('Ctrl Pts',(29.3871418011493,-4.9990440423097E-15,
-19.5));
#3372=CARTESIAN_POINT('Ctrl Pts',(29.3871418011493,-0.492290428158118,-19.5));
#3373=CARTESIAN_POINT('Ctrl Pts',(29.3646177087399,-1.23383768547784,-19.5903741870755));
#3374=CARTESIAN_POINT('Ctrl Pts',(29.2734390534022,-2.32052458525101,-19.9177337008984));
#3375=CARTESIAN_POINT('Ctrl Pts',(29.1363302944857,-3.27986657263547,-20.3990747457406));
#3376=CARTESIAN_POINT('Ctrl Pts',(28.9910819693758,-3.84737419994931,-20.9244245871641));
#3377=CARTESIAN_POINT('Ctrl Pts',(28.9219464443677,-4.0447035439635,-21.188843678791));
#3378=CARTESIAN_POINT('Ctrl Pts',(28.3149568643512,-7.56526584042922E-15,
-19.3004635934023));
#3379=CARTESIAN_POINT('Ctrl Pts',(28.3149568643512,-0.603885275429821,-19.3004635934023));
#3380=CARTESIAN_POINT('Ctrl Pts',(28.2581824929764,-1.51088970883108,-19.374336861201));
#3381=CARTESIAN_POINT('Ctrl Pts',(28.0407814666509,-2.80019888430241,-19.612921217315));
#3382=CARTESIAN_POINT('Ctrl Pts',(27.7177153462896,-3.88588177795409,-19.926325193979));
#3383=CARTESIAN_POINT('Ctrl Pts',(27.3628758899939,-4.49125004638363,-20.2008979376244));
#3384=CARTESIAN_POINT('Ctrl Pts',(27.1796229571446,-4.69308853513663,-20.2983725162153));
#3385=CARTESIAN_POINT('Ctrl Pts',(27.3677149193105,-1.04355999002566E-14,
-18.7757861894828));
#3386=CARTESIAN_POINT('Ctrl Pts',(27.3677149193105,-0.732986259344872,-18.7757861894828));
#3387=CARTESIAN_POINT('Ctrl Pts',(27.3070507790399,-1.83388323069386,-18.8009173436807));
#3388=CARTESIAN_POINT('Ctrl Pts',(27.0927454500605,-3.41386954483497,-18.8766758490127));
#3389=CARTESIAN_POINT('Ctrl Pts',(26.7933385435655,-4.76893383406701,-18.968337148459));
#3390=CARTESIAN_POINT('Ctrl Pts',(26.4876227311825,-5.64152194655209,-19.0304542358653));
#3391=CARTESIAN_POINT('Ctrl Pts',(26.328334078022,-6.01900362666903,-19.039198619782));
#3392=CARTESIAN_POINT('Ctrl Pts',(27.,-1.16746889933239E-14,-18.5));
#3393=CARTESIAN_POINT('Ctrl Pts',(27.,-0.789426010421044,-18.5));
#3394=CARTESIAN_POINT('Ctrl Pts',(26.9443903094819,-1.97512755726521,-18.5));
#3395=CARTESIAN_POINT('Ctrl Pts',(26.7609643101214,-3.68653609499876,-18.5));
#3396=CARTESIAN_POINT('Ctrl Pts',(26.5178513754843,-5.16930808977977,-18.5));
#3397=CARTESIAN_POINT('Ctrl Pts',(26.2887421380941,-6.17506726704363,-18.5));
#3398=CARTESIAN_POINT('Ctrl Pts',(26.1709610366986,-6.63933719701045,-18.5));
#3399=CARTESIAN_POINT('Origin',(30.,4.71844785465692E-15,-24.5));
#3400=CARTESIAN_POINT('Origin',(4.44089209850063E-15,-4.44089209850062E-15,
-18.5));
#3401=CARTESIAN_POINT('Origin',(27.,27.,-18.5));
#3402=CARTESIAN_POINT('',(27.,27.,-28.3244359626823));
#3403=CARTESIAN_POINT('Ctrl Pts',(27.,27.,-28.3244359626823));
#3404=CARTESIAN_POINT('Ctrl Pts',(27.,27.,-34.0172577626753));
#3405=CARTESIAN_POINT('Ctrl Pts',(27.,29.7497145998203,-40.2708092725343));
#3406=CARTESIAN_POINT('Ctrl Pts',(27.,32.,-45.5));
#3407=CARTESIAN_POINT('',(27.,27.,-18.5));
#3408=CARTESIAN_POINT('',(27.,27.,-18.5));
#3409=CARTESIAN_POINT('',(27.,27.,-18.5));
#3410=CARTESIAN_POINT('Origin',(1.64477485129652E-15,32.,-45.5));
#3411=CARTESIAN_POINT('',(-17.1755640373177,27.,-18.5));
#3412=CARTESIAN_POINT('Origin',(-17.1755640373177,32.,-18.5));
#3413=CARTESIAN_POINT('Origin',(1.64477485129652E-15,27.,-45.5));
#3414=CARTESIAN_POINT('Ctrl Pts',(8.88178419700125E-15,27.,-18.5));
#3415=CARTESIAN_POINT('Ctrl Pts',(-0.00685257415646084,27.,-18.5));
#3416=CARTESIAN_POINT('Ctrl Pts',(-0.0137049587732585,27.,-18.5));
#3417=CARTESIAN_POINT('Ctrl Pts',(-1.18817260732961,27.,-18.4999999999999));
#3418=CARTESIAN_POINT('Ctrl Pts',(-3.53449248225144,27.,-18.5));
#3419=CARTESIAN_POINT('Ctrl Pts',(-7.04853598160391,27.,-18.5));
#3420=CARTESIAN_POINT('Ctrl Pts',(-10.5084274025009,27.,-18.5));
#3421=CARTESIAN_POINT('Ctrl Pts',(-13.9213158395113,27.,-18.5));
#3422=CARTESIAN_POINT('Ctrl Pts',(-16.1162566443773,27.,-18.5));
#3423=CARTESIAN_POINT('Ctrl Pts',(-17.1755640373176,27.,-18.5));
#3424=CARTESIAN_POINT('Ctrl Pts',(8.88178419700125E-15,27.,-18.5));
#3425=CARTESIAN_POINT('Ctrl Pts',(-0.00664826404703663,27.0005151488318,
-18.5000022051609));
#3426=CARTESIAN_POINT('Ctrl Pts',(-0.0132974552438354,27.0010327457192,
-18.4999987256707));
#3427=CARTESIAN_POINT('Ctrl Pts',(-1.15278207393621,27.0893890863148,-18.5003365587874));
#3428=CARTESIAN_POINT('Ctrl Pts',(-3.4293404594566,27.2662430431692,-18.5498930093899));
#3429=CARTESIAN_POINT('Ctrl Pts',(-6.82901877906485,27.4691412357585,-18.7670077460577));
#3430=CARTESIAN_POINT('Ctrl Pts',(-10.1543678316446,27.5447237561261,-19.095734937673));
#3431=CARTESIAN_POINT('Ctrl Pts',(-13.3922472926871,27.4244122744021,-19.4835572614047));
#3432=CARTESIAN_POINT('Ctrl Pts',(-15.4207671707317,27.1713254920569,-19.7012940295851));
#3433=CARTESIAN_POINT('Ctrl Pts',(-16.3726082962329,27.,-19.7622470483173));
#3434=CARTESIAN_POINT('Ctrl Pts',(8.88178419700126E-15,27.,-18.5));
#3435=CARTESIAN_POINT('Ctrl Pts',(-0.0062917821241087,27.0014174948925,
-18.500001360527));
#3436=CARTESIAN_POINT('Ctrl Pts',(-0.012583233571663,27.0028391115405,-18.5000004444049));
#3437=CARTESIAN_POINT('Ctrl Pts',(-1.09091980751677,27.2459087789309,-18.5006767044552));
#3438=CARTESIAN_POINT('Ctrl Pts',(-3.24526191042829,27.7320671148692,-18.6078615395176));
#3439=CARTESIAN_POINT('Ctrl Pts',(-6.4449955590964,28.3619972613824,-19.0881832365091));
#3440=CARTESIAN_POINT('Ctrl Pts',(-9.53518956511764,28.7773448700792,-19.8596780833321));
#3441=CARTESIAN_POINT('Ctrl Pts',(-12.4692849372975,28.8412204744828,-20.8766649709769));
#3442=CARTESIAN_POINT('Ctrl Pts',(-14.2124460988965,28.5293320678627,-21.6200182850271));
#3443=CARTESIAN_POINT('Ctrl Pts',(-14.9826454873345,28.2559348623149,-21.9472696629293));
#3444=CARTESIAN_POINT('Ctrl Pts',(8.88178419700125E-15,27.,-18.5));
#3445=CARTESIAN_POINT('Ctrl Pts',(-0.00593486158432617,27.0023208674699,
-18.5000004004256));
#3446=CARTESIAN_POINT('Ctrl Pts',(-0.0118694426237528,27.0046443976355,
-18.5000015056002));
#3447=CARTESIAN_POINT('Ctrl Pts',(-1.02903867012896,27.4025046514653,-18.5006916982956));
#3448=CARTESIAN_POINT('Ctrl Pts',(-3.06114193570934,28.1977558124459,-18.6155336827791));
#3449=CARTESIAN_POINT('Ctrl Pts',(-6.09008738256381,29.3098922657463,-19.1358142060753));
#3450=CARTESIAN_POINT('Ctrl Pts',(-9.0408981222419,30.2386911476434,-19.9956481544243));
#3451=CARTESIAN_POINT('Ctrl Pts',(-11.8955832796547,30.8668411953139,-21.1955627601852));
#3452=CARTESIAN_POINT('Ctrl Pts',(-13.6663841519192,30.9600624853745,-22.1932544850658));
#3453=CARTESIAN_POINT('Ctrl Pts',(-14.4918821564868,30.8780026237179,-22.71875));
#3454=CARTESIAN_POINT('Ctrl Pts',(8.88178419700125E-15,27.,-18.5));
#3455=CARTESIAN_POINT('Ctrl Pts',(-0.00578185944797806,27.0027087177677,
-18.5));
#3456=CARTESIAN_POINT('Ctrl Pts',(-0.0115635589649435,27.0054173872124,
-18.5000017734474));
#3457=CARTESIAN_POINT('Ctrl Pts',(-1.00252063743653,27.469659575496,-18.5006589676435));
#3458=CARTESIAN_POINT('Ctrl Pts',(-2.98222803189956,28.3972730327759,-18.6096015741055));
#3459=CARTESIAN_POINT('Ctrl Pts',(-5.94720223447904,29.7162109715552,-19.1057329110178));
#3460=CARTESIAN_POINT('Ctrl Pts',(-8.86648562086015,30.8647317902863,-19.9358980811817));
#3461=CARTESIAN_POINT('Ctrl Pts',(-11.7461102395878,31.7345389690865,-21.1209249756426));
#3462=CARTESIAN_POINT('Ctrl Pts',(-13.5980915436933,32.,-22.1501811886671));
#3463=CARTESIAN_POINT('Ctrl Pts',(-14.4918821564868,32.,-22.71875));
#3464=CARTESIAN_POINT('',(-27.,27.,-18.5));
#3465=CARTESIAN_POINT('Origin',(1.64477485129652E-15,32.,-45.5));
#3466=CARTESIAN_POINT('',(17.1755640373177,27.,-18.5));
#3467=CARTESIAN_POINT('Origin',(17.1755640373177,32.,-18.5));
#3468=CARTESIAN_POINT('Origin',(1.64477485129652E-15,27.,-45.5));
#3469=CARTESIAN_POINT('Ctrl Pts',(17.1755640373177,27.,-18.5));
#3470=CARTESIAN_POINT('Ctrl Pts',(16.1162566443774,27.,-18.5));
#3471=CARTESIAN_POINT('Ctrl Pts',(14.469814987994,27.,-18.5));
#3472=CARTESIAN_POINT('Ctrl Pts',(12.2151285960676,27.,-18.5));
#3473=CARTESIAN_POINT('Ctrl Pts',(10.5012142517834,27.,-18.5));
#3474=CARTESIAN_POINT('Ctrl Pts',(8.78037127045381,27.,-18.5));
#3475=CARTESIAN_POINT('Ctrl Pts',(6.46196105721877,26.9999999999999,-18.5));
#3476=CARTESIAN_POINT('Ctrl Pts',(3.53529713493378,27.,-18.5));
#3477=CARTESIAN_POINT('Ctrl Pts',(1.18810751982482,26.9999999999997,-18.5000000000001));
#3478=CARTESIAN_POINT('Ctrl Pts',(0.0137052244264467,27.,-18.5));
#3479=CARTESIAN_POINT('Ctrl Pts',(0.00685257415650961,27.,-18.5));
#3480=CARTESIAN_POINT('Ctrl Pts',(8.88178419700125E-15,27.,-18.5));
#3481=CARTESIAN_POINT('Ctrl Pts',(16.7740861667753,27.,-19.1311235241587));
#3482=CARTESIAN_POINT('Ctrl Pts',(15.7686760281303,27.0852905905639,-19.1012100451241));
#3483=CARTESIAN_POINT('Ctrl Pts',(14.1845016928043,27.1806474068319,-19.0191206932104));
#3484=CARTESIAN_POINT('Ctrl Pts',(11.9943791067848,27.2424349480639,-18.8947307423165));
#3485=CARTESIAN_POINT('Ctrl Pts',(10.3217398220322,27.2602451544719,-18.8015590831445));
#3486=CARTESIAN_POINT('Ctrl Pts',(8.63696176211556,27.2535288900175,-18.7157084270842));
#3487=CARTESIAN_POINT('Ctrl Pts',(6.3618003281048,27.2178088427827,-18.6152500422886));
#3488=CARTESIAN_POINT('Ctrl Pts',(3.48270275984184,27.1331089192867,-18.5250328704624));
#3489=CARTESIAN_POINT('Ctrl Pts',(1.17043008009918,27.0447345212132,-18.5001414472065));
#3490=CARTESIAN_POINT('Ctrl Pts',(0.0135012665099607,27.0005159209223,-18.5000004299756));
#3491=CARTESIAN_POINT('Ctrl Pts',(0.00675060132713025,27.0002579731207,
-18.5));
#3492=CARTESIAN_POINT('Ctrl Pts',(8.85320702786624E-15,27.,-18.5));
#3493=CARTESIAN_POINT('Ctrl Pts',(15.9727759557909,27.3422798854926,-20.3907837978808));
#3494=CARTESIAN_POINT('Ctrl Pts',(15.0746926160828,27.54710284311,-20.2552547435047));
#3495=CARTESIAN_POINT('Ctrl Pts',(13.6144369218264,27.7559668197273,-19.9775238787205));
#3496=CARTESIAN_POINT('Ctrl Pts',(11.5531832591212,27.8606083449057,-19.599729633209));
#3497=CARTESIAN_POINT('Ctrl Pts',(9.96294903885254,27.8658455935555,-19.3291913993191));
#3498=CARTESIAN_POINT('Ctrl Pts',(8.35023711906017,27.8101329061795,-19.0871014511324));
#3499=CARTESIAN_POINT('Ctrl Pts',(6.16152016570621,27.6702656194524,-18.8097519330236));
#3500=CARTESIAN_POINT('Ctrl Pts',(3.37753485401223,27.3992533947743,-18.5666096994822));
#3501=CARTESIAN_POINT('Ctrl Pts',(1.13507787796042,27.1341919775967,-18.50037319777));
#3502=CARTESIAN_POINT('Ctrl Pts',(0.0130933399302335,27.0015478096749,-18.5000011656964));
#3503=CARTESIAN_POINT('Ctrl Pts',(0.00654665566837147,27.0007739193622,
-18.5));
#3504=CARTESIAN_POINT('Ctrl Pts',(8.7960526895962E-15,27.,-18.5));
#3505=CARTESIAN_POINT('Ctrl Pts',(14.8439650316368,29.0149202510552,-22.1652754469433));
#3506=CARTESIAN_POINT('Ctrl Pts',(14.0576968171682,29.2291126862871,-21.7820753808896));
#3507=CARTESIAN_POINT('Ctrl Pts',(12.743333499319,29.3746599711824,-21.1695789072355));
#3508=CARTESIAN_POINT('Ctrl Pts',(10.8500007756917,29.3088739448365,-20.4316735785693));
#3509=CARTESIAN_POINT('Ctrl Pts',(9.37558950980332,29.1534124271991,-19.9316209524557));
#3510=CARTESIAN_POINT('Ctrl Pts',(7.87038701471439,28.9141418042451,-19.500367355501));
#3511=CARTESIAN_POINT('Ctrl Pts',(5.81770368537701,28.505047183024,-19.0193817739764));
#3512=CARTESIAN_POINT('Ctrl Pts',(3.19334842230767,27.8650464314249,-18.6104359170799));
#3513=CARTESIAN_POINT('Ctrl Pts',(1.07319143592623,27.29073985593,-18.500638594255));
#3514=CARTESIAN_POINT('Ctrl Pts',(0.012379549354378,27.0033536270039,-18.5000018623342));
#3515=CARTESIAN_POINT('Ctrl Pts',(0.00618975076554368,27.0016768252848,
-18.5));
#3516=CARTESIAN_POINT('Ctrl Pts',(8.69603259762364E-15,27.,-18.5));
#3517=CARTESIAN_POINT('Ctrl Pts',(14.4918821564868,30.8780026237179,-22.71875));
#3518=CARTESIAN_POINT('Ctrl Pts',(13.6677717321028,30.9597983726702,-22.1925004039751));
#3519=CARTESIAN_POINT('Ctrl Pts',(12.3383564265563,30.8902250350121,-21.4450042190176));
#3520=CARTESIAN_POINT('Ctrl Pts',(10.4691745935391,30.5531132182216,-20.5946927777025));
#3521=CARTESIAN_POINT('Ctrl Pts',(9.02834660655682,30.2011212534525,-20.0370731933338));
#3522=CARTESIAN_POINT('Ctrl Pts',(7.56757167094856,29.774760767133,-19.5656510624852));
#3523=CARTESIAN_POINT('Ctrl Pts',(5.58485701775652,29.1247010320887,-19.048102291342));
#3524=CARTESIAN_POINT('Ctrl Pts',(3.06200063065119,28.1978733168651,-18.6155409052443));
#3525=CARTESIAN_POINT('Ctrl Pts',(1.02901176970424,27.4025693788455,-18.5006214764141));
#3526=CARTESIAN_POINT('Ctrl Pts',(0.0118695993234744,27.0046434587647,-18.500002159572));
#3527=CARTESIAN_POINT('Ctrl Pts',(0.00593481869209522,27.0023217580866,
-18.5));
#3528=CARTESIAN_POINT('Ctrl Pts',(8.6245896747861E-15,27.,-18.5));
#3529=CARTESIAN_POINT('Ctrl Pts',(14.4918821564868,32.,-22.71875));
#3530=CARTESIAN_POINT('Ctrl Pts',(13.5980915436934,32.,-22.1501811886672));
#3531=CARTESIAN_POINT('Ctrl Pts',(12.2089063961198,31.8007346802023,-21.3782458610231));
#3532=CARTESIAN_POINT('Ctrl Pts',(10.3065147529319,31.2996743618275,-20.5284265397254));
#3533=CARTESIAN_POINT('Ctrl Pts',(8.86039952494193,30.829582419569,-19.9798660205514));
#3534=CARTESIAN_POINT('Ctrl Pts',(7.4084382594452,30.2908439420408,-19.5215498320232));
#3535=CARTESIAN_POINT('Ctrl Pts',(5.45227964202743,29.4962522236286,-19.0226684915097));
#3536=CARTESIAN_POINT('Ctrl Pts',(2.98290695760085,28.3974345739752,-18.6099315839372));
#3537=CARTESIAN_POINT('Ctrl Pts',(1.00246571984853,27.4696495302648,-18.5006315104941));
#3538=CARTESIAN_POINT('Ctrl Pts',(0.0115637831098548,27.0054174283368,-18.5000018854835));
#3539=CARTESIAN_POINT('Ctrl Pts',(0.00578185944802616,27.0027087177677,
-18.5));
#3540=CARTESIAN_POINT('Ctrl Pts',(8.58172392108357E-15,27.,-18.5));
#3541=CARTESIAN_POINT('',(-27.,27.,-18.5));
#3542=CARTESIAN_POINT('Origin',(-27.,47.,-18.5));
#3543=CARTESIAN_POINT('Origin',(-27.,27.,-18.5));
#3544=CARTESIAN_POINT('',(-27.,27.,-18.5));
#3545=CARTESIAN_POINT('Origin',(-4.93432455388958E-16,4.71844785465692E-15,
-24.5));
#3546=CARTESIAN_POINT('',(30.,-2.4,-24.5));
#3547=CARTESIAN_POINT('Origin',(30.,4.71844785465692E-15,-24.5));
#3548=CARTESIAN_POINT('',(-4.93432455388958E-16,-2.4,-24.5));
#3549=CARTESIAN_POINT('Origin',(30.,4.44089209850063E-15,-24.5));
#3550=CARTESIAN_POINT('Origin',(-4.93432455388958E-16,4.71844785465692E-15,
-24.5));
#3551=CARTESIAN_POINT('',(-30.,-2.4,-24.5));
#3552=CARTESIAN_POINT('',(-4.93432455388958E-16,-2.4,-24.5));
#3553=CARTESIAN_POINT('Origin',(-30.,4.71844785465692E-15,-24.5));
#3554=CARTESIAN_POINT('Origin',(-30.,4.44089209850063E-15,-24.5));
#3555=CARTESIAN_POINT('Origin',(4.44089209850063E-15,-4.44089209850062E-15,
-45.5));
#3556=CARTESIAN_POINT('Origin',(4.44089209850063E-15,-4.44089209850062E-15,
-45.5));
#3557=CARTESIAN_POINT('Origin',(-8.88178419700126E-15,-4.44089209850063E-15,
-45.5));
#3558=CARTESIAN_POINT('Origin',(-27.,27.,-18.5));
#3559=CARTESIAN_POINT('',(-27.,27.,-18.5));
#3560=CARTESIAN_POINT('Origin',(8.88178419700125E-15,-4.44089209850063E-15,
-45.5));
#3561=CARTESIAN_POINT('Origin',(-4.44089209850063E-15,-4.44089209850063E-15,
-18.5));
#3562=CARTESIAN_POINT('Origin',(0.,59.5,-45.5));
#3563=CARTESIAN_POINT('',(22.25,60.,-45.5));
#3564=CARTESIAN_POINT('Origin',(0.,60.,-45.5));
#3565=CARTESIAN_POINT('',(21.25,59.,-45.5));
#3566=CARTESIAN_POINT('',(21.75,59.5,-45.5));
#3567=CARTESIAN_POINT('Origin',(0.,59.,-45.5));
#3568=CARTESIAN_POINT('Origin',(0.,60.,-45.5));
#3569=CARTESIAN_POINT('',(23.25,60.,-45.5));
#3570=CARTESIAN_POINT('Origin',(0.,60.,-45.5));
#3571=CARTESIAN_POINT('Origin',(0.,47.,-45.5));
#3572=CARTESIAN_POINT('',(21.25,35.,-45.5));
#3573=CARTESIAN_POINT('Origin',(0.,35.,-45.5));
#3574=CARTESIAN_POINT('',(21.25,39.6,-45.5));
#3575=CARTESIAN_POINT('',(21.25,47.,-45.5));
#3576=CARTESIAN_POINT('',(21.25,44.4,-45.5));
#3577=CARTESIAN_POINT('Ctrl Pts',(21.25,39.6,-45.5));
#3578=CARTESIAN_POINT('Ctrl Pts',(21.25,39.6,-45.8016249057706));
#3579=CARTESIAN_POINT('Ctrl Pts',(21.242921185598,39.6603324595437,-46.1231796935428));
#3580=CARTESIAN_POINT('Ctrl Pts',(21.2173337162827,39.9053416240757,-46.7144148393496));
#3581=CARTESIAN_POINT('Ctrl Pts',(21.1991870591985,40.0900041389512,-46.9841166886466));
#3582=CARTESIAN_POINT('Ctrl Pts',(21.1650666457096,40.5158844937207,-47.4099970434161));
#3583=CARTESIAN_POINT('Ctrl Pts',(21.1468692157418,40.7855858270094,-47.594658633319));
#3584=CARTESIAN_POINT('Ctrl Pts',(21.1211654577531,41.3768192340101,-47.8396671147777));
#3585=CARTESIAN_POINT('Ctrl Pts',(21.1140356161488,41.6983734194285,-47.9));
#3586=CARTESIAN_POINT('Ctrl Pts',(21.1140356161488,42.3016265805715,-47.9));
#3587=CARTESIAN_POINT('Ctrl Pts',(21.1211654577531,42.6231807659899,-47.8396671147777));
#3588=CARTESIAN_POINT('Ctrl Pts',(21.1468692157418,43.2144141729906,-47.594658633319));
#3589=CARTESIAN_POINT('Ctrl Pts',(21.1650666457096,43.4841155062793,-47.4099970434161));
#3590=CARTESIAN_POINT('Ctrl Pts',(21.1991870591985,43.9099958610488,-46.9841166886466));
#3591=CARTESIAN_POINT('Ctrl Pts',(21.2173337162827,44.0946583759243,-46.7144148393496));
#3592=CARTESIAN_POINT('Ctrl Pts',(21.242921185598,44.3396675404563,-46.1231796935428));
#3593=CARTESIAN_POINT('Ctrl Pts',(21.25,44.4,-45.8016249057706));
#3594=CARTESIAN_POINT('Ctrl Pts',(21.25,44.4,-45.5));
#3595=CARTESIAN_POINT('',(21.25,47.,-45.5));
#3596=CARTESIAN_POINT('',(21.1140356161488,42.,-43.1));
#3597=CARTESIAN_POINT('Ctrl Pts',(21.25,44.4,-45.5));
#3598=CARTESIAN_POINT('Ctrl Pts',(21.25,44.4,-45.1983750942295));
#3599=CARTESIAN_POINT('Ctrl Pts',(21.242921185598,44.3396675404562,-44.8768203064573));
#3600=CARTESIAN_POINT('Ctrl Pts',(21.2173337162827,44.0946583759243,-44.2855851606504));
#3601=CARTESIAN_POINT('Ctrl Pts',(21.1991870591985,43.9099958610488,-44.0158833113534));
#3602=CARTESIAN_POINT('Ctrl Pts',(21.1650666457096,43.4841155062793,-43.5900029565839));
#3603=CARTESIAN_POINT('Ctrl Pts',(21.1468692157418,43.2144141729906,-43.405341366681));
#3604=CARTESIAN_POINT('Ctrl Pts',(21.1211654577531,42.6231807659899,-43.1603328852223));
#3605=CARTESIAN_POINT('Ctrl Pts',(21.1140356161488,42.3016265805715,-43.1));
#3606=CARTESIAN_POINT('Ctrl Pts',(21.1140356161488,42.,-43.1));
#3607=CARTESIAN_POINT('Ctrl Pts',(21.1140356161488,42.,-43.1));
#3608=CARTESIAN_POINT('Ctrl Pts',(21.1140356161488,41.6983734194285,-43.1));
#3609=CARTESIAN_POINT('Ctrl Pts',(21.1211654577531,41.3768192340101,-43.1603328852223));
#3610=CARTESIAN_POINT('Ctrl Pts',(21.1468692157418,40.7855858270094,-43.405341366681));
#3611=CARTESIAN_POINT('Ctrl Pts',(21.1650666457096,40.5158844937207,-43.5900029565839));
#3612=CARTESIAN_POINT('Ctrl Pts',(21.1991870591985,40.0900041389512,-44.0158833113534));
#3613=CARTESIAN_POINT('Ctrl Pts',(21.2173337162827,39.9053416240757,-44.2855851606504));
#3614=CARTESIAN_POINT('Ctrl Pts',(21.242921185598,39.6603324595437,-44.8768203064572));
#3615=CARTESIAN_POINT('Ctrl Pts',(21.25,39.6,-45.1983750942295));
#3616=CARTESIAN_POINT('Ctrl Pts',(21.25,39.6,-45.5));
#3617=CARTESIAN_POINT('',(-21.1140356161488,42.,-43.1));
#3618=CARTESIAN_POINT('',(-21.25,39.6,-45.5));
#3619=CARTESIAN_POINT('Ctrl Pts',(-21.1140356161488,42.,-43.1));
#3620=CARTESIAN_POINT('Ctrl Pts',(-21.1140356161488,42.3016265805715,-43.1));
#3621=CARTESIAN_POINT('Ctrl Pts',(-21.1211654577531,42.6231807659899,-43.1603328852223));
#3622=CARTESIAN_POINT('Ctrl Pts',(-21.1468692157418,43.2144141729906,-43.405341366681));
#3623=CARTESIAN_POINT('Ctrl Pts',(-21.1650666457096,43.4841155062793,-43.5900029565839));
#3624=CARTESIAN_POINT('Ctrl Pts',(-21.1991870591985,43.9099958610488,-44.0158833113534));
#3625=CARTESIAN_POINT('Ctrl Pts',(-21.2173337162827,44.0946583759243,-44.2855851606504));
#3626=CARTESIAN_POINT('Ctrl Pts',(-21.242921185598,44.3396675404562,-44.8768203064572));
#3627=CARTESIAN_POINT('Ctrl Pts',(-21.25,44.4,-45.1983750942295));
#3628=CARTESIAN_POINT('Ctrl Pts',(-21.25,44.4,-45.8016249057706));
#3629=CARTESIAN_POINT('Ctrl Pts',(-21.242921185598,44.3396675404562,-46.1231796935428));
#3630=CARTESIAN_POINT('Ctrl Pts',(-21.2173337162827,44.0946583759243,-46.7144148393496));
#3631=CARTESIAN_POINT('Ctrl Pts',(-21.1991870591985,43.9099958610488,-46.9841166886466));
#3632=CARTESIAN_POINT('Ctrl Pts',(-21.1650666457096,43.4841155062793,-47.4099970434161));
#3633=CARTESIAN_POINT('Ctrl Pts',(-21.1468692157418,43.2144141729906,-47.594658633319));
#3634=CARTESIAN_POINT('Ctrl Pts',(-21.1211654577531,42.6231807659899,-47.8396671147777));
#3635=CARTESIAN_POINT('Ctrl Pts',(-21.1140356161488,42.3016265805715,-47.9));
#3636=CARTESIAN_POINT('Ctrl Pts',(-21.1140356161488,41.6983734194285,-47.9));
#3637=CARTESIAN_POINT('Ctrl Pts',(-21.1211654577531,41.3768192340101,-47.8396671147777));
#3638=CARTESIAN_POINT('Ctrl Pts',(-21.1468692157418,40.7855858270094,-47.594658633319));
#3639=CARTESIAN_POINT('Ctrl Pts',(-21.1650666457096,40.5158844937207,-47.4099970434161));
#3640=CARTESIAN_POINT('Ctrl Pts',(-21.1991870591985,40.0900041389512,-46.9841166886466));
#3641=CARTESIAN_POINT('Ctrl Pts',(-21.2173337162827,39.9053416240757,-46.7144148393496));
#3642=CARTESIAN_POINT('Ctrl Pts',(-21.242921185598,39.6603324595437,-46.1231796935428));
#3643=CARTESIAN_POINT('Ctrl Pts',(-21.25,39.6,-45.8016249057706));
#3644=CARTESIAN_POINT('Ctrl Pts',(-21.25,39.6,-45.5));
#3645=CARTESIAN_POINT('Ctrl Pts',(-21.25,39.6,-45.5));
#3646=CARTESIAN_POINT('Ctrl Pts',(-21.25,39.6,-45.1983750942295));
#3647=CARTESIAN_POINT('Ctrl Pts',(-21.242921185598,39.6603324595437,-44.8768203064573));
#3648=CARTESIAN_POINT('Ctrl Pts',(-21.2173337162827,39.9053416240757,-44.2855851606504));
#3649=CARTESIAN_POINT('Ctrl Pts',(-21.1991870591985,40.0900041389512,-44.0158833113534));
#3650=CARTESIAN_POINT('Ctrl Pts',(-21.1650666457096,40.5158844937207,-43.5900029565839));
#3651=CARTESIAN_POINT('Ctrl Pts',(-21.1468692157418,40.7855858270094,-43.405341366681));
#3652=CARTESIAN_POINT('Ctrl Pts',(-21.1211654577531,41.3768192340101,-43.1603328852223));
#3653=CARTESIAN_POINT('Ctrl Pts',(-21.1140356161488,41.6983734194285,-43.1));
#3654=CARTESIAN_POINT('Ctrl Pts',(-21.1140356161488,42.,-43.1));
#3655=CARTESIAN_POINT('Origin',(0.,50.7996710383927,-45.5));
#3656=CARTESIAN_POINT('',(-23.25,50.7996710383927,-45.5));
#3657=CARTESIAN_POINT('',(23.25,50.7996710383927,-45.5));
#3658=CARTESIAN_POINT('Origin',(0.,50.7996710383927,-45.5));
#3659=CARTESIAN_POINT('Origin',(0.,50.7996710383927,-45.5));
#3660=CARTESIAN_POINT('',(-24.,47.,-45.5));
#3661=CARTESIAN_POINT('Origin',(-33.25,50.7996710383927,-45.5));
#3662=CARTESIAN_POINT('',(24.,47.,-45.5));
#3663=CARTESIAN_POINT('Origin',(0.,47.,-45.5));
#3664=CARTESIAN_POINT('Origin',(0.,47.,-45.5));
#3665=CARTESIAN_POINT('Origin',(0.,47.,-45.5));
#3666=CARTESIAN_POINT('',(23.25,47.,-45.5));
#3667=CARTESIAN_POINT('Origin',(-4.49571792687718E-15,42.,-45.5));
#3668=CARTESIAN_POINT('',(-23.8796984905589,42.,-43.1));
#3669=CARTESIAN_POINT('',(-24.,39.6,-45.5));
#3670=CARTESIAN_POINT('Ctrl Pts',(-23.8796984905589,42.,-43.1));
#3671=CARTESIAN_POINT('Ctrl Pts',(-23.8796984905589,41.6984337423758,-43.1));
#3672=CARTESIAN_POINT('Ctrl Pts',(-23.8859997113807,41.3769051402282,-43.1603093859821));
#3673=CARTESIAN_POINT('Ctrl Pts',(-23.9087299753775,40.7856548389043,-43.4053006706644));
#3674=CARTESIAN_POINT('Ctrl Pts',(-23.9248276157261,40.5159158857799,-43.5899715645247));
#3675=CARTESIAN_POINT('Ctrl Pts',(-23.9550219567107,40.0899722894302,-44.0159151608743));
#3676=CARTESIAN_POINT('Ctrl Pts',(-23.9710844068131,39.9053008299261,-44.2856544318237));
#3677=CARTESIAN_POINT('Ctrl Pts',(-23.9937341072782,39.6603091229861,-44.8769057976563));
#3678=CARTESIAN_POINT('Ctrl Pts',(-24.,39.6,-45.1984347688342));
#3679=CARTESIAN_POINT('Ctrl Pts',(-24.,39.6,-45.5));
#3680=CARTESIAN_POINT('Ctrl Pts',(-24.,39.6,-45.5));
#3681=CARTESIAN_POINT('Ctrl Pts',(-24.,39.6,-45.8015652311658));
#3682=CARTESIAN_POINT('Ctrl Pts',(-23.9937341072782,39.6603091229861,-46.1230942023437));
#3683=CARTESIAN_POINT('Ctrl Pts',(-23.9710844068131,39.905300829926,-46.7143455681763));
#3684=CARTESIAN_POINT('Ctrl Pts',(-23.9550219567107,40.0899722894302,-46.9840848391257));
#3685=CARTESIAN_POINT('Ctrl Pts',(-23.9248276157261,40.5159158857799,-47.4100284354754));
#3686=CARTESIAN_POINT('Ctrl Pts',(-23.9087299753775,40.7856548389043,-47.5946993293356));
#3687=CARTESIAN_POINT('Ctrl Pts',(-23.8859997113807,41.3769051402282,-47.8396906140179));
#3688=CARTESIAN_POINT('Ctrl Pts',(-23.8796984905589,41.6984337423758,-47.9));
#3689=CARTESIAN_POINT('Ctrl Pts',(-23.8796984905589,42.3015662576242,-47.9));
#3690=CARTESIAN_POINT('Ctrl Pts',(-23.8859997113807,42.6230948597718,-47.8396906140179));
#3691=CARTESIAN_POINT('Ctrl Pts',(-23.9087299753775,43.2143451610957,-47.5946993293356));
#3692=CARTESIAN_POINT('Ctrl Pts',(-23.9248276157261,43.4840841142201,-47.4100284354754));
#3693=CARTESIAN_POINT('Ctrl Pts',(-23.9550219567107,43.9100277105697,-46.9840848391257));
#3694=CARTESIAN_POINT('Ctrl Pts',(-23.9710844068131,44.0946991700739,-46.7143455681763));
#3695=CARTESIAN_POINT('Ctrl Pts',(-23.9937341072782,44.3396908770139,-46.1230942023437));
#3696=CARTESIAN_POINT('Ctrl Pts',(-24.,44.4,-45.8015652311658));
#3697=CARTESIAN_POINT('Ctrl Pts',(-24.,44.4,-45.1984347688342));
#3698=CARTESIAN_POINT('Ctrl Pts',(-23.9937341072782,44.3396908770139,-44.8769057976563));
#3699=CARTESIAN_POINT('Ctrl Pts',(-23.9710844068131,44.0946991700739,-44.2856544318238));
#3700=CARTESIAN_POINT('Ctrl Pts',(-23.9550219567107,43.9100277105697,-44.0159151608743));
#3701=CARTESIAN_POINT('Ctrl Pts',(-23.9248276157261,43.4840841142201,-43.5899715645247));
#3702=CARTESIAN_POINT('Ctrl Pts',(-23.9087299753775,43.2143451610957,-43.4053006706644));
#3703=CARTESIAN_POINT('Ctrl Pts',(-23.8859997113807,42.6230948597717,-43.1603093859821));
#3704=CARTESIAN_POINT('Ctrl Pts',(-23.8796984905589,42.3015662576242,-43.1));
#3705=CARTESIAN_POINT('Ctrl Pts',(-23.8796984905589,42.,-43.1));
#3706=CARTESIAN_POINT('',(-4.49571792687718E-15,39.6,-45.5));
#3707=CARTESIAN_POINT('Origin',(-4.49571792687718E-15,42.,-45.5));
#3708=CARTESIAN_POINT('',(24.,39.6,-45.5));
#3709=CARTESIAN_POINT('',(-4.49571792687718E-15,39.6,-45.5));
#3710=CARTESIAN_POINT('',(24.,44.4,-45.5));
#3711=CARTESIAN_POINT('Ctrl Pts',(24.,44.4,-45.5));
#3712=CARTESIAN_POINT('Ctrl Pts',(24.,44.4,-45.8015652311658));
#3713=CARTESIAN_POINT('Ctrl Pts',(23.9937341072782,44.3396908770139,-46.1230942023437));
#3714=CARTESIAN_POINT('Ctrl Pts',(23.9710844068131,44.0946991700739,-46.7143455681762));
#3715=CARTESIAN_POINT('Ctrl Pts',(23.9550219567107,43.9100277105697,-46.9840848391257));
#3716=CARTESIAN_POINT('Ctrl Pts',(23.9248276157261,43.4840841142201,-47.4100284354754));
#3717=CARTESIAN_POINT('Ctrl Pts',(23.9087299753775,43.2143451610957,-47.5946993293356));
#3718=CARTESIAN_POINT('Ctrl Pts',(23.8859997113807,42.6230948597718,-47.8396906140179));
#3719=CARTESIAN_POINT('Ctrl Pts',(23.8796984905589,42.3015662576242,-47.9));
#3720=CARTESIAN_POINT('Ctrl Pts',(23.8796984905589,41.6984337423758,-47.9));
#3721=CARTESIAN_POINT('Ctrl Pts',(23.8859997113807,41.3769051402282,-47.8396906140179));
#3722=CARTESIAN_POINT('Ctrl Pts',(23.9087299753775,40.7856548389043,-47.5946993293356));
#3723=CARTESIAN_POINT('Ctrl Pts',(23.9248276157261,40.5159158857799,-47.4100284354754));
#3724=CARTESIAN_POINT('Ctrl Pts',(23.9550219567107,40.0899722894302,-46.9840848391257));
#3725=CARTESIAN_POINT('Ctrl Pts',(23.9710844068131,39.9053008299261,-46.7143455681763));
#3726=CARTESIAN_POINT('Ctrl Pts',(23.9937341072782,39.6603091229861,-46.1230942023438));
#3727=CARTESIAN_POINT('Ctrl Pts',(24.,39.6,-45.8015652311658));
#3728=CARTESIAN_POINT('Ctrl Pts',(24.,39.6,-45.5));
#3729=CARTESIAN_POINT('',(23.8796984905589,42.,-43.1));
#3730=CARTESIAN_POINT('Ctrl Pts',(23.8796984905589,42.,-43.1));
#3731=CARTESIAN_POINT('Ctrl Pts',(23.8796984905589,42.3015662576242,-43.1));
#3732=CARTESIAN_POINT('Ctrl Pts',(23.8859997113807,42.6230948597718,-43.1603093859821));
#3733=CARTESIAN_POINT('Ctrl Pts',(23.9087299753775,43.2143451610957,-43.4053006706644));
#3734=CARTESIAN_POINT('Ctrl Pts',(23.9248276157261,43.4840841142201,-43.5899715645247));
#3735=CARTESIAN_POINT('Ctrl Pts',(23.9550219567107,43.9100277105697,-44.0159151608743));
#3736=CARTESIAN_POINT('Ctrl Pts',(23.9710844068131,44.0946991700739,-44.2856544318237));
#3737=CARTESIAN_POINT('Ctrl Pts',(23.9937341072782,44.3396908770139,-44.8769057976563));
#3738=CARTESIAN_POINT('Ctrl Pts',(24.,44.4,-45.1984347688342));
#3739=CARTESIAN_POINT('Ctrl Pts',(24.,44.4,-45.5));
#3740=CARTESIAN_POINT('Ctrl Pts',(24.,39.6,-45.5));
#3741=CARTESIAN_POINT('Ctrl Pts',(24.,39.6,-45.1984347688342));
#3742=CARTESIAN_POINT('Ctrl Pts',(23.9937341072782,39.6603091229861,-44.8769057976563));
#3743=CARTESIAN_POINT('Ctrl Pts',(23.9710844068131,39.905300829926,-44.2856544318238));
#3744=CARTESIAN_POINT('Ctrl Pts',(23.9550219567107,40.0899722894302,-44.0159151608743));
#3745=CARTESIAN_POINT('Ctrl Pts',(23.9248276157261,40.5159158857799,-43.5899715645247));
#3746=CARTESIAN_POINT('Ctrl Pts',(23.9087299753775,40.7856548389043,-43.4053006706644));
#3747=CARTESIAN_POINT('Ctrl Pts',(23.8859997113807,41.3769051402282,-43.1603093859821));
#3748=CARTESIAN_POINT('Ctrl Pts',(23.8796984905589,41.6984337423758,-43.1));
#3749=CARTESIAN_POINT('Ctrl Pts',(23.8796984905589,42.,-43.1));
#3750=CARTESIAN_POINT('Origin',(0.,47.,-45.5));
#3751=CARTESIAN_POINT('',(24.,35.,-45.5));
#3752=CARTESIAN_POINT('Origin',(0.,35.,-45.5));
#3753=CARTESIAN_POINT('',(24.,47.,-45.5));
#3754=CARTESIAN_POINT('',(24.,47.,-45.5));
#3755=CARTESIAN_POINT('Origin',(0.,35.,-45.5));
#3756=UNCERTAINTY_MEASURE_WITH_UNIT(LENGTH_MEASURE(0.01),#3760,
'DISTANCE_ACCURACY_VALUE',
'Maximum model space distance between geometric entities at asserted c
onnectivities');
#3757=UNCERTAINTY_MEASURE_WITH_UNIT(LENGTH_MEASURE(0.01),#3760,
'DISTANCE_ACCURACY_VALUE',
'Maximum model space distance between geometric entities at asserted c
onnectivities');
#3758=(
GEOMETRIC_REPRESENTATION_CONTEXT(3)
GLOBAL_UNCERTAINTY_ASSIGNED_CONTEXT((#3756))
GLOBAL_UNIT_ASSIGNED_CONTEXT((#3760,#3762,#3763))
REPRESENTATION_CONTEXT('','3D')
);
#3759=(
GEOMETRIC_REPRESENTATION_CONTEXT(3)
GLOBAL_UNCERTAINTY_ASSIGNED_CONTEXT((#3757))
GLOBAL_UNIT_ASSIGNED_CONTEXT((#3760,#3762,#3763))
REPRESENTATION_CONTEXT('','3D')
);
#3760=(
LENGTH_UNIT()
NAMED_UNIT(*)
SI_UNIT(.MILLI.,.METRE.)
);
#3761=(
LENGTH_UNIT()
NAMED_UNIT(*)
SI_UNIT($,.METRE.)
);
#3762=(
NAMED_UNIT(*)
PLANE_ANGLE_UNIT()
SI_UNIT($,.RADIAN.)
);
#3763=(
NAMED_UNIT(*)
SI_UNIT($,.STERADIAN.)
SOLID_ANGLE_UNIT()
);
#3764=SHAPE_DEFINITION_REPRESENTATION(#3765,#3766);
#3765=PRODUCT_DEFINITION_SHAPE('',$,#3768);
#3766=SHAPE_REPRESENTATION('',(#1214),#3758);
#3767=PRODUCT_DEFINITION_CONTEXT('part definition',#3772,'design');
#3768=PRODUCT_DEFINITION('Vacuum Former Platern Adapter V2',
'Vacuum Former Platern Adapter V2 v2',#3769,#3767);
#3769=PRODUCT_DEFINITION_FORMATION('',$,#3774);
#3770=PRODUCT_RELATED_PRODUCT_CATEGORY(
'Vacuum Former Platern Adapter V2 v2',
'Vacuum Former Platern Adapter V2 v2',(#3774));
#3771=APPLICATION_PROTOCOL_DEFINITION('international standard',
'ap242_managed_model_based_3d_engineering',2011,#3772);
#3772=APPLICATION_CONTEXT('Managed model based 3d engineering');
#3773=PRODUCT_CONTEXT('part definition',#3772,'mechanical');
#3774=PRODUCT('Vacuum Former Platern Adapter V2',
'Vacuum Former Platern Adapter V2 v2',$,(#3773));
#3775=PRESENTATION_STYLE_ASSIGNMENT((#3776));
#3776=SURFACE_STYLE_USAGE(.BOTH.,#3777);
#3777=SURFACE_SIDE_STYLE('',(#3778));
#3778=SURFACE_STYLE_FILL_AREA(#3779);
#3779=FILL_AREA_STYLE('Aluminum - Satin',(#3780));
#3780=FILL_AREA_STYLE_COLOUR('Aluminum - Satin',#3781);
#3781=COLOUR_RGB('Aluminum - Satin',0.96078431372549,0.96078431372549,0.964705882352941);
ENDSEC;
END-ISO-10303-21;
