ISO-10303-21;
HEADER;
/* Generated by software containing ST-Developer
 * from STEP Tools, Inc. (www.steptools.com) 
 */

FILE_DESCRIPTION(
/* description */ ('',
'CAx-IF Rec.Pracs.---Representation and Presentation of Product Manufa
cturing Information (PMI)---4.0---2014-10-13'),
/* implementation_level */ '2;1');

FILE_NAME(
/* name */ 'Vacuum Former V5 Platen.step',
/* time_stamp */ '2025-02-28T22:36:54+11:00',
/* author */ (''),
/* organization */ (''),
/* preprocessor_version */ 'ST-DEVELOPER v20',
/* originating_system */ 'Autodesk Translation Framework v13.20.0.188',

/* authorisation */ '');

FILE_SCHEMA (('AP242_MANAGED_MODEL_BASED_3D_ENGINEERING_MIM_LF { 1 0 10303 442 1 1 4 }'));
ENDSEC;

DATA;
#10=MECHANICAL_DESIGN_GEOMETRIC_PRESENTATION_REPRESENTATION('',(#47,#48,
#49,#50,#51,#52,#53,#54,#55,#56,#57,#58,#59,#60,#61,#62,#63,#64,#65,#66,
#67,#68,#69,#70),#10943);
#11=ITEM_DEFINED_TRANSFORMATION($,$,#5804,#6283);
#12=ITEM_DEFINED_TRANSFORMATION($,$,#5804,#6284);
#13=ITEM_DEFINED_TRANSFORMATION($,$,#5804,#6285);
#14=ITEM_DEFINED_TRANSFORMATION($,$,#5804,#6286);
#15=(
REPRESENTATION_RELATIONSHIP($,$,#10957,#10956)
REPRESENTATION_RELATIONSHIP_WITH_TRANSFORMATION(#11)
SHAPE_REPRESENTATION_RELATIONSHIP()
);
#16=(
REPRESENTATION_RELATIONSHIP($,$,#10957,#10956)
REPRESENTATION_RELATIONSHIP_WITH_TRANSFORMATION(#12)
SHAPE_REPRESENTATION_RELATIONSHIP()
);
#17=(
REPRESENTATION_RELATIONSHIP($,$,#10957,#10956)
REPRESENTATION_RELATIONSHIP_WITH_TRANSFORMATION(#13)
SHAPE_REPRESENTATION_RELATIONSHIP()
);
#18=(
REPRESENTATION_RELATIONSHIP($,$,#10957,#10956)
REPRESENTATION_RELATIONSHIP_WITH_TRANSFORMATION(#14)
SHAPE_REPRESENTATION_RELATIONSHIP()
);
#19=CONTEXT_DEPENDENT_SHAPE_REPRESENTATION(#15,#10952);
#20=CONTEXT_DEPENDENT_SHAPE_REPRESENTATION(#16,#10953);
#21=CONTEXT_DEPENDENT_SHAPE_REPRESENTATION(#17,#10954);
#22=CONTEXT_DEPENDENT_SHAPE_REPRESENTATION(#18,#10955);
#23=NEXT_ASSEMBLY_USAGE_OCCURRENCE('WING NUT M4 x 0.7mm Thread v1:1',
'WING NUT M4 x 0.7mm Thread v1:1','WING NUT M4 x 0.7mm Thread v1:1',#10959,
#10960,'WING NUT M4 x 0.7mm Thread v1:1');
#24=NEXT_ASSEMBLY_USAGE_OCCURRENCE('WING NUT M4 x 0.7mm Thread v1:2',
'WING NUT M4 x 0.7mm Thread v1:2','WING NUT M4 x 0.7mm Thread v1:2',#10959,
#10960,'WING NUT M4 x 0.7mm Thread v1:2');
#25=NEXT_ASSEMBLY_USAGE_OCCURRENCE('WING NUT M4 x 0.7mm Thread v1:3',
'WING NUT M4 x 0.7mm Thread v1:3','WING NUT M4 x 0.7mm Thread v1:3',#10959,
#10960,'WING NUT M4 x 0.7mm Thread v1:3');
#26=NEXT_ASSEMBLY_USAGE_OCCURRENCE('WING NUT M4 x 0.7mm Thread v1:4',
'WING NUT M4 x 0.7mm Thread v1:4','WING NUT M4 x 0.7mm Thread v1:4',#10959,
#10960,'WING NUT M4 x 0.7mm Thread v1:4');
#27=ELLIPSE('',#6016,25.4558441227157,18.);
#28=ELLIPSE('',#6017,25.4558441227157,18.);
#29=ELLIPSE('',#6019,25.4558441227157,18.);
#30=ELLIPSE('',#6021,25.4558441227157,18.);
#31=ELLIPSE('',#6059,25.4558441227157,18.);
#32=ELLIPSE('',#6060,25.4558441227157,18.);
#33=ELLIPSE('',#6062,25.4558441227157,18.);
#34=ELLIPSE('',#6064,25.4558441227157,18.);
#35=ELLIPSE('',#6102,25.4558441227157,18.);
#36=ELLIPSE('',#6103,25.4558441227157,18.);
#37=ELLIPSE('',#6105,25.4558441227157,18.);
#38=ELLIPSE('',#6107,25.4558441227157,18.);
#39=ELLIPSE('',#6145,25.4558441227157,18.);
#40=ELLIPSE('',#6146,25.4558441227157,18.);
#41=ELLIPSE('',#6148,25.4558441227157,18.);
#42=ELLIPSE('',#6150,25.4558441227157,18.);
#43=SHAPE_REPRESENTATION_RELATIONSHIP('SRR','None',#10957,#45);
#44=SHAPE_REPRESENTATION_RELATIONSHIP('SRR','None',#10956,#46);
#45=ADVANCED_BREP_SHAPE_REPRESENTATION('',(#71),#10942);
#46=ADVANCED_BREP_SHAPE_REPRESENTATION('',(#72,#73,#74,#75,#76,#77,#78,
#79,#80,#81,#82,#83,#84,#85,#86,#87,#88,#89,#90,#91,#92),#10941);
#47=STYLED_ITEM('',(#10970),#71);
#48=STYLED_ITEM('',(#10970),#72);
#49=STYLED_ITEM('',(#10970),#73);
#50=STYLED_ITEM('',(#10970),#74);
#51=STYLED_ITEM('',(#10972),#5534);
#52=STYLED_ITEM('',(#10972),#5542);
#53=STYLED_ITEM('',(#10971),#75);
#54=STYLED_ITEM('',(#10973),#76);
#55=STYLED_ITEM('',(#10974),#77);
#56=STYLED_ITEM('',(#10973),#78);
#57=STYLED_ITEM('',(#10974),#79);
#58=STYLED_ITEM('',(#10973),#80);
#59=STYLED_ITEM('',(#10974),#81);
#60=STYLED_ITEM('',(#10973),#82);
#61=STYLED_ITEM('',(#10974),#83);
#62=STYLED_ITEM('',(#10973),#84);
#63=STYLED_ITEM('',(#10970),#85);
#64=STYLED_ITEM('',(#10970),#86);
#65=STYLED_ITEM('',(#10970),#87);
#66=STYLED_ITEM('',(#10970),#88);
#67=STYLED_ITEM('',(#10970),#89);
#68=STYLED_ITEM('',(#10970),#90);
#69=STYLED_ITEM('',(#10970),#91);
#70=STYLED_ITEM('',(#10970),#92);
#71=MANIFOLD_SOLID_BREP('Body1',#5769);
#72=MANIFOLD_SOLID_BREP('Body1',#5770);
#73=MANIFOLD_SOLID_BREP('Body2',#5771);
#74=MANIFOLD_SOLID_BREP('Body3',#5772);
#75=MANIFOLD_SOLID_BREP('Body4',#5773);
#76=MANIFOLD_SOLID_BREP('Body9',#5774);
#77=MANIFOLD_SOLID_BREP('3D Printed',#5775);
#78=MANIFOLD_SOLID_BREP('3M FoamTape',#5776);
#79=MANIFOLD_SOLID_BREP('3D Printed (1)',#5777);
#80=MANIFOLD_SOLID_BREP('3M FoamTape (1)',#5778);
#81=MANIFOLD_SOLID_BREP('3D Printed (2)',#5779);
#82=MANIFOLD_SOLID_BREP('3M FoamTape (2)',#5780);
#83=MANIFOLD_SOLID_BREP('3D Printed (1) (1)',#5781);
#84=MANIFOLD_SOLID_BREP('3M FoamTape (1) (1)',#5782);
#85=MANIFOLD_SOLID_BREP('Body24',#5783);
#86=MANIFOLD_SOLID_BREP('Body28',#5784);
#87=MANIFOLD_SOLID_BREP('Body25',#5785);
#88=MANIFOLD_SOLID_BREP('Body29',#5786);
#89=MANIFOLD_SOLID_BREP('Body26',#5787);
#90=MANIFOLD_SOLID_BREP('Body27',#5788);
#91=MANIFOLD_SOLID_BREP('Body30',#5789);
#92=MANIFOLD_SOLID_BREP('Body31',#5790);
#93=FACE_BOUND('',#746,.T.);
#94=FACE_BOUND('',#776,.T.);
#95=FACE_BOUND('',#787,.T.);
#96=FACE_BOUND('',#789,.T.);
#97=FACE_BOUND('',#805,.T.);
#98=FACE_BOUND('',#814,.T.);
#99=FACE_BOUND('',#818,.T.);
#100=FACE_BOUND('',#830,.T.);
#101=FACE_BOUND('',#845,.T.);
#102=FACE_BOUND('',#848,.T.);
#103=FACE_BOUND('',#876,.T.);
#104=FACE_BOUND('',#879,.T.);
#105=FACE_BOUND('',#907,.T.);
#106=FACE_BOUND('',#910,.T.);
#107=FACE_BOUND('',#938,.T.);
#108=FACE_BOUND('',#941,.T.);
#109=TOROIDAL_SURFACE('',#5870,9.39678660287109,0.375);
#110=TOROIDAL_SURFACE('',#5873,8.67814280204747,0.375);
#111=TOROIDAL_SURFACE('',#5875,4.84781024775547,0.375);
#112=TOROIDAL_SURFACE('',#5881,9.39678660287109,0.375);
#113=TOROIDAL_SURFACE('',#5884,8.67814280204747,0.375);
#114=TOROIDAL_SURFACE('',#5886,4.84781024775547,0.375);
#115=TOROIDAL_SURFACE('',#5892,2.85901664641648,0.254);
#116=TOROIDAL_SURFACE('',#5894,2.85901664641648,0.254);
#117=TOROIDAL_SURFACE('',#5931,9.39678660287109,0.375);
#118=TOROIDAL_SURFACE('',#5934,8.67814280204747,0.375);
#119=TOROIDAL_SURFACE('',#5936,4.84781024775547,0.375);
#120=TOROIDAL_SURFACE('',#5940,9.39678660287109,0.375);
#121=TOROIDAL_SURFACE('',#5943,8.67814280204747,0.375);
#122=TOROIDAL_SURFACE('',#5945,4.84781024775547,0.375);
#123=(
BOUNDED_SURFACE()
B_SPLINE_SURFACE(2,2,((#8910,#8911,#8912),(#8913,#8914,#8915),(#8916,#8917,
#8918)),.UNSPECIFIED.,.F.,.F.,.F.)
B_SPLINE_SURFACE_WITH_KNOTS((3,3),(3,3),(0.,1.5707963267949),(1.83259571459404,
3.1415926535898),.UNSPECIFIED.)
GEOMETRIC_REPRESENTATION_ITEM()
RATIONAL_B_SPLINE_SURFACE(((1.,0.793353340291233,1.),(0.707106781186545,
0.560985526796927,0.707106781186545),(1.,0.793353340291233,1.)))
REPRESENTATION_ITEM('')
SURFACE()
);
#124=(
BOUNDED_SURFACE()
B_SPLINE_SURFACE(2,2,((#8922,#8923,#8924),(#8925,#8926,#8927),(#8928,#8929,
#8930)),.UNSPECIFIED.,.F.,.F.,.F.)
B_SPLINE_SURFACE_WITH_KNOTS((3,3),(3,3),(0.,1.5707963267949),(-2.54818070791172,
-1.5707963267949),.UNSPECIFIED.)
GEOMETRIC_REPRESENTATION_ITEM()
RATIONAL_B_SPLINE_SURFACE(((1.,0.882947592858926,1.),(0.707106781186546,
0.624338230342884,0.707106781186546),(1.,0.882947592858926,1.)))
REPRESENTATION_ITEM('')
SURFACE()
);
#125=(
BOUNDED_SURFACE()
B_SPLINE_SURFACE(2,2,((#8967,#8968,#8969),(#8970,#8971,#8972),(#8973,#8974,
#8975)),.UNSPECIFIED.,.F.,.F.,.F.)
B_SPLINE_SURFACE_WITH_KNOTS((3,3),(3,3),(-1.5707963267949,0.),(1.83259571459404,
3.1415926535898),.UNSPECIFIED.)
GEOMETRIC_REPRESENTATION_ITEM()
RATIONAL_B_SPLINE_SURFACE(((1.,0.793353340291233,1.),(0.707106781186544,
0.560985526796926,0.707106781186544),(1.,0.793353340291233,1.)))
REPRESENTATION_ITEM('')
SURFACE()
);
#126=(
BOUNDED_SURFACE()
B_SPLINE_SURFACE(2,2,((#8979,#8980,#8981),(#8982,#8983,#8984),(#8985,#8986,
#8987)),.UNSPECIFIED.,.F.,.F.,.F.)
B_SPLINE_SURFACE_WITH_KNOTS((3,3),(3,3),(-1.5707963267949,0.),(-2.54818070791172,
-1.5707963267949),.UNSPECIFIED.)
GEOMETRIC_REPRESENTATION_ITEM()
RATIONAL_B_SPLINE_SURFACE(((1.,0.882947592858926,1.),(0.707106781186547,
0.624338230342885,0.707106781186547),(1.,0.882947592858926,1.)))
REPRESENTATION_ITEM('')
SURFACE()
);
#127=(
BOUNDED_SURFACE()
B_SPLINE_SURFACE(2,2,((#9158,#9159,#9160),(#9161,#9162,#9163),(#9164,#9165,
#9166)),.UNSPECIFIED.,.F.,.F.,.F.)
B_SPLINE_SURFACE_WITH_KNOTS((3,3),(3,3),(0.,1.5707963267949),(-3.14159265358979,
-1.83259571459404),.UNSPECIFIED.)
GEOMETRIC_REPRESENTATION_ITEM()
RATIONAL_B_SPLINE_SURFACE(((1.,0.793353340291233,1.),(0.707106781186545,
0.560985526796928,0.707106781186545),(1.,0.793353340291233,1.)))
REPRESENTATION_ITEM('')
SURFACE()
);
#128=(
BOUNDED_SURFACE()
B_SPLINE_SURFACE(2,2,((#9170,#9171,#9172),(#9173,#9174,#9175),(#9176,#9177,
#9178)),.UNSPECIFIED.,.F.,.F.,.F.)
B_SPLINE_SURFACE_WITH_KNOTS((3,3),(3,3),(0.,1.5707963267949),(1.5707963267949,
2.54818070791172),.UNSPECIFIED.)
GEOMETRIC_REPRESENTATION_ITEM()
RATIONAL_B_SPLINE_SURFACE(((1.,0.882947592858926,1.),(0.707106781186546,
0.624338230342884,0.707106781186546),(1.,0.882947592858926,1.)))
REPRESENTATION_ITEM('')
SURFACE()
);
#129=(
BOUNDED_SURFACE()
B_SPLINE_SURFACE(2,2,((#9185,#9186,#9187),(#9188,#9189,#9190),(#9191,#9192,
#9193)),.UNSPECIFIED.,.F.,.F.,.F.)
B_SPLINE_SURFACE_WITH_KNOTS((3,3),(3,3),(-1.5707963267949,0.),(-3.14159265358979,
-1.83259571459404),.UNSPECIFIED.)
GEOMETRIC_REPRESENTATION_ITEM()
RATIONAL_B_SPLINE_SURFACE(((1.,0.793353340291233,1.),(0.707106781186544,
0.560985526796927,0.707106781186544),(1.,0.793353340291233,1.)))
REPRESENTATION_ITEM('')
SURFACE()
);
#130=(
BOUNDED_SURFACE()
B_SPLINE_SURFACE(2,2,((#9197,#9198,#9199),(#9200,#9201,#9202),(#9203,#9204,
#9205)),.UNSPECIFIED.,.F.,.F.,.F.)
B_SPLINE_SURFACE_WITH_KNOTS((3,3),(3,3),(-1.5707963267949,0.),(1.5707963267949,
2.54818070791172),.UNSPECIFIED.)
GEOMETRIC_REPRESENTATION_ITEM()
RATIONAL_B_SPLINE_SURFACE(((1.,0.882947592858926,1.),(0.707106781186547,
0.624338230342885,0.707106781186547),(1.,0.882947592858926,1.)))
REPRESENTATION_ITEM('')
SURFACE()
);
#131=(
BOUNDED_SURFACE()
B_SPLINE_SURFACE(1,2,((#9216,#9217,#9218,#9219,#9220,#9221,#9222,#9223,
#9224,#9225,#9226,#9227,#9228,#9229,#9230,#9231,#9232,#9233,#9234,#9235,
#9236,#9237,#9238,#9239,#9240,#9241,#9242,#9243,#9244,#9245,#9246,#9247,
#9248,#9249,#9250,#9251,#9252,#9253,#9254,#9255,#9256,#9257,#9258,#9259,
#9260,#9261,#9262,#9263,#9264,#9265,#9266,#9267,#9268,#9269,#9270,#9271,
#9272,#9273,#9274,#9275,#9276,#9277,#9278,#9279,#9280,#9281,#9282,#9283,
#9284,#9285,#9286,#9287,#9288,#9289,#9290,#9291,#9292,#9293,#9294,#9295,
#9296,#9297,#9298,#9299,#9300,#9301,#9302,#9303,#9304,#9305,#9306,#9307,
#9308,#9309,#9310,#9311,#9312,#9313,#9314,#9315,#9316,#9317,#9318,#9319,
#9320,#9321,#9322,#9323,#9324),(#9325,#9326,#9327,#9328,#9329,#9330,#9331,
#9332,#9333,#9334,#9335,#9336,#9337,#9338,#9339,#9340,#9341,#9342,#9343,
#9344,#9345,#9346,#9347,#9348,#9349,#9350,#9351,#9352,#9353,#9354,#9355,
#9356,#9357,#9358,#9359,#9360,#9361,#9362,#9363,#9364,#9365,#9366,#9367,
#9368,#9369,#9370,#9371,#9372,#9373,#9374,#9375,#9376,#9377,#9378,#9379,
#9380,#9381,#9382,#9383,#9384,#9385,#9386,#9387,#9388,#9389,#9390,#9391,
#9392,#9393,#9394,#9395,#9396,#9397,#9398,#9399,#9400,#9401,#9402,#9403,
#9404,#9405,#9406,#9407,#9408,#9409,#9410,#9411,#9412,#9413,#9414,#9415,
#9416,#9417,#9418,#9419,#9420,#9421,#9422,#9423,#9424,#9425,#9426,#9427,
#9428,#9429,#9430,#9431,#9432,#9433)),.UNSPECIFIED.,.F.,.F.,.F.)
B_SPLINE_SURFACE_WITH_KNOTS((2,2),(3,2,2,2,2,2,2,2,2,2,2,2,2,2,2,2,2,2,
2,2,2,2,2,2,2,2,2,2,2,2,2,2,2,2,2,2,2,2,2,2,2,2,2,2,2,2,2,2,2,2,2,2,2,2,
3),(-3.78507487562185E-5,1.),(0.,0.0185185185185185,0.037037037037037,0.0555555555555556,
0.0740740740740741,0.0925925925925926,0.111111111111111,0.12962962962963,
0.148148148148148,0.166666666666667,0.185185185185185,0.203703703703704,
0.222222222222222,0.240740740740741,0.259259259259259,0.277777777777778,
0.296296296296296,0.314814814814815,0.333333333333333,0.351851851851852,
0.37037037037037,0.388888888888889,0.407407407407407,0.425925925925926,
0.444444444444444,0.462962962962963,0.481481481481481,0.5,0.518518518518518,
0.537037037037037,0.555555555555556,0.574074074074074,0.592592592592593,
0.611111111111111,0.62962962962963,0.648148148148148,0.666666666666667,
0.685185185185185,0.703703703703704,0.722222222222222,0.740740740740741,
0.759259259259259,0.777777777777778,0.796296296296296,0.814814814814815,
0.833333333333333,0.851851851851852,0.87037037037037,0.888888888888889,
0.907407407407407,0.925925925925926,0.944444444444444,0.962962962962963,
0.981481481481482,1.),.UNSPECIFIED.)
GEOMETRIC_REPRESENTATION_ITEM()
RATIONAL_B_SPLINE_SURFACE(((1.,0.866025403784439,1.,0.866025403784439,1.,
0.866025403784439,1.,0.866025403784439,1.,0.866025403784439,1.,0.866025403784439,
1.,0.866025403784439,1.,0.866025403784439,1.,0.866025403784439,1.,0.866025403784439,
1.,0.866025403784439,1.,0.866025403784439,1.,0.866025403784439,1.,0.866025403784439,
1.,0.866025403784439,1.,0.866025403784439,1.,0.866025403784439,1.,0.866025403784439,
1.,0.866025403784439,1.,0.866025403784439,1.,0.866025403784439,1.,0.866025403784439,
1.,0.866025403784439,1.,0.866025403784439,1.,0.866025403784439,1.,0.866025403784439,
1.,0.866025403784439,1.,0.866025403784439,1.,0.866025403784439,1.,0.866025403784439,
1.,0.866025403784439,1.,0.866025403784439,1.,0.866025403784439,1.,0.866025403784439,
1.,0.866025403784439,1.,0.866025403784439,1.,0.866025403784439,1.,0.866025403784439,
1.,0.866025403784439,1.,0.866025403784439,1.,0.866025403784439,1.,0.866025403784439,
1.,0.866025403784439,1.,0.866025403784439,1.,0.866025403784439,1.,0.866025403784439,
1.,0.866025403784439,1.,0.866025403784439,1.,0.866025403784439,1.,0.866025403784439,
1.,0.866025403784439,1.,0.866025403784439,1.,0.866025403784439,1.,0.866025403784439,
1.),(1.,0.866025403784439,1.,0.866025403784439,1.,0.866025403784439,1.,
0.866025403784439,1.,0.866025403784439,1.,0.866025403784439,1.,0.866025403784439,
1.,0.866025403784439,1.,0.866025403784439,1.,0.866025403784439,1.,0.866025403784439,
1.,0.866025403784439,1.,0.866025403784439,1.,0.866025403784439,1.,0.866025403784439,
1.,0.866025403784439,1.,0.866025403784439,1.,0.866025403784439,1.,0.866025403784439,
1.,0.866025403784439,1.,0.866025403784439,1.,0.866025403784439,1.,0.866025403784439,
1.,0.866025403784439,1.,0.866025403784439,1.,0.866025403784439,1.,0.866025403784439,
1.,0.866025403784439,1.,0.866025403784439,1.,0.866025403784439,1.,0.866025403784439,
1.,0.866025403784439,1.,0.866025403784439,1.,0.866025403784439,1.,0.866025403784439,
1.,0.866025403784439,1.,0.866025403784439,1.,0.866025403784439,1.,0.866025403784439,
1.,0.866025403784439,1.,0.866025403784439,1.,0.866025403784439,1.,0.866025403784439,
1.,0.866025403784439,1.,0.866025403784439,1.,0.866025403784439,1.,0.866025403784439,
1.,0.866025403784439,1.,0.866025403784439,1.,0.866025403784439,1.,0.866025403784439,
1.,0.866025403784439,1.,0.866025403784439,1.,0.866025403784439,1.)))
REPRESENTATION_ITEM('')
SURFACE()
);
#132=(
BOUNDED_SURFACE()
B_SPLINE_SURFACE(1,2,((#9434,#9435,#9436,#9437,#9438,#9439,#9440,#9441,
#9442,#9443,#9444,#9445,#9446,#9447,#9448,#9449,#9450,#9451,#9452,#9453,
#9454,#9455,#9456,#9457,#9458,#9459,#9460,#9461,#9462,#9463,#9464,#9465,
#9466,#9467,#9468,#9469,#9470,#9471,#9472,#9473,#9474,#9475,#9476,#9477,
#9478,#9479,#9480,#9481,#9482,#9483,#9484,#9485,#9486,#9487,#9488,#9489,
#9490,#9491,#9492,#9493,#9494,#9495,#9496,#9497,#9498,#9499,#9500,#9501,
#9502,#9503,#9504,#9505,#9506,#9507,#9508,#9509,#9510,#9511,#9512,#9513,
#9514,#9515,#9516,#9517,#9518,#9519,#9520,#9521,#9522,#9523,#9524,#9525,
#9526,#9527,#9528,#9529,#9530,#9531,#9532,#9533,#9534,#9535,#9536,#9537,
#9538,#9539,#9540,#9541,#9542),(#9543,#9544,#9545,#9546,#9547,#9548,#9549,
#9550,#9551,#9552,#9553,#9554,#9555,#9556,#9557,#9558,#9559,#9560,#9561,
#9562,#9563,#9564,#9565,#9566,#9567,#9568,#9569,#9570,#9571,#9572,#9573,
#9574,#9575,#9576,#9577,#9578,#9579,#9580,#9581,#9582,#9583,#9584,#9585,
#9586,#9587,#9588,#9589,#9590,#9591,#9592,#9593,#9594,#9595,#9596,#9597,
#9598,#9599,#9600,#9601,#9602,#9603,#9604,#9605,#9606,#9607,#9608,#9609,
#9610,#9611,#9612,#9613,#9614,#9615,#9616,#9617,#9618,#9619,#9620,#9621,
#9622,#9623,#9624,#9625,#9626,#9627,#9628,#9629,#9630,#9631,#9632,#9633,
#9634,#9635,#9636,#9637,#9638,#9639,#9640,#9641,#9642,#9643,#9644,#9645,
#9646,#9647,#9648,#9649,#9650,#9651)),.UNSPECIFIED.,.F.,.F.,.F.)
B_SPLINE_SURFACE_WITH_KNOTS((2,2),(3,2,2,2,2,2,2,2,2,2,2,2,2,2,2,2,2,2,
2,2,2,2,2,2,2,2,2,2,2,2,2,2,2,2,2,2,2,2,2,2,2,2,2,2,2,2,2,2,2,2,2,2,2,2,
3),(0.,1.00005796457161),(0.,0.0185185185185185,0.037037037037037,0.0555555555555556,
0.0740740740740741,0.0925925925925926,0.111111111111111,0.12962962962963,
0.148148148148148,0.166666666666667,0.185185185185185,0.203703703703704,
0.222222222222222,0.240740740740741,0.259259259259259,0.277777777777778,
0.296296296296296,0.314814814814815,0.333333333333333,0.351851851851852,
0.37037037037037,0.388888888888889,0.407407407407407,0.425925925925926,
0.444444444444444,0.462962962962963,0.481481481481481,0.5,0.518518518518518,
0.537037037037037,0.555555555555556,0.574074074074074,0.592592592592593,
0.611111111111111,0.62962962962963,0.648148148148148,0.666666666666667,
0.685185185185185,0.703703703703704,0.722222222222222,0.740740740740741,
0.759259259259259,0.777777777777778,0.796296296296296,0.814814814814815,
0.833333333333333,0.851851851851852,0.87037037037037,0.888888888888889,
0.907407407407407,0.925925925925926,0.944444444444444,0.962962962962963,
0.981481481481482,1.),.UNSPECIFIED.)
GEOMETRIC_REPRESENTATION_ITEM()
RATIONAL_B_SPLINE_SURFACE(((1.,0.866025403784439,1.,0.866025403784439,1.,
0.866025403784439,1.,0.866025403784439,1.,0.866025403784439,1.,0.866025403784439,
1.,0.866025403784439,1.,0.866025403784439,1.,0.866025403784439,1.,0.866025403784439,
1.,0.866025403784439,1.,0.866025403784439,1.,0.866025403784439,1.,0.866025403784439,
1.,0.866025403784439,1.,0.866025403784439,1.,0.866025403784439,1.,0.866025403784439,
1.,0.866025403784439,1.,0.866025403784439,1.,0.866025403784439,1.,0.866025403784439,
1.,0.866025403784439,1.,0.866025403784439,1.,0.866025403784439,1.,0.866025403784439,
1.,0.866025403784439,1.,0.866025403784439,1.,0.866025403784439,1.,0.866025403784439,
1.,0.866025403784439,1.,0.866025403784439,1.,0.866025403784439,1.,0.866025403784439,
1.,0.866025403784439,1.,0.866025403784439,1.,0.866025403784439,1.,0.866025403784439,
1.,0.866025403784439,1.,0.866025403784439,1.,0.866025403784439,1.,0.866025403784439,
1.,0.866025403784439,1.,0.866025403784439,1.,0.866025403784439,1.,0.866025403784439,
1.,0.866025403784439,1.,0.866025403784439,1.,0.866025403784439,1.,0.866025403784439,
1.,0.866025403784439,1.,0.866025403784439,1.,0.866025403784439,1.,0.866025403784439,
1.),(1.,0.866025403784439,1.,0.866025403784439,1.,0.866025403784439,1.,
0.866025403784439,1.,0.866025403784439,1.,0.866025403784439,1.,0.866025403784439,
1.,0.866025403784439,1.,0.866025403784439,1.,0.866025403784439,1.,0.866025403784439,
1.,0.866025403784439,1.,0.866025403784439,1.,0.866025403784439,1.,0.866025403784439,
1.,0.866025403784439,1.,0.866025403784439,1.,0.866025403784439,1.,0.866025403784439,
1.,0.866025403784439,1.,0.866025403784439,1.,0.866025403784439,1.,0.866025403784439,
1.,0.866025403784439,1.,0.866025403784439,1.,0.866025403784439,1.,0.866025403784439,
1.,0.866025403784439,1.,0.866025403784439,1.,0.866025403784439,1.,0.866025403784439,
1.,0.866025403784439,1.,0.866025403784439,1.,0.866025403784439,1.,0.866025403784439,
1.,0.866025403784439,1.,0.866025403784439,1.,0.866025403784439,1.,0.866025403784439,
1.,0.866025403784439,1.,0.866025403784439,1.,0.866025403784439,1.,0.866025403784439,
1.,0.866025403784439,1.,0.866025403784439,1.,0.866025403784439,1.,0.866025403784439,
1.,0.866025403784439,1.,0.866025403784439,1.,0.866025403784439,1.,0.866025403784439,
1.,0.866025403784439,1.,0.866025403784439,1.,0.866025403784439,1.)))
REPRESENTATION_ITEM('')
SURFACE()
);
#133=(
BOUNDED_CURVE()
B_SPLINE_CURVE(2,(#8807,#8808,#8809),.UNSPECIFIED.,.F.,.F.)
B_SPLINE_CURVE_WITH_KNOTS((3,3),(-1.89565350004896,-1.80473891965206),
 .UNSPECIFIED.)
CURVE()
GEOMETRIC_REPRESENTATION_ITEM()
RATIONAL_B_SPLINE_CURVE((1.08986628810188,1.24449843228756,1.38409171544712))
REPRESENTATION_ITEM('')
);
#134=(
BOUNDED_CURVE()
B_SPLINE_CURVE(2,(#8824,#8825,#8826),.UNSPECIFIED.,.F.,.F.)
B_SPLINE_CURVE_WITH_KNOTS((3,3),(-1.89565350004896,-1.80473891965206),
 .UNSPECIFIED.)
CURVE()
GEOMETRIC_REPRESENTATION_ITEM()
RATIONAL_B_SPLINE_CURVE((1.08986628810188,1.24449843228756,1.38409171544711))
REPRESENTATION_ITEM('')
);
#135=(
BOUNDED_CURVE()
B_SPLINE_CURVE(3,(#8899,#8900,#8901,#8902),.UNSPECIFIED.,.F.,.F.)
B_SPLINE_CURVE_WITH_KNOTS((4,4),(6.27294747999739,6.28318530717959),
 .UNSPECIFIED.)
CURVE()
GEOMETRIC_REPRESENTATION_ITEM()
RATIONAL_B_SPLINE_CURVE((1.,0.999991265593621,0.999991265593621,1.))
REPRESENTATION_ITEM('')
);
#136=(
BOUNDED_CURVE()
B_SPLINE_CURVE(3,(#8963,#8964,#8965,#8966),.UNSPECIFIED.,.F.,.F.)
B_SPLINE_CURVE_WITH_KNOTS((4,4),(3.14159265358979,3.15183048075666),
 .UNSPECIFIED.)
CURVE()
GEOMETRIC_REPRESENTATION_ITEM()
RATIONAL_B_SPLINE_CURVE((1.,0.999991265593648,0.999991265593648,1.))
REPRESENTATION_ITEM('')
);
#137=(
BOUNDED_CURVE()
B_SPLINE_CURVE(3,(#9033,#9034,#9035,#9036),.UNSPECIFIED.,.F.,.F.)
B_SPLINE_CURVE_WITH_KNOTS((4,4),(6.27294747999738,6.28318530717959),
 .UNSPECIFIED.)
CURVE()
GEOMETRIC_REPRESENTATION_ITEM()
RATIONAL_B_SPLINE_CURVE((1.,0.999991265593621,0.999991265593621,1.))
REPRESENTATION_ITEM('')
);
#138=(
BOUNDED_CURVE()
B_SPLINE_CURVE(3,(#9042,#9043,#9044,#9045),.UNSPECIFIED.,.F.,.F.)
B_SPLINE_CURVE_WITH_KNOTS((4,4),(3.14159265358979,3.15183048075666),
 .UNSPECIFIED.)
CURVE()
GEOMETRIC_REPRESENTATION_ITEM()
RATIONAL_B_SPLINE_CURVE((1.,0.999991265593648,0.999991265593648,1.))
REPRESENTATION_ITEM('')
);
#139=(
BOUNDED_CURVE()
B_SPLINE_CURVE(2,(#9065,#9066,#9067),.UNSPECIFIED.,.F.,.F.)
B_SPLINE_CURVE_WITH_KNOTS((3,3),(1.80494568699592,1.89586948956637),
 .UNSPECIFIED.)
CURVE()
GEOMETRIC_REPRESENTATION_ITEM()
RATIONAL_B_SPLINE_CURVE((1.38420640417058,1.24460155402071,1.08995659669335))
REPRESENTATION_ITEM('')
);
#140=(
BOUNDED_CURVE()
B_SPLINE_CURVE(2,(#9092,#9093,#9094),.UNSPECIFIED.,.F.,.F.)
B_SPLINE_CURVE_WITH_KNOTS((3,3),(-0.117005099460719,-0.0260812913714962),
 .UNSPECIFIED.)
CURVE()
GEOMETRIC_REPRESENTATION_ITEM()
RATIONAL_B_SPLINE_CURVE((1.38420647279665,1.24460161572466,1.08995665072935))
REPRESENTATION_ITEM('')
);
#141=PLANE('',#5838);
#142=PLANE('',#5844);
#143=PLANE('',#5850);
#144=PLANE('',#5866);
#145=PLANE('',#5889);
#146=PLANE('',#5897);
#147=PLANE('',#5903);
#148=PLANE('',#5913);
#149=PLANE('',#5929);
#150=PLANE('',#5948);
#151=PLANE('',#5950);
#152=PLANE('',#5951);
#153=PLANE('',#5952);
#154=PLANE('',#5953);
#155=PLANE('',#5954);
#156=PLANE('',#5955);
#157=PLANE('',#5956);
#158=PLANE('',#5957);
#159=PLANE('',#5958);
#160=PLANE('',#5959);
#161=PLANE('',#5960);
#162=PLANE('',#5961);
#163=PLANE('',#5962);
#164=PLANE('',#5963);
#165=PLANE('',#5964);
#166=PLANE('',#5965);
#167=PLANE('',#5966);
#168=PLANE('',#5967);
#169=PLANE('',#5968);
#170=PLANE('',#5969);
#171=PLANE('',#5970);
#172=PLANE('',#5971);
#173=PLANE('',#5975);
#174=PLANE('',#5976);
#175=PLANE('',#5983);
#176=PLANE('',#5986);
#177=PLANE('',#5991);
#178=PLANE('',#5992);
#179=PLANE('',#5996);
#180=PLANE('',#5997);
#181=PLANE('',#6003);
#182=PLANE('',#6008);
#183=PLANE('',#6009);
#184=PLANE('',#6010);
#185=PLANE('',#6011);
#186=PLANE('',#6012);
#187=PLANE('',#6013);
#188=PLANE('',#6014);
#189=PLANE('',#6023);
#190=PLANE('',#6024);
#191=PLANE('',#6025);
#192=PLANE('',#6028);
#193=PLANE('',#6031);
#194=PLANE('',#6032);
#195=PLANE('',#6037);
#196=PLANE('',#6038);
#197=PLANE('',#6043);
#198=PLANE('',#6045);
#199=PLANE('',#6048);
#200=PLANE('',#6049);
#201=PLANE('',#6050);
#202=PLANE('',#6051);
#203=PLANE('',#6052);
#204=PLANE('',#6053);
#205=PLANE('',#6054);
#206=PLANE('',#6055);
#207=PLANE('',#6056);
#208=PLANE('',#6057);
#209=PLANE('',#6066);
#210=PLANE('',#6067);
#211=PLANE('',#6068);
#212=PLANE('',#6071);
#213=PLANE('',#6074);
#214=PLANE('',#6075);
#215=PLANE('',#6080);
#216=PLANE('',#6081);
#217=PLANE('',#6086);
#218=PLANE('',#6088);
#219=PLANE('',#6091);
#220=PLANE('',#6092);
#221=PLANE('',#6093);
#222=PLANE('',#6094);
#223=PLANE('',#6095);
#224=PLANE('',#6096);
#225=PLANE('',#6097);
#226=PLANE('',#6098);
#227=PLANE('',#6099);
#228=PLANE('',#6100);
#229=PLANE('',#6109);
#230=PLANE('',#6110);
#231=PLANE('',#6111);
#232=PLANE('',#6114);
#233=PLANE('',#6117);
#234=PLANE('',#6118);
#235=PLANE('',#6123);
#236=PLANE('',#6124);
#237=PLANE('',#6129);
#238=PLANE('',#6131);
#239=PLANE('',#6134);
#240=PLANE('',#6135);
#241=PLANE('',#6136);
#242=PLANE('',#6137);
#243=PLANE('',#6138);
#244=PLANE('',#6139);
#245=PLANE('',#6140);
#246=PLANE('',#6141);
#247=PLANE('',#6142);
#248=PLANE('',#6143);
#249=PLANE('',#6152);
#250=PLANE('',#6153);
#251=PLANE('',#6154);
#252=PLANE('',#6157);
#253=PLANE('',#6160);
#254=PLANE('',#6161);
#255=PLANE('',#6166);
#256=PLANE('',#6167);
#257=PLANE('',#6172);
#258=PLANE('',#6174);
#259=PLANE('',#6177);
#260=PLANE('',#6178);
#261=PLANE('',#6179);
#262=PLANE('',#6180);
#263=PLANE('',#6181);
#264=PLANE('',#6182);
#265=PLANE('',#6183);
#266=PLANE('',#6184);
#267=PLANE('',#6185);
#268=PLANE('',#6186);
#269=PLANE('',#6187);
#270=PLANE('',#6188);
#271=PLANE('',#6189);
#272=PLANE('',#6190);
#273=PLANE('',#6191);
#274=PLANE('',#6192);
#275=PLANE('',#6193);
#276=PLANE('',#6194);
#277=PLANE('',#6195);
#278=PLANE('',#6196);
#279=PLANE('',#6197);
#280=PLANE('',#6198);
#281=PLANE('',#6199);
#282=PLANE('',#6200);
#283=PLANE('',#6201);
#284=PLANE('',#6202);
#285=PLANE('',#6203);
#286=PLANE('',#6204);
#287=PLANE('',#6205);
#288=PLANE('',#6206);
#289=PLANE('',#6207);
#290=PLANE('',#6208);
#291=PLANE('',#6209);
#292=PLANE('',#6210);
#293=PLANE('',#6211);
#294=PLANE('',#6212);
#295=PLANE('',#6213);
#296=PLANE('',#6214);
#297=PLANE('',#6215);
#298=PLANE('',#6216);
#299=PLANE('',#6217);
#300=PLANE('',#6218);
#301=PLANE('',#6219);
#302=PLANE('',#6220);
#303=PLANE('',#6221);
#304=PLANE('',#6222);
#305=PLANE('',#6223);
#306=PLANE('',#6224);
#307=PLANE('',#6225);
#308=PLANE('',#6226);
#309=PLANE('',#6227);
#310=PLANE('',#6228);
#311=PLANE('',#6229);
#312=PLANE('',#6230);
#313=PLANE('',#6231);
#314=PLANE('',#6232);
#315=PLANE('',#6233);
#316=PLANE('',#6234);
#317=PLANE('',#6235);
#318=PLANE('',#6236);
#319=PLANE('',#6237);
#320=PLANE('',#6238);
#321=PLANE('',#6239);
#322=PLANE('',#6240);
#323=PLANE('',#6241);
#324=PLANE('',#6242);
#325=PLANE('',#6243);
#326=PLANE('',#6244);
#327=PLANE('',#6245);
#328=PLANE('',#6246);
#329=PLANE('',#6247);
#330=PLANE('',#6248);
#331=PLANE('',#6249);
#332=PLANE('',#6250);
#333=PLANE('',#6251);
#334=PLANE('',#6252);
#335=PLANE('',#6253);
#336=PLANE('',#6254);
#337=PLANE('',#6255);
#338=PLANE('',#6256);
#339=PLANE('',#6257);
#340=PLANE('',#6258);
#341=PLANE('',#6259);
#342=PLANE('',#6260);
#343=PLANE('',#6261);
#344=PLANE('',#6262);
#345=PLANE('',#6263);
#346=PLANE('',#6264);
#347=PLANE('',#6265);
#348=PLANE('',#6266);
#349=PLANE('',#6267);
#350=PLANE('',#6268);
#351=PLANE('',#6269);
#352=PLANE('',#6270);
#353=PLANE('',#6271);
#354=PLANE('',#6272);
#355=PLANE('',#6273);
#356=PLANE('',#6274);
#357=PLANE('',#6275);
#358=PLANE('',#6276);
#359=PLANE('',#6277);
#360=PLANE('',#6278);
#361=PLANE('',#6279);
#362=PLANE('',#6280);
#363=PLANE('',#6281);
#364=PLANE('',#6282);
#365=CONICAL_SURFACE('',#5819,2.,0.78539816339745);
#366=CONICAL_SURFACE('',#5820,1.9492,0.78539816339745);
#367=CONICAL_SURFACE('',#5822,4.30747227107935,0.698131700797725);
#368=CONICAL_SURFACE('',#5826,1.9492,0.78539816339745);
#369=CONICAL_SURFACE('',#5828,2.,0.78539816339745);
#370=CONICAL_SURFACE('',#5830,4.5,0.0872664625997167);
#371=CONICAL_SURFACE('',#5896,4.45133880534688,0.42555935986204);
#372=CONICAL_SURFACE('',#5949,4.45133880534688,0.42555935986204);
#373=FACE_OUTER_BOUND('',#704,.T.);
#374=FACE_OUTER_BOUND('',#705,.T.);
#375=FACE_OUTER_BOUND('',#706,.T.);
#376=FACE_OUTER_BOUND('',#707,.T.);
#377=FACE_OUTER_BOUND('',#708,.T.);
#378=FACE_OUTER_BOUND('',#709,.T.);
#379=FACE_OUTER_BOUND('',#710,.T.);
#380=FACE_OUTER_BOUND('',#711,.T.);
#381=FACE_OUTER_BOUND('',#712,.T.);
#382=FACE_OUTER_BOUND('',#713,.T.);
#383=FACE_OUTER_BOUND('',#714,.T.);
#384=FACE_OUTER_BOUND('',#715,.T.);
#385=FACE_OUTER_BOUND('',#716,.T.);
#386=FACE_OUTER_BOUND('',#717,.T.);
#387=FACE_OUTER_BOUND('',#718,.T.);
#388=FACE_OUTER_BOUND('',#719,.T.);
#389=FACE_OUTER_BOUND('',#720,.T.);
#390=FACE_OUTER_BOUND('',#721,.T.);
#391=FACE_OUTER_BOUND('',#722,.T.);
#392=FACE_OUTER_BOUND('',#723,.T.);
#393=FACE_OUTER_BOUND('',#724,.T.);
#394=FACE_OUTER_BOUND('',#725,.T.);
#395=FACE_OUTER_BOUND('',#726,.T.);
#396=FACE_OUTER_BOUND('',#727,.T.);
#397=FACE_OUTER_BOUND('',#728,.T.);
#398=FACE_OUTER_BOUND('',#729,.T.);
#399=FACE_OUTER_BOUND('',#730,.T.);
#400=FACE_OUTER_BOUND('',#731,.T.);
#401=FACE_OUTER_BOUND('',#732,.T.);
#402=FACE_OUTER_BOUND('',#733,.T.);
#403=FACE_OUTER_BOUND('',#734,.T.);
#404=FACE_OUTER_BOUND('',#735,.T.);
#405=FACE_OUTER_BOUND('',#736,.T.);
#406=FACE_OUTER_BOUND('',#737,.T.);
#407=FACE_OUTER_BOUND('',#738,.T.);
#408=FACE_OUTER_BOUND('',#739,.T.);
#409=FACE_OUTER_BOUND('',#740,.T.);
#410=FACE_OUTER_BOUND('',#741,.T.);
#411=FACE_OUTER_BOUND('',#742,.T.);
#412=FACE_OUTER_BOUND('',#743,.T.);
#413=FACE_OUTER_BOUND('',#744,.T.);
#414=FACE_OUTER_BOUND('',#745,.T.);
#415=FACE_OUTER_BOUND('',#747,.T.);
#416=FACE_OUTER_BOUND('',#748,.T.);
#417=FACE_OUTER_BOUND('',#749,.T.);
#418=FACE_OUTER_BOUND('',#750,.T.);
#419=FACE_OUTER_BOUND('',#751,.T.);
#420=FACE_OUTER_BOUND('',#752,.T.);
#421=FACE_OUTER_BOUND('',#753,.T.);
#422=FACE_OUTER_BOUND('',#754,.T.);
#423=FACE_OUTER_BOUND('',#755,.T.);
#424=FACE_OUTER_BOUND('',#756,.T.);
#425=FACE_OUTER_BOUND('',#757,.T.);
#426=FACE_OUTER_BOUND('',#758,.T.);
#427=FACE_OUTER_BOUND('',#759,.T.);
#428=FACE_OUTER_BOUND('',#760,.T.);
#429=FACE_OUTER_BOUND('',#761,.T.);
#430=FACE_OUTER_BOUND('',#762,.T.);
#431=FACE_OUTER_BOUND('',#763,.T.);
#432=FACE_OUTER_BOUND('',#764,.T.);
#433=FACE_OUTER_BOUND('',#765,.T.);
#434=FACE_OUTER_BOUND('',#766,.T.);
#435=FACE_OUTER_BOUND('',#767,.T.);
#436=FACE_OUTER_BOUND('',#768,.T.);
#437=FACE_OUTER_BOUND('',#769,.T.);
#438=FACE_OUTER_BOUND('',#770,.T.);
#439=FACE_OUTER_BOUND('',#771,.T.);
#440=FACE_OUTER_BOUND('',#772,.T.);
#441=FACE_OUTER_BOUND('',#773,.T.);
#442=FACE_OUTER_BOUND('',#774,.T.);
#443=FACE_OUTER_BOUND('',#775,.T.);
#444=FACE_OUTER_BOUND('',#777,.T.);
#445=FACE_OUTER_BOUND('',#778,.T.);
#446=FACE_OUTER_BOUND('',#779,.T.);
#447=FACE_OUTER_BOUND('',#780,.T.);
#448=FACE_OUTER_BOUND('',#781,.T.);
#449=FACE_OUTER_BOUND('',#782,.T.);
#450=FACE_OUTER_BOUND('',#783,.T.);
#451=FACE_OUTER_BOUND('',#784,.T.);
#452=FACE_OUTER_BOUND('',#785,.T.);
#453=FACE_OUTER_BOUND('',#786,.T.);
#454=FACE_OUTER_BOUND('',#788,.T.);
#455=FACE_OUTER_BOUND('',#790,.T.);
#456=FACE_OUTER_BOUND('',#791,.T.);
#457=FACE_OUTER_BOUND('',#792,.T.);
#458=FACE_OUTER_BOUND('',#793,.T.);
#459=FACE_OUTER_BOUND('',#794,.T.);
#460=FACE_OUTER_BOUND('',#795,.T.);
#461=FACE_OUTER_BOUND('',#796,.T.);
#462=FACE_OUTER_BOUND('',#797,.T.);
#463=FACE_OUTER_BOUND('',#798,.T.);
#464=FACE_OUTER_BOUND('',#799,.T.);
#465=FACE_OUTER_BOUND('',#800,.T.);
#466=FACE_OUTER_BOUND('',#801,.T.);
#467=FACE_OUTER_BOUND('',#802,.T.);
#468=FACE_OUTER_BOUND('',#803,.T.);
#469=FACE_OUTER_BOUND('',#804,.T.);
#470=FACE_OUTER_BOUND('',#806,.T.);
#471=FACE_OUTER_BOUND('',#807,.T.);
#472=FACE_OUTER_BOUND('',#808,.T.);
#473=FACE_OUTER_BOUND('',#809,.T.);
#474=FACE_OUTER_BOUND('',#810,.T.);
#475=FACE_OUTER_BOUND('',#811,.T.);
#476=FACE_OUTER_BOUND('',#812,.T.);
#477=FACE_OUTER_BOUND('',#813,.T.);
#478=FACE_OUTER_BOUND('',#815,.T.);
#479=FACE_OUTER_BOUND('',#816,.T.);
#480=FACE_OUTER_BOUND('',#817,.T.);
#481=FACE_OUTER_BOUND('',#819,.T.);
#482=FACE_OUTER_BOUND('',#820,.T.);
#483=FACE_OUTER_BOUND('',#821,.T.);
#484=FACE_OUTER_BOUND('',#822,.T.);
#485=FACE_OUTER_BOUND('',#823,.T.);
#486=FACE_OUTER_BOUND('',#824,.T.);
#487=FACE_OUTER_BOUND('',#825,.T.);
#488=FACE_OUTER_BOUND('',#826,.T.);
#489=FACE_OUTER_BOUND('',#827,.T.);
#490=FACE_OUTER_BOUND('',#828,.T.);
#491=FACE_OUTER_BOUND('',#829,.T.);
#492=FACE_OUTER_BOUND('',#831,.T.);
#493=FACE_OUTER_BOUND('',#832,.T.);
#494=FACE_OUTER_BOUND('',#833,.T.);
#495=FACE_OUTER_BOUND('',#834,.T.);
#496=FACE_OUTER_BOUND('',#835,.T.);
#497=FACE_OUTER_BOUND('',#836,.T.);
#498=FACE_OUTER_BOUND('',#837,.T.);
#499=FACE_OUTER_BOUND('',#838,.T.);
#500=FACE_OUTER_BOUND('',#839,.T.);
#501=FACE_OUTER_BOUND('',#840,.T.);
#502=FACE_OUTER_BOUND('',#841,.T.);
#503=FACE_OUTER_BOUND('',#842,.T.);
#504=FACE_OUTER_BOUND('',#843,.T.);
#505=FACE_OUTER_BOUND('',#844,.T.);
#506=FACE_OUTER_BOUND('',#846,.T.);
#507=FACE_OUTER_BOUND('',#847,.T.);
#508=FACE_OUTER_BOUND('',#849,.T.);
#509=FACE_OUTER_BOUND('',#850,.T.);
#510=FACE_OUTER_BOUND('',#851,.T.);
#511=FACE_OUTER_BOUND('',#852,.T.);
#512=FACE_OUTER_BOUND('',#853,.T.);
#513=FACE_OUTER_BOUND('',#854,.T.);
#514=FACE_OUTER_BOUND('',#855,.T.);
#515=FACE_OUTER_BOUND('',#856,.T.);
#516=FACE_OUTER_BOUND('',#857,.T.);
#517=FACE_OUTER_BOUND('',#858,.T.);
#518=FACE_OUTER_BOUND('',#859,.T.);
#519=FACE_OUTER_BOUND('',#860,.T.);
#520=FACE_OUTER_BOUND('',#861,.T.);
#521=FACE_OUTER_BOUND('',#862,.T.);
#522=FACE_OUTER_BOUND('',#863,.T.);
#523=FACE_OUTER_BOUND('',#864,.T.);
#524=FACE_OUTER_BOUND('',#865,.T.);
#525=FACE_OUTER_BOUND('',#866,.T.);
#526=FACE_OUTER_BOUND('',#867,.T.);
#527=FACE_OUTER_BOUND('',#868,.T.);
#528=FACE_OUTER_BOUND('',#869,.T.);
#529=FACE_OUTER_BOUND('',#870,.T.);
#530=FACE_OUTER_BOUND('',#871,.T.);
#531=FACE_OUTER_BOUND('',#872,.T.);
#532=FACE_OUTER_BOUND('',#873,.T.);
#533=FACE_OUTER_BOUND('',#874,.T.);
#534=FACE_OUTER_BOUND('',#875,.T.);
#535=FACE_OUTER_BOUND('',#877,.T.);
#536=FACE_OUTER_BOUND('',#878,.T.);
#537=FACE_OUTER_BOUND('',#880,.T.);
#538=FACE_OUTER_BOUND('',#881,.T.);
#539=FACE_OUTER_BOUND('',#882,.T.);
#540=FACE_OUTER_BOUND('',#883,.T.);
#541=FACE_OUTER_BOUND('',#884,.T.);
#542=FACE_OUTER_BOUND('',#885,.T.);
#543=FACE_OUTER_BOUND('',#886,.T.);
#544=FACE_OUTER_BOUND('',#887,.T.);
#545=FACE_OUTER_BOUND('',#888,.T.);
#546=FACE_OUTER_BOUND('',#889,.T.);
#547=FACE_OUTER_BOUND('',#890,.T.);
#548=FACE_OUTER_BOUND('',#891,.T.);
#549=FACE_OUTER_BOUND('',#892,.T.);
#550=FACE_OUTER_BOUND('',#893,.T.);
#551=FACE_OUTER_BOUND('',#894,.T.);
#552=FACE_OUTER_BOUND('',#895,.T.);
#553=FACE_OUTER_BOUND('',#896,.T.);
#554=FACE_OUTER_BOUND('',#897,.T.);
#555=FACE_OUTER_BOUND('',#898,.T.);
#556=FACE_OUTER_BOUND('',#899,.T.);
#557=FACE_OUTER_BOUND('',#900,.T.);
#558=FACE_OUTER_BOUND('',#901,.T.);
#559=FACE_OUTER_BOUND('',#902,.T.);
#560=FACE_OUTER_BOUND('',#903,.T.);
#561=FACE_OUTER_BOUND('',#904,.T.);
#562=FACE_OUTER_BOUND('',#905,.T.);
#563=FACE_OUTER_BOUND('',#906,.T.);
#564=FACE_OUTER_BOUND('',#908,.T.);
#565=FACE_OUTER_BOUND('',#909,.T.);
#566=FACE_OUTER_BOUND('',#911,.T.);
#567=FACE_OUTER_BOUND('',#912,.T.);
#568=FACE_OUTER_BOUND('',#913,.T.);
#569=FACE_OUTER_BOUND('',#914,.T.);
#570=FACE_OUTER_BOUND('',#915,.T.);
#571=FACE_OUTER_BOUND('',#916,.T.);
#572=FACE_OUTER_BOUND('',#917,.T.);
#573=FACE_OUTER_BOUND('',#918,.T.);
#574=FACE_OUTER_BOUND('',#919,.T.);
#575=FACE_OUTER_BOUND('',#920,.T.);
#576=FACE_OUTER_BOUND('',#921,.T.);
#577=FACE_OUTER_BOUND('',#922,.T.);
#578=FACE_OUTER_BOUND('',#923,.T.);
#579=FACE_OUTER_BOUND('',#924,.T.);
#580=FACE_OUTER_BOUND('',#925,.T.);
#581=FACE_OUTER_BOUND('',#926,.T.);
#582=FACE_OUTER_BOUND('',#927,.T.);
#583=FACE_OUTER_BOUND('',#928,.T.);
#584=FACE_OUTER_BOUND('',#929,.T.);
#585=FACE_OUTER_BOUND('',#930,.T.);
#586=FACE_OUTER_BOUND('',#931,.T.);
#587=FACE_OUTER_BOUND('',#932,.T.);
#588=FACE_OUTER_BOUND('',#933,.T.);
#589=FACE_OUTER_BOUND('',#934,.T.);
#590=FACE_OUTER_BOUND('',#935,.T.);
#591=FACE_OUTER_BOUND('',#936,.T.);
#592=FACE_OUTER_BOUND('',#937,.T.);
#593=FACE_OUTER_BOUND('',#939,.T.);
#594=FACE_OUTER_BOUND('',#940,.T.);
#595=FACE_OUTER_BOUND('',#942,.T.);
#596=FACE_OUTER_BOUND('',#943,.T.);
#597=FACE_OUTER_BOUND('',#944,.T.);
#598=FACE_OUTER_BOUND('',#945,.T.);
#599=FACE_OUTER_BOUND('',#946,.T.);
#600=FACE_OUTER_BOUND('',#947,.T.);
#601=FACE_OUTER_BOUND('',#948,.T.);
#602=FACE_OUTER_BOUND('',#949,.T.);
#603=FACE_OUTER_BOUND('',#950,.T.);
#604=FACE_OUTER_BOUND('',#951,.T.);
#605=FACE_OUTER_BOUND('',#952,.T.);
#606=FACE_OUTER_BOUND('',#953,.T.);
#607=FACE_OUTER_BOUND('',#954,.T.);
#608=FACE_OUTER_BOUND('',#955,.T.);
#609=FACE_OUTER_BOUND('',#956,.T.);
#610=FACE_OUTER_BOUND('',#957,.T.);
#611=FACE_OUTER_BOUND('',#958,.T.);
#612=FACE_OUTER_BOUND('',#959,.T.);
#613=FACE_OUTER_BOUND('',#960,.T.);
#614=FACE_OUTER_BOUND('',#961,.T.);
#615=FACE_OUTER_BOUND('',#962,.T.);
#616=FACE_OUTER_BOUND('',#963,.T.);
#617=FACE_OUTER_BOUND('',#964,.T.);
#618=FACE_OUTER_BOUND('',#965,.T.);
#619=FACE_OUTER_BOUND('',#966,.T.);
#620=FACE_OUTER_BOUND('',#967,.T.);
#621=FACE_OUTER_BOUND('',#968,.T.);
#622=FACE_OUTER_BOUND('',#969,.T.);
#623=FACE_OUTER_BOUND('',#970,.T.);
#624=FACE_OUTER_BOUND('',#971,.T.);
#625=FACE_OUTER_BOUND('',#972,.T.);
#626=FACE_OUTER_BOUND('',#973,.T.);
#627=FACE_OUTER_BOUND('',#974,.T.);
#628=FACE_OUTER_BOUND('',#975,.T.);
#629=FACE_OUTER_BOUND('',#976,.T.);
#630=FACE_OUTER_BOUND('',#977,.T.);
#631=FACE_OUTER_BOUND('',#978,.T.);
#632=FACE_OUTER_BOUND('',#979,.T.);
#633=FACE_OUTER_BOUND('',#980,.T.);
#634=FACE_OUTER_BOUND('',#981,.T.);
#635=FACE_OUTER_BOUND('',#982,.T.);
#636=FACE_OUTER_BOUND('',#983,.T.);
#637=FACE_OUTER_BOUND('',#984,.T.);
#638=FACE_OUTER_BOUND('',#985,.T.);
#639=FACE_OUTER_BOUND('',#986,.T.);
#640=FACE_OUTER_BOUND('',#987,.T.);
#641=FACE_OUTER_BOUND('',#988,.T.);
#642=FACE_OUTER_BOUND('',#989,.T.);
#643=FACE_OUTER_BOUND('',#990,.T.);
#644=FACE_OUTER_BOUND('',#991,.T.);
#645=FACE_OUTER_BOUND('',#992,.T.);
#646=FACE_OUTER_BOUND('',#993,.T.);
#647=FACE_OUTER_BOUND('',#994,.T.);
#648=FACE_OUTER_BOUND('',#995,.T.);
#649=FACE_OUTER_BOUND('',#996,.T.);
#650=FACE_OUTER_BOUND('',#997,.T.);
#651=FACE_OUTER_BOUND('',#998,.T.);
#652=FACE_OUTER_BOUND('',#999,.T.);
#653=FACE_OUTER_BOUND('',#1000,.T.);
#654=FACE_OUTER_BOUND('',#1001,.T.);
#655=FACE_OUTER_BOUND('',#1002,.T.);
#656=FACE_OUTER_BOUND('',#1003,.T.);
#657=FACE_OUTER_BOUND('',#1004,.T.);
#658=FACE_OUTER_BOUND('',#1005,.T.);
#659=FACE_OUTER_BOUND('',#1006,.T.);
#660=FACE_OUTER_BOUND('',#1007,.T.);
#661=FACE_OUTER_BOUND('',#1008,.T.);
#662=FACE_OUTER_BOUND('',#1009,.T.);
#663=FACE_OUTER_BOUND('',#1010,.T.);
#664=FACE_OUTER_BOUND('',#1011,.T.);
#665=FACE_OUTER_BOUND('',#1012,.T.);
#666=FACE_OUTER_BOUND('',#1013,.T.);
#667=FACE_OUTER_BOUND('',#1014,.T.);
#668=FACE_OUTER_BOUND('',#1015,.T.);
#669=FACE_OUTER_BOUND('',#1016,.T.);
#670=FACE_OUTER_BOUND('',#1017,.T.);
#671=FACE_OUTER_BOUND('',#1018,.T.);
#672=FACE_OUTER_BOUND('',#1019,.T.);
#673=FACE_OUTER_BOUND('',#1020,.T.);
#674=FACE_OUTER_BOUND('',#1021,.T.);
#675=FACE_OUTER_BOUND('',#1022,.T.);
#676=FACE_OUTER_BOUND('',#1023,.T.);
#677=FACE_OUTER_BOUND('',#1024,.T.);
#678=FACE_OUTER_BOUND('',#1025,.T.);
#679=FACE_OUTER_BOUND('',#1026,.T.);
#680=FACE_OUTER_BOUND('',#1027,.T.);
#681=FACE_OUTER_BOUND('',#1028,.T.);
#682=FACE_OUTER_BOUND('',#1029,.T.);
#683=FACE_OUTER_BOUND('',#1030,.T.);
#684=FACE_OUTER_BOUND('',#1031,.T.);
#685=FACE_OUTER_BOUND('',#1032,.T.);
#686=FACE_OUTER_BOUND('',#1033,.T.);
#687=FACE_OUTER_BOUND('',#1034,.T.);
#688=FACE_OUTER_BOUND('',#1035,.T.);
#689=FACE_OUTER_BOUND('',#1036,.T.);
#690=FACE_OUTER_BOUND('',#1037,.T.);
#691=FACE_OUTER_BOUND('',#1038,.T.);
#692=FACE_OUTER_BOUND('',#1039,.T.);
#693=FACE_OUTER_BOUND('',#1040,.T.);
#694=FACE_OUTER_BOUND('',#1041,.T.);
#695=FACE_OUTER_BOUND('',#1042,.T.);
#696=FACE_OUTER_BOUND('',#1043,.T.);
#697=FACE_OUTER_BOUND('',#1044,.T.);
#698=FACE_OUTER_BOUND('',#1045,.T.);
#699=FACE_OUTER_BOUND('',#1046,.T.);
#700=FACE_OUTER_BOUND('',#1047,.T.);
#701=FACE_OUTER_BOUND('',#1048,.T.);
#702=FACE_OUTER_BOUND('',#1049,.T.);
#703=FACE_OUTER_BOUND('',#1050,.T.);
#704=EDGE_LOOP('',(#3751,#3752,#3753,#3754));
#705=EDGE_LOOP('',(#3755,#3756,#3757,#3758));
#706=EDGE_LOOP('',(#3759,#3760,#3761,#3762));
#707=EDGE_LOOP('',(#3763,#3764,#3765,#3766));
#708=EDGE_LOOP('',(#3767,#3768,#3769));
#709=EDGE_LOOP('',(#3770,#3771,#3772,#3773));
#710=EDGE_LOOP('',(#3774,#3775,#3776,#3777));
#711=EDGE_LOOP('',(#3778,#3779,#3780,#3781));
#712=EDGE_LOOP('',(#3782,#3783,#3784,#3785));
#713=EDGE_LOOP('',(#3786,#3787,#3788,#3789));
#714=EDGE_LOOP('',(#3790,#3791,#3792,#3793));
#715=EDGE_LOOP('',(#3794,#3795,#3796,#3797,#3798));
#716=EDGE_LOOP('',(#3799,#3800,#3801,#3802,#3803));
#717=EDGE_LOOP('',(#3804,#3805,#3806));
#718=EDGE_LOOP('',(#3807,#3808,#3809,#3810));
#719=EDGE_LOOP('',(#3811,#3812,#3813,#3814,#3815,#3816,#3817,#3818,#3819,
#3820,#3821,#3822,#3823));
#720=EDGE_LOOP('',(#3824,#3825,#3826,#3827));
#721=EDGE_LOOP('',(#3828,#3829,#3830,#3831));
#722=EDGE_LOOP('',(#3832,#3833,#3834,#3835,#3836,#3837,#3838,#3839));
#723=EDGE_LOOP('',(#3840,#3841,#3842,#3843,#3844,#3845,#3846,#3847));
#724=EDGE_LOOP('',(#3848,#3849,#3850,#3851,#3852));
#725=EDGE_LOOP('',(#3853,#3854,#3855,#3856));
#726=EDGE_LOOP('',(#3857,#3858,#3859,#3860));
#727=EDGE_LOOP('',(#3861,#3862,#3863,#3864));
#728=EDGE_LOOP('',(#3865,#3866,#3867,#3868));
#729=EDGE_LOOP('',(#3869,#3870,#3871,#3872));
#730=EDGE_LOOP('',(#3873,#3874,#3875,#3876,#3877,#3878));
#731=EDGE_LOOP('',(#3879,#3880,#3881,#3882,#3883,#3884));
#732=EDGE_LOOP('',(#3885,#3886,#3887,#3888));
#733=EDGE_LOOP('',(#3889,#3890,#3891,#3892));
#734=EDGE_LOOP('',(#3893,#3894,#3895,#3896));
#735=EDGE_LOOP('',(#3897,#3898,#3899,#3900));
#736=EDGE_LOOP('',(#3901,#3902,#3903,#3904));
#737=EDGE_LOOP('',(#3905,#3906,#3907,#3908,#3909));
#738=EDGE_LOOP('',(#3910,#3911,#3912,#3913,#3914,#3915));
#739=EDGE_LOOP('',(#3916,#3917,#3918,#3919));
#740=EDGE_LOOP('',(#3920,#3921,#3922,#3923));
#741=EDGE_LOOP('',(#3924,#3925,#3926,#3927));
#742=EDGE_LOOP('',(#3928,#3929,#3930,#3931));
#743=EDGE_LOOP('',(#3932,#3933,#3934,#3935));
#744=EDGE_LOOP('',(#3936,#3937,#3938,#3939,#3940));
#745=EDGE_LOOP('',(#3941,#3942,#3943,#3944));
#746=EDGE_LOOP('',(#3945,#3946,#3947,#3948,#3949));
#747=EDGE_LOOP('',(#3950,#3951,#3952,#3953,#3954,#3955,#3956,#3957));
#748=EDGE_LOOP('',(#3958,#3959,#3960,#3961,#3962,#3963,#3964,#3965));
#749=EDGE_LOOP('',(#3966,#3967,#3968,#3969,#3970,#3971,#3972,#3973));
#750=EDGE_LOOP('',(#3974,#3975,#3976,#3977,#3978,#3979,#3980,#3981));
#751=EDGE_LOOP('',(#3982,#3983,#3984,#3985,#3986,#3987,#3988,#3989));
#752=EDGE_LOOP('',(#3990,#3991,#3992,#3993,#3994,#3995));
#753=EDGE_LOOP('',(#3996,#3997,#3998,#3999,#4000,#4001));
#754=EDGE_LOOP('',(#4002,#4003,#4004,#4005));
#755=EDGE_LOOP('',(#4006,#4007,#4008,#4009));
#756=EDGE_LOOP('',(#4010,#4011,#4012,#4013));
#757=EDGE_LOOP('',(#4014,#4015,#4016,#4017));
#758=EDGE_LOOP('',(#4018,#4019,#4020,#4021));
#759=EDGE_LOOP('',(#4022,#4023,#4024,#4025));
#760=EDGE_LOOP('',(#4026,#4027,#4028,#4029,#4030,#4031));
#761=EDGE_LOOP('',(#4032,#4033,#4034,#4035));
#762=EDGE_LOOP('',(#4036,#4037,#4038,#4039));
#763=EDGE_LOOP('',(#4040,#4041,#4042,#4043));
#764=EDGE_LOOP('',(#4044,#4045,#4046,#4047));
#765=EDGE_LOOP('',(#4048,#4049,#4050,#4051));
#766=EDGE_LOOP('',(#4052,#4053,#4054,#4055,#4056));
#767=EDGE_LOOP('',(#4057,#4058,#4059,#4060));
#768=EDGE_LOOP('',(#4061,#4062,#4063,#4064));
#769=EDGE_LOOP('',(#4065,#4066,#4067,#4068));
#770=EDGE_LOOP('',(#4069,#4070,#4071,#4072));
#771=EDGE_LOOP('',(#4073,#4074,#4075,#4076));
#772=EDGE_LOOP('',(#4077,#4078,#4079,#4080,#4081));
#773=EDGE_LOOP('',(#4082,#4083,#4084,#4085,#4086,#4087,#4088,#4089,#4090,
#4091,#4092,#4093,#4094,#4095,#4096));
#774=EDGE_LOOP('',(#4097,#4098,#4099,#4100,#4101,#4102,#4103,#4104,#4105,
#4106,#4107,#4108,#4109,#4110,#4111,#4112,#4113));
#775=EDGE_LOOP('',(#4114));
#776=EDGE_LOOP('',(#4115,#4116));
#777=EDGE_LOOP('',(#4117,#4118,#4119,#4120,#4121,#4122,#4123,#4124));
#778=EDGE_LOOP('',(#4125,#4126,#4127,#4128));
#779=EDGE_LOOP('',(#4129,#4130,#4131,#4132));
#780=EDGE_LOOP('',(#4133,#4134,#4135,#4136));
#781=EDGE_LOOP('',(#4137,#4138,#4139,#4140));
#782=EDGE_LOOP('',(#4141,#4142,#4143,#4144));
#783=EDGE_LOOP('',(#4145,#4146,#4147,#4148));
#784=EDGE_LOOP('',(#4149,#4150,#4151,#4152));
#785=EDGE_LOOP('',(#4153,#4154,#4155,#4156));
#786=EDGE_LOOP('',(#4157,#4158,#4159,#4160));
#787=EDGE_LOOP('',(#4161,#4162,#4163,#4164));
#788=EDGE_LOOP('',(#4165,#4166,#4167,#4168));
#789=EDGE_LOOP('',(#4169,#4170,#4171,#4172));
#790=EDGE_LOOP('',(#4173,#4174,#4175,#4176));
#791=EDGE_LOOP('',(#4177,#4178,#4179,#4180));
#792=EDGE_LOOP('',(#4181,#4182,#4183,#4184));
#793=EDGE_LOOP('',(#4185,#4186,#4187,#4188));
#794=EDGE_LOOP('',(#4189,#4190,#4191,#4192));
#795=EDGE_LOOP('',(#4193,#4194,#4195,#4196));
#796=EDGE_LOOP('',(#4197,#4198,#4199,#4200));
#797=EDGE_LOOP('',(#4201,#4202,#4203,#4204));
#798=EDGE_LOOP('',(#4205,#4206,#4207,#4208));
#799=EDGE_LOOP('',(#4209,#4210,#4211,#4212));
#800=EDGE_LOOP('',(#4213,#4214,#4215,#4216));
#801=EDGE_LOOP('',(#4217,#4218,#4219,#4220));
#802=EDGE_LOOP('',(#4221,#4222,#4223,#4224));
#803=EDGE_LOOP('',(#4225,#4226,#4227,#4228));
#804=EDGE_LOOP('',(#4229,#4230,#4231,#4232,#4233,#4234,#4235,#4236));
#805=EDGE_LOOP('',(#4237));
#806=EDGE_LOOP('',(#4238,#4239,#4240,#4241));
#807=EDGE_LOOP('',(#4242,#4243,#4244,#4245));
#808=EDGE_LOOP('',(#4246,#4247,#4248,#4249));
#809=EDGE_LOOP('',(#4250,#4251,#4252,#4253));
#810=EDGE_LOOP('',(#4254,#4255,#4256,#4257));
#811=EDGE_LOOP('',(#4258,#4259,#4260,#4261));
#812=EDGE_LOOP('',(#4262,#4263,#4264,#4265));
#813=EDGE_LOOP('',(#4266,#4267,#4268,#4269,#4270,#4271,#4272,#4273));
#814=EDGE_LOOP('',(#4274));
#815=EDGE_LOOP('',(#4275,#4276,#4277,#4278));
#816=EDGE_LOOP('',(#4279,#4280,#4281,#4282));
#817=EDGE_LOOP('',(#4283,#4284,#4285,#4286,#4287,#4288,#4289,#4290));
#818=EDGE_LOOP('',(#4291,#4292,#4293,#4294));
#819=EDGE_LOOP('',(#4295,#4296,#4297,#4298));
#820=EDGE_LOOP('',(#4299,#4300,#4301,#4302));
#821=EDGE_LOOP('',(#4303,#4304,#4305,#4306));
#822=EDGE_LOOP('',(#4307,#4308,#4309,#4310));
#823=EDGE_LOOP('',(#4311,#4312,#4313,#4314));
#824=EDGE_LOOP('',(#4315,#4316,#4317,#4318));
#825=EDGE_LOOP('',(#4319,#4320,#4321,#4322));
#826=EDGE_LOOP('',(#4323,#4324,#4325,#4326));
#827=EDGE_LOOP('',(#4327,#4328,#4329,#4330));
#828=EDGE_LOOP('',(#4331,#4332,#4333,#4334));
#829=EDGE_LOOP('',(#4335,#4336,#4337,#4338,#4339,#4340,#4341,#4342));
#830=EDGE_LOOP('',(#4343,#4344,#4345,#4346));
#831=EDGE_LOOP('',(#4347,#4348,#4349,#4350));
#832=EDGE_LOOP('',(#4351,#4352,#4353,#4354));
#833=EDGE_LOOP('',(#4355,#4356,#4357,#4358));
#834=EDGE_LOOP('',(#4359,#4360,#4361,#4362));
#835=EDGE_LOOP('',(#4363,#4364,#4365,#4366));
#836=EDGE_LOOP('',(#4367,#4368,#4369,#4370));
#837=EDGE_LOOP('',(#4371,#4372,#4373,#4374,#4375,#4376));
#838=EDGE_LOOP('',(#4377,#4378,#4379,#4380,#4381,#4382,#4383,#4384));
#839=EDGE_LOOP('',(#4385,#4386,#4387,#4388));
#840=EDGE_LOOP('',(#4389,#4390,#4391,#4392));
#841=EDGE_LOOP('',(#4393,#4394,#4395,#4396,#4397,#4398));
#842=EDGE_LOOP('',(#4399,#4400,#4401,#4402));
#843=EDGE_LOOP('',(#4403,#4404,#4405,#4406));
#844=EDGE_LOOP('',(#4407,#4408,#4409,#4410,#4411,#4412));
#845=EDGE_LOOP('',(#4413));
#846=EDGE_LOOP('',(#4414,#4415,#4416,#4417));
#847=EDGE_LOOP('',(#4418,#4419,#4420,#4421,#4422,#4423));
#848=EDGE_LOOP('',(#4424));
#849=EDGE_LOOP('',(#4425,#4426,#4427,#4428,#4429,#4430,#4431,#4432));
#850=EDGE_LOOP('',(#4433,#4434,#4435,#4436));
#851=EDGE_LOOP('',(#4437,#4438,#4439,#4440));
#852=EDGE_LOOP('',(#4441,#4442,#4443,#4444));
#853=EDGE_LOOP('',(#4445,#4446,#4447,#4448));
#854=EDGE_LOOP('',(#4449,#4450,#4451,#4452));
#855=EDGE_LOOP('',(#4453,#4454,#4455,#4456));
#856=EDGE_LOOP('',(#4457,#4458,#4459,#4460));
#857=EDGE_LOOP('',(#4461,#4462,#4463,#4464));
#858=EDGE_LOOP('',(#4465,#4466,#4467,#4468));
#859=EDGE_LOOP('',(#4469,#4470,#4471,#4472));
#860=EDGE_LOOP('',(#4473,#4474,#4475,#4476));
#861=EDGE_LOOP('',(#4477,#4478,#4479,#4480));
#862=EDGE_LOOP('',(#4481,#4482,#4483,#4484));
#863=EDGE_LOOP('',(#4485,#4486,#4487,#4488));
#864=EDGE_LOOP('',(#4489,#4490,#4491,#4492));
#865=EDGE_LOOP('',(#4493,#4494,#4495,#4496));
#866=EDGE_LOOP('',(#4497,#4498,#4499,#4500));
#867=EDGE_LOOP('',(#4501,#4502,#4503,#4504));
#868=EDGE_LOOP('',(#4505,#4506,#4507,#4508,#4509,#4510));
#869=EDGE_LOOP('',(#4511,#4512,#4513,#4514,#4515,#4516,#4517,#4518));
#870=EDGE_LOOP('',(#4519,#4520,#4521,#4522));
#871=EDGE_LOOP('',(#4523,#4524,#4525,#4526));
#872=EDGE_LOOP('',(#4527,#4528,#4529,#4530,#4531,#4532));
#873=EDGE_LOOP('',(#4533,#4534,#4535,#4536));
#874=EDGE_LOOP('',(#4537,#4538,#4539,#4540));
#875=EDGE_LOOP('',(#4541,#4542,#4543,#4544,#4545,#4546));
#876=EDGE_LOOP('',(#4547));
#877=EDGE_LOOP('',(#4548,#4549,#4550,#4551));
#878=EDGE_LOOP('',(#4552,#4553,#4554,#4555,#4556,#4557));
#879=EDGE_LOOP('',(#4558));
#880=EDGE_LOOP('',(#4559,#4560,#4561,#4562,#4563,#4564,#4565,#4566));
#881=EDGE_LOOP('',(#4567,#4568,#4569,#4570));
#882=EDGE_LOOP('',(#4571,#4572,#4573,#4574));
#883=EDGE_LOOP('',(#4575,#4576,#4577,#4578));
#884=EDGE_LOOP('',(#4579,#4580,#4581,#4582));
#885=EDGE_LOOP('',(#4583,#4584,#4585,#4586));
#886=EDGE_LOOP('',(#4587,#4588,#4589,#4590));
#887=EDGE_LOOP('',(#4591,#4592,#4593,#4594));
#888=EDGE_LOOP('',(#4595,#4596,#4597,#4598));
#889=EDGE_LOOP('',(#4599,#4600,#4601,#4602));
#890=EDGE_LOOP('',(#4603,#4604,#4605,#4606));
#891=EDGE_LOOP('',(#4607,#4608,#4609,#4610));
#892=EDGE_LOOP('',(#4611,#4612,#4613,#4614));
#893=EDGE_LOOP('',(#4615,#4616,#4617,#4618));
#894=EDGE_LOOP('',(#4619,#4620,#4621,#4622));
#895=EDGE_LOOP('',(#4623,#4624,#4625,#4626));
#896=EDGE_LOOP('',(#4627,#4628,#4629,#4630));
#897=EDGE_LOOP('',(#4631,#4632,#4633,#4634));
#898=EDGE_LOOP('',(#4635,#4636,#4637,#4638));
#899=EDGE_LOOP('',(#4639,#4640,#4641,#4642,#4643,#4644));
#900=EDGE_LOOP('',(#4645,#4646,#4647,#4648,#4649,#4650,#4651,#4652));
#901=EDGE_LOOP('',(#4653,#4654,#4655,#4656));
#902=EDGE_LOOP('',(#4657,#4658,#4659,#4660));
#903=EDGE_LOOP('',(#4661,#4662,#4663,#4664,#4665,#4666));
#904=EDGE_LOOP('',(#4667,#4668,#4669,#4670));
#905=EDGE_LOOP('',(#4671,#4672,#4673,#4674));
#906=EDGE_LOOP('',(#4675,#4676,#4677,#4678,#4679,#4680));
#907=EDGE_LOOP('',(#4681));
#908=EDGE_LOOP('',(#4682,#4683,#4684,#4685));
#909=EDGE_LOOP('',(#4686,#4687,#4688,#4689,#4690,#4691));
#910=EDGE_LOOP('',(#4692));
#911=EDGE_LOOP('',(#4693,#4694,#4695,#4696,#4697,#4698,#4699,#4700));
#912=EDGE_LOOP('',(#4701,#4702,#4703,#4704));
#913=EDGE_LOOP('',(#4705,#4706,#4707,#4708));
#914=EDGE_LOOP('',(#4709,#4710,#4711,#4712));
#915=EDGE_LOOP('',(#4713,#4714,#4715,#4716));
#916=EDGE_LOOP('',(#4717,#4718,#4719,#4720));
#917=EDGE_LOOP('',(#4721,#4722,#4723,#4724));
#918=EDGE_LOOP('',(#4725,#4726,#4727,#4728));
#919=EDGE_LOOP('',(#4729,#4730,#4731,#4732));
#920=EDGE_LOOP('',(#4733,#4734,#4735,#4736));
#921=EDGE_LOOP('',(#4737,#4738,#4739,#4740));
#922=EDGE_LOOP('',(#4741,#4742,#4743,#4744));
#923=EDGE_LOOP('',(#4745,#4746,#4747,#4748));
#924=EDGE_LOOP('',(#4749,#4750,#4751,#4752));
#925=EDGE_LOOP('',(#4753,#4754,#4755,#4756));
#926=EDGE_LOOP('',(#4757,#4758,#4759,#4760));
#927=EDGE_LOOP('',(#4761,#4762,#4763,#4764));
#928=EDGE_LOOP('',(#4765,#4766,#4767,#4768));
#929=EDGE_LOOP('',(#4769,#4770,#4771,#4772));
#930=EDGE_LOOP('',(#4773,#4774,#4775,#4776,#4777,#4778));
#931=EDGE_LOOP('',(#4779,#4780,#4781,#4782,#4783,#4784,#4785,#4786));
#932=EDGE_LOOP('',(#4787,#4788,#4789,#4790));
#933=EDGE_LOOP('',(#4791,#4792,#4793,#4794));
#934=EDGE_LOOP('',(#4795,#4796,#4797,#4798,#4799,#4800));
#935=EDGE_LOOP('',(#4801,#4802,#4803,#4804));
#936=EDGE_LOOP('',(#4805,#4806,#4807,#4808));
#937=EDGE_LOOP('',(#4809,#4810,#4811,#4812,#4813,#4814));
#938=EDGE_LOOP('',(#4815));
#939=EDGE_LOOP('',(#4816,#4817,#4818,#4819));
#940=EDGE_LOOP('',(#4820,#4821,#4822,#4823,#4824,#4825));
#941=EDGE_LOOP('',(#4826));
#942=EDGE_LOOP('',(#4827,#4828,#4829,#4830,#4831,#4832,#4833,#4834));
#943=EDGE_LOOP('',(#4835,#4836,#4837,#4838));
#944=EDGE_LOOP('',(#4839,#4840,#4841,#4842));
#945=EDGE_LOOP('',(#4843,#4844,#4845,#4846));
#946=EDGE_LOOP('',(#4847,#4848,#4849,#4850));
#947=EDGE_LOOP('',(#4851,#4852,#4853,#4854));
#948=EDGE_LOOP('',(#4855,#4856,#4857,#4858));
#949=EDGE_LOOP('',(#4859,#4860,#4861,#4862));
#950=EDGE_LOOP('',(#4863,#4864,#4865,#4866));
#951=EDGE_LOOP('',(#4867,#4868,#4869,#4870));
#952=EDGE_LOOP('',(#4871,#4872,#4873,#4874));
#953=EDGE_LOOP('',(#4875,#4876,#4877,#4878));
#954=EDGE_LOOP('',(#4879,#4880,#4881,#4882));
#955=EDGE_LOOP('',(#4883,#4884,#4885,#4886,#4887));
#956=EDGE_LOOP('',(#4888,#4889,#4890,#4891));
#957=EDGE_LOOP('',(#4892,#4893,#4894,#4895));
#958=EDGE_LOOP('',(#4896,#4897,#4898,#4899,#4900));
#959=EDGE_LOOP('',(#4901,#4902,#4903,#4904,#4905,#4906,#4907,#4908));
#960=EDGE_LOOP('',(#4909,#4910,#4911,#4912));
#961=EDGE_LOOP('',(#4913,#4914,#4915,#4916));
#962=EDGE_LOOP('',(#4917,#4918,#4919,#4920,#4921));
#963=EDGE_LOOP('',(#4922,#4923,#4924,#4925,#4926,#4927,#4928,#4929));
#964=EDGE_LOOP('',(#4930,#4931,#4932,#4933));
#965=EDGE_LOOP('',(#4934,#4935,#4936,#4937));
#966=EDGE_LOOP('',(#4938,#4939,#4940,#4941,#4942));
#967=EDGE_LOOP('',(#4943,#4944,#4945,#4946,#4947));
#968=EDGE_LOOP('',(#4948,#4949,#4950,#4951));
#969=EDGE_LOOP('',(#4952,#4953,#4954,#4955));
#970=EDGE_LOOP('',(#4956,#4957,#4958,#4959,#4960));
#971=EDGE_LOOP('',(#4961,#4962,#4963,#4964,#4965,#4966,#4967,#4968));
#972=EDGE_LOOP('',(#4969,#4970,#4971,#4972));
#973=EDGE_LOOP('',(#4973,#4974,#4975,#4976));
#974=EDGE_LOOP('',(#4977,#4978,#4979,#4980,#4981));
#975=EDGE_LOOP('',(#4982,#4983,#4984,#4985,#4986,#4987,#4988,#4989));
#976=EDGE_LOOP('',(#4990,#4991,#4992,#4993));
#977=EDGE_LOOP('',(#4994,#4995,#4996,#4997));
#978=EDGE_LOOP('',(#4998,#4999,#5000,#5001,#5002));
#979=EDGE_LOOP('',(#5003,#5004,#5005,#5006,#5007));
#980=EDGE_LOOP('',(#5008,#5009,#5010,#5011));
#981=EDGE_LOOP('',(#5012,#5013,#5014,#5015));
#982=EDGE_LOOP('',(#5016,#5017,#5018,#5019,#5020));
#983=EDGE_LOOP('',(#5021,#5022,#5023,#5024,#5025,#5026,#5027,#5028));
#984=EDGE_LOOP('',(#5029,#5030,#5031,#5032));
#985=EDGE_LOOP('',(#5033,#5034,#5035,#5036));
#986=EDGE_LOOP('',(#5037,#5038,#5039,#5040,#5041));
#987=EDGE_LOOP('',(#5042,#5043,#5044,#5045,#5046,#5047,#5048,#5049));
#988=EDGE_LOOP('',(#5050,#5051,#5052,#5053));
#989=EDGE_LOOP('',(#5054,#5055,#5056,#5057));
#990=EDGE_LOOP('',(#5058,#5059,#5060,#5061,#5062));
#991=EDGE_LOOP('',(#5063,#5064,#5065,#5066,#5067));
#992=EDGE_LOOP('',(#5068,#5069,#5070,#5071));
#993=EDGE_LOOP('',(#5072,#5073,#5074,#5075));
#994=EDGE_LOOP('',(#5076,#5077,#5078,#5079,#5080));
#995=EDGE_LOOP('',(#5081,#5082,#5083,#5084,#5085,#5086,#5087,#5088));
#996=EDGE_LOOP('',(#5089,#5090,#5091,#5092));
#997=EDGE_LOOP('',(#5093,#5094,#5095,#5096));
#998=EDGE_LOOP('',(#5097,#5098,#5099,#5100,#5101));
#999=EDGE_LOOP('',(#5102,#5103,#5104,#5105,#5106,#5107,#5108,#5109));
#1000=EDGE_LOOP('',(#5110,#5111,#5112,#5113));
#1001=EDGE_LOOP('',(#5114,#5115,#5116,#5117));
#1002=EDGE_LOOP('',(#5118,#5119,#5120,#5121,#5122));
#1003=EDGE_LOOP('',(#5123,#5124,#5125,#5126,#5127));
#1004=EDGE_LOOP('',(#5128,#5129,#5130,#5131));
#1005=EDGE_LOOP('',(#5132,#5133,#5134,#5135));
#1006=EDGE_LOOP('',(#5136,#5137,#5138,#5139,#5140));
#1007=EDGE_LOOP('',(#5141,#5142,#5143,#5144,#5145,#5146,#5147,#5148));
#1008=EDGE_LOOP('',(#5149,#5150,#5151,#5152));
#1009=EDGE_LOOP('',(#5153,#5154,#5155,#5156));
#1010=EDGE_LOOP('',(#5157,#5158,#5159,#5160,#5161));
#1011=EDGE_LOOP('',(#5162,#5163,#5164,#5165,#5166,#5167,#5168,#5169));
#1012=EDGE_LOOP('',(#5170,#5171,#5172,#5173));
#1013=EDGE_LOOP('',(#5174,#5175,#5176,#5177));
#1014=EDGE_LOOP('',(#5178,#5179,#5180,#5181,#5182));
#1015=EDGE_LOOP('',(#5183,#5184,#5185,#5186,#5187));
#1016=EDGE_LOOP('',(#5188,#5189,#5190,#5191));
#1017=EDGE_LOOP('',(#5192,#5193,#5194,#5195));
#1018=EDGE_LOOP('',(#5196,#5197,#5198,#5199,#5200));
#1019=EDGE_LOOP('',(#5201,#5202,#5203,#5204,#5205,#5206,#5207,#5208));
#1020=EDGE_LOOP('',(#5209,#5210,#5211,#5212));
#1021=EDGE_LOOP('',(#5213,#5214,#5215,#5216));
#1022=EDGE_LOOP('',(#5217,#5218,#5219,#5220,#5221));
#1023=EDGE_LOOP('',(#5222,#5223,#5224,#5225,#5226,#5227,#5228,#5229));
#1024=EDGE_LOOP('',(#5230,#5231,#5232,#5233));
#1025=EDGE_LOOP('',(#5234,#5235,#5236,#5237));
#1026=EDGE_LOOP('',(#5238,#5239,#5240,#5241,#5242));
#1027=EDGE_LOOP('',(#5243,#5244,#5245,#5246,#5247));
#1028=EDGE_LOOP('',(#5248,#5249,#5250,#5251));
#1029=EDGE_LOOP('',(#5252,#5253,#5254,#5255));
#1030=EDGE_LOOP('',(#5256,#5257,#5258,#5259,#5260));
#1031=EDGE_LOOP('',(#5261,#5262,#5263,#5264,#5265,#5266,#5267,#5268));
#1032=EDGE_LOOP('',(#5269,#5270,#5271,#5272));
#1033=EDGE_LOOP('',(#5273,#5274,#5275,#5276));
#1034=EDGE_LOOP('',(#5277,#5278,#5279,#5280,#5281));
#1035=EDGE_LOOP('',(#5282,#5283,#5284,#5285,#5286,#5287,#5288,#5289));
#1036=EDGE_LOOP('',(#5290,#5291,#5292,#5293));
#1037=EDGE_LOOP('',(#5294,#5295,#5296,#5297));
#1038=EDGE_LOOP('',(#5298,#5299,#5300,#5301,#5302));
#1039=EDGE_LOOP('',(#5303,#5304,#5305,#5306,#5307));
#1040=EDGE_LOOP('',(#5308,#5309,#5310,#5311));
#1041=EDGE_LOOP('',(#5312,#5313,#5314,#5315));
#1042=EDGE_LOOP('',(#5316,#5317,#5318,#5319,#5320));
#1043=EDGE_LOOP('',(#5321,#5322,#5323,#5324,#5325,#5326,#5327,#5328));
#1044=EDGE_LOOP('',(#5329,#5330,#5331,#5332));
#1045=EDGE_LOOP('',(#5333,#5334,#5335,#5336));
#1046=EDGE_LOOP('',(#5337,#5338,#5339,#5340,#5341));
#1047=EDGE_LOOP('',(#5342,#5343,#5344,#5345,#5346,#5347,#5348,#5349));
#1048=EDGE_LOOP('',(#5350,#5351,#5352,#5353));
#1049=EDGE_LOOP('',(#5354,#5355,#5356,#5357));
#1050=EDGE_LOOP('',(#5358,#5359,#5360,#5361,#5362));
#1051=CIRCLE('',#5806,1.54533666301317);
#1052=CIRCLE('',#5810,1.54533666301317);
#1053=CIRCLE('',#5812,2.);
#1054=CIRCLE('',#5818,2.);
#1055=CIRCLE('',#5821,1.9492);
#1056=CIRCLE('',#5823,4.48182149095641);
#1057=CIRCLE('',#5824,4.48182149095641);
#1058=CIRCLE('',#5825,4.30747227107935);
#1059=CIRCLE('',#5827,1.9492);
#1060=CIRCLE('',#5829,2.);
#1061=CIRCLE('',#5831,4.47566940267344);
#1062=CIRCLE('',#5832,4.45133880534688);
#1063=CIRCLE('',#5833,4.47566940267344);
#1064=CIRCLE('',#5834,4.45133880534688);
#1065=CIRCLE('',#5835,4.47566940267344);
#1066=CIRCLE('',#5839,0.25);
#1067=CIRCLE('',#5840,9.39678660287109);
#1068=CIRCLE('',#5841,0.25);
#1069=CIRCLE('',#5842,8.67814280204747);
#1070=CIRCLE('',#5843,4.84781024775547);
#1071=CIRCLE('',#5845,4.84781024775547);
#1072=CIRCLE('',#5846,8.67814280204747);
#1073=CIRCLE('',#5847,0.25);
#1074=CIRCLE('',#5848,9.39678660287109);
#1075=CIRCLE('',#5849,0.25);
#1076=CIRCLE('',#5852,5.22281024775547);
#1077=CIRCLE('',#5853,5.22281024775547);
#1078=CIRCLE('',#5855,9.05314280204747);
#1079=CIRCLE('',#5856,9.05314280204747);
#1080=CIRCLE('',#5858,0.625000000000001);
#1081=CIRCLE('',#5859,0.625000000000001);
#1082=CIRCLE('',#5861,9.77178660287109);
#1083=CIRCLE('',#5862,9.77178660287109);
#1084=CIRCLE('',#5864,0.625000000000001);
#1085=CIRCLE('',#5865,0.625000000000001);
#1086=CIRCLE('',#5868,0.375);
#1087=CIRCLE('',#5869,0.375);
#1088=CIRCLE('',#5871,0.375);
#1089=CIRCLE('',#5872,0.375);
#1090=CIRCLE('',#5874,0.375);
#1091=CIRCLE('',#5876,0.375);
#1092=CIRCLE('',#5879,0.375);
#1093=CIRCLE('',#5880,0.375);
#1094=CIRCLE('',#5882,0.375);
#1095=CIRCLE('',#5883,0.375);
#1096=CIRCLE('',#5885,0.375);
#1097=CIRCLE('',#5887,0.375);
#1098=CIRCLE('',#5890,2.85901664641648);
#1099=CIRCLE('',#5891,2.85901664641648);
#1100=CIRCLE('',#5893,3.09036186692196);
#1101=CIRCLE('',#5895,3.09036186692196);
#1102=CIRCLE('',#5898,4.84781024775547);
#1103=CIRCLE('',#5899,8.67814280204747);
#1104=CIRCLE('',#5900,0.25);
#1105=CIRCLE('',#5901,9.39678660287109);
#1106=CIRCLE('',#5902,0.25);
#1107=CIRCLE('',#5904,0.25);
#1108=CIRCLE('',#5905,9.39678660287109);
#1109=CIRCLE('',#5906,0.25);
#1110=CIRCLE('',#5907,8.67814280204747);
#1111=CIRCLE('',#5908,4.84781024775547);
#1112=CIRCLE('',#5910,0.375);
#1113=CIRCLE('',#5912,0.375);
#1114=CIRCLE('',#5915,5.22281024775547);
#1115=CIRCLE('',#5916,5.22281024775547);
#1116=CIRCLE('',#5918,9.05314280204747);
#1117=CIRCLE('',#5919,9.05314280204747);
#1118=CIRCLE('',#5921,0.625000000000001);
#1119=CIRCLE('',#5922,0.625000000000001);
#1120=CIRCLE('',#5924,9.77178660287109);
#1121=CIRCLE('',#5925,9.77178660287109);
#1122=CIRCLE('',#5927,0.625000000000001);
#1123=CIRCLE('',#5928,0.625000000000001);
#1124=CIRCLE('',#5930,0.375);
#1125=CIRCLE('',#5932,0.375);
#1126=CIRCLE('',#5933,0.375);
#1127=CIRCLE('',#5935,0.375);
#1128=CIRCLE('',#5937,0.375);
#1129=CIRCLE('',#5939,0.375);
#1130=CIRCLE('',#5941,0.375);
#1131=CIRCLE('',#5942,0.375);
#1132=CIRCLE('',#5944,0.375);
#1133=CIRCLE('',#5946,0.375);
#1134=CIRCLE('',#5973,8.);
#1135=CIRCLE('',#5974,8.);
#1136=CIRCLE('',#5977,8.);
#1137=CIRCLE('',#5978,8.);
#1138=CIRCLE('',#5979,8.);
#1139=CIRCLE('',#5980,5.);
#1140=CIRCLE('',#5982,8.);
#1141=CIRCLE('',#5985,8.);
#1142=CIRCLE('',#5988,8.);
#1143=CIRCLE('',#5990,5.);
#1144=CIRCLE('',#5994,8.);
#1145=CIRCLE('',#5995,8.);
#1146=CIRCLE('',#5998,8.);
#1147=CIRCLE('',#5999,8.);
#1148=CIRCLE('',#6000,8.);
#1149=CIRCLE('',#6002,8.);
#1150=CIRCLE('',#6005,8.);
#1151=CIRCLE('',#6007,8.);
#1152=CIRCLE('',#6026,5.);
#1153=CIRCLE('',#6027,5.);
#1154=CIRCLE('',#6030,5.);
#1155=CIRCLE('',#6033,5.);
#1156=CIRCLE('',#6035,5.);
#1157=CIRCLE('',#6036,5.);
#1158=CIRCLE('',#6039,5.);
#1159=CIRCLE('',#6040,2.5);
#1160=CIRCLE('',#6042,5.);
#1161=CIRCLE('',#6044,2.5);
#1162=CIRCLE('',#6069,5.);
#1163=CIRCLE('',#6070,5.);
#1164=CIRCLE('',#6073,5.);
#1165=CIRCLE('',#6076,5.);
#1166=CIRCLE('',#6078,5.);
#1167=CIRCLE('',#6079,5.);
#1168=CIRCLE('',#6082,5.);
#1169=CIRCLE('',#6083,2.5);
#1170=CIRCLE('',#6085,5.);
#1171=CIRCLE('',#6087,2.5);
#1172=CIRCLE('',#6112,5.);
#1173=CIRCLE('',#6113,5.);
#1174=CIRCLE('',#6116,5.);
#1175=CIRCLE('',#6119,5.);
#1176=CIRCLE('',#6121,5.);
#1177=CIRCLE('',#6122,5.);
#1178=CIRCLE('',#6125,5.);
#1179=CIRCLE('',#6126,2.5);
#1180=CIRCLE('',#6128,5.);
#1181=CIRCLE('',#6130,2.5);
#1182=CIRCLE('',#6155,5.);
#1183=CIRCLE('',#6156,5.);
#1184=CIRCLE('',#6159,5.);
#1185=CIRCLE('',#6162,5.);
#1186=CIRCLE('',#6164,5.);
#1187=CIRCLE('',#6165,5.);
#1188=CIRCLE('',#6168,5.);
#1189=CIRCLE('',#6169,2.5);
#1190=CIRCLE('',#6171,5.);
#1191=CIRCLE('',#6173,2.5);
#1192=B_SPLINE_CURVE_WITH_KNOTS('',3,(#7855,#7856,#7857,#7858,#7859,#7860,
#7861,#7862,#7863,#7864,#7865,#7866,#7867,#7868,#7869,#7870,#7871,#7872,
#7873,#7874,#7875,#7876,#7877,#7878),.UNSPECIFIED.,.F.,.F.,(4,2,2,2,2,2,
2,2,2,2,2,4),(3.39480358277327,3.41053400781273,3.47032165328725,3.53246177665081,
3.59178133061423,3.65226939138148,3.71400055964773,3.77296087067234,3.83408583872402,
3.89533104738529,3.9350489458052,3.97577242207148),.UNSPECIFIED.);
#1193=B_SPLINE_CURVE_WITH_KNOTS('',3,(#7881,#7882,#7883,#7884,#7885,#7886,
#7887,#7888,#7889,#7890,#7891,#7892,#7893,#7894,#7895,#7896,#7897,#7898,
#7899,#7900,#7901,#7902,#7903,#7904,#7905,#7906,#7907,#7908),
 .UNSPECIFIED.,.F.,.F.,(4,2,2,2,2,2,2,2,2,2,2,2,2,4),(9.99999999620478E-7,
0.0399266165923033,0.0787616624771949,0.138832636904367,0.200502129412601,
0.259409357491774,0.320143553176763,0.381796720233493,0.441069342401333,
0.502654403028019,0.562874033859112,0.62286987302284,0.685238880477309,
0.704411013688185),.UNSPECIFIED.);
#1194=B_SPLINE_CURVE_WITH_KNOTS('',3,(#7913,#7914,#7915,#7916,#7917,#7918,
#7919,#7920,#7921,#7922,#7923,#7924,#7925,#7926,#7927,#7928,#7929,#7930,
#7931,#7932,#7933,#7934,#7935,#7936,#7937,#7938,#7939,#7940,#7941,#7942,
#7943,#7944,#7945,#7946,#7947,#7948),.UNSPECIFIED.,.F.,.F.,(4,2,2,2,2,2,
2,2,2,2,2,2,2,2,2,2,2,4),(2.41669666187611,2.44040369761443,2.50047756835213,
2.56222523313058,2.62124062715313,2.68198305655093,2.74371199819958,2.8030026114329,
2.86460424981277,2.92510288814894,2.98512414175363,3.04751517874126,3.10675241355447,
3.16747178666145,3.22926942867447,3.28837795625091,3.34971786526126,3.39480358277327),
 .UNSPECIFIED.);
#1195=B_SPLINE_CURVE_WITH_KNOTS('',3,(#7949,#7950,#7951,#7952,#7953,#7954,
#7955,#7956,#7957,#7958,#7959,#7960,#7961,#7962,#7963,#7964,#7965,#7966,
#7967,#7968,#7969,#7970,#7971,#7972,#7973,#7974,#7975,#7976,#7977,#7978,
#7979,#7980,#7981,#7982,#7983,#7984),.UNSPECIFIED.,.F.,.F.,(4,2,2,2,2,2,
2,2,2,2,2,2,2,2,2,2,2,4),(0.704411013688185,0.744315544769895,0.805006916745758,
0.866691274408598,0.925754407859489,0.987055185759276,1.04752911205357,
1.10726713456581,1.16935971637016,1.22846237674417,1.28889757854984,1.35048817663872,
1.40935069221037,1.47041308639091,1.5312602768418,1.59078975663862,1.65265793803144,
1.67985760196475),.UNSPECIFIED.);
#1196=B_SPLINE_CURVE_WITH_KNOTS('',3,(#7989,#7990,#7991,#7992,#7993,#7994,
#7995,#7996,#7997,#7998,#7999,#8000,#8001,#8002,#8003,#8004,#8005,#8006,
#8007,#8008,#8009,#8010,#8011,#8012,#8013,#8014,#8015,#8016,#8017,#8018,
#8019,#8020,#8021,#8022,#8023,#8024),.UNSPECIFIED.,.F.,.F.,(4,2,2,2,2,2,
2,2,2,2,2,2,2,2,2,2,2,4),(1.44041831959629,1.47147239027425,1.53176603941136,
1.59342571448719,1.65229041221179,1.71323087081119,1.77480550428868,1.83425285588497,
1.89602753659017,1.95568531044111,2.01584094107637,2.07752177486426,2.13641735262255,
2.19723155581809,2.25937510666807,2.31873249614597,2.38040859835567,2.41669666187611),
 .UNSPECIFIED.);
#1197=B_SPLINE_CURVE_WITH_KNOTS('',3,(#8025,#8026,#8027,#8028,#8029,#8030,
#8031,#8032,#8033,#8034,#8035,#8036,#8037,#8038,#8039,#8040,#8041,#8042,
#8043,#8044,#8045,#8046,#8047,#8048,#8049,#8050,#8051,#8052,#8053,#8054,
#8055,#8056,#8057,#8058,#8059,#8060),.UNSPECIFIED.,.F.,.F.,(4,2,2,2,2,2,
2,2,2,2,2,2,2,2,2,2,2,4),(1.67985760196475,1.71189518556792,1.77212486212627,
1.83367468680493,1.89520265269903,1.95601129800469,2.01476521782621,2.0763104188162,
2.13647186634685,2.19578718077517,2.25758000729164,2.31703958861114,2.37805925948996,
2.43903909347405,2.49784922237851,2.55941551673861,2.61976201096998,2.6542049841576),
 .UNSPECIFIED.);
#1198=B_SPLINE_CURVE_WITH_KNOTS('',3,(#8066,#8067,#8068,#8069,#8070,#8071,
#8072,#8073,#8074,#8075,#8076,#8077,#8078,#8079,#8080,#8081),
 .UNSPECIFIED.,.F.,.F.,(4,2,2,2,2,2,2,4),(3.62989251849975,3.64673617041486,
3.70833345461672,3.7682785071965,3.82809244094522,3.88963814860736,3.93187815923062,
3.97257712785677),.UNSPECIFIED.);
#1199=B_SPLINE_CURVE_WITH_KNOTS('',3,(#8084,#8085,#8086,#8087,#8088,#8089,
#8090,#8091,#8092,#8093,#8094,#8095,#8096,#8097,#8098,#8099,#8100,#8101,
#8102,#8103),.UNSPECIFIED.,.F.,.F.,(4,2,2,2,2,2,2,2,2,4),(1.00000010236356E-6,
0.0386407717136826,0.0778299054830112,0.139545749632732,0.19885035084618,
0.260467522442475,0.320852387433115,0.380884185781888,0.443288276844696,
0.463521047382143),.UNSPECIFIED.);
#1200=B_SPLINE_CURVE_WITH_KNOTS('',3,(#8110,#8111,#8112,#8113,#8114,#8115,
#8116,#8117),.UNSPECIFIED.,.F.,.F.,(4,2,2,4),(-6.68489402915671,-6.62552239642222,
-6.56652816423639,-6.52905496151173),.UNSPECIFIED.);
#1201=B_SPLINE_CURVE_WITH_KNOTS('',3,(#8122,#8123,#8124,#8125,#8126,#8127,
#8128,#8129,#8130,#8131,#8132,#8133,#8134,#8135,#8136,#8137,#8138,#8139,
#8140,#8141,#8142,#8143,#8144,#8145,#8146,#8147,#8148,#8149,#8150,#8151,
#8152,#8153,#8154,#8155,#8156,#8157),.UNSPECIFIED.,.F.,.F.,(4,2,2,2,2,2,
2,2,2,2,2,2,2,2,2,2,2,4),(-1.26312805634646,-1.23273595876278,-1.15246877547726,
-1.07526081663953,-0.997023703853301,-0.917770932676275,-0.84143434832011,
-0.761724647009892,-0.683321345901589,-0.607001437221092,-0.526410948551561,
-0.448909273179965,-0.371127794367857,-0.291547155052521,-0.214953017534574,
-0.135257086368999,-0.0665299440002389,0.),.UNSPECIFIED.);
#1202=B_SPLINE_CURVE_WITH_KNOTS('',3,(#8158,#8159,#8160,#8161,#8162,#8163,
#8164,#8165,#8166,#8167,#8168,#8169,#8170,#8171,#8172,#8173,#8174,#8175,
#8176,#8177,#8178,#8179,#8180,#8181,#8182,#8183,#8184,#8185,#8186,#8187,
#8188,#8189,#8190,#8191,#8192,#8193),.UNSPECIFIED.,.F.,.F.,(4,2,2,2,2,2,
2,2,2,2,2,2,2,2,2,2,2,4),(-6.52905496151173,-6.48972857889439,-6.41187287195437,
-6.33219891236126,-6.25612917690354,-6.17741122436509,-6.09764400330584,
-6.02088222960014,-5.94111300066863,-5.86391824433549,-5.78625733601421,
-5.70655469406563,-5.63042392946737,-5.55189620005297,-5.47221097658981,
-5.39562474381369,-5.31605214395753,-5.26626371071055),.UNSPECIFIED.);
#1203=B_SPLINE_CURVE_WITH_KNOTS('',3,(#8198,#8199,#8200,#8201,#8202,#8203,
#8204,#8205,#8206,#8207,#8208,#8209,#8210,#8211,#8212,#8213,#8214,#8215,
#8216,#8217,#8218,#8219,#8220,#8221,#8222,#8223,#8224,#8225,#8226,#8227,
#8228,#8229,#8230,#8231,#8232,#8233),.UNSPECIFIED.,.F.,.F.,(4,2,2,2,2,2,
2,2,2,2,2,2,2,2,2,2,2,4),(-2.52498271064083,-2.48276684396784,-2.40300914116541,
-2.32626090957402,-2.24668922679713,-2.16797765922982,-2.09195204037704,
-2.01232747589232,-1.93447674735292,-1.85778550994125,-1.77779806717284,
-1.70084310309356,-1.62199979681513,-1.543038753731,-1.46692362797168,-1.38727893468477,
-1.30917361290216,-1.26312805634646),.UNSPECIFIED.);
#1204=B_SPLINE_CURVE_WITH_KNOTS('',3,(#8234,#8235,#8236,#8237,#8238,#8239,
#8240,#8241,#8242,#8243,#8244,#8245,#8246,#8247,#8248,#8249,#8250,#8251,
#8252,#8253,#8254,#8255,#8256,#8257,#8258,#8259,#8260,#8261,#8262,#8263,
#8264,#8265,#8266,#8267,#8268,#8269),.UNSPECIFIED.,.F.,.F.,(4,2,2,2,2,2,
2,2,2,2,2,2,2,2,2,2,2,4),(-5.26626371071055,-5.23828902167691,-5.1607955136966,
-5.08021324892157,-5.00390663045345,-4.92551156854731,-4.84581370097499,
-4.76948548820458,-4.69024119891428,-4.61202486990714,-4.53482559357466,
-4.45456717859077,-4.37814488402826,-4.30004834636558,-4.2204161690441,
-4.14431128043678,-4.06535924554938,-4.00362879289196),.UNSPECIFIED.);
#1205=B_SPLINE_CURVE_WITH_KNOTS('',3,(#8274,#8275,#8276,#8277,#8278,#8279,
#8280,#8281,#8282,#8283,#8284,#8285,#8286,#8287,#8288,#8289,#8290,#8291,
#8292,#8293,#8294,#8295,#8296,#8297,#8298,#8299,#8300,#8301,#8302,#8303,
#8304,#8305,#8306,#8307,#8308,#8309),.UNSPECIFIED.,.F.,.F.,(4,2,2,2,2,2,
2,2,2,2,2,2,2,2,2,2,2,4),(-3.78712490459631,-3.73462683704963,-3.65636503960486,
-3.57678967572695,-3.50044911392765,-3.42114145024726,-3.34299498597845,
-3.26328921209772,-3.18579225772185,-3.10825886213814,-3.02867481056804,
-2.95208153984102,-2.87170039473563,-2.79318895619009,-2.71712477813954,
-2.63747898903136,-2.55983298530204,-2.52498271064083),.UNSPECIFIED.);
#1206=B_SPLINE_CURVE_WITH_KNOTS('',3,(#8310,#8311,#8312,#8313,#8314,#8315,
#8316,#8317,#8318,#8319,#8320,#8321,#8322,#8323,#8324,#8325,#8326,#8327,
#8328,#8329,#8330,#8331,#8332,#8333,#8334,#8335,#8336,#8337,#8338,#8339,
#8340,#8341,#8342,#8343,#8344,#8345),.UNSPECIFIED.,.F.,.F.,(4,2,2,2,2,2,
2,2,2,2,2,2,2,2,2,2,2,4),(-4.00362879289196,-3.98653888005604,-3.90959319732648,
-3.82961516644902,-3.75294125688199,-3.67509995842373,-3.5954885417676,
-3.5194751032781,-3.4407731780243,-3.36471431838175,-3.285099140634,-3.20708665234899,
-3.13061242026884,-3.050445421853,-2.97332933057089,-2.89496167482183,-2.81581130901679,
-2.7419537737445),.UNSPECIFIED.);
#1207=B_SPLINE_CURVE_WITH_KNOTS('',3,(#8350,#8351,#8352,#8353,#8354,#8355,
#8356,#8357,#8358,#8359,#8360,#8361,#8362,#8363,#8364,#8365,#8366,#8367,
#8368,#8369,#8370,#8371,#8372,#8373,#8374,#8375,#8376,#8377,#8378,#8379,
#8380,#8381,#8382,#8383,#8384,#8385),.UNSPECIFIED.,.F.,.F.,(4,2,2,2,2,2,
2,2,2,2,2,2,2,2,2,2,2,4),(-5.04757780486637,-4.98429188968123,-4.90568984399615,
-4.82619500098744,-4.74955225509435,-4.66990463767516,-4.59292386352118,
-4.51538437191084,-4.43584032559456,-4.35987129747886,-4.28146733804465,
-4.20116214325058,-4.12467232898964,-4.04519615817826,-3.96774622990624,
-3.89035363871121,-3.81074841514373,-3.78712490459631),.UNSPECIFIED.);
#1208=B_SPLINE_CURVE_WITH_KNOTS('',3,(#8386,#8387,#8388,#8389,#8390,#8391,
#8392,#8393,#8394,#8395,#8396,#8397,#8398,#8399,#8400,#8401,#8402,#8403,
#8404,#8405,#8406,#8407,#8408,#8409,#8410,#8411,#8412,#8413,#8414,#8415,
#8416,#8417,#8418,#8419,#8420,#8421,#8422,#8423),.UNSPECIFIED.,.F.,.F.,
(4,2,2,2,2,2,2,2,2,2,2,2,2,2,2,2,2,2,4),(-2.7419537737445,-2.73956625585363,
-2.65989861594734,-2.58159933313165,-2.50528027546404,-2.42480122465222,
-2.34740199507381,-2.26953243462252,-2.19006354879701,-2.11357392858748,
-2.03394076639315,-1.95551639242637,-1.87940881482658,-1.79975372003788,
-1.72219675782567,-1.64493816829527,-1.56528127105811,-1.48862417428823,
-1.47945135719928),.UNSPECIFIED.);
#1209=B_SPLINE_CURVE_WITH_KNOTS('',3,(#8429,#8430,#8431,#8432,#8433,#8434,
#8435,#8436),.UNSPECIFIED.,.F.,.F.,(4,2,2,4),(-0.217876893366579,-0.159383480383595,
-0.0802832892297994,0.),.UNSPECIFIED.);
#1210=B_SPLINE_CURVE_WITH_KNOTS('',3,(#8439,#8440,#8441,#8442,#8443,#8444,
#8445,#8446,#8447,#8448,#8449,#8450,#8451,#8452),.UNSPECIFIED.,.F.,.F.,
(4,2,2,2,2,2,4),(-6.68109531771668,-6.61180374573485,-6.54320348025367,
-6.46698070305979,-6.38868961897982,-6.3090861096519,-6.30804148250909),
 .UNSPECIFIED.);
#1211=B_SPLINE_CURVE_WITH_KNOTS('',3,(#8457,#8458,#8459,#8460),
 .UNSPECIFIED.,.F.,.F.,(4,4),(0.659789046760872,0.663923672450237),
 .UNSPECIFIED.);
#1212=B_SPLINE_CURVE_WITH_KNOTS('',3,(#8461,#8462,#8463,#8464,#8465,#8466,
#8467,#8468),.UNSPECIFIED.,.F.,.F.,(4,2,2,4),(1.00000012534908E-6,0.0560588139067352,
0.11390007456706,0.163561855785327),.UNSPECIFIED.);
#1213=B_SPLINE_CURVE_WITH_KNOTS('',3,(#8473,#8474,#8475,#8476,#8477,#8478,
#8479,#8480,#8481,#8482,#8483,#8484,#8485,#8486,#8487,#8488,#8489,#8490,
#8491,#8492,#8493,#8494,#8495,#8496,#8497,#8498,#8499,#8500,#8501,#8502,
#8503,#8504),.UNSPECIFIED.,.F.,.F.,(4,2,2,2,2,2,2,2,2,2,2,2,2,2,2,4),(0.15317640367036,
0.172667952875949,0.237056840769461,0.29810799222154,0.342161106513037,
0.376246776653746,0.410381956352492,0.42684744671044,0.45788429561349,0.491216202503459,
0.520917535763765,0.54668881291614,0.55967346819227,0.577776632384702,0.586628701227445,
0.595234338394649),.UNSPECIFIED.);
#1214=B_SPLINE_CURVE_WITH_KNOTS('',3,(#8506,#8507,#8508,#8509,#8510,#8511,
#8512,#8513,#8514,#8515,#8516,#8517,#8518,#8519),.UNSPECIFIED.,.F.,.F.,
(4,2,2,2,2,2,4),(-0.36112233762365,-0.305742674624627,-0.255671319999374,
-0.16225542007457,-0.112402934876934,-0.0485447948907144,0.),
 .UNSPECIFIED.);
#1215=B_SPLINE_CURVE_WITH_KNOTS('',3,(#8532,#8533,#8534,#8535,#8536,#8537,
#8538,#8539),.UNSPECIFIED.,.F.,.F.,(4,2,2,4),(9.99999999770523E-7,0.0526051330795927,
0.104459725971527,0.15317640367036),.UNSPECIFIED.);
#1216=B_SPLINE_CURVE_WITH_KNOTS('',3,(#8541,#8542,#8543,#8544,#8545,#8546,
#8547,#8548,#8549,#8550),.UNSPECIFIED.,.F.,.F.,(4,2,2,2,4),(0.163561855785327,
0.193272220388641,0.240817318744705,0.297647876434811,0.356602234076245),
 .UNSPECIFIED.);
#1217=B_SPLINE_CURVE_WITH_KNOTS('',3,(#8552,#8553,#8554,#8555,#8556,#8557,
#8558,#8559,#8560,#8561,#8562,#8563,#8564,#8565,#8566,#8567,#8568,#8569,
#8570,#8571,#8572,#8573,#8574,#8575,#8576,#8577,#8578,#8579,#8580,#8581,
#8582,#8583,#8584,#8585,#8586,#8587,#8588,#8589,#8590,#8591),
 .UNSPECIFIED.,.F.,.F.,(4,2,2,2,2,2,2,2,2,2,2,2,2,2,2,2,2,2,2,4),(0.,0.0450935944072896,
0.0869328395236068,0.161782612661579,0.226657950342853,0.283161984304222,
0.335623904844688,0.362285340991111,0.415246287347211,0.467854826407385,
0.502880722260557,0.528083971926828,0.554778818375177,0.567801969260145,
0.591405196773641,0.616717341119062,0.63380665764466,0.646306979512346,
0.655613480184516,0.659789046760872),.UNSPECIFIED.);
#1218=B_SPLINE_CURVE_WITH_KNOTS('',3,(#8598,#8599,#8600,#8601,#8602,#8603,
#8604,#8605,#8606,#8607,#8608,#8609),.UNSPECIFIED.,.F.,.F.,(4,2,2,2,2,4),
(0.0564424627216723,0.0570028715981157,0.0715163464840618,0.0860298213700079,
0.100442897743647,0.104499287657568),.UNSPECIFIED.);
#1219=B_SPLINE_CURVE_WITH_KNOTS('',3,(#8613,#8614,#8615,#8616,#8617,#8618,
#8619,#8620,#8621,#8622,#8623,#8624),.UNSPECIFIED.,.F.,.F.,(4,2,2,2,2,4),
(0.0103566864597177,0.014413076373639,0.028826152747278,0.0433396276332241,
0.0578531025191703,0.0584135113956136),.UNSPECIFIED.);
#1220=B_SPLINE_CURVE_WITH_KNOTS('',3,(#8628,#8629,#8630,#8631,#8632,#8633,
#8634,#8635,#8636,#8637,#8638,#8639),.UNSPECIFIED.,.F.,.F.,(4,2,2,2,2,4),
(-0.0584135113956136,-0.0578531025191703,-0.0433396276332241,-0.028826152747278,
-0.014413076373639,-0.0103566864597177),.UNSPECIFIED.);
#1221=B_SPLINE_CURVE_WITH_KNOTS('',3,(#8643,#8644,#8645,#8646,#8647,#8648,
#8649,#8650,#8651,#8652,#8653,#8654),.UNSPECIFIED.,.F.,.F.,(4,2,2,2,2,4),
(-0.104499287657568,-0.100442897743647,-0.0860298213700079,-0.0715163464840618,
-0.0570028715981157,-0.0564424627216723),.UNSPECIFIED.);
#1222=B_SPLINE_CURVE_WITH_KNOTS('',3,(#8657,#8658,#8659,#8660,#8661,#8662,
#8663,#8664,#8665,#8666,#8667,#8668,#8669,#8670,#8671,#8672,#8673,#8674,
#8675,#8676,#8677,#8678,#8679,#8680,#8681,#8682,#8683,#8684,#8685,#8686,
#8687,#8688,#8689,#8690,#8691,#8692),.UNSPECIFIED.,.F.,.F.,(4,2,2,2,2,2,
2,2,2,2,2,2,2,2,2,2,2,4),(-6.30804148250909,-6.2328579168107,-6.15371823000337,
-6.07556434873377,-5.99846559520464,-5.9183125322909,-5.84196748679367,
-5.76397263616524,-5.68443247339684,-5.60842110459347,-5.52957145274317,
-5.45080749462501,-5.37395994245316,-5.29408467915021,-5.2174819979786,
-5.13973983624959,-5.0602183302725,-5.04757780486637),.UNSPECIFIED.);
#1223=B_SPLINE_CURVE_WITH_KNOTS('',3,(#8693,#8694,#8695,#8696,#8697,#8698,
#8699,#8700,#8701,#8702,#8703,#8704,#8705,#8706,#8707,#8708,#8709,#8710,
#8711,#8712,#8713,#8714,#8715,#8716,#8717,#8718,#8719,#8720,#8721,#8722,
#8723,#8724,#8725,#8726,#8727,#8728),.UNSPECIFIED.,.F.,.F.,(4,2,2,2,2,2,
2,2,2,2,2,2,2,2,2,2,2,4),(-1.47945135719928,-1.40870097210364,-1.33010148031977,
-1.2540862340362,-1.17447046346944,-1.09673380250947,-1.01989699762057,
-0.940035520295243,-0.863194910457187,-0.784042855054442,-0.705215754368991,
-0.629171314671146,-0.549554827572664,-0.471585762357015,-0.395060739753694,
-0.314941766800489,-0.237868776963089,-0.217876893366579),.UNSPECIFIED.);
#1224=B_SPLINE_CURVE_WITH_KNOTS('',3,(#8730,#8731,#8732,#8733,#8734,#8735,
#8736,#8737,#8738,#8739,#8740,#8741,#8742,#8743,#8744,#8745,#8746,#8747,
#8748,#8749,#8750,#8751,#8752,#8753,#8754,#8755,#8756,#8757,#8758,#8759,
#8760,#8761,#8762,#8763,#8764,#8765),.UNSPECIFIED.,.F.,.F.,(4,2,2,2,2,2,
2,2,2,2,2,2,2,2,2,2,2,4),(0.463521047382143,0.502468746139721,0.563197769225664,
0.624964260696801,0.684071717973337,0.745416264706891,0.806088805406527,
0.865875350379723,0.928016240248888,0.987252172518769,1.04773781354864,
1.10942486509249,1.16835877345449,1.22947700483441,1.29055263809691,1.35014369439239,
1.41207400532282,1.44041831959629),.UNSPECIFIED.);
#1225=B_SPLINE_CURVE_WITH_KNOTS('',3,(#8766,#8767,#8768,#8769,#8770,#8771,
#8772,#8773,#8774,#8775,#8776,#8777,#8778,#8779,#8780,#8781,#8782,#8783,
#8784,#8785,#8786,#8787,#8788,#8789,#8790,#8791,#8792,#8793,#8794,#8795,
#8796,#8797,#8798,#8799,#8800,#8801),.UNSPECIFIED.,.F.,.F.,(4,2,2,2,2,2,
2,2,2,2,2,2,2,2,2,2,2,4),(2.6542049841576,2.6789025010984,2.74089878574562,
2.80054714414725,2.8611512723633,2.92235108633238,2.98132147070503,3.04296035487717,
3.10354350487402,3.16261496074132,3.22486762554062,3.28475478035006,3.34505671785248,
3.40652306767168,3.46568300015093,3.52726228248583,3.58787338676903,3.62989251849975),
 .UNSPECIFIED.);
#1226=B_SPLINE_CURVE_WITH_KNOTS('',3,(#8889,#8890,#8891,#8892,#8893,#8894,
#8895,#8896,#8897,#8898),.UNSPECIFIED.,.F.,.F.,(4,2,2,2,4),(-0.0506867971636855,
-0.0425971439292939,-0.0299878528177007,-0.0198015534295001,-0.0110215282307605),
 .UNSPECIFIED.);
#1227=B_SPLINE_CURVE_WITH_KNOTS('',3,(#8904,#8905,#8906,#8907,#8908,#8909),
 .UNSPECIFIED.,.F.,.F.,(4,2,4),(-0.156490032085611,-0.143298229854125,-0.123664297716789),
 .UNSPECIFIED.);
#1228=B_SPLINE_CURVE_WITH_KNOTS('',3,(#8937,#8938,#8939,#8940),
 .UNSPECIFIED.,.F.,.F.,(4,4),(-0.130630925445325,-0.120253373075046),
 .UNSPECIFIED.);
#1229=B_SPLINE_CURVE_WITH_KNOTS('',3,(#8944,#8945,#8946,#8947,#8948,#8949,
#8950,#8951,#8952,#8953,#8954,#8955),.UNSPECIFIED.,.F.,.F.,(4,2,2,2,2,4),
(-0.101416069724249,-0.100949459000058,-0.0927577543710212,-0.083887476939709,
-0.0737536166844354,-0.0652853818976681),.UNSPECIFIED.);
#1230=B_SPLINE_CURVE_WITH_KNOTS('',3,(#8956,#8957,#8958,#8959,#8960,#8961),
 .UNSPECIFIED.,.F.,.F.,(4,2,4),(-0.172641827261613,-0.153007895124168,-0.139816092892682),
 .UNSPECIFIED.);
#1231=B_SPLINE_CURVE_WITH_KNOTS('',3,(#8994,#8995,#8996,#8997),
 .UNSPECIFIED.,.F.,.F.,(4,4),(-0.119016692210337,-0.108639139840057),
 .UNSPECIFIED.);
#1232=B_SPLINE_CURVE_WITH_KNOTS('',3,(#9004,#9005,#9006,#9007,#9008,#9009),
 .UNSPECIFIED.,.F.,.F.,(4,2,4),(-0.0550026546239102,-0.0273451510848181,
-1.0000000494198E-6),.UNSPECIFIED.);
#1233=B_SPLINE_CURVE_WITH_KNOTS('',3,(#9010,#9011,#9012,#9013,#9014,#9015),
 .UNSPECIFIED.,.F.,.F.,(4,2,4),(-0.0542713554277957,-0.0275362370055811,
0.),.UNSPECIFIED.);
#1234=B_SPLINE_CURVE_WITH_KNOTS('',3,(#9020,#9021,#9022,#9023,#9024,#9025,
#9026,#9027,#9028,#9029,#9030,#9031),.UNSPECIFIED.,.F.,.F.,(4,2,2,2,2,4),
(-0.101416069724827,-0.100949459000522,-0.0927577543713964,-0.0838874769399823,
-0.0737536166845872,-0.0652853818982241),.UNSPECIFIED.);
#1235=B_SPLINE_CURVE_WITH_KNOTS('',3,(#9047,#9048,#9049,#9050,#9051,#9052,
#9053,#9054,#9055,#9056),.UNSPECIFIED.,.F.,.F.,(4,2,2,2,4),(-0.0506867971641784,
-0.042597143929272,-0.029987852817687,-0.0198015534294926,-0.0110215282308764),
 .UNSPECIFIED.);
#1236=B_SPLINE_CURVE_WITH_KNOTS('',3,(#9060,#9061,#9062,#9063),
 .UNSPECIFIED.,.F.,.F.,(4,4),(0.00466966408770812,0.0150472164579875),
 .UNSPECIFIED.);
#1237=B_SPLINE_CURVE_WITH_KNOTS('',3,(#9068,#9069,#9070,#9071,#9072,#9073,
#9074),.UNSPECIFIED.,.F.,.F.,(4,3,4),(-0.0196339321373347,0.,0.0131918022314863),
 .UNSPECIFIED.);
#1238=B_SPLINE_CURVE_WITH_KNOTS('',3,(#9113,#9114,#9115,#9116,#9117,#9118,
#9119),.UNSPECIFIED.,.F.,.F.,(4,3,4),(-0.0131918022314862,0.,0.0196339321374434),
 .UNSPECIFIED.);
#1239=B_SPLINE_CURVE_WITH_KNOTS('',3,(#9212,#9213,#9214,#9215),
 .UNSPECIFIED.,.F.,.F.,(4,4),(-0.0150472164579875,-0.00466966408770818),
 .UNSPECIFIED.);
#1240=LINE('',#7853,#1833);
#1241=LINE('',#7912,#1834);
#1242=LINE('',#7988,#1835);
#1243=LINE('',#8064,#1836);
#1244=LINE('',#8107,#1837);
#1245=LINE('',#8121,#1838);
#1246=LINE('',#8197,#1839);
#1247=LINE('',#8273,#1840);
#1248=LINE('',#8349,#1841);
#1249=LINE('',#8427,#1842);
#1250=LINE('',#8456,#1843);
#1251=LINE('',#8472,#1844);
#1252=LINE('',#8527,#1845);
#1253=LINE('',#8594,#1846);
#1254=LINE('',#8805,#1847);
#1255=LINE('',#8811,#1848);
#1256=LINE('',#8828,#1849);
#1257=LINE('',#8839,#1850);
#1258=LINE('',#8842,#1851);
#1259=LINE('',#8844,#1852);
#1260=LINE('',#8845,#1853);
#1261=LINE('',#8849,#1854);
#1262=LINE('',#8855,#1855);
#1263=LINE('',#8861,#1856);
#1264=LINE('',#8867,#1857);
#1265=LINE('',#8873,#1858);
#1266=LINE('',#8879,#1859);
#1267=LINE('',#8881,#1860);
#1268=LINE('',#8883,#1861);
#1269=LINE('',#8884,#1862);
#1270=LINE('',#8885,#1863);
#1271=LINE('',#9002,#1864);
#1272=LINE('',#9037,#1865);
#1273=LINE('',#9040,#1866);
#1274=LINE('',#9077,#1867);
#1275=LINE('',#9079,#1868);
#1276=LINE('',#9096,#1869);
#1277=LINE('',#9107,#1870);
#1278=LINE('',#9111,#1871);
#1279=LINE('',#9121,#1872);
#1280=LINE('',#9125,#1873);
#1281=LINE('',#9127,#1874);
#1282=LINE('',#9128,#1875);
#1283=LINE('',#9132,#1876);
#1284=LINE('',#9138,#1877);
#1285=LINE('',#9144,#1878);
#1286=LINE('',#9150,#1879);
#1287=LINE('',#9154,#1880);
#1288=LINE('',#9657,#1881);
#1289=LINE('',#9659,#1882);
#1290=LINE('',#9661,#1883);
#1291=LINE('',#9662,#1884);
#1292=LINE('',#9665,#1885);
#1293=LINE('',#9667,#1886);
#1294=LINE('',#9668,#1887);
#1295=LINE('',#9671,#1888);
#1296=LINE('',#9673,#1889);
#1297=LINE('',#9674,#1890);
#1298=LINE('',#9676,#1891);
#1299=LINE('',#9677,#1892);
#1300=LINE('',#9681,#1893);
#1301=LINE('',#9683,#1894);
#1302=LINE('',#9685,#1895);
#1303=LINE('',#9686,#1896);
#1304=LINE('',#9689,#1897);
#1305=LINE('',#9691,#1898);
#1306=LINE('',#9692,#1899);
#1307=LINE('',#9695,#1900);
#1308=LINE('',#9697,#1901);
#1309=LINE('',#9698,#1902);
#1310=LINE('',#9700,#1903);
#1311=LINE('',#9701,#1904);
#1312=LINE('',#9707,#1905);
#1313=LINE('',#9709,#1906);
#1314=LINE('',#9711,#1907);
#1315=LINE('',#9712,#1908);
#1316=LINE('',#9715,#1909);
#1317=LINE('',#9717,#1910);
#1318=LINE('',#9718,#1911);
#1319=LINE('',#9721,#1912);
#1320=LINE('',#9723,#1913);
#1321=LINE('',#9724,#1914);
#1322=LINE('',#9726,#1915);
#1323=LINE('',#9727,#1916);
#1324=LINE('',#9733,#1917);
#1325=LINE('',#9735,#1918);
#1326=LINE('',#9737,#1919);
#1327=LINE('',#9738,#1920);
#1328=LINE('',#9741,#1921);
#1329=LINE('',#9743,#1922);
#1330=LINE('',#9744,#1923);
#1331=LINE('',#9747,#1924);
#1332=LINE('',#9749,#1925);
#1333=LINE('',#9750,#1926);
#1334=LINE('',#9752,#1927);
#1335=LINE('',#9753,#1928);
#1336=LINE('',#9761,#1929);
#1337=LINE('',#9764,#1930);
#1338=LINE('',#9767,#1931);
#1339=LINE('',#9769,#1932);
#1340=LINE('',#9770,#1933);
#1341=LINE('',#9773,#1934);
#1342=LINE('',#9777,#1935);
#1343=LINE('',#9781,#1936);
#1344=LINE('',#9787,#1937);
#1345=LINE('',#9791,#1938);
#1346=LINE('',#9792,#1939);
#1347=LINE('',#9795,#1940);
#1348=LINE('',#9799,#1941);
#1349=LINE('',#9800,#1942);
#1350=LINE('',#9803,#1943);
#1351=LINE('',#9807,#1944);
#1352=LINE('',#9810,#1945);
#1353=LINE('',#9817,#1946);
#1354=LINE('',#9820,#1947);
#1355=LINE('',#9823,#1948);
#1356=LINE('',#9825,#1949);
#1357=LINE('',#9826,#1950);
#1358=LINE('',#9829,#1951);
#1359=LINE('',#9833,#1952);
#1360=LINE('',#9837,#1953);
#1361=LINE('',#9841,#1954);
#1362=LINE('',#9843,#1955);
#1363=LINE('',#9845,#1956);
#1364=LINE('',#9846,#1957);
#1365=LINE('',#9851,#1958);
#1366=LINE('',#9852,#1959);
#1367=LINE('',#9855,#1960);
#1368=LINE('',#9856,#1961);
#1369=LINE('',#9860,#1962);
#1370=LINE('',#9864,#1963);
#1371=LINE('',#9867,#1964);
#1372=LINE('',#9869,#1965);
#1373=LINE('',#9870,#1966);
#1374=LINE('',#9873,#1967);
#1375=LINE('',#9874,#1968);
#1376=LINE('',#9877,#1969);
#1377=LINE('',#9878,#1970);
#1378=LINE('',#9880,#1971);
#1379=LINE('',#9882,#1972);
#1380=LINE('',#9884,#1973);
#1381=LINE('',#9889,#1974);
#1382=LINE('',#9893,#1975);
#1383=LINE('',#9897,#1976);
#1384=LINE('',#9900,#1977);
#1385=LINE('',#9903,#1978);
#1386=LINE('',#9906,#1979);
#1387=LINE('',#9908,#1980);
#1388=LINE('',#9909,#1981);
#1389=LINE('',#9912,#1982);
#1390=LINE('',#9914,#1983);
#1391=LINE('',#9915,#1984);
#1392=LINE('',#9918,#1985);
#1393=LINE('',#9919,#1986);
#1394=LINE('',#9922,#1987);
#1395=LINE('',#9926,#1988);
#1396=LINE('',#9929,#1989);
#1397=LINE('',#9932,#1990);
#1398=LINE('',#9934,#1991);
#1399=LINE('',#9936,#1992);
#1400=LINE('',#9938,#1993);
#1401=LINE('',#9940,#1994);
#1402=LINE('',#9941,#1995);
#1403=LINE('',#9945,#1996);
#1404=LINE('',#9948,#1997);
#1405=LINE('',#9949,#1998);
#1406=LINE('',#9952,#1999);
#1407=LINE('',#9954,#2000);
#1408=LINE('',#9960,#2001);
#1409=LINE('',#9964,#2002);
#1410=LINE('',#9966,#2003);
#1411=LINE('',#9967,#2004);
#1412=LINE('',#9970,#2005);
#1413=LINE('',#9976,#2006);
#1414=LINE('',#9980,#2007);
#1415=LINE('',#9981,#2008);
#1416=LINE('',#9985,#2009);
#1417=LINE('',#9986,#2010);
#1418=LINE('',#9989,#2011);
#1419=LINE('',#9992,#2012);
#1420=LINE('',#9993,#2013);
#1421=LINE('',#9995,#2014);
#1422=LINE('',#10001,#2015);
#1423=LINE('',#10003,#2016);
#1424=LINE('',#10005,#2017);
#1425=LINE('',#10006,#2018);
#1426=LINE('',#10009,#2019);
#1427=LINE('',#10011,#2020);
#1428=LINE('',#10012,#2021);
#1429=LINE('',#10015,#2022);
#1430=LINE('',#10017,#2023);
#1431=LINE('',#10018,#2024);
#1432=LINE('',#10020,#2025);
#1433=LINE('',#10021,#2026);
#1434=LINE('',#10027,#2027);
#1435=LINE('',#10031,#2028);
#1436=LINE('',#10035,#2029);
#1437=LINE('',#10037,#2030);
#1438=LINE('',#10041,#2031);
#1439=LINE('',#10043,#2032);
#1440=LINE('',#10046,#2033);
#1441=LINE('',#10047,#2034);
#1442=LINE('',#10050,#2035);
#1443=LINE('',#10052,#2036);
#1444=LINE('',#10053,#2037);
#1445=LINE('',#10056,#2038);
#1446=LINE('',#10057,#2039);
#1447=LINE('',#10060,#2040);
#1448=LINE('',#10064,#2041);
#1449=LINE('',#10067,#2042);
#1450=LINE('',#10070,#2043);
#1451=LINE('',#10072,#2044);
#1452=LINE('',#10074,#2045);
#1453=LINE('',#10076,#2046);
#1454=LINE('',#10078,#2047);
#1455=LINE('',#10079,#2048);
#1456=LINE('',#10082,#2049);
#1457=LINE('',#10086,#2050);
#1458=LINE('',#10087,#2051);
#1459=LINE('',#10092,#2052);
#1460=LINE('',#10093,#2053);
#1461=LINE('',#10099,#2054);
#1462=LINE('',#10102,#2055);
#1463=LINE('',#10104,#2056);
#1464=LINE('',#10105,#2057);
#1465=LINE('',#10109,#2058);
#1466=LINE('',#10115,#2059);
#1467=LINE('',#10118,#2060);
#1468=LINE('',#10119,#2061);
#1469=LINE('',#10123,#2062);
#1470=LINE('',#10124,#2063);
#1471=LINE('',#10127,#2064);
#1472=LINE('',#10130,#2065);
#1473=LINE('',#10131,#2066);
#1474=LINE('',#10133,#2067);
#1475=LINE('',#10139,#2068);
#1476=LINE('',#10141,#2069);
#1477=LINE('',#10143,#2070);
#1478=LINE('',#10144,#2071);
#1479=LINE('',#10147,#2072);
#1480=LINE('',#10149,#2073);
#1481=LINE('',#10150,#2074);
#1482=LINE('',#10153,#2075);
#1483=LINE('',#10155,#2076);
#1484=LINE('',#10156,#2077);
#1485=LINE('',#10158,#2078);
#1486=LINE('',#10159,#2079);
#1487=LINE('',#10165,#2080);
#1488=LINE('',#10169,#2081);
#1489=LINE('',#10173,#2082);
#1490=LINE('',#10175,#2083);
#1491=LINE('',#10179,#2084);
#1492=LINE('',#10181,#2085);
#1493=LINE('',#10184,#2086);
#1494=LINE('',#10185,#2087);
#1495=LINE('',#10188,#2088);
#1496=LINE('',#10190,#2089);
#1497=LINE('',#10191,#2090);
#1498=LINE('',#10194,#2091);
#1499=LINE('',#10195,#2092);
#1500=LINE('',#10198,#2093);
#1501=LINE('',#10202,#2094);
#1502=LINE('',#10205,#2095);
#1503=LINE('',#10208,#2096);
#1504=LINE('',#10210,#2097);
#1505=LINE('',#10212,#2098);
#1506=LINE('',#10214,#2099);
#1507=LINE('',#10216,#2100);
#1508=LINE('',#10217,#2101);
#1509=LINE('',#10220,#2102);
#1510=LINE('',#10224,#2103);
#1511=LINE('',#10225,#2104);
#1512=LINE('',#10230,#2105);
#1513=LINE('',#10231,#2106);
#1514=LINE('',#10237,#2107);
#1515=LINE('',#10240,#2108);
#1516=LINE('',#10242,#2109);
#1517=LINE('',#10243,#2110);
#1518=LINE('',#10247,#2111);
#1519=LINE('',#10253,#2112);
#1520=LINE('',#10256,#2113);
#1521=LINE('',#10257,#2114);
#1522=LINE('',#10261,#2115);
#1523=LINE('',#10262,#2116);
#1524=LINE('',#10265,#2117);
#1525=LINE('',#10268,#2118);
#1526=LINE('',#10269,#2119);
#1527=LINE('',#10271,#2120);
#1528=LINE('',#10277,#2121);
#1529=LINE('',#10279,#2122);
#1530=LINE('',#10281,#2123);
#1531=LINE('',#10282,#2124);
#1532=LINE('',#10285,#2125);
#1533=LINE('',#10287,#2126);
#1534=LINE('',#10288,#2127);
#1535=LINE('',#10291,#2128);
#1536=LINE('',#10293,#2129);
#1537=LINE('',#10294,#2130);
#1538=LINE('',#10296,#2131);
#1539=LINE('',#10297,#2132);
#1540=LINE('',#10303,#2133);
#1541=LINE('',#10307,#2134);
#1542=LINE('',#10311,#2135);
#1543=LINE('',#10314,#2136);
#1544=LINE('',#10317,#2137);
#1545=LINE('',#10320,#2138);
#1546=LINE('',#10322,#2139);
#1547=LINE('',#10323,#2140);
#1548=LINE('',#10326,#2141);
#1549=LINE('',#10328,#2142);
#1550=LINE('',#10329,#2143);
#1551=LINE('',#10332,#2144);
#1552=LINE('',#10333,#2145);
#1553=LINE('',#10336,#2146);
#1554=LINE('',#10340,#2147);
#1555=LINE('',#10343,#2148);
#1556=LINE('',#10346,#2149);
#1557=LINE('',#10348,#2150);
#1558=LINE('',#10350,#2151);
#1559=LINE('',#10352,#2152);
#1560=LINE('',#10354,#2153);
#1561=LINE('',#10355,#2154);
#1562=LINE('',#10359,#2155);
#1563=LINE('',#10362,#2156);
#1564=LINE('',#10363,#2157);
#1565=LINE('',#10366,#2158);
#1566=LINE('',#10368,#2159);
#1567=LINE('',#10374,#2160);
#1568=LINE('',#10378,#2161);
#1569=LINE('',#10380,#2162);
#1570=LINE('',#10381,#2163);
#1571=LINE('',#10384,#2164);
#1572=LINE('',#10390,#2165);
#1573=LINE('',#10394,#2166);
#1574=LINE('',#10395,#2167);
#1575=LINE('',#10399,#2168);
#1576=LINE('',#10400,#2169);
#1577=LINE('',#10403,#2170);
#1578=LINE('',#10406,#2171);
#1579=LINE('',#10407,#2172);
#1580=LINE('',#10409,#2173);
#1581=LINE('',#10415,#2174);
#1582=LINE('',#10417,#2175);
#1583=LINE('',#10419,#2176);
#1584=LINE('',#10420,#2177);
#1585=LINE('',#10423,#2178);
#1586=LINE('',#10425,#2179);
#1587=LINE('',#10426,#2180);
#1588=LINE('',#10429,#2181);
#1589=LINE('',#10431,#2182);
#1590=LINE('',#10432,#2183);
#1591=LINE('',#10434,#2184);
#1592=LINE('',#10435,#2185);
#1593=LINE('',#10441,#2186);
#1594=LINE('',#10443,#2187);
#1595=LINE('',#10445,#2188);
#1596=LINE('',#10447,#2189);
#1597=LINE('',#10448,#2190);
#1598=LINE('',#10451,#2191);
#1599=LINE('',#10453,#2192);
#1600=LINE('',#10454,#2193);
#1601=LINE('',#10457,#2194);
#1602=LINE('',#10458,#2195);
#1603=LINE('',#10462,#2196);
#1604=LINE('',#10463,#2197);
#1605=LINE('',#10464,#2198);
#1606=LINE('',#10467,#2199);
#1607=LINE('',#10469,#2200);
#1608=LINE('',#10471,#2201);
#1609=LINE('',#10473,#2202);
#1610=LINE('',#10474,#2203);
#1611=LINE('',#10477,#2204);
#1612=LINE('',#10478,#2205);
#1613=LINE('',#10481,#2206);
#1614=LINE('',#10482,#2207);
#1615=LINE('',#10485,#2208);
#1616=LINE('',#10487,#2209);
#1617=LINE('',#10488,#2210);
#1618=LINE('',#10491,#2211);
#1619=LINE('',#10492,#2212);
#1620=LINE('',#10495,#2213);
#1621=LINE('',#10496,#2214);
#1622=LINE('',#10498,#2215);
#1623=LINE('',#10503,#2216);
#1624=LINE('',#10505,#2217);
#1625=LINE('',#10507,#2218);
#1626=LINE('',#10509,#2219);
#1627=LINE('',#10510,#2220);
#1628=LINE('',#10513,#2221);
#1629=LINE('',#10515,#2222);
#1630=LINE('',#10516,#2223);
#1631=LINE('',#10519,#2224);
#1632=LINE('',#10520,#2225);
#1633=LINE('',#10524,#2226);
#1634=LINE('',#10525,#2227);
#1635=LINE('',#10526,#2228);
#1636=LINE('',#10529,#2229);
#1637=LINE('',#10531,#2230);
#1638=LINE('',#10533,#2231);
#1639=LINE('',#10535,#2232);
#1640=LINE('',#10536,#2233);
#1641=LINE('',#10539,#2234);
#1642=LINE('',#10540,#2235);
#1643=LINE('',#10543,#2236);
#1644=LINE('',#10544,#2237);
#1645=LINE('',#10547,#2238);
#1646=LINE('',#10549,#2239);
#1647=LINE('',#10550,#2240);
#1648=LINE('',#10553,#2241);
#1649=LINE('',#10554,#2242);
#1650=LINE('',#10557,#2243);
#1651=LINE('',#10558,#2244);
#1652=LINE('',#10560,#2245);
#1653=LINE('',#10565,#2246);
#1654=LINE('',#10567,#2247);
#1655=LINE('',#10569,#2248);
#1656=LINE('',#10571,#2249);
#1657=LINE('',#10572,#2250);
#1658=LINE('',#10575,#2251);
#1659=LINE('',#10577,#2252);
#1660=LINE('',#10578,#2253);
#1661=LINE('',#10581,#2254);
#1662=LINE('',#10582,#2255);
#1663=LINE('',#10586,#2256);
#1664=LINE('',#10587,#2257);
#1665=LINE('',#10588,#2258);
#1666=LINE('',#10591,#2259);
#1667=LINE('',#10593,#2260);
#1668=LINE('',#10595,#2261);
#1669=LINE('',#10597,#2262);
#1670=LINE('',#10598,#2263);
#1671=LINE('',#10601,#2264);
#1672=LINE('',#10602,#2265);
#1673=LINE('',#10605,#2266);
#1674=LINE('',#10606,#2267);
#1675=LINE('',#10609,#2268);
#1676=LINE('',#10611,#2269);
#1677=LINE('',#10612,#2270);
#1678=LINE('',#10615,#2271);
#1679=LINE('',#10616,#2272);
#1680=LINE('',#10619,#2273);
#1681=LINE('',#10620,#2274);
#1682=LINE('',#10622,#2275);
#1683=LINE('',#10627,#2276);
#1684=LINE('',#10629,#2277);
#1685=LINE('',#10631,#2278);
#1686=LINE('',#10633,#2279);
#1687=LINE('',#10634,#2280);
#1688=LINE('',#10637,#2281);
#1689=LINE('',#10639,#2282);
#1690=LINE('',#10640,#2283);
#1691=LINE('',#10643,#2284);
#1692=LINE('',#10644,#2285);
#1693=LINE('',#10648,#2286);
#1694=LINE('',#10649,#2287);
#1695=LINE('',#10650,#2288);
#1696=LINE('',#10653,#2289);
#1697=LINE('',#10655,#2290);
#1698=LINE('',#10657,#2291);
#1699=LINE('',#10659,#2292);
#1700=LINE('',#10660,#2293);
#1701=LINE('',#10663,#2294);
#1702=LINE('',#10664,#2295);
#1703=LINE('',#10667,#2296);
#1704=LINE('',#10668,#2297);
#1705=LINE('',#10671,#2298);
#1706=LINE('',#10673,#2299);
#1707=LINE('',#10674,#2300);
#1708=LINE('',#10677,#2301);
#1709=LINE('',#10678,#2302);
#1710=LINE('',#10681,#2303);
#1711=LINE('',#10682,#2304);
#1712=LINE('',#10684,#2305);
#1713=LINE('',#10689,#2306);
#1714=LINE('',#10691,#2307);
#1715=LINE('',#10693,#2308);
#1716=LINE('',#10695,#2309);
#1717=LINE('',#10696,#2310);
#1718=LINE('',#10699,#2311);
#1719=LINE('',#10701,#2312);
#1720=LINE('',#10702,#2313);
#1721=LINE('',#10705,#2314);
#1722=LINE('',#10706,#2315);
#1723=LINE('',#10710,#2316);
#1724=LINE('',#10711,#2317);
#1725=LINE('',#10712,#2318);
#1726=LINE('',#10715,#2319);
#1727=LINE('',#10717,#2320);
#1728=LINE('',#10719,#2321);
#1729=LINE('',#10721,#2322);
#1730=LINE('',#10722,#2323);
#1731=LINE('',#10725,#2324);
#1732=LINE('',#10726,#2325);
#1733=LINE('',#10729,#2326);
#1734=LINE('',#10730,#2327);
#1735=LINE('',#10733,#2328);
#1736=LINE('',#10735,#2329);
#1737=LINE('',#10736,#2330);
#1738=LINE('',#10739,#2331);
#1739=LINE('',#10740,#2332);
#1740=LINE('',#10743,#2333);
#1741=LINE('',#10744,#2334);
#1742=LINE('',#10746,#2335);
#1743=LINE('',#10751,#2336);
#1744=LINE('',#10753,#2337);
#1745=LINE('',#10755,#2338);
#1746=LINE('',#10757,#2339);
#1747=LINE('',#10758,#2340);
#1748=LINE('',#10761,#2341);
#1749=LINE('',#10763,#2342);
#1750=LINE('',#10764,#2343);
#1751=LINE('',#10767,#2344);
#1752=LINE('',#10768,#2345);
#1753=LINE('',#10772,#2346);
#1754=LINE('',#10773,#2347);
#1755=LINE('',#10774,#2348);
#1756=LINE('',#10777,#2349);
#1757=LINE('',#10779,#2350);
#1758=LINE('',#10781,#2351);
#1759=LINE('',#10783,#2352);
#1760=LINE('',#10784,#2353);
#1761=LINE('',#10787,#2354);
#1762=LINE('',#10788,#2355);
#1763=LINE('',#10791,#2356);
#1764=LINE('',#10792,#2357);
#1765=LINE('',#10795,#2358);
#1766=LINE('',#10797,#2359);
#1767=LINE('',#10798,#2360);
#1768=LINE('',#10801,#2361);
#1769=LINE('',#10802,#2362);
#1770=LINE('',#10805,#2363);
#1771=LINE('',#10806,#2364);
#1772=LINE('',#10808,#2365);
#1773=LINE('',#10813,#2366);
#1774=LINE('',#10815,#2367);
#1775=LINE('',#10817,#2368);
#1776=LINE('',#10819,#2369);
#1777=LINE('',#10820,#2370);
#1778=LINE('',#10823,#2371);
#1779=LINE('',#10825,#2372);
#1780=LINE('',#10826,#2373);
#1781=LINE('',#10829,#2374);
#1782=LINE('',#10830,#2375);
#1783=LINE('',#10834,#2376);
#1784=LINE('',#10835,#2377);
#1785=LINE('',#10836,#2378);
#1786=LINE('',#10839,#2379);
#1787=LINE('',#10841,#2380);
#1788=LINE('',#10843,#2381);
#1789=LINE('',#10845,#2382);
#1790=LINE('',#10846,#2383);
#1791=LINE('',#10849,#2384);
#1792=LINE('',#10850,#2385);
#1793=LINE('',#10853,#2386);
#1794=LINE('',#10854,#2387);
#1795=LINE('',#10857,#2388);
#1796=LINE('',#10859,#2389);
#1797=LINE('',#10860,#2390);
#1798=LINE('',#10863,#2391);
#1799=LINE('',#10864,#2392);
#1800=LINE('',#10867,#2393);
#1801=LINE('',#10868,#2394);
#1802=LINE('',#10870,#2395);
#1803=LINE('',#10875,#2396);
#1804=LINE('',#10877,#2397);
#1805=LINE('',#10879,#2398);
#1806=LINE('',#10881,#2399);
#1807=LINE('',#10882,#2400);
#1808=LINE('',#10885,#2401);
#1809=LINE('',#10887,#2402);
#1810=LINE('',#10888,#2403);
#1811=LINE('',#10891,#2404);
#1812=LINE('',#10892,#2405);
#1813=LINE('',#10896,#2406);
#1814=LINE('',#10897,#2407);
#1815=LINE('',#10898,#2408);
#1816=LINE('',#10901,#2409);
#1817=LINE('',#10903,#2410);
#1818=LINE('',#10905,#2411);
#1819=LINE('',#10907,#2412);
#1820=LINE('',#10908,#2413);
#1821=LINE('',#10911,#2414);
#1822=LINE('',#10912,#2415);
#1823=LINE('',#10915,#2416);
#1824=LINE('',#10916,#2417);
#1825=LINE('',#10919,#2418);
#1826=LINE('',#10921,#2419);
#1827=LINE('',#10922,#2420);
#1828=LINE('',#10925,#2421);
#1829=LINE('',#10926,#2422);
#1830=LINE('',#10929,#2423);
#1831=LINE('',#10930,#2424);
#1832=LINE('',#10932,#2425);
#1833=VECTOR('',#6293,1.54533666301317);
#1834=VECTOR('',#6298,1.54533666301317);
#1835=VECTOR('',#6301,1.54533666301317);
#1836=VECTOR('',#6304,1.54533666301317);
#1837=VECTOR('',#6309,2.);
#1838=VECTOR('',#6314,2.);
#1839=VECTOR('',#6317,2.);
#1840=VECTOR('',#6320,2.);
#1841=VECTOR('',#6323,2.);
#1842=VECTOR('',#6326,2.);
#1843=VECTOR('',#6331,2.);
#1844=VECTOR('',#6334,1.9492);
#1845=VECTOR('',#6343,4.30747227107935);
#1846=VECTOR('',#6356,4.5);
#1847=VECTOR('',#6373,1000.);
#1848=VECTOR('',#6374,1000.);
#1849=VECTOR('',#6387,1000.);
#1850=VECTOR('',#6398,1000.);
#1851=VECTOR('',#6401,1000.);
#1852=VECTOR('',#6402,1000.);
#1853=VECTOR('',#6403,1000.);
#1854=VECTOR('',#6406,1000.);
#1855=VECTOR('',#6413,1000.);
#1856=VECTOR('',#6420,1000.);
#1857=VECTOR('',#6427,1000.);
#1858=VECTOR('',#6434,1000.);
#1859=VECTOR('',#6441,1000.);
#1860=VECTOR('',#6442,1000.);
#1861=VECTOR('',#6443,1000.);
#1862=VECTOR('',#6444,1000.);
#1863=VECTOR('',#6445,1000.);
#1864=VECTOR('',#6494,1000.);
#1865=VECTOR('',#6501,1000.);
#1866=VECTOR('',#6504,1000.);
#1867=VECTOR('',#6511,1000.);
#1868=VECTOR('',#6512,1000.);
#1869=VECTOR('',#6525,1000.);
#1870=VECTOR('',#6536,1000.);
#1871=VECTOR('',#6541,1000.);
#1872=VECTOR('',#6544,1000.);
#1873=VECTOR('',#6549,1000.);
#1874=VECTOR('',#6550,1000.);
#1875=VECTOR('',#6551,1000.);
#1876=VECTOR('',#6554,1000.);
#1877=VECTOR('',#6561,1000.);
#1878=VECTOR('',#6568,1000.);
#1879=VECTOR('',#6575,1000.);
#1880=VECTOR('',#6582,1000.);
#1881=VECTOR('',#6631,10.);
#1882=VECTOR('',#6632,10.);
#1883=VECTOR('',#6633,10.);
#1884=VECTOR('',#6634,10.);
#1885=VECTOR('',#6637,10.);
#1886=VECTOR('',#6638,10.);
#1887=VECTOR('',#6639,10.);
#1888=VECTOR('',#6642,10.);
#1889=VECTOR('',#6643,10.);
#1890=VECTOR('',#6644,10.);
#1891=VECTOR('',#6647,10.);
#1892=VECTOR('',#6648,10.);
#1893=VECTOR('',#6651,10.);
#1894=VECTOR('',#6652,10.);
#1895=VECTOR('',#6653,10.);
#1896=VECTOR('',#6654,10.);
#1897=VECTOR('',#6657,10.);
#1898=VECTOR('',#6658,10.);
#1899=VECTOR('',#6659,10.);
#1900=VECTOR('',#6662,10.);
#1901=VECTOR('',#6663,10.);
#1902=VECTOR('',#6664,10.);
#1903=VECTOR('',#6667,10.);
#1904=VECTOR('',#6668,10.);
#1905=VECTOR('',#6675,10.);
#1906=VECTOR('',#6676,10.);
#1907=VECTOR('',#6677,10.);
#1908=VECTOR('',#6678,10.);
#1909=VECTOR('',#6681,10.);
#1910=VECTOR('',#6682,10.);
#1911=VECTOR('',#6683,10.);
#1912=VECTOR('',#6686,10.);
#1913=VECTOR('',#6687,10.);
#1914=VECTOR('',#6688,10.);
#1915=VECTOR('',#6691,10.);
#1916=VECTOR('',#6692,10.);
#1917=VECTOR('',#6699,10.);
#1918=VECTOR('',#6700,10.);
#1919=VECTOR('',#6701,10.);
#1920=VECTOR('',#6702,10.);
#1921=VECTOR('',#6705,10.);
#1922=VECTOR('',#6706,10.);
#1923=VECTOR('',#6707,10.);
#1924=VECTOR('',#6710,10.);
#1925=VECTOR('',#6711,10.);
#1926=VECTOR('',#6712,10.);
#1927=VECTOR('',#6715,10.);
#1928=VECTOR('',#6716,10.);
#1929=VECTOR('',#6725,10.);
#1930=VECTOR('',#6728,10.);
#1931=VECTOR('',#6731,10.);
#1932=VECTOR('',#6732,10.);
#1933=VECTOR('',#6733,10.);
#1934=VECTOR('',#6736,10.);
#1935=VECTOR('',#6739,10.);
#1936=VECTOR('',#6742,10.);
#1937=VECTOR('',#6749,10.);
#1938=VECTOR('',#6754,10.);
#1939=VECTOR('',#6755,10.);
#1940=VECTOR('',#6758,10.);
#1941=VECTOR('',#6763,10.);
#1942=VECTOR('',#6764,10.);
#1943=VECTOR('',#6767,10.);
#1944=VECTOR('',#6772,5.);
#1945=VECTOR('',#6777,10.);
#1946=VECTOR('',#6784,10.);
#1947=VECTOR('',#6787,10.);
#1948=VECTOR('',#6790,10.);
#1949=VECTOR('',#6791,10.);
#1950=VECTOR('',#6792,10.);
#1951=VECTOR('',#6795,10.);
#1952=VECTOR('',#6798,10.);
#1953=VECTOR('',#6801,10.);
#1954=VECTOR('',#6804,10.);
#1955=VECTOR('',#6805,10.);
#1956=VECTOR('',#6806,10.);
#1957=VECTOR('',#6807,10.);
#1958=VECTOR('',#6812,10.);
#1959=VECTOR('',#6813,10.);
#1960=VECTOR('',#6816,10.);
#1961=VECTOR('',#6817,10.);
#1962=VECTOR('',#6822,10.);
#1963=VECTOR('',#6827,10.);
#1964=VECTOR('',#6830,10.);
#1965=VECTOR('',#6831,10.);
#1966=VECTOR('',#6832,10.);
#1967=VECTOR('',#6835,10.);
#1968=VECTOR('',#6836,10.);
#1969=VECTOR('',#6839,10.);
#1970=VECTOR('',#6840,10.);
#1971=VECTOR('',#6843,10.);
#1972=VECTOR('',#6846,10.);
#1973=VECTOR('',#6849,10.);
#1974=VECTOR('',#6854,10.);
#1975=VECTOR('',#6857,10.);
#1976=VECTOR('',#6862,10.);
#1977=VECTOR('',#6865,10.);
#1978=VECTOR('',#6868,10.);
#1979=VECTOR('',#6871,10.);
#1980=VECTOR('',#6874,10.);
#1981=VECTOR('',#6875,10.);
#1982=VECTOR('',#6878,10.);
#1983=VECTOR('',#6879,10.);
#1984=VECTOR('',#6880,10.);
#1985=VECTOR('',#6883,10.);
#1986=VECTOR('',#6884,10.);
#1987=VECTOR('',#6887,10.);
#1988=VECTOR('',#6890,10.);
#1989=VECTOR('',#6893,10.);
#1990=VECTOR('',#6896,10.);
#1991=VECTOR('',#6897,10.);
#1992=VECTOR('',#6898,10.);
#1993=VECTOR('',#6899,10.);
#1994=VECTOR('',#6900,10.);
#1995=VECTOR('',#6901,10.);
#1996=VECTOR('',#6906,10.);
#1997=VECTOR('',#6909,10.);
#1998=VECTOR('',#6910,10.);
#1999=VECTOR('',#6913,10.);
#2000=VECTOR('',#6914,10.);
#2001=VECTOR('',#6921,10.);
#2002=VECTOR('',#6926,10.);
#2003=VECTOR('',#6927,10.);
#2004=VECTOR('',#6928,10.);
#2005=VECTOR('',#6931,10.);
#2006=VECTOR('',#6938,10.);
#2007=VECTOR('',#6943,10.);
#2008=VECTOR('',#6944,10.);
#2009=VECTOR('',#6949,10.);
#2010=VECTOR('',#6950,10.);
#2011=VECTOR('',#6955,2.5);
#2012=VECTOR('',#6958,10.);
#2013=VECTOR('',#6959,10.);
#2014=VECTOR('',#6962,10.);
#2015=VECTOR('',#6969,10.);
#2016=VECTOR('',#6970,10.);
#2017=VECTOR('',#6971,10.);
#2018=VECTOR('',#6972,10.);
#2019=VECTOR('',#6975,10.);
#2020=VECTOR('',#6976,10.);
#2021=VECTOR('',#6977,10.);
#2022=VECTOR('',#6980,10.);
#2023=VECTOR('',#6981,10.);
#2024=VECTOR('',#6982,10.);
#2025=VECTOR('',#6985,10.);
#2026=VECTOR('',#6986,10.);
#2027=VECTOR('',#6993,10.);
#2028=VECTOR('',#6996,10.);
#2029=VECTOR('',#7001,10.);
#2030=VECTOR('',#7002,10.);
#2031=VECTOR('',#7007,10.);
#2032=VECTOR('',#7008,10.);
#2033=VECTOR('',#7013,10.);
#2034=VECTOR('',#7014,10.);
#2035=VECTOR('',#7017,10.);
#2036=VECTOR('',#7018,10.);
#2037=VECTOR('',#7019,10.);
#2038=VECTOR('',#7022,10.);
#2039=VECTOR('',#7023,10.);
#2040=VECTOR('',#7026,10.);
#2041=VECTOR('',#7029,10.);
#2042=VECTOR('',#7032,10.);
#2043=VECTOR('',#7035,10.);
#2044=VECTOR('',#7036,10.);
#2045=VECTOR('',#7037,10.);
#2046=VECTOR('',#7038,10.);
#2047=VECTOR('',#7039,10.);
#2048=VECTOR('',#7040,10.);
#2049=VECTOR('',#7043,10.);
#2050=VECTOR('',#7048,10.);
#2051=VECTOR('',#7049,10.);
#2052=VECTOR('',#7054,10.);
#2053=VECTOR('',#7055,10.);
#2054=VECTOR('',#7062,10.);
#2055=VECTOR('',#7065,10.);
#2056=VECTOR('',#7066,10.);
#2057=VECTOR('',#7067,10.);
#2058=VECTOR('',#7072,10.);
#2059=VECTOR('',#7079,10.);
#2060=VECTOR('',#7082,10.);
#2061=VECTOR('',#7083,10.);
#2062=VECTOR('',#7088,10.);
#2063=VECTOR('',#7089,10.);
#2064=VECTOR('',#7094,2.5);
#2065=VECTOR('',#7097,10.);
#2066=VECTOR('',#7098,10.);
#2067=VECTOR('',#7101,10.);
#2068=VECTOR('',#7108,10.);
#2069=VECTOR('',#7109,10.);
#2070=VECTOR('',#7110,10.);
#2071=VECTOR('',#7111,10.);
#2072=VECTOR('',#7114,10.);
#2073=VECTOR('',#7115,10.);
#2074=VECTOR('',#7116,10.);
#2075=VECTOR('',#7119,10.);
#2076=VECTOR('',#7120,10.);
#2077=VECTOR('',#7121,10.);
#2078=VECTOR('',#7124,10.);
#2079=VECTOR('',#7125,10.);
#2080=VECTOR('',#7132,10.);
#2081=VECTOR('',#7135,10.);
#2082=VECTOR('',#7140,10.);
#2083=VECTOR('',#7141,10.);
#2084=VECTOR('',#7146,10.);
#2085=VECTOR('',#7147,10.);
#2086=VECTOR('',#7152,10.);
#2087=VECTOR('',#7153,10.);
#2088=VECTOR('',#7156,10.);
#2089=VECTOR('',#7157,10.);
#2090=VECTOR('',#7158,10.);
#2091=VECTOR('',#7161,10.);
#2092=VECTOR('',#7162,10.);
#2093=VECTOR('',#7165,10.);
#2094=VECTOR('',#7168,10.);
#2095=VECTOR('',#7171,10.);
#2096=VECTOR('',#7174,10.);
#2097=VECTOR('',#7175,10.);
#2098=VECTOR('',#7176,10.);
#2099=VECTOR('',#7177,10.);
#2100=VECTOR('',#7178,10.);
#2101=VECTOR('',#7179,10.);
#2102=VECTOR('',#7182,10.);
#2103=VECTOR('',#7187,10.);
#2104=VECTOR('',#7188,10.);
#2105=VECTOR('',#7193,10.);
#2106=VECTOR('',#7194,10.);
#2107=VECTOR('',#7201,10.);
#2108=VECTOR('',#7204,10.);
#2109=VECTOR('',#7205,10.);
#2110=VECTOR('',#7206,10.);
#2111=VECTOR('',#7211,10.);
#2112=VECTOR('',#7218,10.);
#2113=VECTOR('',#7221,10.);
#2114=VECTOR('',#7222,10.);
#2115=VECTOR('',#7227,10.);
#2116=VECTOR('',#7228,10.);
#2117=VECTOR('',#7233,2.5);
#2118=VECTOR('',#7236,10.);
#2119=VECTOR('',#7237,10.);
#2120=VECTOR('',#7240,10.);
#2121=VECTOR('',#7247,10.);
#2122=VECTOR('',#7248,10.);
#2123=VECTOR('',#7249,10.);
#2124=VECTOR('',#7250,10.);
#2125=VECTOR('',#7253,10.);
#2126=VECTOR('',#7254,10.);
#2127=VECTOR('',#7255,10.);
#2128=VECTOR('',#7258,10.);
#2129=VECTOR('',#7259,10.);
#2130=VECTOR('',#7260,10.);
#2131=VECTOR('',#7263,10.);
#2132=VECTOR('',#7264,10.);
#2133=VECTOR('',#7271,10.);
#2134=VECTOR('',#7274,10.);
#2135=VECTOR('',#7279,10.);
#2136=VECTOR('',#7282,10.);
#2137=VECTOR('',#7285,10.);
#2138=VECTOR('',#7288,10.);
#2139=VECTOR('',#7291,10.);
#2140=VECTOR('',#7292,10.);
#2141=VECTOR('',#7295,10.);
#2142=VECTOR('',#7296,10.);
#2143=VECTOR('',#7297,10.);
#2144=VECTOR('',#7300,10.);
#2145=VECTOR('',#7301,10.);
#2146=VECTOR('',#7304,10.);
#2147=VECTOR('',#7307,10.);
#2148=VECTOR('',#7310,10.);
#2149=VECTOR('',#7313,10.);
#2150=VECTOR('',#7314,10.);
#2151=VECTOR('',#7315,10.);
#2152=VECTOR('',#7316,10.);
#2153=VECTOR('',#7317,10.);
#2154=VECTOR('',#7318,10.);
#2155=VECTOR('',#7323,10.);
#2156=VECTOR('',#7326,10.);
#2157=VECTOR('',#7327,10.);
#2158=VECTOR('',#7330,10.);
#2159=VECTOR('',#7331,10.);
#2160=VECTOR('',#7338,10.);
#2161=VECTOR('',#7343,10.);
#2162=VECTOR('',#7344,10.);
#2163=VECTOR('',#7345,10.);
#2164=VECTOR('',#7348,10.);
#2165=VECTOR('',#7355,10.);
#2166=VECTOR('',#7360,10.);
#2167=VECTOR('',#7361,10.);
#2168=VECTOR('',#7366,10.);
#2169=VECTOR('',#7367,10.);
#2170=VECTOR('',#7372,2.5);
#2171=VECTOR('',#7375,10.);
#2172=VECTOR('',#7376,10.);
#2173=VECTOR('',#7379,10.);
#2174=VECTOR('',#7386,10.);
#2175=VECTOR('',#7387,10.);
#2176=VECTOR('',#7388,10.);
#2177=VECTOR('',#7389,10.);
#2178=VECTOR('',#7392,10.);
#2179=VECTOR('',#7393,10.);
#2180=VECTOR('',#7394,10.);
#2181=VECTOR('',#7397,10.);
#2182=VECTOR('',#7398,10.);
#2183=VECTOR('',#7399,10.);
#2184=VECTOR('',#7402,10.);
#2185=VECTOR('',#7403,10.);
#2186=VECTOR('',#7410,10.);
#2187=VECTOR('',#7411,10.);
#2188=VECTOR('',#7412,10.);
#2189=VECTOR('',#7413,10.);
#2190=VECTOR('',#7414,10.);
#2191=VECTOR('',#7417,10.);
#2192=VECTOR('',#7418,10.);
#2193=VECTOR('',#7419,10.);
#2194=VECTOR('',#7422,10.);
#2195=VECTOR('',#7423,10.);
#2196=VECTOR('',#7426,10.);
#2197=VECTOR('',#7427,10.);
#2198=VECTOR('',#7428,10.);
#2199=VECTOR('',#7431,10.);
#2200=VECTOR('',#7432,10.);
#2201=VECTOR('',#7433,10.);
#2202=VECTOR('',#7434,10.);
#2203=VECTOR('',#7435,10.);
#2204=VECTOR('',#7438,10.);
#2205=VECTOR('',#7439,10.);
#2206=VECTOR('',#7442,10.);
#2207=VECTOR('',#7443,10.);
#2208=VECTOR('',#7446,10.);
#2209=VECTOR('',#7447,10.);
#2210=VECTOR('',#7448,10.);
#2211=VECTOR('',#7451,10.);
#2212=VECTOR('',#7452,10.);
#2213=VECTOR('',#7455,10.);
#2214=VECTOR('',#7456,10.);
#2215=VECTOR('',#7459,10.);
#2216=VECTOR('',#7464,10.);
#2217=VECTOR('',#7465,10.);
#2218=VECTOR('',#7466,10.);
#2219=VECTOR('',#7467,10.);
#2220=VECTOR('',#7468,10.);
#2221=VECTOR('',#7471,10.);
#2222=VECTOR('',#7472,10.);
#2223=VECTOR('',#7473,10.);
#2224=VECTOR('',#7476,10.);
#2225=VECTOR('',#7477,10.);
#2226=VECTOR('',#7480,10.);
#2227=VECTOR('',#7481,10.);
#2228=VECTOR('',#7482,10.);
#2229=VECTOR('',#7485,10.);
#2230=VECTOR('',#7486,10.);
#2231=VECTOR('',#7487,10.);
#2232=VECTOR('',#7488,10.);
#2233=VECTOR('',#7489,10.);
#2234=VECTOR('',#7492,10.);
#2235=VECTOR('',#7493,10.);
#2236=VECTOR('',#7496,10.);
#2237=VECTOR('',#7497,10.);
#2238=VECTOR('',#7500,10.);
#2239=VECTOR('',#7501,10.);
#2240=VECTOR('',#7502,10.);
#2241=VECTOR('',#7505,10.);
#2242=VECTOR('',#7506,10.);
#2243=VECTOR('',#7509,10.);
#2244=VECTOR('',#7510,10.);
#2245=VECTOR('',#7513,10.);
#2246=VECTOR('',#7518,10.);
#2247=VECTOR('',#7519,10.);
#2248=VECTOR('',#7520,10.);
#2249=VECTOR('',#7521,10.);
#2250=VECTOR('',#7522,10.);
#2251=VECTOR('',#7525,10.);
#2252=VECTOR('',#7526,10.);
#2253=VECTOR('',#7527,10.);
#2254=VECTOR('',#7530,10.);
#2255=VECTOR('',#7531,10.);
#2256=VECTOR('',#7534,10.);
#2257=VECTOR('',#7535,10.);
#2258=VECTOR('',#7536,10.);
#2259=VECTOR('',#7539,10.);
#2260=VECTOR('',#7540,10.);
#2261=VECTOR('',#7541,10.);
#2262=VECTOR('',#7542,10.);
#2263=VECTOR('',#7543,10.);
#2264=VECTOR('',#7546,10.);
#2265=VECTOR('',#7547,10.);
#2266=VECTOR('',#7550,10.);
#2267=VECTOR('',#7551,10.);
#2268=VECTOR('',#7554,10.);
#2269=VECTOR('',#7555,10.);
#2270=VECTOR('',#7556,10.);
#2271=VECTOR('',#7559,10.);
#2272=VECTOR('',#7560,10.);
#2273=VECTOR('',#7563,10.);
#2274=VECTOR('',#7564,10.);
#2275=VECTOR('',#7567,10.);
#2276=VECTOR('',#7572,10.);
#2277=VECTOR('',#7573,10.);
#2278=VECTOR('',#7574,10.);
#2279=VECTOR('',#7575,10.);
#2280=VECTOR('',#7576,10.);
#2281=VECTOR('',#7579,10.);
#2282=VECTOR('',#7580,10.);
#2283=VECTOR('',#7581,10.);
#2284=VECTOR('',#7584,10.);
#2285=VECTOR('',#7585,10.);
#2286=VECTOR('',#7588,10.);
#2287=VECTOR('',#7589,10.);
#2288=VECTOR('',#7590,10.);
#2289=VECTOR('',#7593,10.);
#2290=VECTOR('',#7594,10.);
#2291=VECTOR('',#7595,10.);
#2292=VECTOR('',#7596,10.);
#2293=VECTOR('',#7597,10.);
#2294=VECTOR('',#7600,10.);
#2295=VECTOR('',#7601,10.);
#2296=VECTOR('',#7604,10.);
#2297=VECTOR('',#7605,10.);
#2298=VECTOR('',#7608,10.);
#2299=VECTOR('',#7609,10.);
#2300=VECTOR('',#7610,10.);
#2301=VECTOR('',#7613,10.);
#2302=VECTOR('',#7614,10.);
#2303=VECTOR('',#7617,10.);
#2304=VECTOR('',#7618,10.);
#2305=VECTOR('',#7621,10.);
#2306=VECTOR('',#7626,10.);
#2307=VECTOR('',#7627,10.);
#2308=VECTOR('',#7628,10.);
#2309=VECTOR('',#7629,10.);
#2310=VECTOR('',#7630,10.);
#2311=VECTOR('',#7633,10.);
#2312=VECTOR('',#7634,10.);
#2313=VECTOR('',#7635,10.);
#2314=VECTOR('',#7638,10.);
#2315=VECTOR('',#7639,10.);
#2316=VECTOR('',#7642,10.);
#2317=VECTOR('',#7643,10.);
#2318=VECTOR('',#7644,10.);
#2319=VECTOR('',#7647,10.);
#2320=VECTOR('',#7648,10.);
#2321=VECTOR('',#7649,10.);
#2322=VECTOR('',#7650,10.);
#2323=VECTOR('',#7651,10.);
#2324=VECTOR('',#7654,10.);
#2325=VECTOR('',#7655,10.);
#2326=VECTOR('',#7658,10.);
#2327=VECTOR('',#7659,10.);
#2328=VECTOR('',#7662,10.);
#2329=VECTOR('',#7663,10.);
#2330=VECTOR('',#7664,10.);
#2331=VECTOR('',#7667,10.);
#2332=VECTOR('',#7668,10.);
#2333=VECTOR('',#7671,10.);
#2334=VECTOR('',#7672,10.);
#2335=VECTOR('',#7675,10.);
#2336=VECTOR('',#7680,10.);
#2337=VECTOR('',#7681,10.);
#2338=VECTOR('',#7682,10.);
#2339=VECTOR('',#7683,10.);
#2340=VECTOR('',#7684,10.);
#2341=VECTOR('',#7687,10.);
#2342=VECTOR('',#7688,10.);
#2343=VECTOR('',#7689,10.);
#2344=VECTOR('',#7692,10.);
#2345=VECTOR('',#7693,10.);
#2346=VECTOR('',#7696,10.);
#2347=VECTOR('',#7697,10.);
#2348=VECTOR('',#7698,10.);
#2349=VECTOR('',#7701,10.);
#2350=VECTOR('',#7702,10.);
#2351=VECTOR('',#7703,10.);
#2352=VECTOR('',#7704,10.);
#2353=VECTOR('',#7705,10.);
#2354=VECTOR('',#7708,10.);
#2355=VECTOR('',#7709,10.);
#2356=VECTOR('',#7712,10.);
#2357=VECTOR('',#7713,10.);
#2358=VECTOR('',#7716,10.);
#2359=VECTOR('',#7717,10.);
#2360=VECTOR('',#7718,10.);
#2361=VECTOR('',#7721,10.);
#2362=VECTOR('',#7722,10.);
#2363=VECTOR('',#7725,10.);
#2364=VECTOR('',#7726,10.);
#2365=VECTOR('',#7729,10.);
#2366=VECTOR('',#7734,10.);
#2367=VECTOR('',#7735,10.);
#2368=VECTOR('',#7736,10.);
#2369=VECTOR('',#7737,10.);
#2370=VECTOR('',#7738,10.);
#2371=VECTOR('',#7741,10.);
#2372=VECTOR('',#7742,10.);
#2373=VECTOR('',#7743,10.);
#2374=VECTOR('',#7746,10.);
#2375=VECTOR('',#7747,10.);
#2376=VECTOR('',#7750,10.);
#2377=VECTOR('',#7751,10.);
#2378=VECTOR('',#7752,10.);
#2379=VECTOR('',#7755,10.);
#2380=VECTOR('',#7756,10.);
#2381=VECTOR('',#7757,10.);
#2382=VECTOR('',#7758,10.);
#2383=VECTOR('',#7759,10.);
#2384=VECTOR('',#7762,10.);
#2385=VECTOR('',#7763,10.);
#2386=VECTOR('',#7766,10.);
#2387=VECTOR('',#7767,10.);
#2388=VECTOR('',#7770,10.);
#2389=VECTOR('',#7771,10.);
#2390=VECTOR('',#7772,10.);
#2391=VECTOR('',#7775,10.);
#2392=VECTOR('',#7776,10.);
#2393=VECTOR('',#7779,10.);
#2394=VECTOR('',#7780,10.);
#2395=VECTOR('',#7783,10.);
#2396=VECTOR('',#7788,10.);
#2397=VECTOR('',#7789,10.);
#2398=VECTOR('',#7790,10.);
#2399=VECTOR('',#7791,10.);
#2400=VECTOR('',#7792,10.);
#2401=VECTOR('',#7795,10.);
#2402=VECTOR('',#7796,10.);
#2403=VECTOR('',#7797,10.);
#2404=VECTOR('',#7800,10.);
#2405=VECTOR('',#7801,10.);
#2406=VECTOR('',#7804,10.);
#2407=VECTOR('',#7805,10.);
#2408=VECTOR('',#7806,10.);
#2409=VECTOR('',#7809,10.);
#2410=VECTOR('',#7810,10.);
#2411=VECTOR('',#7811,10.);
#2412=VECTOR('',#7812,10.);
#2413=VECTOR('',#7813,10.);
#2414=VECTOR('',#7816,10.);
#2415=VECTOR('',#7817,10.);
#2416=VECTOR('',#7820,10.);
#2417=VECTOR('',#7821,10.);
#2418=VECTOR('',#7824,10.);
#2419=VECTOR('',#7825,10.);
#2420=VECTOR('',#7826,10.);
#2421=VECTOR('',#7829,10.);
#2422=VECTOR('',#7830,10.);
#2423=VECTOR('',#7833,10.);
#2424=VECTOR('',#7834,10.);
#2425=VECTOR('',#7837,10.);
#2426=VERTEX_POINT('',#7851);
#2427=VERTEX_POINT('',#7852);
#2428=VERTEX_POINT('',#7854);
#2429=VERTEX_POINT('',#7879);
#2430=VERTEX_POINT('',#7910);
#2431=VERTEX_POINT('',#7911);
#2432=VERTEX_POINT('',#7986);
#2433=VERTEX_POINT('',#7987);
#2434=VERTEX_POINT('',#8062);
#2435=VERTEX_POINT('',#8063);
#2436=VERTEX_POINT('',#8065);
#2437=VERTEX_POINT('',#8082);
#2438=VERTEX_POINT('',#8105);
#2439=VERTEX_POINT('',#8106);
#2440=VERTEX_POINT('',#8108);
#2441=VERTEX_POINT('',#8119);
#2442=VERTEX_POINT('',#8120);
#2443=VERTEX_POINT('',#8195);
#2444=VERTEX_POINT('',#8196);
#2445=VERTEX_POINT('',#8271);
#2446=VERTEX_POINT('',#8272);
#2447=VERTEX_POINT('',#8347);
#2448=VERTEX_POINT('',#8348);
#2449=VERTEX_POINT('',#8425);
#2450=VERTEX_POINT('',#8426);
#2451=VERTEX_POINT('',#8428);
#2452=VERTEX_POINT('',#8437);
#2453=VERTEX_POINT('',#8454);
#2454=VERTEX_POINT('',#8455);
#2455=VERTEX_POINT('',#8470);
#2456=VERTEX_POINT('',#8471);
#2457=VERTEX_POINT('',#8505);
#2458=VERTEX_POINT('',#8522);
#2459=VERTEX_POINT('',#8523);
#2460=VERTEX_POINT('',#8526);
#2461=VERTEX_POINT('',#8530);
#2462=VERTEX_POINT('',#8593);
#2463=VERTEX_POINT('',#8595);
#2464=VERTEX_POINT('',#8597);
#2465=VERTEX_POINT('',#8610);
#2466=VERTEX_POINT('',#8612);
#2467=VERTEX_POINT('',#8625);
#2468=VERTEX_POINT('',#8627);
#2469=VERTEX_POINT('',#8640);
#2470=VERTEX_POINT('',#8642);
#2471=VERTEX_POINT('',#8803);
#2472=VERTEX_POINT('',#8804);
#2473=VERTEX_POINT('',#8806);
#2474=VERTEX_POINT('',#8810);
#2475=VERTEX_POINT('',#8812);
#2476=VERTEX_POINT('',#8814);
#2477=VERTEX_POINT('',#8816);
#2478=VERTEX_POINT('',#8818);
#2479=VERTEX_POINT('',#8822);
#2480=VERTEX_POINT('',#8823);
#2481=VERTEX_POINT('',#8827);
#2482=VERTEX_POINT('',#8829);
#2483=VERTEX_POINT('',#8831);
#2484=VERTEX_POINT('',#8833);
#2485=VERTEX_POINT('',#8835);
#2486=VERTEX_POINT('',#8837);
#2487=VERTEX_POINT('',#8841);
#2488=VERTEX_POINT('',#8843);
#2489=VERTEX_POINT('',#8847);
#2490=VERTEX_POINT('',#8848);
#2491=VERTEX_POINT('',#8853);
#2492=VERTEX_POINT('',#8854);
#2493=VERTEX_POINT('',#8859);
#2494=VERTEX_POINT('',#8860);
#2495=VERTEX_POINT('',#8865);
#2496=VERTEX_POINT('',#8866);
#2497=VERTEX_POINT('',#8871);
#2498=VERTEX_POINT('',#8872);
#2499=VERTEX_POINT('',#8877);
#2500=VERTEX_POINT('',#8878);
#2501=VERTEX_POINT('',#8880);
#2502=VERTEX_POINT('',#8882);
#2503=VERTEX_POINT('',#8887);
#2504=VERTEX_POINT('',#8888);
#2505=VERTEX_POINT('',#8942);
#2506=VERTEX_POINT('',#8943);
#2507=VERTEX_POINT('',#8999);
#2508=VERTEX_POINT('',#9001);
#2509=VERTEX_POINT('',#9017);
#2510=VERTEX_POINT('',#9019);
#2511=VERTEX_POINT('',#9032);
#2512=VERTEX_POINT('',#9039);
#2513=VERTEX_POINT('',#9041);
#2514=VERTEX_POINT('',#9046);
#2515=VERTEX_POINT('',#9059);
#2516=VERTEX_POINT('',#9064);
#2517=VERTEX_POINT('',#9076);
#2518=VERTEX_POINT('',#9078);
#2519=VERTEX_POINT('',#9080);
#2520=VERTEX_POINT('',#9082);
#2521=VERTEX_POINT('',#9084);
#2522=VERTEX_POINT('',#9086);
#2523=VERTEX_POINT('',#9090);
#2524=VERTEX_POINT('',#9091);
#2525=VERTEX_POINT('',#9095);
#2526=VERTEX_POINT('',#9097);
#2527=VERTEX_POINT('',#9099);
#2528=VERTEX_POINT('',#9101);
#2529=VERTEX_POINT('',#9103);
#2530=VERTEX_POINT('',#9105);
#2531=VERTEX_POINT('',#9109);
#2532=VERTEX_POINT('',#9120);
#2533=VERTEX_POINT('',#9124);
#2534=VERTEX_POINT('',#9126);
#2535=VERTEX_POINT('',#9130);
#2536=VERTEX_POINT('',#9131);
#2537=VERTEX_POINT('',#9136);
#2538=VERTEX_POINT('',#9137);
#2539=VERTEX_POINT('',#9142);
#2540=VERTEX_POINT('',#9143);
#2541=VERTEX_POINT('',#9148);
#2542=VERTEX_POINT('',#9149);
#2543=VERTEX_POINT('',#9655);
#2544=VERTEX_POINT('',#9656);
#2545=VERTEX_POINT('',#9658);
#2546=VERTEX_POINT('',#9660);
#2547=VERTEX_POINT('',#9664);
#2548=VERTEX_POINT('',#9666);
#2549=VERTEX_POINT('',#9670);
#2550=VERTEX_POINT('',#9672);
#2551=VERTEX_POINT('',#9679);
#2552=VERTEX_POINT('',#9680);
#2553=VERTEX_POINT('',#9682);
#2554=VERTEX_POINT('',#9684);
#2555=VERTEX_POINT('',#9688);
#2556=VERTEX_POINT('',#9690);
#2557=VERTEX_POINT('',#9694);
#2558=VERTEX_POINT('',#9696);
#2559=VERTEX_POINT('',#9705);
#2560=VERTEX_POINT('',#9706);
#2561=VERTEX_POINT('',#9708);
#2562=VERTEX_POINT('',#9710);
#2563=VERTEX_POINT('',#9714);
#2564=VERTEX_POINT('',#9716);
#2565=VERTEX_POINT('',#9720);
#2566=VERTEX_POINT('',#9722);
#2567=VERTEX_POINT('',#9731);
#2568=VERTEX_POINT('',#9732);
#2569=VERTEX_POINT('',#9734);
#2570=VERTEX_POINT('',#9736);
#2571=VERTEX_POINT('',#9740);
#2572=VERTEX_POINT('',#9742);
#2573=VERTEX_POINT('',#9746);
#2574=VERTEX_POINT('',#9748);
#2575=VERTEX_POINT('',#9757);
#2576=VERTEX_POINT('',#9758);
#2577=VERTEX_POINT('',#9760);
#2578=VERTEX_POINT('',#9762);
#2579=VERTEX_POINT('',#9766);
#2580=VERTEX_POINT('',#9768);
#2581=VERTEX_POINT('',#9772);
#2582=VERTEX_POINT('',#9774);
#2583=VERTEX_POINT('',#9776);
#2584=VERTEX_POINT('',#9778);
#2585=VERTEX_POINT('',#9780);
#2586=VERTEX_POINT('',#9783);
#2587=VERTEX_POINT('',#9786);
#2588=VERTEX_POINT('',#9790);
#2589=VERTEX_POINT('',#9794);
#2590=VERTEX_POINT('',#9798);
#2591=VERTEX_POINT('',#9802);
#2592=VERTEX_POINT('',#9806);
#2593=VERTEX_POINT('',#9813);
#2594=VERTEX_POINT('',#9814);
#2595=VERTEX_POINT('',#9816);
#2596=VERTEX_POINT('',#9818);
#2597=VERTEX_POINT('',#9822);
#2598=VERTEX_POINT('',#9824);
#2599=VERTEX_POINT('',#9828);
#2600=VERTEX_POINT('',#9830);
#2601=VERTEX_POINT('',#9832);
#2602=VERTEX_POINT('',#9834);
#2603=VERTEX_POINT('',#9836);
#2604=VERTEX_POINT('',#9839);
#2605=VERTEX_POINT('',#9840);
#2606=VERTEX_POINT('',#9842);
#2607=VERTEX_POINT('',#9844);
#2608=VERTEX_POINT('',#9848);
#2609=VERTEX_POINT('',#9849);
#2610=VERTEX_POINT('',#9854);
#2611=VERTEX_POINT('',#9858);
#2612=VERTEX_POINT('',#9862);
#2613=VERTEX_POINT('',#9866);
#2614=VERTEX_POINT('',#9868);
#2615=VERTEX_POINT('',#9872);
#2616=VERTEX_POINT('',#9876);
#2617=VERTEX_POINT('',#9887);
#2618=VERTEX_POINT('',#9888);
#2619=VERTEX_POINT('',#9890);
#2620=VERTEX_POINT('',#9892);
#2621=VERTEX_POINT('',#9896);
#2622=VERTEX_POINT('',#9898);
#2623=VERTEX_POINT('',#9902);
#2624=VERTEX_POINT('',#9904);
#2625=VERTEX_POINT('',#9911);
#2626=VERTEX_POINT('',#9913);
#2627=VERTEX_POINT('',#9917);
#2628=VERTEX_POINT('',#9921);
#2629=VERTEX_POINT('',#9923);
#2630=VERTEX_POINT('',#9925);
#2631=VERTEX_POINT('',#9927);
#2632=VERTEX_POINT('',#9931);
#2633=VERTEX_POINT('',#9933);
#2634=VERTEX_POINT('',#9935);
#2635=VERTEX_POINT('',#9937);
#2636=VERTEX_POINT('',#9939);
#2637=VERTEX_POINT('',#9943);
#2638=VERTEX_POINT('',#9947);
#2639=VERTEX_POINT('',#9951);
#2640=VERTEX_POINT('',#9953);
#2641=VERTEX_POINT('',#9957);
#2642=VERTEX_POINT('',#9959);
#2643=VERTEX_POINT('',#9963);
#2644=VERTEX_POINT('',#9965);
#2645=VERTEX_POINT('',#9969);
#2646=VERTEX_POINT('',#9972);
#2647=VERTEX_POINT('',#9975);
#2648=VERTEX_POINT('',#9979);
#2649=VERTEX_POINT('',#9982);
#2650=VERTEX_POINT('',#9991);
#2651=VERTEX_POINT('',#9999);
#2652=VERTEX_POINT('',#10000);
#2653=VERTEX_POINT('',#10002);
#2654=VERTEX_POINT('',#10004);
#2655=VERTEX_POINT('',#10008);
#2656=VERTEX_POINT('',#10010);
#2657=VERTEX_POINT('',#10014);
#2658=VERTEX_POINT('',#10016);
#2659=VERTEX_POINT('',#10025);
#2660=VERTEX_POINT('',#10026);
#2661=VERTEX_POINT('',#10028);
#2662=VERTEX_POINT('',#10030);
#2663=VERTEX_POINT('',#10034);
#2664=VERTEX_POINT('',#10036);
#2665=VERTEX_POINT('',#10040);
#2666=VERTEX_POINT('',#10042);
#2667=VERTEX_POINT('',#10049);
#2668=VERTEX_POINT('',#10051);
#2669=VERTEX_POINT('',#10055);
#2670=VERTEX_POINT('',#10059);
#2671=VERTEX_POINT('',#10061);
#2672=VERTEX_POINT('',#10063);
#2673=VERTEX_POINT('',#10065);
#2674=VERTEX_POINT('',#10069);
#2675=VERTEX_POINT('',#10071);
#2676=VERTEX_POINT('',#10073);
#2677=VERTEX_POINT('',#10075);
#2678=VERTEX_POINT('',#10077);
#2679=VERTEX_POINT('',#10081);
#2680=VERTEX_POINT('',#10085);
#2681=VERTEX_POINT('',#10089);
#2682=VERTEX_POINT('',#10091);
#2683=VERTEX_POINT('',#10095);
#2684=VERTEX_POINT('',#10097);
#2685=VERTEX_POINT('',#10101);
#2686=VERTEX_POINT('',#10103);
#2687=VERTEX_POINT('',#10107);
#2688=VERTEX_POINT('',#10110);
#2689=VERTEX_POINT('',#10113);
#2690=VERTEX_POINT('',#10117);
#2691=VERTEX_POINT('',#10120);
#2692=VERTEX_POINT('',#10129);
#2693=VERTEX_POINT('',#10137);
#2694=VERTEX_POINT('',#10138);
#2695=VERTEX_POINT('',#10140);
#2696=VERTEX_POINT('',#10142);
#2697=VERTEX_POINT('',#10146);
#2698=VERTEX_POINT('',#10148);
#2699=VERTEX_POINT('',#10152);
#2700=VERTEX_POINT('',#10154);
#2701=VERTEX_POINT('',#10163);
#2702=VERTEX_POINT('',#10164);
#2703=VERTEX_POINT('',#10166);
#2704=VERTEX_POINT('',#10168);
#2705=VERTEX_POINT('',#10172);
#2706=VERTEX_POINT('',#10174);
#2707=VERTEX_POINT('',#10178);
#2708=VERTEX_POINT('',#10180);
#2709=VERTEX_POINT('',#10187);
#2710=VERTEX_POINT('',#10189);
#2711=VERTEX_POINT('',#10193);
#2712=VERTEX_POINT('',#10197);
#2713=VERTEX_POINT('',#10199);
#2714=VERTEX_POINT('',#10201);
#2715=VERTEX_POINT('',#10203);
#2716=VERTEX_POINT('',#10207);
#2717=VERTEX_POINT('',#10209);
#2718=VERTEX_POINT('',#10211);
#2719=VERTEX_POINT('',#10213);
#2720=VERTEX_POINT('',#10215);
#2721=VERTEX_POINT('',#10219);
#2722=VERTEX_POINT('',#10223);
#2723=VERTEX_POINT('',#10227);
#2724=VERTEX_POINT('',#10229);
#2725=VERTEX_POINT('',#10233);
#2726=VERTEX_POINT('',#10235);
#2727=VERTEX_POINT('',#10239);
#2728=VERTEX_POINT('',#10241);
#2729=VERTEX_POINT('',#10245);
#2730=VERTEX_POINT('',#10248);
#2731=VERTEX_POINT('',#10251);
#2732=VERTEX_POINT('',#10255);
#2733=VERTEX_POINT('',#10258);
#2734=VERTEX_POINT('',#10267);
#2735=VERTEX_POINT('',#10275);
#2736=VERTEX_POINT('',#10276);
#2737=VERTEX_POINT('',#10278);
#2738=VERTEX_POINT('',#10280);
#2739=VERTEX_POINT('',#10284);
#2740=VERTEX_POINT('',#10286);
#2741=VERTEX_POINT('',#10290);
#2742=VERTEX_POINT('',#10292);
#2743=VERTEX_POINT('',#10301);
#2744=VERTEX_POINT('',#10302);
#2745=VERTEX_POINT('',#10304);
#2746=VERTEX_POINT('',#10306);
#2747=VERTEX_POINT('',#10310);
#2748=VERTEX_POINT('',#10312);
#2749=VERTEX_POINT('',#10316);
#2750=VERTEX_POINT('',#10318);
#2751=VERTEX_POINT('',#10325);
#2752=VERTEX_POINT('',#10327);
#2753=VERTEX_POINT('',#10331);
#2754=VERTEX_POINT('',#10335);
#2755=VERTEX_POINT('',#10337);
#2756=VERTEX_POINT('',#10339);
#2757=VERTEX_POINT('',#10341);
#2758=VERTEX_POINT('',#10345);
#2759=VERTEX_POINT('',#10347);
#2760=VERTEX_POINT('',#10349);
#2761=VERTEX_POINT('',#10351);
#2762=VERTEX_POINT('',#10353);
#2763=VERTEX_POINT('',#10357);
#2764=VERTEX_POINT('',#10361);
#2765=VERTEX_POINT('',#10365);
#2766=VERTEX_POINT('',#10367);
#2767=VERTEX_POINT('',#10371);
#2768=VERTEX_POINT('',#10373);
#2769=VERTEX_POINT('',#10377);
#2770=VERTEX_POINT('',#10379);
#2771=VERTEX_POINT('',#10383);
#2772=VERTEX_POINT('',#10386);
#2773=VERTEX_POINT('',#10389);
#2774=VERTEX_POINT('',#10393);
#2775=VERTEX_POINT('',#10396);
#2776=VERTEX_POINT('',#10405);
#2777=VERTEX_POINT('',#10413);
#2778=VERTEX_POINT('',#10414);
#2779=VERTEX_POINT('',#10416);
#2780=VERTEX_POINT('',#10418);
#2781=VERTEX_POINT('',#10422);
#2782=VERTEX_POINT('',#10424);
#2783=VERTEX_POINT('',#10428);
#2784=VERTEX_POINT('',#10430);
#2785=VERTEX_POINT('',#10439);
#2786=VERTEX_POINT('',#10440);
#2787=VERTEX_POINT('',#10442);
#2788=VERTEX_POINT('',#10444);
#2789=VERTEX_POINT('',#10446);
#2790=VERTEX_POINT('',#10450);
#2791=VERTEX_POINT('',#10452);
#2792=VERTEX_POINT('',#10456);
#2793=VERTEX_POINT('',#10460);
#2794=VERTEX_POINT('',#10461);
#2795=VERTEX_POINT('',#10466);
#2796=VERTEX_POINT('',#10468);
#2797=VERTEX_POINT('',#10470);
#2798=VERTEX_POINT('',#10472);
#2799=VERTEX_POINT('',#10476);
#2800=VERTEX_POINT('',#10480);
#2801=VERTEX_POINT('',#10484);
#2802=VERTEX_POINT('',#10486);
#2803=VERTEX_POINT('',#10490);
#2804=VERTEX_POINT('',#10494);
#2805=VERTEX_POINT('',#10501);
#2806=VERTEX_POINT('',#10502);
#2807=VERTEX_POINT('',#10504);
#2808=VERTEX_POINT('',#10506);
#2809=VERTEX_POINT('',#10508);
#2810=VERTEX_POINT('',#10512);
#2811=VERTEX_POINT('',#10514);
#2812=VERTEX_POINT('',#10518);
#2813=VERTEX_POINT('',#10522);
#2814=VERTEX_POINT('',#10523);
#2815=VERTEX_POINT('',#10528);
#2816=VERTEX_POINT('',#10530);
#2817=VERTEX_POINT('',#10532);
#2818=VERTEX_POINT('',#10534);
#2819=VERTEX_POINT('',#10538);
#2820=VERTEX_POINT('',#10542);
#2821=VERTEX_POINT('',#10546);
#2822=VERTEX_POINT('',#10548);
#2823=VERTEX_POINT('',#10552);
#2824=VERTEX_POINT('',#10556);
#2825=VERTEX_POINT('',#10563);
#2826=VERTEX_POINT('',#10564);
#2827=VERTEX_POINT('',#10566);
#2828=VERTEX_POINT('',#10568);
#2829=VERTEX_POINT('',#10570);
#2830=VERTEX_POINT('',#10574);
#2831=VERTEX_POINT('',#10576);
#2832=VERTEX_POINT('',#10580);
#2833=VERTEX_POINT('',#10584);
#2834=VERTEX_POINT('',#10585);
#2835=VERTEX_POINT('',#10590);
#2836=VERTEX_POINT('',#10592);
#2837=VERTEX_POINT('',#10594);
#2838=VERTEX_POINT('',#10596);
#2839=VERTEX_POINT('',#10600);
#2840=VERTEX_POINT('',#10604);
#2841=VERTEX_POINT('',#10608);
#2842=VERTEX_POINT('',#10610);
#2843=VERTEX_POINT('',#10614);
#2844=VERTEX_POINT('',#10618);
#2845=VERTEX_POINT('',#10625);
#2846=VERTEX_POINT('',#10626);
#2847=VERTEX_POINT('',#10628);
#2848=VERTEX_POINT('',#10630);
#2849=VERTEX_POINT('',#10632);
#2850=VERTEX_POINT('',#10636);
#2851=VERTEX_POINT('',#10638);
#2852=VERTEX_POINT('',#10642);
#2853=VERTEX_POINT('',#10646);
#2854=VERTEX_POINT('',#10647);
#2855=VERTEX_POINT('',#10652);
#2856=VERTEX_POINT('',#10654);
#2857=VERTEX_POINT('',#10656);
#2858=VERTEX_POINT('',#10658);
#2859=VERTEX_POINT('',#10662);
#2860=VERTEX_POINT('',#10666);
#2861=VERTEX_POINT('',#10670);
#2862=VERTEX_POINT('',#10672);
#2863=VERTEX_POINT('',#10676);
#2864=VERTEX_POINT('',#10680);
#2865=VERTEX_POINT('',#10687);
#2866=VERTEX_POINT('',#10688);
#2867=VERTEX_POINT('',#10690);
#2868=VERTEX_POINT('',#10692);
#2869=VERTEX_POINT('',#10694);
#2870=VERTEX_POINT('',#10698);
#2871=VERTEX_POINT('',#10700);
#2872=VERTEX_POINT('',#10704);
#2873=VERTEX_POINT('',#10708);
#2874=VERTEX_POINT('',#10709);
#2875=VERTEX_POINT('',#10714);
#2876=VERTEX_POINT('',#10716);
#2877=VERTEX_POINT('',#10718);
#2878=VERTEX_POINT('',#10720);
#2879=VERTEX_POINT('',#10724);
#2880=VERTEX_POINT('',#10728);
#2881=VERTEX_POINT('',#10732);
#2882=VERTEX_POINT('',#10734);
#2883=VERTEX_POINT('',#10738);
#2884=VERTEX_POINT('',#10742);
#2885=VERTEX_POINT('',#10749);
#2886=VERTEX_POINT('',#10750);
#2887=VERTEX_POINT('',#10752);
#2888=VERTEX_POINT('',#10754);
#2889=VERTEX_POINT('',#10756);
#2890=VERTEX_POINT('',#10760);
#2891=VERTEX_POINT('',#10762);
#2892=VERTEX_POINT('',#10766);
#2893=VERTEX_POINT('',#10770);
#2894=VERTEX_POINT('',#10771);
#2895=VERTEX_POINT('',#10776);
#2896=VERTEX_POINT('',#10778);
#2897=VERTEX_POINT('',#10780);
#2898=VERTEX_POINT('',#10782);
#2899=VERTEX_POINT('',#10786);
#2900=VERTEX_POINT('',#10790);
#2901=VERTEX_POINT('',#10794);
#2902=VERTEX_POINT('',#10796);
#2903=VERTEX_POINT('',#10800);
#2904=VERTEX_POINT('',#10804);
#2905=VERTEX_POINT('',#10811);
#2906=VERTEX_POINT('',#10812);
#2907=VERTEX_POINT('',#10814);
#2908=VERTEX_POINT('',#10816);
#2909=VERTEX_POINT('',#10818);
#2910=VERTEX_POINT('',#10822);
#2911=VERTEX_POINT('',#10824);
#2912=VERTEX_POINT('',#10828);
#2913=VERTEX_POINT('',#10832);
#2914=VERTEX_POINT('',#10833);
#2915=VERTEX_POINT('',#10838);
#2916=VERTEX_POINT('',#10840);
#2917=VERTEX_POINT('',#10842);
#2918=VERTEX_POINT('',#10844);
#2919=VERTEX_POINT('',#10848);
#2920=VERTEX_POINT('',#10852);
#2921=VERTEX_POINT('',#10856);
#2922=VERTEX_POINT('',#10858);
#2923=VERTEX_POINT('',#10862);
#2924=VERTEX_POINT('',#10866);
#2925=VERTEX_POINT('',#10873);
#2926=VERTEX_POINT('',#10874);
#2927=VERTEX_POINT('',#10876);
#2928=VERTEX_POINT('',#10878);
#2929=VERTEX_POINT('',#10880);
#2930=VERTEX_POINT('',#10884);
#2931=VERTEX_POINT('',#10886);
#2932=VERTEX_POINT('',#10890);
#2933=VERTEX_POINT('',#10894);
#2934=VERTEX_POINT('',#10895);
#2935=VERTEX_POINT('',#10900);
#2936=VERTEX_POINT('',#10902);
#2937=VERTEX_POINT('',#10904);
#2938=VERTEX_POINT('',#10906);
#2939=VERTEX_POINT('',#10910);
#2940=VERTEX_POINT('',#10914);
#2941=VERTEX_POINT('',#10918);
#2942=VERTEX_POINT('',#10920);
#2943=VERTEX_POINT('',#10924);
#2944=VERTEX_POINT('',#10928);
#2945=EDGE_CURVE('',#2426,#2427,#1240,.T.);
#2946=EDGE_CURVE('',#2427,#2428,#1192,.T.);
#2947=EDGE_CURVE('',#2428,#2429,#1051,.T.);
#2948=EDGE_CURVE('',#2426,#2429,#1193,.F.);
#2949=EDGE_CURVE('',#2430,#2431,#1241,.T.);
#2950=EDGE_CURVE('',#2431,#2427,#1194,.T.);
#2951=EDGE_CURVE('',#2430,#2426,#1195,.F.);
#2952=EDGE_CURVE('',#2432,#2433,#1242,.T.);
#2953=EDGE_CURVE('',#2433,#2431,#1196,.T.);
#2954=EDGE_CURVE('',#2432,#2430,#1197,.F.);
#2955=EDGE_CURVE('',#2434,#2435,#1243,.T.);
#2956=EDGE_CURVE('',#2436,#2434,#1198,.F.);
#2957=EDGE_CURVE('',#2437,#2436,#1052,.T.);
#2958=EDGE_CURVE('',#2437,#2435,#1199,.T.);
#2959=EDGE_CURVE('',#2438,#2439,#1244,.T.);
#2960=EDGE_CURVE('',#2439,#2440,#1053,.T.);
#2961=EDGE_CURVE('',#2440,#2438,#1200,.T.);
#2962=EDGE_CURVE('',#2441,#2442,#1245,.T.);
#2963=EDGE_CURVE('',#2439,#2442,#1201,.F.);
#2964=EDGE_CURVE('',#2438,#2441,#1202,.T.);
#2965=EDGE_CURVE('',#2443,#2444,#1246,.T.);
#2966=EDGE_CURVE('',#2442,#2444,#1203,.F.);
#2967=EDGE_CURVE('',#2441,#2443,#1204,.T.);
#2968=EDGE_CURVE('',#2445,#2446,#1247,.T.);
#2969=EDGE_CURVE('',#2444,#2446,#1205,.F.);
#2970=EDGE_CURVE('',#2443,#2445,#1206,.T.);
#2971=EDGE_CURVE('',#2447,#2448,#1248,.T.);
#2972=EDGE_CURVE('',#2446,#2448,#1207,.F.);
#2973=EDGE_CURVE('',#2445,#2447,#1208,.T.);
#2974=EDGE_CURVE('',#2449,#2450,#1249,.T.);
#2975=EDGE_CURVE('',#2449,#2451,#1209,.T.);
#2976=EDGE_CURVE('',#2451,#2452,#1054,.T.);
#2977=EDGE_CURVE('',#2450,#2452,#1210,.F.);
#2978=EDGE_CURVE('',#2453,#2454,#1250,.T.);
#2979=EDGE_CURVE('',#2453,#2437,#1211,.T.);
#2980=EDGE_CURVE('',#2436,#2454,#1212,.T.);
#2981=EDGE_CURVE('',#2455,#2456,#1251,.T.);
#2982=EDGE_CURVE('',#2429,#2455,#1213,.F.);
#2983=EDGE_CURVE('',#2457,#2428,#1214,.T.);
#2984=EDGE_CURVE('',#2456,#2457,#1055,.T.);
#2985=EDGE_CURVE('',#2458,#2459,#1056,.T.);
#2986=EDGE_CURVE('',#2459,#2458,#1057,.T.);
#2987=EDGE_CURVE('',#2459,#2460,#1252,.T.);
#2988=EDGE_CURVE('',#2460,#2460,#1058,.T.);
#2989=EDGE_CURVE('',#2461,#2456,#1059,.T.);
#2990=EDGE_CURVE('',#2455,#2461,#1215,.F.);
#2991=EDGE_CURVE('',#2454,#2440,#1216,.T.);
#2992=EDGE_CURVE('',#2440,#2439,#1060,.T.);
#2993=EDGE_CURVE('',#2439,#2453,#1217,.T.);
#2994=EDGE_CURVE('',#2458,#2462,#1253,.T.);
#2995=EDGE_CURVE('',#2463,#2462,#1061,.T.);
#2996=EDGE_CURVE('',#2463,#2464,#1218,.T.);
#2997=EDGE_CURVE('',#2465,#2464,#1062,.T.);
#2998=EDGE_CURVE('',#2465,#2466,#1219,.T.);
#2999=EDGE_CURVE('',#2467,#2466,#1063,.T.);
#3000=EDGE_CURVE('',#2467,#2468,#1220,.T.);
#3001=EDGE_CURVE('',#2469,#2468,#1064,.T.);
#3002=EDGE_CURVE('',#2469,#2470,#1221,.T.);
#3003=EDGE_CURVE('',#2462,#2470,#1065,.T.);
#3004=EDGE_CURVE('',#2448,#2450,#1222,.F.);
#3005=EDGE_CURVE('',#2447,#2449,#1223,.T.);
#3006=EDGE_CURVE('',#2435,#2433,#1224,.T.);
#3007=EDGE_CURVE('',#2434,#2432,#1225,.F.);
#3008=EDGE_CURVE('',#2471,#2472,#1254,.T.);
#3009=EDGE_CURVE('',#2471,#2473,#133,.T.);
#3010=EDGE_CURVE('',#2474,#2473,#1255,.T.);
#3011=EDGE_CURVE('',#2475,#2474,#1066,.T.);
#3012=EDGE_CURVE('',#2476,#2475,#1067,.T.);
#3013=EDGE_CURVE('',#2477,#2476,#1068,.T.);
#3014=EDGE_CURVE('',#2478,#2477,#1069,.T.);
#3015=EDGE_CURVE('',#2472,#2478,#1070,.T.);
#3016=EDGE_CURVE('',#2479,#2480,#134,.T.);
#3017=EDGE_CURVE('',#2481,#2479,#1256,.T.);
#3018=EDGE_CURVE('',#2482,#2481,#1071,.T.);
#3019=EDGE_CURVE('',#2483,#2482,#1072,.T.);
#3020=EDGE_CURVE('',#2484,#2483,#1073,.T.);
#3021=EDGE_CURVE('',#2485,#2484,#1074,.T.);
#3022=EDGE_CURVE('',#2486,#2485,#1075,.T.);
#3023=EDGE_CURVE('',#2480,#2486,#1257,.T.);
#3024=EDGE_CURVE('',#2463,#2487,#1258,.T.);
#3025=EDGE_CURVE('',#2488,#2470,#1259,.T.);
#3026=EDGE_CURVE('',#2488,#2487,#1260,.T.);
#3027=EDGE_CURVE('',#2489,#2490,#1261,.T.);
#3028=EDGE_CURVE('',#2487,#2490,#1076,.T.);
#3029=EDGE_CURVE('',#2489,#2488,#1077,.T.);
#3030=EDGE_CURVE('',#2491,#2492,#1262,.T.);
#3031=EDGE_CURVE('',#2490,#2492,#1078,.T.);
#3032=EDGE_CURVE('',#2491,#2489,#1079,.T.);
#3033=EDGE_CURVE('',#2493,#2494,#1263,.T.);
#3034=EDGE_CURVE('',#2492,#2494,#1080,.T.);
#3035=EDGE_CURVE('',#2493,#2491,#1081,.T.);
#3036=EDGE_CURVE('',#2495,#2496,#1264,.T.);
#3037=EDGE_CURVE('',#2494,#2496,#1082,.T.);
#3038=EDGE_CURVE('',#2495,#2493,#1083,.T.);
#3039=EDGE_CURVE('',#2497,#2498,#1265,.T.);
#3040=EDGE_CURVE('',#2496,#2498,#1084,.T.);
#3041=EDGE_CURVE('',#2497,#2495,#1085,.T.);
#3042=EDGE_CURVE('',#2499,#2500,#1266,.T.);
#3043=EDGE_CURVE('',#2500,#2501,#1267,.T.);
#3044=EDGE_CURVE('',#2501,#2502,#1268,.T.);
#3045=EDGE_CURVE('',#2498,#2502,#1269,.T.);
#3046=EDGE_CURVE('',#2499,#2497,#1270,.T.);
#3047=EDGE_CURVE('',#2503,#2504,#1226,.T.);
#3048=EDGE_CURVE('',#2503,#2499,#135,.T.);
#3049=EDGE_CURVE('',#2497,#2474,#1086,.T.);
#3050=EDGE_CURVE('',#2473,#2504,#1227,.T.);
#3051=EDGE_CURVE('',#2495,#2475,#1087,.T.);
#3052=EDGE_CURVE('',#2493,#2476,#1088,.T.);
#3053=EDGE_CURVE('',#2491,#2477,#1089,.T.);
#3054=EDGE_CURVE('',#2489,#2478,#1090,.T.);
#3055=EDGE_CURVE('',#2488,#2472,#1091,.T.);
#3056=EDGE_CURVE('',#2469,#2471,#1228,.T.);
#3057=EDGE_CURVE('',#2505,#2506,#1229,.T.);
#3058=EDGE_CURVE('',#2505,#2480,#1230,.T.);
#3059=EDGE_CURVE('',#2486,#2498,#1092,.T.);
#3060=EDGE_CURVE('',#2502,#2506,#136,.T.);
#3061=EDGE_CURVE('',#2485,#2496,#1093,.T.);
#3062=EDGE_CURVE('',#2484,#2494,#1094,.T.);
#3063=EDGE_CURVE('',#2483,#2492,#1095,.T.);
#3064=EDGE_CURVE('',#2482,#2490,#1096,.T.);
#3065=EDGE_CURVE('',#2481,#2487,#1097,.T.);
#3066=EDGE_CURVE('',#2479,#2464,#1231,.T.);
#3067=EDGE_CURVE('',#2500,#2507,#1098,.T.);
#3068=EDGE_CURVE('',#2507,#2508,#1271,.T.);
#3069=EDGE_CURVE('',#2508,#2501,#1099,.T.);
#3070=EDGE_CURVE('',#2451,#2461,#1232,.T.);
#3071=EDGE_CURVE('',#2457,#2452,#1233,.T.);
#3072=EDGE_CURVE('',#2509,#2504,#1100,.T.);
#3073=EDGE_CURVE('',#2509,#2510,#1234,.T.);
#3074=EDGE_CURVE('',#2510,#2511,#137,.T.);
#3075=EDGE_CURVE('',#2511,#2507,#1272,.T.);
#3076=EDGE_CURVE('',#2508,#2512,#1273,.T.);
#3077=EDGE_CURVE('',#2512,#2513,#138,.T.);
#3078=EDGE_CURVE('',#2513,#2514,#1235,.T.);
#3079=EDGE_CURVE('',#2505,#2514,#1101,.T.);
#3080=EDGE_CURVE('',#2515,#2468,#1236,.T.);
#3081=EDGE_CURVE('',#2516,#2515,#139,.T.);
#3082=EDGE_CURVE('',#2509,#2516,#1237,.T.);
#3083=EDGE_CURVE('',#2517,#2516,#1274,.T.);
#3084=EDGE_CURVE('',#2515,#2518,#1275,.T.);
#3085=EDGE_CURVE('',#2518,#2519,#1102,.T.);
#3086=EDGE_CURVE('',#2519,#2520,#1103,.T.);
#3087=EDGE_CURVE('',#2520,#2521,#1104,.T.);
#3088=EDGE_CURVE('',#2521,#2522,#1105,.T.);
#3089=EDGE_CURVE('',#2522,#2517,#1106,.T.);
#3090=EDGE_CURVE('',#2523,#2524,#140,.T.);
#3091=EDGE_CURVE('',#2523,#2525,#1276,.T.);
#3092=EDGE_CURVE('',#2525,#2526,#1107,.T.);
#3093=EDGE_CURVE('',#2526,#2527,#1108,.T.);
#3094=EDGE_CURVE('',#2527,#2528,#1109,.T.);
#3095=EDGE_CURVE('',#2528,#2529,#1110,.T.);
#3096=EDGE_CURVE('',#2529,#2530,#1111,.T.);
#3097=EDGE_CURVE('',#2530,#2524,#1277,.T.);
#3098=EDGE_CURVE('',#2531,#2517,#1112,.T.);
#3099=EDGE_CURVE('',#2511,#2531,#1278,.T.);
#3100=EDGE_CURVE('',#2523,#2514,#1238,.T.);
#3101=EDGE_CURVE('',#2532,#2512,#1279,.T.);
#3102=EDGE_CURVE('',#2525,#2532,#1113,.T.);
#3103=EDGE_CURVE('',#2533,#2467,#1280,.T.);
#3104=EDGE_CURVE('',#2466,#2534,#1281,.T.);
#3105=EDGE_CURVE('',#2533,#2534,#1282,.T.);
#3106=EDGE_CURVE('',#2535,#2536,#1283,.T.);
#3107=EDGE_CURVE('',#2535,#2533,#1114,.T.);
#3108=EDGE_CURVE('',#2534,#2536,#1115,.T.);
#3109=EDGE_CURVE('',#2537,#2538,#1284,.T.);
#3110=EDGE_CURVE('',#2537,#2535,#1116,.T.);
#3111=EDGE_CURVE('',#2536,#2538,#1117,.T.);
#3112=EDGE_CURVE('',#2539,#2540,#1285,.T.);
#3113=EDGE_CURVE('',#2539,#2537,#1118,.T.);
#3114=EDGE_CURVE('',#2538,#2540,#1119,.T.);
#3115=EDGE_CURVE('',#2541,#2542,#1286,.T.);
#3116=EDGE_CURVE('',#2541,#2539,#1120,.T.);
#3117=EDGE_CURVE('',#2540,#2542,#1121,.T.);
#3118=EDGE_CURVE('',#2531,#2532,#1287,.T.);
#3119=EDGE_CURVE('',#2531,#2541,#1122,.T.);
#3120=EDGE_CURVE('',#2542,#2532,#1123,.T.);
#3121=EDGE_CURVE('',#2541,#2522,#1124,.T.);
#3122=EDGE_CURVE('',#2539,#2521,#1125,.T.);
#3123=EDGE_CURVE('',#2537,#2520,#1126,.T.);
#3124=EDGE_CURVE('',#2535,#2519,#1127,.T.);
#3125=EDGE_CURVE('',#2533,#2518,#1128,.T.);
#3126=EDGE_CURVE('',#2526,#2542,#1129,.T.);
#3127=EDGE_CURVE('',#2527,#2540,#1130,.T.);
#3128=EDGE_CURVE('',#2528,#2538,#1131,.T.);
#3129=EDGE_CURVE('',#2529,#2536,#1132,.T.);
#3130=EDGE_CURVE('',#2530,#2534,#1133,.T.);
#3131=EDGE_CURVE('',#2465,#2524,#1239,.T.);
#3132=EDGE_CURVE('',#2543,#2544,#1288,.T.);
#3133=EDGE_CURVE('',#2543,#2545,#1289,.T.);
#3134=EDGE_CURVE('',#2546,#2545,#1290,.T.);
#3135=EDGE_CURVE('',#2544,#2546,#1291,.T.);
#3136=EDGE_CURVE('',#2544,#2547,#1292,.T.);
#3137=EDGE_CURVE('',#2548,#2546,#1293,.T.);
#3138=EDGE_CURVE('',#2547,#2548,#1294,.T.);
#3139=EDGE_CURVE('',#2547,#2549,#1295,.T.);
#3140=EDGE_CURVE('',#2550,#2548,#1296,.T.);
#3141=EDGE_CURVE('',#2549,#2550,#1297,.T.);
#3142=EDGE_CURVE('',#2549,#2543,#1298,.T.);
#3143=EDGE_CURVE('',#2545,#2550,#1299,.T.);
#3144=EDGE_CURVE('',#2551,#2552,#1300,.T.);
#3145=EDGE_CURVE('',#2551,#2553,#1301,.T.);
#3146=EDGE_CURVE('',#2554,#2553,#1302,.T.);
#3147=EDGE_CURVE('',#2552,#2554,#1303,.T.);
#3148=EDGE_CURVE('',#2552,#2555,#1304,.T.);
#3149=EDGE_CURVE('',#2556,#2554,#1305,.T.);
#3150=EDGE_CURVE('',#2555,#2556,#1306,.T.);
#3151=EDGE_CURVE('',#2555,#2557,#1307,.T.);
#3152=EDGE_CURVE('',#2558,#2556,#1308,.T.);
#3153=EDGE_CURVE('',#2557,#2558,#1309,.T.);
#3154=EDGE_CURVE('',#2557,#2551,#1310,.T.);
#3155=EDGE_CURVE('',#2553,#2558,#1311,.T.);
#3156=EDGE_CURVE('',#2559,#2560,#1312,.T.);
#3157=EDGE_CURVE('',#2559,#2561,#1313,.T.);
#3158=EDGE_CURVE('',#2562,#2561,#1314,.T.);
#3159=EDGE_CURVE('',#2560,#2562,#1315,.T.);
#3160=EDGE_CURVE('',#2560,#2563,#1316,.T.);
#3161=EDGE_CURVE('',#2564,#2562,#1317,.T.);
#3162=EDGE_CURVE('',#2563,#2564,#1318,.T.);
#3163=EDGE_CURVE('',#2563,#2565,#1319,.T.);
#3164=EDGE_CURVE('',#2566,#2564,#1320,.T.);
#3165=EDGE_CURVE('',#2565,#2566,#1321,.T.);
#3166=EDGE_CURVE('',#2565,#2559,#1322,.T.);
#3167=EDGE_CURVE('',#2561,#2566,#1323,.T.);
#3168=EDGE_CURVE('',#2567,#2568,#1324,.T.);
#3169=EDGE_CURVE('',#2567,#2569,#1325,.T.);
#3170=EDGE_CURVE('',#2570,#2569,#1326,.T.);
#3171=EDGE_CURVE('',#2568,#2570,#1327,.T.);
#3172=EDGE_CURVE('',#2568,#2571,#1328,.T.);
#3173=EDGE_CURVE('',#2572,#2570,#1329,.T.);
#3174=EDGE_CURVE('',#2571,#2572,#1330,.T.);
#3175=EDGE_CURVE('',#2571,#2573,#1331,.T.);
#3176=EDGE_CURVE('',#2574,#2572,#1332,.T.);
#3177=EDGE_CURVE('',#2573,#2574,#1333,.T.);
#3178=EDGE_CURVE('',#2573,#2567,#1334,.T.);
#3179=EDGE_CURVE('',#2569,#2574,#1335,.T.);
#3180=EDGE_CURVE('',#2575,#2576,#1134,.T.);
#3181=EDGE_CURVE('',#2576,#2577,#1336,.T.);
#3182=EDGE_CURVE('',#2577,#2578,#1135,.T.);
#3183=EDGE_CURVE('',#2578,#2575,#1337,.T.);
#3184=EDGE_CURVE('',#2579,#2576,#1338,.T.);
#3185=EDGE_CURVE('',#2580,#2579,#1339,.T.);
#3186=EDGE_CURVE('',#2580,#2577,#1340,.T.);
#3187=EDGE_CURVE('',#2575,#2581,#1341,.T.);
#3188=EDGE_CURVE('',#2582,#2581,#1136,.T.);
#3189=EDGE_CURVE('',#2582,#2583,#1342,.T.);
#3190=EDGE_CURVE('',#2584,#2583,#1137,.T.);
#3191=EDGE_CURVE('',#2584,#2585,#1343,.T.);
#3192=EDGE_CURVE('',#2579,#2585,#1138,.T.);
#3193=EDGE_CURVE('',#2586,#2586,#1139,.T.);
#3194=EDGE_CURVE('',#2585,#2587,#1344,.T.);
#3195=EDGE_CURVE('',#2587,#2580,#1140,.T.);
#3196=EDGE_CURVE('',#2588,#2584,#1345,.T.);
#3197=EDGE_CURVE('',#2588,#2587,#1346,.T.);
#3198=EDGE_CURVE('',#2583,#2589,#1347,.T.);
#3199=EDGE_CURVE('',#2589,#2588,#1141,.T.);
#3200=EDGE_CURVE('',#2590,#2582,#1348,.T.);
#3201=EDGE_CURVE('',#2590,#2589,#1349,.T.);
#3202=EDGE_CURVE('',#2581,#2591,#1350,.T.);
#3203=EDGE_CURVE('',#2591,#2590,#1142,.T.);
#3204=EDGE_CURVE('',#2586,#2592,#1351,.T.);
#3205=EDGE_CURVE('',#2592,#2592,#1143,.T.);
#3206=EDGE_CURVE('',#2578,#2591,#1352,.T.);
#3207=EDGE_CURVE('',#2593,#2594,#1144,.T.);
#3208=EDGE_CURVE('',#2594,#2595,#1353,.T.);
#3209=EDGE_CURVE('',#2595,#2596,#1145,.T.);
#3210=EDGE_CURVE('',#2596,#2593,#1354,.T.);
#3211=EDGE_CURVE('',#2597,#2596,#1355,.T.);
#3212=EDGE_CURVE('',#2598,#2597,#1356,.T.);
#3213=EDGE_CURVE('',#2593,#2598,#1357,.T.);
#3214=EDGE_CURVE('',#2595,#2599,#1358,.T.);
#3215=EDGE_CURVE('',#2600,#2599,#1146,.T.);
#3216=EDGE_CURVE('',#2600,#2601,#1359,.T.);
#3217=EDGE_CURVE('',#2602,#2601,#1147,.T.);
#3218=EDGE_CURVE('',#2602,#2603,#1360,.T.);
#3219=EDGE_CURVE('',#2597,#2603,#1148,.T.);
#3220=EDGE_CURVE('',#2604,#2605,#1361,.T.);
#3221=EDGE_CURVE('',#2605,#2606,#1362,.T.);
#3222=EDGE_CURVE('',#2606,#2607,#1363,.T.);
#3223=EDGE_CURVE('',#2607,#2604,#1364,.T.);
#3224=EDGE_CURVE('',#2608,#2609,#1149,.T.);
#3225=EDGE_CURVE('',#2609,#2600,#1365,.T.);
#3226=EDGE_CURVE('',#2599,#2608,#1366,.T.);
#3227=EDGE_CURVE('',#2610,#2609,#1367,.T.);
#3228=EDGE_CURVE('',#2601,#2610,#1368,.T.);
#3229=EDGE_CURVE('',#2610,#2611,#1150,.T.);
#3230=EDGE_CURVE('',#2611,#2602,#1369,.T.);
#3231=EDGE_CURVE('',#2612,#2598,#1151,.T.);
#3232=EDGE_CURVE('',#2603,#2612,#1370,.T.);
#3233=EDGE_CURVE('',#2605,#2613,#1371,.T.);
#3234=EDGE_CURVE('',#2614,#2613,#1372,.T.);
#3235=EDGE_CURVE('',#2606,#2614,#1373,.T.);
#3236=EDGE_CURVE('',#2615,#2614,#1374,.T.);
#3237=EDGE_CURVE('',#2607,#2615,#1375,.T.);
#3238=EDGE_CURVE('',#2616,#2615,#1376,.T.);
#3239=EDGE_CURVE('',#2604,#2616,#1377,.T.);
#3240=EDGE_CURVE('',#2613,#2616,#1378,.T.);
#3241=EDGE_CURVE('',#2608,#2594,#1379,.T.);
#3242=EDGE_CURVE('',#2612,#2611,#1380,.T.);
#3243=EDGE_CURVE('',#2617,#2618,#1381,.T.);
#3244=EDGE_CURVE('',#2618,#2619,#27,.T.);
#3245=EDGE_CURVE('',#2619,#2620,#1382,.T.);
#3246=EDGE_CURVE('',#2620,#2617,#28,.T.);
#3247=EDGE_CURVE('',#2620,#2621,#1383,.T.);
#3248=EDGE_CURVE('',#2621,#2622,#29,.T.);
#3249=EDGE_CURVE('',#2622,#2617,#1384,.T.);
#3250=EDGE_CURVE('',#2621,#2623,#1385,.T.);
#3251=EDGE_CURVE('',#2624,#2623,#30,.T.);
#3252=EDGE_CURVE('',#2624,#2622,#1386,.T.);
#3253=EDGE_CURVE('',#2618,#2624,#1387,.T.);
#3254=EDGE_CURVE('',#2623,#2619,#1388,.T.);
#3255=EDGE_CURVE('',#2620,#2625,#1389,.T.);
#3256=EDGE_CURVE('',#2625,#2626,#1390,.T.);
#3257=EDGE_CURVE('',#2621,#2626,#1391,.T.);
#3258=EDGE_CURVE('',#2619,#2627,#1392,.T.);
#3259=EDGE_CURVE('',#2627,#2625,#1393,.T.);
#3260=EDGE_CURVE('',#2618,#2628,#1394,.T.);
#3261=EDGE_CURVE('',#2629,#2628,#1152,.T.);
#3262=EDGE_CURVE('',#2629,#2630,#1395,.T.);
#3263=EDGE_CURVE('',#2631,#2630,#1153,.T.);
#3264=EDGE_CURVE('',#2624,#2631,#1396,.T.);
#3265=EDGE_CURVE('',#2632,#2617,#1397,.T.);
#3266=EDGE_CURVE('',#2633,#2632,#1398,.T.);
#3267=EDGE_CURVE('',#2633,#2634,#1399,.T.);
#3268=EDGE_CURVE('',#2634,#2635,#1400,.T.);
#3269=EDGE_CURVE('',#2635,#2636,#1401,.T.);
#3270=EDGE_CURVE('',#2628,#2636,#1402,.T.);
#3271=EDGE_CURVE('',#2636,#2637,#1154,.F.);
#3272=EDGE_CURVE('',#2637,#2629,#1403,.T.);
#3273=EDGE_CURVE('',#2637,#2638,#1404,.F.);
#3274=EDGE_CURVE('',#2630,#2638,#1405,.T.);
#3275=EDGE_CURVE('',#2635,#2639,#1406,.T.);
#3276=EDGE_CURVE('',#2640,#2639,#1407,.F.);
#3277=EDGE_CURVE('',#2638,#2640,#1155,.F.);
#3278=EDGE_CURVE('',#2632,#2641,#1156,.T.);
#3279=EDGE_CURVE('',#2641,#2642,#1408,.T.);
#3280=EDGE_CURVE('',#2642,#2633,#1157,.F.);
#3281=EDGE_CURVE('',#2641,#2643,#1409,.T.);
#3282=EDGE_CURVE('',#2644,#2643,#1410,.T.);
#3283=EDGE_CURVE('',#2642,#2644,#1411,.T.);
#3284=EDGE_CURVE('',#2645,#2622,#1412,.T.);
#3285=EDGE_CURVE('',#2643,#2645,#1158,.T.);
#3286=EDGE_CURVE('',#2646,#2646,#1159,.T.);
#3287=EDGE_CURVE('',#2645,#2647,#1413,.T.);
#3288=EDGE_CURVE('',#2647,#2644,#1160,.F.);
#3289=EDGE_CURVE('',#2648,#2647,#1414,.F.);
#3290=EDGE_CURVE('',#2634,#2648,#1415,.T.);
#3291=EDGE_CURVE('',#2649,#2649,#1161,.F.);
#3292=EDGE_CURVE('',#2640,#2631,#1416,.T.);
#3293=EDGE_CURVE('',#2639,#2648,#1417,.F.);
#3294=EDGE_CURVE('',#2646,#2649,#1418,.T.);
#3295=EDGE_CURVE('',#2626,#2650,#1419,.T.);
#3296=EDGE_CURVE('',#2623,#2650,#1420,.T.);
#3297=EDGE_CURVE('',#2650,#2627,#1421,.T.);
#3298=EDGE_CURVE('',#2651,#2652,#1422,.T.);
#3299=EDGE_CURVE('',#2651,#2653,#1423,.T.);
#3300=EDGE_CURVE('',#2654,#2653,#1424,.T.);
#3301=EDGE_CURVE('',#2652,#2654,#1425,.T.);
#3302=EDGE_CURVE('',#2652,#2655,#1426,.T.);
#3303=EDGE_CURVE('',#2656,#2654,#1427,.T.);
#3304=EDGE_CURVE('',#2655,#2656,#1428,.T.);
#3305=EDGE_CURVE('',#2655,#2657,#1429,.T.);
#3306=EDGE_CURVE('',#2658,#2656,#1430,.T.);
#3307=EDGE_CURVE('',#2657,#2658,#1431,.T.);
#3308=EDGE_CURVE('',#2657,#2651,#1432,.T.);
#3309=EDGE_CURVE('',#2653,#2658,#1433,.T.);
#3310=EDGE_CURVE('',#2659,#2660,#1434,.T.);
#3311=EDGE_CURVE('',#2661,#2659,#31,.T.);
#3312=EDGE_CURVE('',#2662,#2661,#1435,.T.);
#3313=EDGE_CURVE('',#2660,#2662,#32,.T.);
#3314=EDGE_CURVE('',#2661,#2663,#1436,.T.);
#3315=EDGE_CURVE('',#2664,#2659,#1437,.T.);
#3316=EDGE_CURVE('',#2663,#2664,#33,.T.);
#3317=EDGE_CURVE('',#2663,#2665,#1438,.T.);
#3318=EDGE_CURVE('',#2666,#2664,#1439,.T.);
#3319=EDGE_CURVE('',#2666,#2665,#34,.T.);
#3320=EDGE_CURVE('',#2660,#2666,#1440,.T.);
#3321=EDGE_CURVE('',#2665,#2662,#1441,.T.);
#3322=EDGE_CURVE('',#2663,#2667,#1442,.T.);
#3323=EDGE_CURVE('',#2668,#2667,#1443,.T.);
#3324=EDGE_CURVE('',#2661,#2668,#1444,.T.);
#3325=EDGE_CURVE('',#2669,#2668,#1445,.T.);
#3326=EDGE_CURVE('',#2662,#2669,#1446,.T.);
#3327=EDGE_CURVE('',#2666,#2670,#1447,.T.);
#3328=EDGE_CURVE('',#2670,#2671,#1162,.T.);
#3329=EDGE_CURVE('',#2672,#2671,#1448,.T.);
#3330=EDGE_CURVE('',#2672,#2673,#1163,.T.);
#3331=EDGE_CURVE('',#2660,#2673,#1449,.T.);
#3332=EDGE_CURVE('',#2673,#2674,#1450,.T.);
#3333=EDGE_CURVE('',#2675,#2674,#1451,.F.);
#3334=EDGE_CURVE('',#2676,#2675,#1452,.F.);
#3335=EDGE_CURVE('',#2677,#2676,#1453,.F.);
#3336=EDGE_CURVE('',#2677,#2678,#1454,.T.);
#3337=EDGE_CURVE('',#2678,#2659,#1455,.T.);
#3338=EDGE_CURVE('',#2679,#2672,#1456,.T.);
#3339=EDGE_CURVE('',#2674,#2679,#1164,.T.);
#3340=EDGE_CURVE('',#2671,#2680,#1457,.T.);
#3341=EDGE_CURVE('',#2679,#2680,#1458,.T.);
#3342=EDGE_CURVE('',#2680,#2681,#1165,.T.);
#3343=EDGE_CURVE('',#2681,#2682,#1459,.T.);
#3344=EDGE_CURVE('',#2675,#2682,#1460,.F.);
#3345=EDGE_CURVE('',#2678,#2683,#1166,.T.);
#3346=EDGE_CURVE('',#2684,#2677,#1167,.T.);
#3347=EDGE_CURVE('',#2683,#2684,#1461,.T.);
#3348=EDGE_CURVE('',#2684,#2685,#1462,.F.);
#3349=EDGE_CURVE('',#2685,#2686,#1463,.T.);
#3350=EDGE_CURVE('',#2683,#2686,#1464,.T.);
#3351=EDGE_CURVE('',#2686,#2687,#1168,.T.);
#3352=EDGE_CURVE('',#2687,#2664,#1465,.T.);
#3353=EDGE_CURVE('',#2688,#2688,#1169,.T.);
#3354=EDGE_CURVE('',#2689,#2685,#1170,.T.);
#3355=EDGE_CURVE('',#2687,#2689,#1466,.T.);
#3356=EDGE_CURVE('',#2676,#2690,#1467,.F.);
#3357=EDGE_CURVE('',#2690,#2689,#1468,.T.);
#3358=EDGE_CURVE('',#2691,#2691,#1171,.T.);
#3359=EDGE_CURVE('',#2682,#2690,#1469,.T.);
#3360=EDGE_CURVE('',#2681,#2670,#1470,.T.);
#3361=EDGE_CURVE('',#2688,#2691,#1471,.T.);
#3362=EDGE_CURVE('',#2665,#2692,#1472,.T.);
#3363=EDGE_CURVE('',#2667,#2692,#1473,.T.);
#3364=EDGE_CURVE('',#2692,#2669,#1474,.T.);
#3365=EDGE_CURVE('',#2693,#2694,#1475,.T.);
#3366=EDGE_CURVE('',#2694,#2695,#1476,.T.);
#3367=EDGE_CURVE('',#2695,#2696,#1477,.T.);
#3368=EDGE_CURVE('',#2693,#2696,#1478,.T.);
#3369=EDGE_CURVE('',#2694,#2697,#1479,.T.);
#3370=EDGE_CURVE('',#2697,#2698,#1480,.T.);
#3371=EDGE_CURVE('',#2698,#2695,#1481,.T.);
#3372=EDGE_CURVE('',#2697,#2699,#1482,.T.);
#3373=EDGE_CURVE('',#2699,#2700,#1483,.T.);
#3374=EDGE_CURVE('',#2700,#2698,#1484,.T.);
#3375=EDGE_CURVE('',#2699,#2693,#1485,.T.);
#3376=EDGE_CURVE('',#2696,#2700,#1486,.T.);
#3377=EDGE_CURVE('',#2701,#2702,#1487,.T.);
#3378=EDGE_CURVE('',#2703,#2701,#35,.T.);
#3379=EDGE_CURVE('',#2704,#2703,#1488,.T.);
#3380=EDGE_CURVE('',#2702,#2704,#36,.T.);
#3381=EDGE_CURVE('',#2703,#2705,#1489,.T.);
#3382=EDGE_CURVE('',#2706,#2701,#1490,.T.);
#3383=EDGE_CURVE('',#2705,#2706,#37,.T.);
#3384=EDGE_CURVE('',#2705,#2707,#1491,.T.);
#3385=EDGE_CURVE('',#2708,#2706,#1492,.T.);
#3386=EDGE_CURVE('',#2708,#2707,#38,.T.);
#3387=EDGE_CURVE('',#2702,#2708,#1493,.T.);
#3388=EDGE_CURVE('',#2707,#2704,#1494,.T.);
#3389=EDGE_CURVE('',#2705,#2709,#1495,.T.);
#3390=EDGE_CURVE('',#2710,#2709,#1496,.T.);
#3391=EDGE_CURVE('',#2703,#2710,#1497,.T.);
#3392=EDGE_CURVE('',#2711,#2710,#1498,.T.);
#3393=EDGE_CURVE('',#2704,#2711,#1499,.T.);
#3394=EDGE_CURVE('',#2708,#2712,#1500,.T.);
#3395=EDGE_CURVE('',#2712,#2713,#1172,.T.);
#3396=EDGE_CURVE('',#2714,#2713,#1501,.T.);
#3397=EDGE_CURVE('',#2714,#2715,#1173,.T.);
#3398=EDGE_CURVE('',#2702,#2715,#1502,.T.);
#3399=EDGE_CURVE('',#2715,#2716,#1503,.T.);
#3400=EDGE_CURVE('',#2717,#2716,#1504,.F.);
#3401=EDGE_CURVE('',#2718,#2717,#1505,.F.);
#3402=EDGE_CURVE('',#2719,#2718,#1506,.F.);
#3403=EDGE_CURVE('',#2719,#2720,#1507,.T.);
#3404=EDGE_CURVE('',#2720,#2701,#1508,.T.);
#3405=EDGE_CURVE('',#2721,#2714,#1509,.T.);
#3406=EDGE_CURVE('',#2716,#2721,#1174,.T.);
#3407=EDGE_CURVE('',#2713,#2722,#1510,.T.);
#3408=EDGE_CURVE('',#2721,#2722,#1511,.T.);
#3409=EDGE_CURVE('',#2722,#2723,#1175,.T.);
#3410=EDGE_CURVE('',#2723,#2724,#1512,.T.);
#3411=EDGE_CURVE('',#2717,#2724,#1513,.T.);
#3412=EDGE_CURVE('',#2720,#2725,#1176,.T.);
#3413=EDGE_CURVE('',#2726,#2719,#1177,.T.);
#3414=EDGE_CURVE('',#2725,#2726,#1514,.T.);
#3415=EDGE_CURVE('',#2726,#2727,#1515,.F.);
#3416=EDGE_CURVE('',#2727,#2728,#1516,.T.);
#3417=EDGE_CURVE('',#2725,#2728,#1517,.T.);
#3418=EDGE_CURVE('',#2728,#2729,#1178,.T.);
#3419=EDGE_CURVE('',#2729,#2706,#1518,.T.);
#3420=EDGE_CURVE('',#2730,#2730,#1179,.T.);
#3421=EDGE_CURVE('',#2731,#2727,#1180,.T.);
#3422=EDGE_CURVE('',#2729,#2731,#1519,.T.);
#3423=EDGE_CURVE('',#2718,#2732,#1520,.T.);
#3424=EDGE_CURVE('',#2732,#2731,#1521,.T.);
#3425=EDGE_CURVE('',#2733,#2733,#1181,.T.);
#3426=EDGE_CURVE('',#2724,#2732,#1522,.T.);
#3427=EDGE_CURVE('',#2723,#2712,#1523,.T.);
#3428=EDGE_CURVE('',#2730,#2733,#1524,.T.);
#3429=EDGE_CURVE('',#2707,#2734,#1525,.T.);
#3430=EDGE_CURVE('',#2709,#2734,#1526,.T.);
#3431=EDGE_CURVE('',#2734,#2711,#1527,.T.);
#3432=EDGE_CURVE('',#2735,#2736,#1528,.T.);
#3433=EDGE_CURVE('',#2736,#2737,#1529,.T.);
#3434=EDGE_CURVE('',#2737,#2738,#1530,.T.);
#3435=EDGE_CURVE('',#2735,#2738,#1531,.T.);
#3436=EDGE_CURVE('',#2736,#2739,#1532,.T.);
#3437=EDGE_CURVE('',#2739,#2740,#1533,.T.);
#3438=EDGE_CURVE('',#2740,#2737,#1534,.T.);
#3439=EDGE_CURVE('',#2739,#2741,#1535,.T.);
#3440=EDGE_CURVE('',#2741,#2742,#1536,.T.);
#3441=EDGE_CURVE('',#2742,#2740,#1537,.T.);
#3442=EDGE_CURVE('',#2741,#2735,#1538,.T.);
#3443=EDGE_CURVE('',#2738,#2742,#1539,.T.);
#3444=EDGE_CURVE('',#2743,#2744,#1540,.T.);
#3445=EDGE_CURVE('',#2744,#2745,#39,.T.);
#3446=EDGE_CURVE('',#2745,#2746,#1541,.T.);
#3447=EDGE_CURVE('',#2746,#2743,#40,.T.);
#3448=EDGE_CURVE('',#2746,#2747,#1542,.T.);
#3449=EDGE_CURVE('',#2747,#2748,#41,.T.);
#3450=EDGE_CURVE('',#2748,#2743,#1543,.T.);
#3451=EDGE_CURVE('',#2747,#2749,#1544,.T.);
#3452=EDGE_CURVE('',#2750,#2749,#42,.T.);
#3453=EDGE_CURVE('',#2750,#2748,#1545,.T.);
#3454=EDGE_CURVE('',#2744,#2750,#1546,.T.);
#3455=EDGE_CURVE('',#2749,#2745,#1547,.T.);
#3456=EDGE_CURVE('',#2746,#2751,#1548,.T.);
#3457=EDGE_CURVE('',#2751,#2752,#1549,.T.);
#3458=EDGE_CURVE('',#2747,#2752,#1550,.T.);
#3459=EDGE_CURVE('',#2745,#2753,#1551,.T.);
#3460=EDGE_CURVE('',#2753,#2751,#1552,.T.);
#3461=EDGE_CURVE('',#2744,#2754,#1553,.T.);
#3462=EDGE_CURVE('',#2755,#2754,#1182,.T.);
#3463=EDGE_CURVE('',#2755,#2756,#1554,.T.);
#3464=EDGE_CURVE('',#2757,#2756,#1183,.T.);
#3465=EDGE_CURVE('',#2750,#2757,#1555,.T.);
#3466=EDGE_CURVE('',#2758,#2743,#1556,.T.);
#3467=EDGE_CURVE('',#2759,#2758,#1557,.T.);
#3468=EDGE_CURVE('',#2759,#2760,#1558,.T.);
#3469=EDGE_CURVE('',#2760,#2761,#1559,.T.);
#3470=EDGE_CURVE('',#2761,#2762,#1560,.T.);
#3471=EDGE_CURVE('',#2754,#2762,#1561,.T.);
#3472=EDGE_CURVE('',#2762,#2763,#1184,.F.);
#3473=EDGE_CURVE('',#2763,#2755,#1562,.T.);
#3474=EDGE_CURVE('',#2763,#2764,#1563,.F.);
#3475=EDGE_CURVE('',#2756,#2764,#1564,.T.);
#3476=EDGE_CURVE('',#2761,#2765,#1565,.F.);
#3477=EDGE_CURVE('',#2766,#2765,#1566,.F.);
#3478=EDGE_CURVE('',#2764,#2766,#1185,.F.);
#3479=EDGE_CURVE('',#2758,#2767,#1186,.T.);
#3480=EDGE_CURVE('',#2767,#2768,#1567,.T.);
#3481=EDGE_CURVE('',#2768,#2759,#1187,.F.);
#3482=EDGE_CURVE('',#2767,#2769,#1568,.T.);
#3483=EDGE_CURVE('',#2770,#2769,#1569,.T.);
#3484=EDGE_CURVE('',#2768,#2770,#1570,.T.);
#3485=EDGE_CURVE('',#2771,#2748,#1571,.T.);
#3486=EDGE_CURVE('',#2769,#2771,#1188,.T.);
#3487=EDGE_CURVE('',#2772,#2772,#1189,.T.);
#3488=EDGE_CURVE('',#2771,#2773,#1572,.T.);
#3489=EDGE_CURVE('',#2773,#2770,#1190,.F.);
#3490=EDGE_CURVE('',#2774,#2773,#1573,.F.);
#3491=EDGE_CURVE('',#2760,#2774,#1574,.F.);
#3492=EDGE_CURVE('',#2775,#2775,#1191,.F.);
#3493=EDGE_CURVE('',#2766,#2757,#1575,.T.);
#3494=EDGE_CURVE('',#2765,#2774,#1576,.F.);
#3495=EDGE_CURVE('',#2772,#2775,#1577,.T.);
#3496=EDGE_CURVE('',#2752,#2776,#1578,.T.);
#3497=EDGE_CURVE('',#2749,#2776,#1579,.T.);
#3498=EDGE_CURVE('',#2776,#2753,#1580,.T.);
#3499=EDGE_CURVE('',#2777,#2778,#1581,.T.);
#3500=EDGE_CURVE('',#2777,#2779,#1582,.T.);
#3501=EDGE_CURVE('',#2780,#2779,#1583,.T.);
#3502=EDGE_CURVE('',#2778,#2780,#1584,.T.);
#3503=EDGE_CURVE('',#2778,#2781,#1585,.T.);
#3504=EDGE_CURVE('',#2782,#2780,#1586,.T.);
#3505=EDGE_CURVE('',#2781,#2782,#1587,.T.);
#3506=EDGE_CURVE('',#2781,#2783,#1588,.T.);
#3507=EDGE_CURVE('',#2784,#2782,#1589,.T.);
#3508=EDGE_CURVE('',#2783,#2784,#1590,.T.);
#3509=EDGE_CURVE('',#2783,#2777,#1591,.T.);
#3510=EDGE_CURVE('',#2779,#2784,#1592,.T.);
#3511=EDGE_CURVE('',#2785,#2786,#1593,.T.);
#3512=EDGE_CURVE('',#2787,#2785,#1594,.T.);
#3513=EDGE_CURVE('',#2788,#2787,#1595,.T.);
#3514=EDGE_CURVE('',#2789,#2788,#1596,.T.);
#3515=EDGE_CURVE('',#2786,#2789,#1597,.T.);
#3516=EDGE_CURVE('',#2790,#2787,#1598,.T.);
#3517=EDGE_CURVE('',#2790,#2791,#1599,.F.);
#3518=EDGE_CURVE('',#2788,#2791,#1600,.T.);
#3519=EDGE_CURVE('',#2791,#2792,#1601,.F.);
#3520=EDGE_CURVE('',#2789,#2792,#1602,.T.);
#3521=EDGE_CURVE('',#2793,#2794,#1603,.T.);
#3522=EDGE_CURVE('',#2792,#2793,#1604,.T.);
#3523=EDGE_CURVE('',#2794,#2790,#1605,.T.);
#3524=EDGE_CURVE('',#2795,#2785,#1606,.T.);
#3525=EDGE_CURVE('',#2796,#2795,#1607,.T.);
#3526=EDGE_CURVE('',#2796,#2797,#1608,.T.);
#3527=EDGE_CURVE('',#2798,#2797,#1609,.T.);
#3528=EDGE_CURVE('',#2794,#2798,#1610,.T.);
#3529=EDGE_CURVE('',#2786,#2799,#1611,.T.);
#3530=EDGE_CURVE('',#2799,#2795,#1612,.T.);
#3531=EDGE_CURVE('',#2798,#2800,#1613,.T.);
#3532=EDGE_CURVE('',#2800,#2793,#1614,.T.);
#3533=EDGE_CURVE('',#2799,#2801,#1615,.T.);
#3534=EDGE_CURVE('',#2801,#2802,#1616,.T.);
#3535=EDGE_CURVE('',#2802,#2796,#1617,.T.);
#3536=EDGE_CURVE('',#2803,#2800,#1618,.T.);
#3537=EDGE_CURVE('',#2801,#2803,#1619,.T.);
#3538=EDGE_CURVE('',#2802,#2804,#1620,.T.);
#3539=EDGE_CURVE('',#2797,#2804,#1621,.T.);
#3540=EDGE_CURVE('',#2804,#2803,#1622,.T.);
#3541=EDGE_CURVE('',#2805,#2806,#1623,.T.);
#3542=EDGE_CURVE('',#2807,#2805,#1624,.T.);
#3543=EDGE_CURVE('',#2808,#2807,#1625,.T.);
#3544=EDGE_CURVE('',#2809,#2808,#1626,.T.);
#3545=EDGE_CURVE('',#2806,#2809,#1627,.T.);
#3546=EDGE_CURVE('',#2810,#2807,#1628,.T.);
#3547=EDGE_CURVE('',#2810,#2811,#1629,.F.);
#3548=EDGE_CURVE('',#2808,#2811,#1630,.T.);
#3549=EDGE_CURVE('',#2811,#2812,#1631,.F.);
#3550=EDGE_CURVE('',#2809,#2812,#1632,.T.);
#3551=EDGE_CURVE('',#2813,#2814,#1633,.T.);
#3552=EDGE_CURVE('',#2812,#2813,#1634,.T.);
#3553=EDGE_CURVE('',#2814,#2810,#1635,.T.);
#3554=EDGE_CURVE('',#2815,#2805,#1636,.T.);
#3555=EDGE_CURVE('',#2816,#2815,#1637,.T.);
#3556=EDGE_CURVE('',#2816,#2817,#1638,.T.);
#3557=EDGE_CURVE('',#2818,#2817,#1639,.T.);
#3558=EDGE_CURVE('',#2814,#2818,#1640,.T.);
#3559=EDGE_CURVE('',#2806,#2819,#1641,.T.);
#3560=EDGE_CURVE('',#2819,#2815,#1642,.T.);
#3561=EDGE_CURVE('',#2818,#2820,#1643,.T.);
#3562=EDGE_CURVE('',#2820,#2813,#1644,.T.);
#3563=EDGE_CURVE('',#2819,#2821,#1645,.T.);
#3564=EDGE_CURVE('',#2821,#2822,#1646,.T.);
#3565=EDGE_CURVE('',#2822,#2816,#1647,.T.);
#3566=EDGE_CURVE('',#2823,#2820,#1648,.T.);
#3567=EDGE_CURVE('',#2821,#2823,#1649,.T.);
#3568=EDGE_CURVE('',#2822,#2824,#1650,.T.);
#3569=EDGE_CURVE('',#2817,#2824,#1651,.T.);
#3570=EDGE_CURVE('',#2824,#2823,#1652,.T.);
#3571=EDGE_CURVE('',#2825,#2826,#1653,.T.);
#3572=EDGE_CURVE('',#2826,#2827,#1654,.T.);
#3573=EDGE_CURVE('',#2827,#2828,#1655,.T.);
#3574=EDGE_CURVE('',#2828,#2829,#1656,.T.);
#3575=EDGE_CURVE('',#2829,#2825,#1657,.T.);
#3576=EDGE_CURVE('',#2828,#2830,#1658,.T.);
#3577=EDGE_CURVE('',#2831,#2830,#1659,.F.);
#3578=EDGE_CURVE('',#2831,#2829,#1660,.T.);
#3579=EDGE_CURVE('',#2827,#2832,#1661,.T.);
#3580=EDGE_CURVE('',#2830,#2832,#1662,.F.);
#3581=EDGE_CURVE('',#2833,#2834,#1663,.T.);
#3582=EDGE_CURVE('',#2834,#2831,#1664,.T.);
#3583=EDGE_CURVE('',#2832,#2833,#1665,.T.);
#3584=EDGE_CURVE('',#2834,#2835,#1666,.T.);
#3585=EDGE_CURVE('',#2835,#2836,#1667,.T.);
#3586=EDGE_CURVE('',#2837,#2836,#1668,.T.);
#3587=EDGE_CURVE('',#2837,#2838,#1669,.T.);
#3588=EDGE_CURVE('',#2838,#2825,#1670,.T.);
#3589=EDGE_CURVE('',#2839,#2838,#1671,.T.);
#3590=EDGE_CURVE('',#2826,#2839,#1672,.T.);
#3591=EDGE_CURVE('',#2840,#2833,#1673,.T.);
#3592=EDGE_CURVE('',#2835,#2840,#1674,.T.);
#3593=EDGE_CURVE('',#2841,#2837,#1675,.T.);
#3594=EDGE_CURVE('',#2842,#2841,#1676,.T.);
#3595=EDGE_CURVE('',#2839,#2842,#1677,.T.);
#3596=EDGE_CURVE('',#2842,#2843,#1678,.T.);
#3597=EDGE_CURVE('',#2843,#2840,#1679,.T.);
#3598=EDGE_CURVE('',#2836,#2844,#1680,.T.);
#3599=EDGE_CURVE('',#2841,#2844,#1681,.T.);
#3600=EDGE_CURVE('',#2844,#2843,#1682,.T.);
#3601=EDGE_CURVE('',#2845,#2846,#1683,.T.);
#3602=EDGE_CURVE('',#2846,#2847,#1684,.T.);
#3603=EDGE_CURVE('',#2847,#2848,#1685,.T.);
#3604=EDGE_CURVE('',#2848,#2849,#1686,.T.);
#3605=EDGE_CURVE('',#2849,#2845,#1687,.T.);
#3606=EDGE_CURVE('',#2848,#2850,#1688,.T.);
#3607=EDGE_CURVE('',#2851,#2850,#1689,.F.);
#3608=EDGE_CURVE('',#2851,#2849,#1690,.T.);
#3609=EDGE_CURVE('',#2847,#2852,#1691,.T.);
#3610=EDGE_CURVE('',#2850,#2852,#1692,.F.);
#3611=EDGE_CURVE('',#2853,#2854,#1693,.T.);
#3612=EDGE_CURVE('',#2854,#2851,#1694,.T.);
#3613=EDGE_CURVE('',#2852,#2853,#1695,.T.);
#3614=EDGE_CURVE('',#2854,#2855,#1696,.T.);
#3615=EDGE_CURVE('',#2855,#2856,#1697,.T.);
#3616=EDGE_CURVE('',#2857,#2856,#1698,.T.);
#3617=EDGE_CURVE('',#2857,#2858,#1699,.T.);
#3618=EDGE_CURVE('',#2858,#2845,#1700,.T.);
#3619=EDGE_CURVE('',#2859,#2858,#1701,.T.);
#3620=EDGE_CURVE('',#2846,#2859,#1702,.T.);
#3621=EDGE_CURVE('',#2860,#2853,#1703,.T.);
#3622=EDGE_CURVE('',#2855,#2860,#1704,.T.);
#3623=EDGE_CURVE('',#2861,#2857,#1705,.T.);
#3624=EDGE_CURVE('',#2862,#2861,#1706,.T.);
#3625=EDGE_CURVE('',#2859,#2862,#1707,.T.);
#3626=EDGE_CURVE('',#2862,#2863,#1708,.T.);
#3627=EDGE_CURVE('',#2863,#2860,#1709,.T.);
#3628=EDGE_CURVE('',#2856,#2864,#1710,.T.);
#3629=EDGE_CURVE('',#2861,#2864,#1711,.T.);
#3630=EDGE_CURVE('',#2864,#2863,#1712,.T.);
#3631=EDGE_CURVE('',#2865,#2866,#1713,.T.);
#3632=EDGE_CURVE('',#2866,#2867,#1714,.T.);
#3633=EDGE_CURVE('',#2867,#2868,#1715,.T.);
#3634=EDGE_CURVE('',#2868,#2869,#1716,.T.);
#3635=EDGE_CURVE('',#2869,#2865,#1717,.T.);
#3636=EDGE_CURVE('',#2868,#2870,#1718,.T.);
#3637=EDGE_CURVE('',#2871,#2870,#1719,.F.);
#3638=EDGE_CURVE('',#2871,#2869,#1720,.T.);
#3639=EDGE_CURVE('',#2867,#2872,#1721,.T.);
#3640=EDGE_CURVE('',#2870,#2872,#1722,.F.);
#3641=EDGE_CURVE('',#2873,#2874,#1723,.T.);
#3642=EDGE_CURVE('',#2874,#2871,#1724,.T.);
#3643=EDGE_CURVE('',#2872,#2873,#1725,.T.);
#3644=EDGE_CURVE('',#2874,#2875,#1726,.T.);
#3645=EDGE_CURVE('',#2875,#2876,#1727,.T.);
#3646=EDGE_CURVE('',#2877,#2876,#1728,.T.);
#3647=EDGE_CURVE('',#2877,#2878,#1729,.T.);
#3648=EDGE_CURVE('',#2878,#2865,#1730,.T.);
#3649=EDGE_CURVE('',#2879,#2878,#1731,.T.);
#3650=EDGE_CURVE('',#2866,#2879,#1732,.T.);
#3651=EDGE_CURVE('',#2880,#2873,#1733,.T.);
#3652=EDGE_CURVE('',#2875,#2880,#1734,.T.);
#3653=EDGE_CURVE('',#2881,#2877,#1735,.T.);
#3654=EDGE_CURVE('',#2882,#2881,#1736,.T.);
#3655=EDGE_CURVE('',#2879,#2882,#1737,.T.);
#3656=EDGE_CURVE('',#2882,#2883,#1738,.T.);
#3657=EDGE_CURVE('',#2883,#2880,#1739,.T.);
#3658=EDGE_CURVE('',#2876,#2884,#1740,.T.);
#3659=EDGE_CURVE('',#2881,#2884,#1741,.T.);
#3660=EDGE_CURVE('',#2884,#2883,#1742,.T.);
#3661=EDGE_CURVE('',#2885,#2886,#1743,.T.);
#3662=EDGE_CURVE('',#2887,#2885,#1744,.T.);
#3663=EDGE_CURVE('',#2888,#2887,#1745,.T.);
#3664=EDGE_CURVE('',#2889,#2888,#1746,.T.);
#3665=EDGE_CURVE('',#2886,#2889,#1747,.T.);
#3666=EDGE_CURVE('',#2890,#2887,#1748,.T.);
#3667=EDGE_CURVE('',#2890,#2891,#1749,.F.);
#3668=EDGE_CURVE('',#2888,#2891,#1750,.T.);
#3669=EDGE_CURVE('',#2891,#2892,#1751,.F.);
#3670=EDGE_CURVE('',#2889,#2892,#1752,.T.);
#3671=EDGE_CURVE('',#2893,#2894,#1753,.T.);
#3672=EDGE_CURVE('',#2892,#2893,#1754,.T.);
#3673=EDGE_CURVE('',#2894,#2890,#1755,.T.);
#3674=EDGE_CURVE('',#2895,#2885,#1756,.T.);
#3675=EDGE_CURVE('',#2896,#2895,#1757,.T.);
#3676=EDGE_CURVE('',#2896,#2897,#1758,.T.);
#3677=EDGE_CURVE('',#2898,#2897,#1759,.T.);
#3678=EDGE_CURVE('',#2894,#2898,#1760,.T.);
#3679=EDGE_CURVE('',#2886,#2899,#1761,.T.);
#3680=EDGE_CURVE('',#2899,#2895,#1762,.T.);
#3681=EDGE_CURVE('',#2898,#2900,#1763,.T.);
#3682=EDGE_CURVE('',#2900,#2893,#1764,.T.);
#3683=EDGE_CURVE('',#2899,#2901,#1765,.T.);
#3684=EDGE_CURVE('',#2901,#2902,#1766,.T.);
#3685=EDGE_CURVE('',#2902,#2896,#1767,.T.);
#3686=EDGE_CURVE('',#2903,#2900,#1768,.T.);
#3687=EDGE_CURVE('',#2901,#2903,#1769,.T.);
#3688=EDGE_CURVE('',#2902,#2904,#1770,.T.);
#3689=EDGE_CURVE('',#2897,#2904,#1771,.T.);
#3690=EDGE_CURVE('',#2904,#2903,#1772,.T.);
#3691=EDGE_CURVE('',#2905,#2906,#1773,.T.);
#3692=EDGE_CURVE('',#2906,#2907,#1774,.T.);
#3693=EDGE_CURVE('',#2907,#2908,#1775,.T.);
#3694=EDGE_CURVE('',#2908,#2909,#1776,.T.);
#3695=EDGE_CURVE('',#2909,#2905,#1777,.T.);
#3696=EDGE_CURVE('',#2908,#2910,#1778,.T.);
#3697=EDGE_CURVE('',#2911,#2910,#1779,.F.);
#3698=EDGE_CURVE('',#2911,#2909,#1780,.T.);
#3699=EDGE_CURVE('',#2907,#2912,#1781,.T.);
#3700=EDGE_CURVE('',#2910,#2912,#1782,.F.);
#3701=EDGE_CURVE('',#2913,#2914,#1783,.T.);
#3702=EDGE_CURVE('',#2914,#2911,#1784,.T.);
#3703=EDGE_CURVE('',#2912,#2913,#1785,.T.);
#3704=EDGE_CURVE('',#2914,#2915,#1786,.T.);
#3705=EDGE_CURVE('',#2915,#2916,#1787,.T.);
#3706=EDGE_CURVE('',#2917,#2916,#1788,.T.);
#3707=EDGE_CURVE('',#2917,#2918,#1789,.T.);
#3708=EDGE_CURVE('',#2918,#2905,#1790,.T.);
#3709=EDGE_CURVE('',#2919,#2918,#1791,.T.);
#3710=EDGE_CURVE('',#2906,#2919,#1792,.T.);
#3711=EDGE_CURVE('',#2920,#2913,#1793,.T.);
#3712=EDGE_CURVE('',#2915,#2920,#1794,.T.);
#3713=EDGE_CURVE('',#2921,#2917,#1795,.T.);
#3714=EDGE_CURVE('',#2922,#2921,#1796,.T.);
#3715=EDGE_CURVE('',#2919,#2922,#1797,.T.);
#3716=EDGE_CURVE('',#2922,#2923,#1798,.T.);
#3717=EDGE_CURVE('',#2923,#2920,#1799,.T.);
#3718=EDGE_CURVE('',#2916,#2924,#1800,.T.);
#3719=EDGE_CURVE('',#2921,#2924,#1801,.T.);
#3720=EDGE_CURVE('',#2924,#2923,#1802,.T.);
#3721=EDGE_CURVE('',#2925,#2926,#1803,.T.);
#3722=EDGE_CURVE('',#2927,#2925,#1804,.T.);
#3723=EDGE_CURVE('',#2928,#2927,#1805,.T.);
#3724=EDGE_CURVE('',#2929,#2928,#1806,.T.);
#3725=EDGE_CURVE('',#2926,#2929,#1807,.T.);
#3726=EDGE_CURVE('',#2930,#2927,#1808,.T.);
#3727=EDGE_CURVE('',#2930,#2931,#1809,.F.);
#3728=EDGE_CURVE('',#2928,#2931,#1810,.T.);
#3729=EDGE_CURVE('',#2931,#2932,#1811,.F.);
#3730=EDGE_CURVE('',#2929,#2932,#1812,.T.);
#3731=EDGE_CURVE('',#2933,#2934,#1813,.T.);
#3732=EDGE_CURVE('',#2932,#2933,#1814,.T.);
#3733=EDGE_CURVE('',#2934,#2930,#1815,.T.);
#3734=EDGE_CURVE('',#2935,#2925,#1816,.T.);
#3735=EDGE_CURVE('',#2936,#2935,#1817,.T.);
#3736=EDGE_CURVE('',#2936,#2937,#1818,.T.);
#3737=EDGE_CURVE('',#2938,#2937,#1819,.T.);
#3738=EDGE_CURVE('',#2934,#2938,#1820,.T.);
#3739=EDGE_CURVE('',#2926,#2939,#1821,.T.);
#3740=EDGE_CURVE('',#2939,#2935,#1822,.T.);
#3741=EDGE_CURVE('',#2938,#2940,#1823,.T.);
#3742=EDGE_CURVE('',#2940,#2933,#1824,.T.);
#3743=EDGE_CURVE('',#2939,#2941,#1825,.T.);
#3744=EDGE_CURVE('',#2941,#2942,#1826,.T.);
#3745=EDGE_CURVE('',#2942,#2936,#1827,.T.);
#3746=EDGE_CURVE('',#2943,#2940,#1828,.T.);
#3747=EDGE_CURVE('',#2941,#2943,#1829,.T.);
#3748=EDGE_CURVE('',#2942,#2944,#1830,.T.);
#3749=EDGE_CURVE('',#2937,#2944,#1831,.T.);
#3750=EDGE_CURVE('',#2944,#2943,#1832,.T.);
#3751=ORIENTED_EDGE('',*,*,#2945,.T.);
#3752=ORIENTED_EDGE('',*,*,#2946,.T.);
#3753=ORIENTED_EDGE('',*,*,#2947,.T.);
#3754=ORIENTED_EDGE('',*,*,#2948,.F.);
#3755=ORIENTED_EDGE('',*,*,#2949,.T.);
#3756=ORIENTED_EDGE('',*,*,#2950,.T.);
#3757=ORIENTED_EDGE('',*,*,#2945,.F.);
#3758=ORIENTED_EDGE('',*,*,#2951,.F.);
#3759=ORIENTED_EDGE('',*,*,#2952,.T.);
#3760=ORIENTED_EDGE('',*,*,#2953,.T.);
#3761=ORIENTED_EDGE('',*,*,#2949,.F.);
#3762=ORIENTED_EDGE('',*,*,#2954,.F.);
#3763=ORIENTED_EDGE('',*,*,#2955,.F.);
#3764=ORIENTED_EDGE('',*,*,#2956,.F.);
#3765=ORIENTED_EDGE('',*,*,#2957,.F.);
#3766=ORIENTED_EDGE('',*,*,#2958,.T.);
#3767=ORIENTED_EDGE('',*,*,#2959,.T.);
#3768=ORIENTED_EDGE('',*,*,#2960,.T.);
#3769=ORIENTED_EDGE('',*,*,#2961,.T.);
#3770=ORIENTED_EDGE('',*,*,#2962,.T.);
#3771=ORIENTED_EDGE('',*,*,#2963,.F.);
#3772=ORIENTED_EDGE('',*,*,#2959,.F.);
#3773=ORIENTED_EDGE('',*,*,#2964,.T.);
#3774=ORIENTED_EDGE('',*,*,#2965,.T.);
#3775=ORIENTED_EDGE('',*,*,#2966,.F.);
#3776=ORIENTED_EDGE('',*,*,#2962,.F.);
#3777=ORIENTED_EDGE('',*,*,#2967,.T.);
#3778=ORIENTED_EDGE('',*,*,#2968,.T.);
#3779=ORIENTED_EDGE('',*,*,#2969,.F.);
#3780=ORIENTED_EDGE('',*,*,#2965,.F.);
#3781=ORIENTED_EDGE('',*,*,#2970,.T.);
#3782=ORIENTED_EDGE('',*,*,#2971,.T.);
#3783=ORIENTED_EDGE('',*,*,#2972,.F.);
#3784=ORIENTED_EDGE('',*,*,#2968,.F.);
#3785=ORIENTED_EDGE('',*,*,#2973,.T.);
#3786=ORIENTED_EDGE('',*,*,#2974,.F.);
#3787=ORIENTED_EDGE('',*,*,#2975,.T.);
#3788=ORIENTED_EDGE('',*,*,#2976,.T.);
#3789=ORIENTED_EDGE('',*,*,#2977,.F.);
#3790=ORIENTED_EDGE('',*,*,#2978,.F.);
#3791=ORIENTED_EDGE('',*,*,#2979,.T.);
#3792=ORIENTED_EDGE('',*,*,#2957,.T.);
#3793=ORIENTED_EDGE('',*,*,#2980,.T.);
#3794=ORIENTED_EDGE('',*,*,#2981,.F.);
#3795=ORIENTED_EDGE('',*,*,#2982,.F.);
#3796=ORIENTED_EDGE('',*,*,#2947,.F.);
#3797=ORIENTED_EDGE('',*,*,#2983,.F.);
#3798=ORIENTED_EDGE('',*,*,#2984,.F.);
#3799=ORIENTED_EDGE('',*,*,#2985,.F.);
#3800=ORIENTED_EDGE('',*,*,#2986,.F.);
#3801=ORIENTED_EDGE('',*,*,#2987,.T.);
#3802=ORIENTED_EDGE('',*,*,#2988,.F.);
#3803=ORIENTED_EDGE('',*,*,#2987,.F.);
#3804=ORIENTED_EDGE('',*,*,#2981,.T.);
#3805=ORIENTED_EDGE('',*,*,#2989,.F.);
#3806=ORIENTED_EDGE('',*,*,#2990,.F.);
#3807=ORIENTED_EDGE('',*,*,#2978,.T.);
#3808=ORIENTED_EDGE('',*,*,#2991,.T.);
#3809=ORIENTED_EDGE('',*,*,#2992,.T.);
#3810=ORIENTED_EDGE('',*,*,#2993,.T.);
#3811=ORIENTED_EDGE('',*,*,#2985,.T.);
#3812=ORIENTED_EDGE('',*,*,#2986,.T.);
#3813=ORIENTED_EDGE('',*,*,#2994,.T.);
#3814=ORIENTED_EDGE('',*,*,#2995,.F.);
#3815=ORIENTED_EDGE('',*,*,#2996,.T.);
#3816=ORIENTED_EDGE('',*,*,#2997,.F.);
#3817=ORIENTED_EDGE('',*,*,#2998,.T.);
#3818=ORIENTED_EDGE('',*,*,#2999,.F.);
#3819=ORIENTED_EDGE('',*,*,#3000,.T.);
#3820=ORIENTED_EDGE('',*,*,#3001,.F.);
#3821=ORIENTED_EDGE('',*,*,#3002,.T.);
#3822=ORIENTED_EDGE('',*,*,#3003,.F.);
#3823=ORIENTED_EDGE('',*,*,#2994,.F.);
#3824=ORIENTED_EDGE('',*,*,#2974,.T.);
#3825=ORIENTED_EDGE('',*,*,#3004,.F.);
#3826=ORIENTED_EDGE('',*,*,#2971,.F.);
#3827=ORIENTED_EDGE('',*,*,#3005,.T.);
#3828=ORIENTED_EDGE('',*,*,#2955,.T.);
#3829=ORIENTED_EDGE('',*,*,#3006,.T.);
#3830=ORIENTED_EDGE('',*,*,#2952,.F.);
#3831=ORIENTED_EDGE('',*,*,#3007,.F.);
#3832=ORIENTED_EDGE('',*,*,#3008,.F.);
#3833=ORIENTED_EDGE('',*,*,#3009,.T.);
#3834=ORIENTED_EDGE('',*,*,#3010,.F.);
#3835=ORIENTED_EDGE('',*,*,#3011,.F.);
#3836=ORIENTED_EDGE('',*,*,#3012,.F.);
#3837=ORIENTED_EDGE('',*,*,#3013,.F.);
#3838=ORIENTED_EDGE('',*,*,#3014,.F.);
#3839=ORIENTED_EDGE('',*,*,#3015,.F.);
#3840=ORIENTED_EDGE('',*,*,#3016,.F.);
#3841=ORIENTED_EDGE('',*,*,#3017,.F.);
#3842=ORIENTED_EDGE('',*,*,#3018,.F.);
#3843=ORIENTED_EDGE('',*,*,#3019,.F.);
#3844=ORIENTED_EDGE('',*,*,#3020,.F.);
#3845=ORIENTED_EDGE('',*,*,#3021,.F.);
#3846=ORIENTED_EDGE('',*,*,#3022,.F.);
#3847=ORIENTED_EDGE('',*,*,#3023,.F.);
#3848=ORIENTED_EDGE('',*,*,#3024,.F.);
#3849=ORIENTED_EDGE('',*,*,#2995,.T.);
#3850=ORIENTED_EDGE('',*,*,#3003,.T.);
#3851=ORIENTED_EDGE('',*,*,#3025,.F.);
#3852=ORIENTED_EDGE('',*,*,#3026,.T.);
#3853=ORIENTED_EDGE('',*,*,#3027,.T.);
#3854=ORIENTED_EDGE('',*,*,#3028,.F.);
#3855=ORIENTED_EDGE('',*,*,#3026,.F.);
#3856=ORIENTED_EDGE('',*,*,#3029,.F.);
#3857=ORIENTED_EDGE('',*,*,#3030,.T.);
#3858=ORIENTED_EDGE('',*,*,#3031,.F.);
#3859=ORIENTED_EDGE('',*,*,#3027,.F.);
#3860=ORIENTED_EDGE('',*,*,#3032,.F.);
#3861=ORIENTED_EDGE('',*,*,#3033,.T.);
#3862=ORIENTED_EDGE('',*,*,#3034,.F.);
#3863=ORIENTED_EDGE('',*,*,#3030,.F.);
#3864=ORIENTED_EDGE('',*,*,#3035,.F.);
#3865=ORIENTED_EDGE('',*,*,#3036,.T.);
#3866=ORIENTED_EDGE('',*,*,#3037,.F.);
#3867=ORIENTED_EDGE('',*,*,#3033,.F.);
#3868=ORIENTED_EDGE('',*,*,#3038,.F.);
#3869=ORIENTED_EDGE('',*,*,#3039,.T.);
#3870=ORIENTED_EDGE('',*,*,#3040,.F.);
#3871=ORIENTED_EDGE('',*,*,#3036,.F.);
#3872=ORIENTED_EDGE('',*,*,#3041,.F.);
#3873=ORIENTED_EDGE('',*,*,#3042,.T.);
#3874=ORIENTED_EDGE('',*,*,#3043,.T.);
#3875=ORIENTED_EDGE('',*,*,#3044,.T.);
#3876=ORIENTED_EDGE('',*,*,#3045,.F.);
#3877=ORIENTED_EDGE('',*,*,#3039,.F.);
#3878=ORIENTED_EDGE('',*,*,#3046,.F.);
#3879=ORIENTED_EDGE('',*,*,#3047,.F.);
#3880=ORIENTED_EDGE('',*,*,#3048,.T.);
#3881=ORIENTED_EDGE('',*,*,#3046,.T.);
#3882=ORIENTED_EDGE('',*,*,#3049,.T.);
#3883=ORIENTED_EDGE('',*,*,#3010,.T.);
#3884=ORIENTED_EDGE('',*,*,#3050,.T.);
#3885=ORIENTED_EDGE('',*,*,#3049,.F.);
#3886=ORIENTED_EDGE('',*,*,#3041,.T.);
#3887=ORIENTED_EDGE('',*,*,#3051,.T.);
#3888=ORIENTED_EDGE('',*,*,#3011,.T.);
#3889=ORIENTED_EDGE('',*,*,#3051,.F.);
#3890=ORIENTED_EDGE('',*,*,#3038,.T.);
#3891=ORIENTED_EDGE('',*,*,#3052,.T.);
#3892=ORIENTED_EDGE('',*,*,#3012,.T.);
#3893=ORIENTED_EDGE('',*,*,#3052,.F.);
#3894=ORIENTED_EDGE('',*,*,#3035,.T.);
#3895=ORIENTED_EDGE('',*,*,#3053,.T.);
#3896=ORIENTED_EDGE('',*,*,#3013,.T.);
#3897=ORIENTED_EDGE('',*,*,#3053,.F.);
#3898=ORIENTED_EDGE('',*,*,#3032,.T.);
#3899=ORIENTED_EDGE('',*,*,#3054,.T.);
#3900=ORIENTED_EDGE('',*,*,#3014,.T.);
#3901=ORIENTED_EDGE('',*,*,#3054,.F.);
#3902=ORIENTED_EDGE('',*,*,#3029,.T.);
#3903=ORIENTED_EDGE('',*,*,#3055,.T.);
#3904=ORIENTED_EDGE('',*,*,#3015,.T.);
#3905=ORIENTED_EDGE('',*,*,#3002,.F.);
#3906=ORIENTED_EDGE('',*,*,#3056,.T.);
#3907=ORIENTED_EDGE('',*,*,#3008,.T.);
#3908=ORIENTED_EDGE('',*,*,#3055,.F.);
#3909=ORIENTED_EDGE('',*,*,#3025,.T.);
#3910=ORIENTED_EDGE('',*,*,#3057,.F.);
#3911=ORIENTED_EDGE('',*,*,#3058,.T.);
#3912=ORIENTED_EDGE('',*,*,#3023,.T.);
#3913=ORIENTED_EDGE('',*,*,#3059,.T.);
#3914=ORIENTED_EDGE('',*,*,#3045,.T.);
#3915=ORIENTED_EDGE('',*,*,#3060,.T.);
#3916=ORIENTED_EDGE('',*,*,#3059,.F.);
#3917=ORIENTED_EDGE('',*,*,#3022,.T.);
#3918=ORIENTED_EDGE('',*,*,#3061,.T.);
#3919=ORIENTED_EDGE('',*,*,#3040,.T.);
#3920=ORIENTED_EDGE('',*,*,#3061,.F.);
#3921=ORIENTED_EDGE('',*,*,#3021,.T.);
#3922=ORIENTED_EDGE('',*,*,#3062,.T.);
#3923=ORIENTED_EDGE('',*,*,#3037,.T.);
#3924=ORIENTED_EDGE('',*,*,#3062,.F.);
#3925=ORIENTED_EDGE('',*,*,#3020,.T.);
#3926=ORIENTED_EDGE('',*,*,#3063,.T.);
#3927=ORIENTED_EDGE('',*,*,#3034,.T.);
#3928=ORIENTED_EDGE('',*,*,#3063,.F.);
#3929=ORIENTED_EDGE('',*,*,#3019,.T.);
#3930=ORIENTED_EDGE('',*,*,#3064,.T.);
#3931=ORIENTED_EDGE('',*,*,#3031,.T.);
#3932=ORIENTED_EDGE('',*,*,#3064,.F.);
#3933=ORIENTED_EDGE('',*,*,#3018,.T.);
#3934=ORIENTED_EDGE('',*,*,#3065,.T.);
#3935=ORIENTED_EDGE('',*,*,#3028,.T.);
#3936=ORIENTED_EDGE('',*,*,#2996,.F.);
#3937=ORIENTED_EDGE('',*,*,#3024,.T.);
#3938=ORIENTED_EDGE('',*,*,#3065,.F.);
#3939=ORIENTED_EDGE('',*,*,#3017,.T.);
#3940=ORIENTED_EDGE('',*,*,#3066,.T.);
#3941=ORIENTED_EDGE('',*,*,#3043,.F.);
#3942=ORIENTED_EDGE('',*,*,#3067,.T.);
#3943=ORIENTED_EDGE('',*,*,#3068,.T.);
#3944=ORIENTED_EDGE('',*,*,#3069,.T.);
#3945=ORIENTED_EDGE('',*,*,#3070,.T.);
#3946=ORIENTED_EDGE('',*,*,#2989,.T.);
#3947=ORIENTED_EDGE('',*,*,#2984,.T.);
#3948=ORIENTED_EDGE('',*,*,#3071,.T.);
#3949=ORIENTED_EDGE('',*,*,#2976,.F.);
#3950=ORIENTED_EDGE('',*,*,#3048,.F.);
#3951=ORIENTED_EDGE('',*,*,#3047,.T.);
#3952=ORIENTED_EDGE('',*,*,#3072,.F.);
#3953=ORIENTED_EDGE('',*,*,#3073,.T.);
#3954=ORIENTED_EDGE('',*,*,#3074,.T.);
#3955=ORIENTED_EDGE('',*,*,#3075,.T.);
#3956=ORIENTED_EDGE('',*,*,#3067,.F.);
#3957=ORIENTED_EDGE('',*,*,#3042,.F.);
#3958=ORIENTED_EDGE('',*,*,#3044,.F.);
#3959=ORIENTED_EDGE('',*,*,#3069,.F.);
#3960=ORIENTED_EDGE('',*,*,#3076,.T.);
#3961=ORIENTED_EDGE('',*,*,#3077,.T.);
#3962=ORIENTED_EDGE('',*,*,#3078,.T.);
#3963=ORIENTED_EDGE('',*,*,#3079,.F.);
#3964=ORIENTED_EDGE('',*,*,#3057,.T.);
#3965=ORIENTED_EDGE('',*,*,#3060,.F.);
#3966=ORIENTED_EDGE('',*,*,#3050,.F.);
#3967=ORIENTED_EDGE('',*,*,#3009,.F.);
#3968=ORIENTED_EDGE('',*,*,#3056,.F.);
#3969=ORIENTED_EDGE('',*,*,#3001,.T.);
#3970=ORIENTED_EDGE('',*,*,#3080,.F.);
#3971=ORIENTED_EDGE('',*,*,#3081,.F.);
#3972=ORIENTED_EDGE('',*,*,#3082,.F.);
#3973=ORIENTED_EDGE('',*,*,#3072,.T.);
#3974=ORIENTED_EDGE('',*,*,#3083,.T.);
#3975=ORIENTED_EDGE('',*,*,#3081,.T.);
#3976=ORIENTED_EDGE('',*,*,#3084,.T.);
#3977=ORIENTED_EDGE('',*,*,#3085,.T.);
#3978=ORIENTED_EDGE('',*,*,#3086,.T.);
#3979=ORIENTED_EDGE('',*,*,#3087,.T.);
#3980=ORIENTED_EDGE('',*,*,#3088,.T.);
#3981=ORIENTED_EDGE('',*,*,#3089,.T.);
#3982=ORIENTED_EDGE('',*,*,#3090,.F.);
#3983=ORIENTED_EDGE('',*,*,#3091,.T.);
#3984=ORIENTED_EDGE('',*,*,#3092,.T.);
#3985=ORIENTED_EDGE('',*,*,#3093,.T.);
#3986=ORIENTED_EDGE('',*,*,#3094,.T.);
#3987=ORIENTED_EDGE('',*,*,#3095,.T.);
#3988=ORIENTED_EDGE('',*,*,#3096,.T.);
#3989=ORIENTED_EDGE('',*,*,#3097,.T.);
#3990=ORIENTED_EDGE('',*,*,#3073,.F.);
#3991=ORIENTED_EDGE('',*,*,#3082,.T.);
#3992=ORIENTED_EDGE('',*,*,#3083,.F.);
#3993=ORIENTED_EDGE('',*,*,#3098,.F.);
#3994=ORIENTED_EDGE('',*,*,#3099,.F.);
#3995=ORIENTED_EDGE('',*,*,#3074,.F.);
#3996=ORIENTED_EDGE('',*,*,#3091,.F.);
#3997=ORIENTED_EDGE('',*,*,#3100,.T.);
#3998=ORIENTED_EDGE('',*,*,#3078,.F.);
#3999=ORIENTED_EDGE('',*,*,#3077,.F.);
#4000=ORIENTED_EDGE('',*,*,#3101,.F.);
#4001=ORIENTED_EDGE('',*,*,#3102,.F.);
#4002=ORIENTED_EDGE('',*,*,#3103,.T.);
#4003=ORIENTED_EDGE('',*,*,#2999,.T.);
#4004=ORIENTED_EDGE('',*,*,#3104,.T.);
#4005=ORIENTED_EDGE('',*,*,#3105,.F.);
#4006=ORIENTED_EDGE('',*,*,#3106,.F.);
#4007=ORIENTED_EDGE('',*,*,#3107,.T.);
#4008=ORIENTED_EDGE('',*,*,#3105,.T.);
#4009=ORIENTED_EDGE('',*,*,#3108,.T.);
#4010=ORIENTED_EDGE('',*,*,#3109,.F.);
#4011=ORIENTED_EDGE('',*,*,#3110,.T.);
#4012=ORIENTED_EDGE('',*,*,#3106,.T.);
#4013=ORIENTED_EDGE('',*,*,#3111,.T.);
#4014=ORIENTED_EDGE('',*,*,#3112,.F.);
#4015=ORIENTED_EDGE('',*,*,#3113,.T.);
#4016=ORIENTED_EDGE('',*,*,#3109,.T.);
#4017=ORIENTED_EDGE('',*,*,#3114,.T.);
#4018=ORIENTED_EDGE('',*,*,#3115,.F.);
#4019=ORIENTED_EDGE('',*,*,#3116,.T.);
#4020=ORIENTED_EDGE('',*,*,#3112,.T.);
#4021=ORIENTED_EDGE('',*,*,#3117,.T.);
#4022=ORIENTED_EDGE('',*,*,#3118,.F.);
#4023=ORIENTED_EDGE('',*,*,#3119,.T.);
#4024=ORIENTED_EDGE('',*,*,#3115,.T.);
#4025=ORIENTED_EDGE('',*,*,#3120,.T.);
#4026=ORIENTED_EDGE('',*,*,#3075,.F.);
#4027=ORIENTED_EDGE('',*,*,#3099,.T.);
#4028=ORIENTED_EDGE('',*,*,#3118,.T.);
#4029=ORIENTED_EDGE('',*,*,#3101,.T.);
#4030=ORIENTED_EDGE('',*,*,#3076,.F.);
#4031=ORIENTED_EDGE('',*,*,#3068,.F.);
#4032=ORIENTED_EDGE('',*,*,#3098,.T.);
#4033=ORIENTED_EDGE('',*,*,#3089,.F.);
#4034=ORIENTED_EDGE('',*,*,#3121,.F.);
#4035=ORIENTED_EDGE('',*,*,#3119,.F.);
#4036=ORIENTED_EDGE('',*,*,#3121,.T.);
#4037=ORIENTED_EDGE('',*,*,#3088,.F.);
#4038=ORIENTED_EDGE('',*,*,#3122,.F.);
#4039=ORIENTED_EDGE('',*,*,#3116,.F.);
#4040=ORIENTED_EDGE('',*,*,#3122,.T.);
#4041=ORIENTED_EDGE('',*,*,#3087,.F.);
#4042=ORIENTED_EDGE('',*,*,#3123,.F.);
#4043=ORIENTED_EDGE('',*,*,#3113,.F.);
#4044=ORIENTED_EDGE('',*,*,#3123,.T.);
#4045=ORIENTED_EDGE('',*,*,#3086,.F.);
#4046=ORIENTED_EDGE('',*,*,#3124,.F.);
#4047=ORIENTED_EDGE('',*,*,#3110,.F.);
#4048=ORIENTED_EDGE('',*,*,#3124,.T.);
#4049=ORIENTED_EDGE('',*,*,#3085,.F.);
#4050=ORIENTED_EDGE('',*,*,#3125,.F.);
#4051=ORIENTED_EDGE('',*,*,#3107,.F.);
#4052=ORIENTED_EDGE('',*,*,#3000,.F.);
#4053=ORIENTED_EDGE('',*,*,#3103,.F.);
#4054=ORIENTED_EDGE('',*,*,#3125,.T.);
#4055=ORIENTED_EDGE('',*,*,#3084,.F.);
#4056=ORIENTED_EDGE('',*,*,#3080,.T.);
#4057=ORIENTED_EDGE('',*,*,#3102,.T.);
#4058=ORIENTED_EDGE('',*,*,#3120,.F.);
#4059=ORIENTED_EDGE('',*,*,#3126,.F.);
#4060=ORIENTED_EDGE('',*,*,#3092,.F.);
#4061=ORIENTED_EDGE('',*,*,#3126,.T.);
#4062=ORIENTED_EDGE('',*,*,#3117,.F.);
#4063=ORIENTED_EDGE('',*,*,#3127,.F.);
#4064=ORIENTED_EDGE('',*,*,#3093,.F.);
#4065=ORIENTED_EDGE('',*,*,#3127,.T.);
#4066=ORIENTED_EDGE('',*,*,#3114,.F.);
#4067=ORIENTED_EDGE('',*,*,#3128,.F.);
#4068=ORIENTED_EDGE('',*,*,#3094,.F.);
#4069=ORIENTED_EDGE('',*,*,#3128,.T.);
#4070=ORIENTED_EDGE('',*,*,#3111,.F.);
#4071=ORIENTED_EDGE('',*,*,#3129,.F.);
#4072=ORIENTED_EDGE('',*,*,#3095,.F.);
#4073=ORIENTED_EDGE('',*,*,#3129,.T.);
#4074=ORIENTED_EDGE('',*,*,#3108,.F.);
#4075=ORIENTED_EDGE('',*,*,#3130,.F.);
#4076=ORIENTED_EDGE('',*,*,#3096,.F.);
#4077=ORIENTED_EDGE('',*,*,#2998,.F.);
#4078=ORIENTED_EDGE('',*,*,#3131,.T.);
#4079=ORIENTED_EDGE('',*,*,#3097,.F.);
#4080=ORIENTED_EDGE('',*,*,#3130,.T.);
#4081=ORIENTED_EDGE('',*,*,#3104,.F.);
#4082=ORIENTED_EDGE('',*,*,#3071,.F.);
#4083=ORIENTED_EDGE('',*,*,#2983,.T.);
#4084=ORIENTED_EDGE('',*,*,#2946,.F.);
#4085=ORIENTED_EDGE('',*,*,#2950,.F.);
#4086=ORIENTED_EDGE('',*,*,#2953,.F.);
#4087=ORIENTED_EDGE('',*,*,#3006,.F.);
#4088=ORIENTED_EDGE('',*,*,#2958,.F.);
#4089=ORIENTED_EDGE('',*,*,#2979,.F.);
#4090=ORIENTED_EDGE('',*,*,#2993,.F.);
#4091=ORIENTED_EDGE('',*,*,#2963,.T.);
#4092=ORIENTED_EDGE('',*,*,#2966,.T.);
#4093=ORIENTED_EDGE('',*,*,#2969,.T.);
#4094=ORIENTED_EDGE('',*,*,#2972,.T.);
#4095=ORIENTED_EDGE('',*,*,#3004,.T.);
#4096=ORIENTED_EDGE('',*,*,#2977,.T.);
#4097=ORIENTED_EDGE('',*,*,#2956,.T.);
#4098=ORIENTED_EDGE('',*,*,#3007,.T.);
#4099=ORIENTED_EDGE('',*,*,#2954,.T.);
#4100=ORIENTED_EDGE('',*,*,#2951,.T.);
#4101=ORIENTED_EDGE('',*,*,#2948,.T.);
#4102=ORIENTED_EDGE('',*,*,#2982,.T.);
#4103=ORIENTED_EDGE('',*,*,#2990,.T.);
#4104=ORIENTED_EDGE('',*,*,#3070,.F.);
#4105=ORIENTED_EDGE('',*,*,#2975,.F.);
#4106=ORIENTED_EDGE('',*,*,#3005,.F.);
#4107=ORIENTED_EDGE('',*,*,#2973,.F.);
#4108=ORIENTED_EDGE('',*,*,#2970,.F.);
#4109=ORIENTED_EDGE('',*,*,#2967,.F.);
#4110=ORIENTED_EDGE('',*,*,#2964,.F.);
#4111=ORIENTED_EDGE('',*,*,#2961,.F.);
#4112=ORIENTED_EDGE('',*,*,#2991,.F.);
#4113=ORIENTED_EDGE('',*,*,#2980,.F.);
#4114=ORIENTED_EDGE('',*,*,#2988,.T.);
#4115=ORIENTED_EDGE('',*,*,#2992,.F.);
#4116=ORIENTED_EDGE('',*,*,#2960,.F.);
#4117=ORIENTED_EDGE('',*,*,#3058,.F.);
#4118=ORIENTED_EDGE('',*,*,#3079,.T.);
#4119=ORIENTED_EDGE('',*,*,#3100,.F.);
#4120=ORIENTED_EDGE('',*,*,#3090,.T.);
#4121=ORIENTED_EDGE('',*,*,#3131,.F.);
#4122=ORIENTED_EDGE('',*,*,#2997,.T.);
#4123=ORIENTED_EDGE('',*,*,#3066,.F.);
#4124=ORIENTED_EDGE('',*,*,#3016,.T.);
#4125=ORIENTED_EDGE('',*,*,#3132,.F.);
#4126=ORIENTED_EDGE('',*,*,#3133,.T.);
#4127=ORIENTED_EDGE('',*,*,#3134,.F.);
#4128=ORIENTED_EDGE('',*,*,#3135,.F.);
#4129=ORIENTED_EDGE('',*,*,#3136,.F.);
#4130=ORIENTED_EDGE('',*,*,#3135,.T.);
#4131=ORIENTED_EDGE('',*,*,#3137,.F.);
#4132=ORIENTED_EDGE('',*,*,#3138,.F.);
#4133=ORIENTED_EDGE('',*,*,#3139,.F.);
#4134=ORIENTED_EDGE('',*,*,#3138,.T.);
#4135=ORIENTED_EDGE('',*,*,#3140,.F.);
#4136=ORIENTED_EDGE('',*,*,#3141,.F.);
#4137=ORIENTED_EDGE('',*,*,#3142,.F.);
#4138=ORIENTED_EDGE('',*,*,#3141,.T.);
#4139=ORIENTED_EDGE('',*,*,#3143,.F.);
#4140=ORIENTED_EDGE('',*,*,#3133,.F.);
#4141=ORIENTED_EDGE('',*,*,#3144,.F.);
#4142=ORIENTED_EDGE('',*,*,#3145,.T.);
#4143=ORIENTED_EDGE('',*,*,#3146,.F.);
#4144=ORIENTED_EDGE('',*,*,#3147,.F.);
#4145=ORIENTED_EDGE('',*,*,#3148,.F.);
#4146=ORIENTED_EDGE('',*,*,#3147,.T.);
#4147=ORIENTED_EDGE('',*,*,#3149,.F.);
#4148=ORIENTED_EDGE('',*,*,#3150,.F.);
#4149=ORIENTED_EDGE('',*,*,#3151,.F.);
#4150=ORIENTED_EDGE('',*,*,#3150,.T.);
#4151=ORIENTED_EDGE('',*,*,#3152,.F.);
#4152=ORIENTED_EDGE('',*,*,#3153,.F.);
#4153=ORIENTED_EDGE('',*,*,#3154,.F.);
#4154=ORIENTED_EDGE('',*,*,#3153,.T.);
#4155=ORIENTED_EDGE('',*,*,#3155,.F.);
#4156=ORIENTED_EDGE('',*,*,#3145,.F.);
#4157=ORIENTED_EDGE('',*,*,#3154,.T.);
#4158=ORIENTED_EDGE('',*,*,#3144,.T.);
#4159=ORIENTED_EDGE('',*,*,#3148,.T.);
#4160=ORIENTED_EDGE('',*,*,#3151,.T.);
#4161=ORIENTED_EDGE('',*,*,#3142,.T.);
#4162=ORIENTED_EDGE('',*,*,#3132,.T.);
#4163=ORIENTED_EDGE('',*,*,#3136,.T.);
#4164=ORIENTED_EDGE('',*,*,#3139,.T.);
#4165=ORIENTED_EDGE('',*,*,#3155,.T.);
#4166=ORIENTED_EDGE('',*,*,#3152,.T.);
#4167=ORIENTED_EDGE('',*,*,#3149,.T.);
#4168=ORIENTED_EDGE('',*,*,#3146,.T.);
#4169=ORIENTED_EDGE('',*,*,#3143,.T.);
#4170=ORIENTED_EDGE('',*,*,#3140,.T.);
#4171=ORIENTED_EDGE('',*,*,#3137,.T.);
#4172=ORIENTED_EDGE('',*,*,#3134,.T.);
#4173=ORIENTED_EDGE('',*,*,#3156,.F.);
#4174=ORIENTED_EDGE('',*,*,#3157,.T.);
#4175=ORIENTED_EDGE('',*,*,#3158,.F.);
#4176=ORIENTED_EDGE('',*,*,#3159,.F.);
#4177=ORIENTED_EDGE('',*,*,#3160,.F.);
#4178=ORIENTED_EDGE('',*,*,#3159,.T.);
#4179=ORIENTED_EDGE('',*,*,#3161,.F.);
#4180=ORIENTED_EDGE('',*,*,#3162,.F.);
#4181=ORIENTED_EDGE('',*,*,#3163,.F.);
#4182=ORIENTED_EDGE('',*,*,#3162,.T.);
#4183=ORIENTED_EDGE('',*,*,#3164,.F.);
#4184=ORIENTED_EDGE('',*,*,#3165,.F.);
#4185=ORIENTED_EDGE('',*,*,#3166,.F.);
#4186=ORIENTED_EDGE('',*,*,#3165,.T.);
#4187=ORIENTED_EDGE('',*,*,#3167,.F.);
#4188=ORIENTED_EDGE('',*,*,#3157,.F.);
#4189=ORIENTED_EDGE('',*,*,#3166,.T.);
#4190=ORIENTED_EDGE('',*,*,#3156,.T.);
#4191=ORIENTED_EDGE('',*,*,#3160,.T.);
#4192=ORIENTED_EDGE('',*,*,#3163,.T.);
#4193=ORIENTED_EDGE('',*,*,#3167,.T.);
#4194=ORIENTED_EDGE('',*,*,#3164,.T.);
#4195=ORIENTED_EDGE('',*,*,#3161,.T.);
#4196=ORIENTED_EDGE('',*,*,#3158,.T.);
#4197=ORIENTED_EDGE('',*,*,#3168,.F.);
#4198=ORIENTED_EDGE('',*,*,#3169,.T.);
#4199=ORIENTED_EDGE('',*,*,#3170,.F.);
#4200=ORIENTED_EDGE('',*,*,#3171,.F.);
#4201=ORIENTED_EDGE('',*,*,#3172,.F.);
#4202=ORIENTED_EDGE('',*,*,#3171,.T.);
#4203=ORIENTED_EDGE('',*,*,#3173,.F.);
#4204=ORIENTED_EDGE('',*,*,#3174,.F.);
#4205=ORIENTED_EDGE('',*,*,#3175,.F.);
#4206=ORIENTED_EDGE('',*,*,#3174,.T.);
#4207=ORIENTED_EDGE('',*,*,#3176,.F.);
#4208=ORIENTED_EDGE('',*,*,#3177,.F.);
#4209=ORIENTED_EDGE('',*,*,#3178,.F.);
#4210=ORIENTED_EDGE('',*,*,#3177,.T.);
#4211=ORIENTED_EDGE('',*,*,#3179,.F.);
#4212=ORIENTED_EDGE('',*,*,#3169,.F.);
#4213=ORIENTED_EDGE('',*,*,#3178,.T.);
#4214=ORIENTED_EDGE('',*,*,#3168,.T.);
#4215=ORIENTED_EDGE('',*,*,#3172,.T.);
#4216=ORIENTED_EDGE('',*,*,#3175,.T.);
#4217=ORIENTED_EDGE('',*,*,#3179,.T.);
#4218=ORIENTED_EDGE('',*,*,#3176,.T.);
#4219=ORIENTED_EDGE('',*,*,#3173,.T.);
#4220=ORIENTED_EDGE('',*,*,#3170,.T.);
#4221=ORIENTED_EDGE('',*,*,#3180,.T.);
#4222=ORIENTED_EDGE('',*,*,#3181,.T.);
#4223=ORIENTED_EDGE('',*,*,#3182,.T.);
#4224=ORIENTED_EDGE('',*,*,#3183,.T.);
#4225=ORIENTED_EDGE('',*,*,#3181,.F.);
#4226=ORIENTED_EDGE('',*,*,#3184,.F.);
#4227=ORIENTED_EDGE('',*,*,#3185,.F.);
#4228=ORIENTED_EDGE('',*,*,#3186,.T.);
#4229=ORIENTED_EDGE('',*,*,#3180,.F.);
#4230=ORIENTED_EDGE('',*,*,#3187,.T.);
#4231=ORIENTED_EDGE('',*,*,#3188,.F.);
#4232=ORIENTED_EDGE('',*,*,#3189,.T.);
#4233=ORIENTED_EDGE('',*,*,#3190,.F.);
#4234=ORIENTED_EDGE('',*,*,#3191,.T.);
#4235=ORIENTED_EDGE('',*,*,#3192,.F.);
#4236=ORIENTED_EDGE('',*,*,#3184,.T.);
#4237=ORIENTED_EDGE('',*,*,#3193,.T.);
#4238=ORIENTED_EDGE('',*,*,#3192,.T.);
#4239=ORIENTED_EDGE('',*,*,#3194,.T.);
#4240=ORIENTED_EDGE('',*,*,#3195,.T.);
#4241=ORIENTED_EDGE('',*,*,#3185,.T.);
#4242=ORIENTED_EDGE('',*,*,#3194,.F.);
#4243=ORIENTED_EDGE('',*,*,#3191,.F.);
#4244=ORIENTED_EDGE('',*,*,#3196,.F.);
#4245=ORIENTED_EDGE('',*,*,#3197,.T.);
#4246=ORIENTED_EDGE('',*,*,#3190,.T.);
#4247=ORIENTED_EDGE('',*,*,#3198,.T.);
#4248=ORIENTED_EDGE('',*,*,#3199,.T.);
#4249=ORIENTED_EDGE('',*,*,#3196,.T.);
#4250=ORIENTED_EDGE('',*,*,#3198,.F.);
#4251=ORIENTED_EDGE('',*,*,#3189,.F.);
#4252=ORIENTED_EDGE('',*,*,#3200,.F.);
#4253=ORIENTED_EDGE('',*,*,#3201,.T.);
#4254=ORIENTED_EDGE('',*,*,#3188,.T.);
#4255=ORIENTED_EDGE('',*,*,#3202,.T.);
#4256=ORIENTED_EDGE('',*,*,#3203,.T.);
#4257=ORIENTED_EDGE('',*,*,#3200,.T.);
#4258=ORIENTED_EDGE('',*,*,#3193,.F.);
#4259=ORIENTED_EDGE('',*,*,#3204,.T.);
#4260=ORIENTED_EDGE('',*,*,#3205,.T.);
#4261=ORIENTED_EDGE('',*,*,#3204,.F.);
#4262=ORIENTED_EDGE('',*,*,#3183,.F.);
#4263=ORIENTED_EDGE('',*,*,#3206,.T.);
#4264=ORIENTED_EDGE('',*,*,#3202,.F.);
#4265=ORIENTED_EDGE('',*,*,#3187,.F.);
#4266=ORIENTED_EDGE('',*,*,#3182,.F.);
#4267=ORIENTED_EDGE('',*,*,#3186,.F.);
#4268=ORIENTED_EDGE('',*,*,#3195,.F.);
#4269=ORIENTED_EDGE('',*,*,#3197,.F.);
#4270=ORIENTED_EDGE('',*,*,#3199,.F.);
#4271=ORIENTED_EDGE('',*,*,#3201,.F.);
#4272=ORIENTED_EDGE('',*,*,#3203,.F.);
#4273=ORIENTED_EDGE('',*,*,#3206,.F.);
#4274=ORIENTED_EDGE('',*,*,#3205,.F.);
#4275=ORIENTED_EDGE('',*,*,#3207,.T.);
#4276=ORIENTED_EDGE('',*,*,#3208,.T.);
#4277=ORIENTED_EDGE('',*,*,#3209,.T.);
#4278=ORIENTED_EDGE('',*,*,#3210,.T.);
#4279=ORIENTED_EDGE('',*,*,#3210,.F.);
#4280=ORIENTED_EDGE('',*,*,#3211,.F.);
#4281=ORIENTED_EDGE('',*,*,#3212,.F.);
#4282=ORIENTED_EDGE('',*,*,#3213,.F.);
#4283=ORIENTED_EDGE('',*,*,#3209,.F.);
#4284=ORIENTED_EDGE('',*,*,#3214,.T.);
#4285=ORIENTED_EDGE('',*,*,#3215,.F.);
#4286=ORIENTED_EDGE('',*,*,#3216,.T.);
#4287=ORIENTED_EDGE('',*,*,#3217,.F.);
#4288=ORIENTED_EDGE('',*,*,#3218,.T.);
#4289=ORIENTED_EDGE('',*,*,#3219,.F.);
#4290=ORIENTED_EDGE('',*,*,#3211,.T.);
#4291=ORIENTED_EDGE('',*,*,#3220,.T.);
#4292=ORIENTED_EDGE('',*,*,#3221,.T.);
#4293=ORIENTED_EDGE('',*,*,#3222,.T.);
#4294=ORIENTED_EDGE('',*,*,#3223,.T.);
#4295=ORIENTED_EDGE('',*,*,#3224,.T.);
#4296=ORIENTED_EDGE('',*,*,#3225,.T.);
#4297=ORIENTED_EDGE('',*,*,#3215,.T.);
#4298=ORIENTED_EDGE('',*,*,#3226,.T.);
#4299=ORIENTED_EDGE('',*,*,#3225,.F.);
#4300=ORIENTED_EDGE('',*,*,#3227,.F.);
#4301=ORIENTED_EDGE('',*,*,#3228,.F.);
#4302=ORIENTED_EDGE('',*,*,#3216,.F.);
#4303=ORIENTED_EDGE('',*,*,#3229,.T.);
#4304=ORIENTED_EDGE('',*,*,#3230,.T.);
#4305=ORIENTED_EDGE('',*,*,#3217,.T.);
#4306=ORIENTED_EDGE('',*,*,#3228,.T.);
#4307=ORIENTED_EDGE('',*,*,#3231,.T.);
#4308=ORIENTED_EDGE('',*,*,#3212,.T.);
#4309=ORIENTED_EDGE('',*,*,#3219,.T.);
#4310=ORIENTED_EDGE('',*,*,#3232,.T.);
#4311=ORIENTED_EDGE('',*,*,#3221,.F.);
#4312=ORIENTED_EDGE('',*,*,#3233,.T.);
#4313=ORIENTED_EDGE('',*,*,#3234,.F.);
#4314=ORIENTED_EDGE('',*,*,#3235,.F.);
#4315=ORIENTED_EDGE('',*,*,#3222,.F.);
#4316=ORIENTED_EDGE('',*,*,#3235,.T.);
#4317=ORIENTED_EDGE('',*,*,#3236,.F.);
#4318=ORIENTED_EDGE('',*,*,#3237,.F.);
#4319=ORIENTED_EDGE('',*,*,#3223,.F.);
#4320=ORIENTED_EDGE('',*,*,#3237,.T.);
#4321=ORIENTED_EDGE('',*,*,#3238,.F.);
#4322=ORIENTED_EDGE('',*,*,#3239,.F.);
#4323=ORIENTED_EDGE('',*,*,#3220,.F.);
#4324=ORIENTED_EDGE('',*,*,#3239,.T.);
#4325=ORIENTED_EDGE('',*,*,#3240,.F.);
#4326=ORIENTED_EDGE('',*,*,#3233,.F.);
#4327=ORIENTED_EDGE('',*,*,#3208,.F.);
#4328=ORIENTED_EDGE('',*,*,#3241,.F.);
#4329=ORIENTED_EDGE('',*,*,#3226,.F.);
#4330=ORIENTED_EDGE('',*,*,#3214,.F.);
#4331=ORIENTED_EDGE('',*,*,#3230,.F.);
#4332=ORIENTED_EDGE('',*,*,#3242,.F.);
#4333=ORIENTED_EDGE('',*,*,#3232,.F.);
#4334=ORIENTED_EDGE('',*,*,#3218,.F.);
#4335=ORIENTED_EDGE('',*,*,#3207,.F.);
#4336=ORIENTED_EDGE('',*,*,#3213,.T.);
#4337=ORIENTED_EDGE('',*,*,#3231,.F.);
#4338=ORIENTED_EDGE('',*,*,#3242,.T.);
#4339=ORIENTED_EDGE('',*,*,#3229,.F.);
#4340=ORIENTED_EDGE('',*,*,#3227,.T.);
#4341=ORIENTED_EDGE('',*,*,#3224,.F.);
#4342=ORIENTED_EDGE('',*,*,#3241,.T.);
#4343=ORIENTED_EDGE('',*,*,#3240,.T.);
#4344=ORIENTED_EDGE('',*,*,#3238,.T.);
#4345=ORIENTED_EDGE('',*,*,#3236,.T.);
#4346=ORIENTED_EDGE('',*,*,#3234,.T.);
#4347=ORIENTED_EDGE('',*,*,#3243,.T.);
#4348=ORIENTED_EDGE('',*,*,#3244,.T.);
#4349=ORIENTED_EDGE('',*,*,#3245,.T.);
#4350=ORIENTED_EDGE('',*,*,#3246,.T.);
#4351=ORIENTED_EDGE('',*,*,#3247,.T.);
#4352=ORIENTED_EDGE('',*,*,#3248,.T.);
#4353=ORIENTED_EDGE('',*,*,#3249,.T.);
#4354=ORIENTED_EDGE('',*,*,#3246,.F.);
#4355=ORIENTED_EDGE('',*,*,#3250,.T.);
#4356=ORIENTED_EDGE('',*,*,#3251,.F.);
#4357=ORIENTED_EDGE('',*,*,#3252,.T.);
#4358=ORIENTED_EDGE('',*,*,#3248,.F.);
#4359=ORIENTED_EDGE('',*,*,#3253,.T.);
#4360=ORIENTED_EDGE('',*,*,#3251,.T.);
#4361=ORIENTED_EDGE('',*,*,#3254,.T.);
#4362=ORIENTED_EDGE('',*,*,#3244,.F.);
#4363=ORIENTED_EDGE('',*,*,#3247,.F.);
#4364=ORIENTED_EDGE('',*,*,#3255,.T.);
#4365=ORIENTED_EDGE('',*,*,#3256,.T.);
#4366=ORIENTED_EDGE('',*,*,#3257,.F.);
#4367=ORIENTED_EDGE('',*,*,#3245,.F.);
#4368=ORIENTED_EDGE('',*,*,#3258,.T.);
#4369=ORIENTED_EDGE('',*,*,#3259,.T.);
#4370=ORIENTED_EDGE('',*,*,#3255,.F.);
#4371=ORIENTED_EDGE('',*,*,#3253,.F.);
#4372=ORIENTED_EDGE('',*,*,#3260,.T.);
#4373=ORIENTED_EDGE('',*,*,#3261,.F.);
#4374=ORIENTED_EDGE('',*,*,#3262,.T.);
#4375=ORIENTED_EDGE('',*,*,#3263,.F.);
#4376=ORIENTED_EDGE('',*,*,#3264,.F.);
#4377=ORIENTED_EDGE('',*,*,#3243,.F.);
#4378=ORIENTED_EDGE('',*,*,#3265,.F.);
#4379=ORIENTED_EDGE('',*,*,#3266,.F.);
#4380=ORIENTED_EDGE('',*,*,#3267,.T.);
#4381=ORIENTED_EDGE('',*,*,#3268,.T.);
#4382=ORIENTED_EDGE('',*,*,#3269,.T.);
#4383=ORIENTED_EDGE('',*,*,#3270,.F.);
#4384=ORIENTED_EDGE('',*,*,#3260,.F.);
#4385=ORIENTED_EDGE('',*,*,#3261,.T.);
#4386=ORIENTED_EDGE('',*,*,#3270,.T.);
#4387=ORIENTED_EDGE('',*,*,#3271,.T.);
#4388=ORIENTED_EDGE('',*,*,#3272,.T.);
#4389=ORIENTED_EDGE('',*,*,#3272,.F.);
#4390=ORIENTED_EDGE('',*,*,#3273,.T.);
#4391=ORIENTED_EDGE('',*,*,#3274,.F.);
#4392=ORIENTED_EDGE('',*,*,#3262,.F.);
#4393=ORIENTED_EDGE('',*,*,#3271,.F.);
#4394=ORIENTED_EDGE('',*,*,#3269,.F.);
#4395=ORIENTED_EDGE('',*,*,#3275,.T.);
#4396=ORIENTED_EDGE('',*,*,#3276,.F.);
#4397=ORIENTED_EDGE('',*,*,#3277,.F.);
#4398=ORIENTED_EDGE('',*,*,#3273,.F.);
#4399=ORIENTED_EDGE('',*,*,#3278,.T.);
#4400=ORIENTED_EDGE('',*,*,#3279,.T.);
#4401=ORIENTED_EDGE('',*,*,#3280,.T.);
#4402=ORIENTED_EDGE('',*,*,#3266,.T.);
#4403=ORIENTED_EDGE('',*,*,#3279,.F.);
#4404=ORIENTED_EDGE('',*,*,#3281,.T.);
#4405=ORIENTED_EDGE('',*,*,#3282,.F.);
#4406=ORIENTED_EDGE('',*,*,#3283,.F.);
#4407=ORIENTED_EDGE('',*,*,#3249,.F.);
#4408=ORIENTED_EDGE('',*,*,#3284,.F.);
#4409=ORIENTED_EDGE('',*,*,#3285,.F.);
#4410=ORIENTED_EDGE('',*,*,#3281,.F.);
#4411=ORIENTED_EDGE('',*,*,#3278,.F.);
#4412=ORIENTED_EDGE('',*,*,#3265,.T.);
#4413=ORIENTED_EDGE('',*,*,#3286,.T.);
#4414=ORIENTED_EDGE('',*,*,#3285,.T.);
#4415=ORIENTED_EDGE('',*,*,#3287,.T.);
#4416=ORIENTED_EDGE('',*,*,#3288,.T.);
#4417=ORIENTED_EDGE('',*,*,#3282,.T.);
#4418=ORIENTED_EDGE('',*,*,#3280,.F.);
#4419=ORIENTED_EDGE('',*,*,#3283,.T.);
#4420=ORIENTED_EDGE('',*,*,#3288,.F.);
#4421=ORIENTED_EDGE('',*,*,#3289,.F.);
#4422=ORIENTED_EDGE('',*,*,#3290,.F.);
#4423=ORIENTED_EDGE('',*,*,#3267,.F.);
#4424=ORIENTED_EDGE('',*,*,#3291,.T.);
#4425=ORIENTED_EDGE('',*,*,#3252,.F.);
#4426=ORIENTED_EDGE('',*,*,#3264,.T.);
#4427=ORIENTED_EDGE('',*,*,#3292,.F.);
#4428=ORIENTED_EDGE('',*,*,#3276,.T.);
#4429=ORIENTED_EDGE('',*,*,#3293,.T.);
#4430=ORIENTED_EDGE('',*,*,#3289,.T.);
#4431=ORIENTED_EDGE('',*,*,#3287,.F.);
#4432=ORIENTED_EDGE('',*,*,#3284,.T.);
#4433=ORIENTED_EDGE('',*,*,#3263,.T.);
#4434=ORIENTED_EDGE('',*,*,#3274,.T.);
#4435=ORIENTED_EDGE('',*,*,#3277,.T.);
#4436=ORIENTED_EDGE('',*,*,#3292,.T.);
#4437=ORIENTED_EDGE('',*,*,#3286,.F.);
#4438=ORIENTED_EDGE('',*,*,#3294,.T.);
#4439=ORIENTED_EDGE('',*,*,#3291,.F.);
#4440=ORIENTED_EDGE('',*,*,#3294,.F.);
#4441=ORIENTED_EDGE('',*,*,#3250,.F.);
#4442=ORIENTED_EDGE('',*,*,#3257,.T.);
#4443=ORIENTED_EDGE('',*,*,#3295,.T.);
#4444=ORIENTED_EDGE('',*,*,#3296,.F.);
#4445=ORIENTED_EDGE('',*,*,#3254,.F.);
#4446=ORIENTED_EDGE('',*,*,#3296,.T.);
#4447=ORIENTED_EDGE('',*,*,#3297,.T.);
#4448=ORIENTED_EDGE('',*,*,#3258,.F.);
#4449=ORIENTED_EDGE('',*,*,#3256,.F.);
#4450=ORIENTED_EDGE('',*,*,#3259,.F.);
#4451=ORIENTED_EDGE('',*,*,#3297,.F.);
#4452=ORIENTED_EDGE('',*,*,#3295,.F.);
#4453=ORIENTED_EDGE('',*,*,#3268,.F.);
#4454=ORIENTED_EDGE('',*,*,#3290,.T.);
#4455=ORIENTED_EDGE('',*,*,#3293,.F.);
#4456=ORIENTED_EDGE('',*,*,#3275,.F.);
#4457=ORIENTED_EDGE('',*,*,#3298,.F.);
#4458=ORIENTED_EDGE('',*,*,#3299,.T.);
#4459=ORIENTED_EDGE('',*,*,#3300,.F.);
#4460=ORIENTED_EDGE('',*,*,#3301,.F.);
#4461=ORIENTED_EDGE('',*,*,#3302,.F.);
#4462=ORIENTED_EDGE('',*,*,#3301,.T.);
#4463=ORIENTED_EDGE('',*,*,#3303,.F.);
#4464=ORIENTED_EDGE('',*,*,#3304,.F.);
#4465=ORIENTED_EDGE('',*,*,#3305,.F.);
#4466=ORIENTED_EDGE('',*,*,#3304,.T.);
#4467=ORIENTED_EDGE('',*,*,#3306,.F.);
#4468=ORIENTED_EDGE('',*,*,#3307,.F.);
#4469=ORIENTED_EDGE('',*,*,#3308,.F.);
#4470=ORIENTED_EDGE('',*,*,#3307,.T.);
#4471=ORIENTED_EDGE('',*,*,#3309,.F.);
#4472=ORIENTED_EDGE('',*,*,#3299,.F.);
#4473=ORIENTED_EDGE('',*,*,#3309,.T.);
#4474=ORIENTED_EDGE('',*,*,#3306,.T.);
#4475=ORIENTED_EDGE('',*,*,#3303,.T.);
#4476=ORIENTED_EDGE('',*,*,#3300,.T.);
#4477=ORIENTED_EDGE('',*,*,#3308,.T.);
#4478=ORIENTED_EDGE('',*,*,#3298,.T.);
#4479=ORIENTED_EDGE('',*,*,#3302,.T.);
#4480=ORIENTED_EDGE('',*,*,#3305,.T.);
#4481=ORIENTED_EDGE('',*,*,#3310,.F.);
#4482=ORIENTED_EDGE('',*,*,#3311,.F.);
#4483=ORIENTED_EDGE('',*,*,#3312,.F.);
#4484=ORIENTED_EDGE('',*,*,#3313,.F.);
#4485=ORIENTED_EDGE('',*,*,#3314,.F.);
#4486=ORIENTED_EDGE('',*,*,#3311,.T.);
#4487=ORIENTED_EDGE('',*,*,#3315,.F.);
#4488=ORIENTED_EDGE('',*,*,#3316,.F.);
#4489=ORIENTED_EDGE('',*,*,#3317,.F.);
#4490=ORIENTED_EDGE('',*,*,#3316,.T.);
#4491=ORIENTED_EDGE('',*,*,#3318,.F.);
#4492=ORIENTED_EDGE('',*,*,#3319,.T.);
#4493=ORIENTED_EDGE('',*,*,#3320,.F.);
#4494=ORIENTED_EDGE('',*,*,#3313,.T.);
#4495=ORIENTED_EDGE('',*,*,#3321,.F.);
#4496=ORIENTED_EDGE('',*,*,#3319,.F.);
#4497=ORIENTED_EDGE('',*,*,#3314,.T.);
#4498=ORIENTED_EDGE('',*,*,#3322,.T.);
#4499=ORIENTED_EDGE('',*,*,#3323,.F.);
#4500=ORIENTED_EDGE('',*,*,#3324,.F.);
#4501=ORIENTED_EDGE('',*,*,#3312,.T.);
#4502=ORIENTED_EDGE('',*,*,#3324,.T.);
#4503=ORIENTED_EDGE('',*,*,#3325,.F.);
#4504=ORIENTED_EDGE('',*,*,#3326,.F.);
#4505=ORIENTED_EDGE('',*,*,#3320,.T.);
#4506=ORIENTED_EDGE('',*,*,#3327,.T.);
#4507=ORIENTED_EDGE('',*,*,#3328,.T.);
#4508=ORIENTED_EDGE('',*,*,#3329,.F.);
#4509=ORIENTED_EDGE('',*,*,#3330,.T.);
#4510=ORIENTED_EDGE('',*,*,#3331,.F.);
#4511=ORIENTED_EDGE('',*,*,#3310,.T.);
#4512=ORIENTED_EDGE('',*,*,#3331,.T.);
#4513=ORIENTED_EDGE('',*,*,#3332,.T.);
#4514=ORIENTED_EDGE('',*,*,#3333,.F.);
#4515=ORIENTED_EDGE('',*,*,#3334,.F.);
#4516=ORIENTED_EDGE('',*,*,#3335,.F.);
#4517=ORIENTED_EDGE('',*,*,#3336,.T.);
#4518=ORIENTED_EDGE('',*,*,#3337,.T.);
#4519=ORIENTED_EDGE('',*,*,#3330,.F.);
#4520=ORIENTED_EDGE('',*,*,#3338,.F.);
#4521=ORIENTED_EDGE('',*,*,#3339,.F.);
#4522=ORIENTED_EDGE('',*,*,#3332,.F.);
#4523=ORIENTED_EDGE('',*,*,#3338,.T.);
#4524=ORIENTED_EDGE('',*,*,#3329,.T.);
#4525=ORIENTED_EDGE('',*,*,#3340,.T.);
#4526=ORIENTED_EDGE('',*,*,#3341,.F.);
#4527=ORIENTED_EDGE('',*,*,#3339,.T.);
#4528=ORIENTED_EDGE('',*,*,#3341,.T.);
#4529=ORIENTED_EDGE('',*,*,#3342,.T.);
#4530=ORIENTED_EDGE('',*,*,#3343,.T.);
#4531=ORIENTED_EDGE('',*,*,#3344,.F.);
#4532=ORIENTED_EDGE('',*,*,#3333,.T.);
#4533=ORIENTED_EDGE('',*,*,#3345,.F.);
#4534=ORIENTED_EDGE('',*,*,#3336,.F.);
#4535=ORIENTED_EDGE('',*,*,#3346,.F.);
#4536=ORIENTED_EDGE('',*,*,#3347,.F.);
#4537=ORIENTED_EDGE('',*,*,#3347,.T.);
#4538=ORIENTED_EDGE('',*,*,#3348,.T.);
#4539=ORIENTED_EDGE('',*,*,#3349,.T.);
#4540=ORIENTED_EDGE('',*,*,#3350,.F.);
#4541=ORIENTED_EDGE('',*,*,#3315,.T.);
#4542=ORIENTED_EDGE('',*,*,#3337,.F.);
#4543=ORIENTED_EDGE('',*,*,#3345,.T.);
#4544=ORIENTED_EDGE('',*,*,#3350,.T.);
#4545=ORIENTED_EDGE('',*,*,#3351,.T.);
#4546=ORIENTED_EDGE('',*,*,#3352,.T.);
#4547=ORIENTED_EDGE('',*,*,#3353,.F.);
#4548=ORIENTED_EDGE('',*,*,#3351,.F.);
#4549=ORIENTED_EDGE('',*,*,#3349,.F.);
#4550=ORIENTED_EDGE('',*,*,#3354,.F.);
#4551=ORIENTED_EDGE('',*,*,#3355,.F.);
#4552=ORIENTED_EDGE('',*,*,#3346,.T.);
#4553=ORIENTED_EDGE('',*,*,#3335,.T.);
#4554=ORIENTED_EDGE('',*,*,#3356,.T.);
#4555=ORIENTED_EDGE('',*,*,#3357,.T.);
#4556=ORIENTED_EDGE('',*,*,#3354,.T.);
#4557=ORIENTED_EDGE('',*,*,#3348,.F.);
#4558=ORIENTED_EDGE('',*,*,#3358,.F.);
#4559=ORIENTED_EDGE('',*,*,#3318,.T.);
#4560=ORIENTED_EDGE('',*,*,#3352,.F.);
#4561=ORIENTED_EDGE('',*,*,#3355,.T.);
#4562=ORIENTED_EDGE('',*,*,#3357,.F.);
#4563=ORIENTED_EDGE('',*,*,#3359,.F.);
#4564=ORIENTED_EDGE('',*,*,#3343,.F.);
#4565=ORIENTED_EDGE('',*,*,#3360,.T.);
#4566=ORIENTED_EDGE('',*,*,#3327,.F.);
#4567=ORIENTED_EDGE('',*,*,#3328,.F.);
#4568=ORIENTED_EDGE('',*,*,#3360,.F.);
#4569=ORIENTED_EDGE('',*,*,#3342,.F.);
#4570=ORIENTED_EDGE('',*,*,#3340,.F.);
#4571=ORIENTED_EDGE('',*,*,#3353,.T.);
#4572=ORIENTED_EDGE('',*,*,#3361,.T.);
#4573=ORIENTED_EDGE('',*,*,#3358,.T.);
#4574=ORIENTED_EDGE('',*,*,#3361,.F.);
#4575=ORIENTED_EDGE('',*,*,#3317,.T.);
#4576=ORIENTED_EDGE('',*,*,#3362,.T.);
#4577=ORIENTED_EDGE('',*,*,#3363,.F.);
#4578=ORIENTED_EDGE('',*,*,#3322,.F.);
#4579=ORIENTED_EDGE('',*,*,#3321,.T.);
#4580=ORIENTED_EDGE('',*,*,#3326,.T.);
#4581=ORIENTED_EDGE('',*,*,#3364,.F.);
#4582=ORIENTED_EDGE('',*,*,#3362,.F.);
#4583=ORIENTED_EDGE('',*,*,#3323,.T.);
#4584=ORIENTED_EDGE('',*,*,#3363,.T.);
#4585=ORIENTED_EDGE('',*,*,#3364,.T.);
#4586=ORIENTED_EDGE('',*,*,#3325,.T.);
#4587=ORIENTED_EDGE('',*,*,#3334,.T.);
#4588=ORIENTED_EDGE('',*,*,#3344,.T.);
#4589=ORIENTED_EDGE('',*,*,#3359,.T.);
#4590=ORIENTED_EDGE('',*,*,#3356,.F.);
#4591=ORIENTED_EDGE('',*,*,#3365,.T.);
#4592=ORIENTED_EDGE('',*,*,#3366,.T.);
#4593=ORIENTED_EDGE('',*,*,#3367,.T.);
#4594=ORIENTED_EDGE('',*,*,#3368,.F.);
#4595=ORIENTED_EDGE('',*,*,#3369,.T.);
#4596=ORIENTED_EDGE('',*,*,#3370,.T.);
#4597=ORIENTED_EDGE('',*,*,#3371,.T.);
#4598=ORIENTED_EDGE('',*,*,#3366,.F.);
#4599=ORIENTED_EDGE('',*,*,#3372,.T.);
#4600=ORIENTED_EDGE('',*,*,#3373,.T.);
#4601=ORIENTED_EDGE('',*,*,#3374,.T.);
#4602=ORIENTED_EDGE('',*,*,#3370,.F.);
#4603=ORIENTED_EDGE('',*,*,#3375,.T.);
#4604=ORIENTED_EDGE('',*,*,#3368,.T.);
#4605=ORIENTED_EDGE('',*,*,#3376,.T.);
#4606=ORIENTED_EDGE('',*,*,#3373,.F.);
#4607=ORIENTED_EDGE('',*,*,#3376,.F.);
#4608=ORIENTED_EDGE('',*,*,#3367,.F.);
#4609=ORIENTED_EDGE('',*,*,#3371,.F.);
#4610=ORIENTED_EDGE('',*,*,#3374,.F.);
#4611=ORIENTED_EDGE('',*,*,#3375,.F.);
#4612=ORIENTED_EDGE('',*,*,#3372,.F.);
#4613=ORIENTED_EDGE('',*,*,#3369,.F.);
#4614=ORIENTED_EDGE('',*,*,#3365,.F.);
#4615=ORIENTED_EDGE('',*,*,#3377,.F.);
#4616=ORIENTED_EDGE('',*,*,#3378,.F.);
#4617=ORIENTED_EDGE('',*,*,#3379,.F.);
#4618=ORIENTED_EDGE('',*,*,#3380,.F.);
#4619=ORIENTED_EDGE('',*,*,#3381,.F.);
#4620=ORIENTED_EDGE('',*,*,#3378,.T.);
#4621=ORIENTED_EDGE('',*,*,#3382,.F.);
#4622=ORIENTED_EDGE('',*,*,#3383,.F.);
#4623=ORIENTED_EDGE('',*,*,#3384,.F.);
#4624=ORIENTED_EDGE('',*,*,#3383,.T.);
#4625=ORIENTED_EDGE('',*,*,#3385,.F.);
#4626=ORIENTED_EDGE('',*,*,#3386,.T.);
#4627=ORIENTED_EDGE('',*,*,#3387,.F.);
#4628=ORIENTED_EDGE('',*,*,#3380,.T.);
#4629=ORIENTED_EDGE('',*,*,#3388,.F.);
#4630=ORIENTED_EDGE('',*,*,#3386,.F.);
#4631=ORIENTED_EDGE('',*,*,#3381,.T.);
#4632=ORIENTED_EDGE('',*,*,#3389,.T.);
#4633=ORIENTED_EDGE('',*,*,#3390,.F.);
#4634=ORIENTED_EDGE('',*,*,#3391,.F.);
#4635=ORIENTED_EDGE('',*,*,#3379,.T.);
#4636=ORIENTED_EDGE('',*,*,#3391,.T.);
#4637=ORIENTED_EDGE('',*,*,#3392,.F.);
#4638=ORIENTED_EDGE('',*,*,#3393,.F.);
#4639=ORIENTED_EDGE('',*,*,#3387,.T.);
#4640=ORIENTED_EDGE('',*,*,#3394,.T.);
#4641=ORIENTED_EDGE('',*,*,#3395,.T.);
#4642=ORIENTED_EDGE('',*,*,#3396,.F.);
#4643=ORIENTED_EDGE('',*,*,#3397,.T.);
#4644=ORIENTED_EDGE('',*,*,#3398,.F.);
#4645=ORIENTED_EDGE('',*,*,#3377,.T.);
#4646=ORIENTED_EDGE('',*,*,#3398,.T.);
#4647=ORIENTED_EDGE('',*,*,#3399,.T.);
#4648=ORIENTED_EDGE('',*,*,#3400,.F.);
#4649=ORIENTED_EDGE('',*,*,#3401,.F.);
#4650=ORIENTED_EDGE('',*,*,#3402,.F.);
#4651=ORIENTED_EDGE('',*,*,#3403,.T.);
#4652=ORIENTED_EDGE('',*,*,#3404,.T.);
#4653=ORIENTED_EDGE('',*,*,#3397,.F.);
#4654=ORIENTED_EDGE('',*,*,#3405,.F.);
#4655=ORIENTED_EDGE('',*,*,#3406,.F.);
#4656=ORIENTED_EDGE('',*,*,#3399,.F.);
#4657=ORIENTED_EDGE('',*,*,#3405,.T.);
#4658=ORIENTED_EDGE('',*,*,#3396,.T.);
#4659=ORIENTED_EDGE('',*,*,#3407,.T.);
#4660=ORIENTED_EDGE('',*,*,#3408,.F.);
#4661=ORIENTED_EDGE('',*,*,#3406,.T.);
#4662=ORIENTED_EDGE('',*,*,#3408,.T.);
#4663=ORIENTED_EDGE('',*,*,#3409,.T.);
#4664=ORIENTED_EDGE('',*,*,#3410,.T.);
#4665=ORIENTED_EDGE('',*,*,#3411,.F.);
#4666=ORIENTED_EDGE('',*,*,#3400,.T.);
#4667=ORIENTED_EDGE('',*,*,#3412,.F.);
#4668=ORIENTED_EDGE('',*,*,#3403,.F.);
#4669=ORIENTED_EDGE('',*,*,#3413,.F.);
#4670=ORIENTED_EDGE('',*,*,#3414,.F.);
#4671=ORIENTED_EDGE('',*,*,#3414,.T.);
#4672=ORIENTED_EDGE('',*,*,#3415,.T.);
#4673=ORIENTED_EDGE('',*,*,#3416,.T.);
#4674=ORIENTED_EDGE('',*,*,#3417,.F.);
#4675=ORIENTED_EDGE('',*,*,#3382,.T.);
#4676=ORIENTED_EDGE('',*,*,#3404,.F.);
#4677=ORIENTED_EDGE('',*,*,#3412,.T.);
#4678=ORIENTED_EDGE('',*,*,#3417,.T.);
#4679=ORIENTED_EDGE('',*,*,#3418,.T.);
#4680=ORIENTED_EDGE('',*,*,#3419,.T.);
#4681=ORIENTED_EDGE('',*,*,#3420,.F.);
#4682=ORIENTED_EDGE('',*,*,#3418,.F.);
#4683=ORIENTED_EDGE('',*,*,#3416,.F.);
#4684=ORIENTED_EDGE('',*,*,#3421,.F.);
#4685=ORIENTED_EDGE('',*,*,#3422,.F.);
#4686=ORIENTED_EDGE('',*,*,#3413,.T.);
#4687=ORIENTED_EDGE('',*,*,#3402,.T.);
#4688=ORIENTED_EDGE('',*,*,#3423,.T.);
#4689=ORIENTED_EDGE('',*,*,#3424,.T.);
#4690=ORIENTED_EDGE('',*,*,#3421,.T.);
#4691=ORIENTED_EDGE('',*,*,#3415,.F.);
#4692=ORIENTED_EDGE('',*,*,#3425,.F.);
#4693=ORIENTED_EDGE('',*,*,#3385,.T.);
#4694=ORIENTED_EDGE('',*,*,#3419,.F.);
#4695=ORIENTED_EDGE('',*,*,#3422,.T.);
#4696=ORIENTED_EDGE('',*,*,#3424,.F.);
#4697=ORIENTED_EDGE('',*,*,#3426,.F.);
#4698=ORIENTED_EDGE('',*,*,#3410,.F.);
#4699=ORIENTED_EDGE('',*,*,#3427,.T.);
#4700=ORIENTED_EDGE('',*,*,#3394,.F.);
#4701=ORIENTED_EDGE('',*,*,#3395,.F.);
#4702=ORIENTED_EDGE('',*,*,#3427,.F.);
#4703=ORIENTED_EDGE('',*,*,#3409,.F.);
#4704=ORIENTED_EDGE('',*,*,#3407,.F.);
#4705=ORIENTED_EDGE('',*,*,#3420,.T.);
#4706=ORIENTED_EDGE('',*,*,#3428,.T.);
#4707=ORIENTED_EDGE('',*,*,#3425,.T.);
#4708=ORIENTED_EDGE('',*,*,#3428,.F.);
#4709=ORIENTED_EDGE('',*,*,#3384,.T.);
#4710=ORIENTED_EDGE('',*,*,#3429,.T.);
#4711=ORIENTED_EDGE('',*,*,#3430,.F.);
#4712=ORIENTED_EDGE('',*,*,#3389,.F.);
#4713=ORIENTED_EDGE('',*,*,#3388,.T.);
#4714=ORIENTED_EDGE('',*,*,#3393,.T.);
#4715=ORIENTED_EDGE('',*,*,#3431,.F.);
#4716=ORIENTED_EDGE('',*,*,#3429,.F.);
#4717=ORIENTED_EDGE('',*,*,#3390,.T.);
#4718=ORIENTED_EDGE('',*,*,#3430,.T.);
#4719=ORIENTED_EDGE('',*,*,#3431,.T.);
#4720=ORIENTED_EDGE('',*,*,#3392,.T.);
#4721=ORIENTED_EDGE('',*,*,#3401,.T.);
#4722=ORIENTED_EDGE('',*,*,#3411,.T.);
#4723=ORIENTED_EDGE('',*,*,#3426,.T.);
#4724=ORIENTED_EDGE('',*,*,#3423,.F.);
#4725=ORIENTED_EDGE('',*,*,#3432,.T.);
#4726=ORIENTED_EDGE('',*,*,#3433,.T.);
#4727=ORIENTED_EDGE('',*,*,#3434,.T.);
#4728=ORIENTED_EDGE('',*,*,#3435,.F.);
#4729=ORIENTED_EDGE('',*,*,#3436,.T.);
#4730=ORIENTED_EDGE('',*,*,#3437,.T.);
#4731=ORIENTED_EDGE('',*,*,#3438,.T.);
#4732=ORIENTED_EDGE('',*,*,#3433,.F.);
#4733=ORIENTED_EDGE('',*,*,#3439,.T.);
#4734=ORIENTED_EDGE('',*,*,#3440,.T.);
#4735=ORIENTED_EDGE('',*,*,#3441,.T.);
#4736=ORIENTED_EDGE('',*,*,#3437,.F.);
#4737=ORIENTED_EDGE('',*,*,#3442,.T.);
#4738=ORIENTED_EDGE('',*,*,#3435,.T.);
#4739=ORIENTED_EDGE('',*,*,#3443,.T.);
#4740=ORIENTED_EDGE('',*,*,#3440,.F.);
#4741=ORIENTED_EDGE('',*,*,#3443,.F.);
#4742=ORIENTED_EDGE('',*,*,#3434,.F.);
#4743=ORIENTED_EDGE('',*,*,#3438,.F.);
#4744=ORIENTED_EDGE('',*,*,#3441,.F.);
#4745=ORIENTED_EDGE('',*,*,#3442,.F.);
#4746=ORIENTED_EDGE('',*,*,#3439,.F.);
#4747=ORIENTED_EDGE('',*,*,#3436,.F.);
#4748=ORIENTED_EDGE('',*,*,#3432,.F.);
#4749=ORIENTED_EDGE('',*,*,#3444,.T.);
#4750=ORIENTED_EDGE('',*,*,#3445,.T.);
#4751=ORIENTED_EDGE('',*,*,#3446,.T.);
#4752=ORIENTED_EDGE('',*,*,#3447,.T.);
#4753=ORIENTED_EDGE('',*,*,#3448,.T.);
#4754=ORIENTED_EDGE('',*,*,#3449,.T.);
#4755=ORIENTED_EDGE('',*,*,#3450,.T.);
#4756=ORIENTED_EDGE('',*,*,#3447,.F.);
#4757=ORIENTED_EDGE('',*,*,#3451,.T.);
#4758=ORIENTED_EDGE('',*,*,#3452,.F.);
#4759=ORIENTED_EDGE('',*,*,#3453,.T.);
#4760=ORIENTED_EDGE('',*,*,#3449,.F.);
#4761=ORIENTED_EDGE('',*,*,#3454,.T.);
#4762=ORIENTED_EDGE('',*,*,#3452,.T.);
#4763=ORIENTED_EDGE('',*,*,#3455,.T.);
#4764=ORIENTED_EDGE('',*,*,#3445,.F.);
#4765=ORIENTED_EDGE('',*,*,#3448,.F.);
#4766=ORIENTED_EDGE('',*,*,#3456,.T.);
#4767=ORIENTED_EDGE('',*,*,#3457,.T.);
#4768=ORIENTED_EDGE('',*,*,#3458,.F.);
#4769=ORIENTED_EDGE('',*,*,#3446,.F.);
#4770=ORIENTED_EDGE('',*,*,#3459,.T.);
#4771=ORIENTED_EDGE('',*,*,#3460,.T.);
#4772=ORIENTED_EDGE('',*,*,#3456,.F.);
#4773=ORIENTED_EDGE('',*,*,#3454,.F.);
#4774=ORIENTED_EDGE('',*,*,#3461,.T.);
#4775=ORIENTED_EDGE('',*,*,#3462,.F.);
#4776=ORIENTED_EDGE('',*,*,#3463,.T.);
#4777=ORIENTED_EDGE('',*,*,#3464,.F.);
#4778=ORIENTED_EDGE('',*,*,#3465,.F.);
#4779=ORIENTED_EDGE('',*,*,#3444,.F.);
#4780=ORIENTED_EDGE('',*,*,#3466,.F.);
#4781=ORIENTED_EDGE('',*,*,#3467,.F.);
#4782=ORIENTED_EDGE('',*,*,#3468,.T.);
#4783=ORIENTED_EDGE('',*,*,#3469,.T.);
#4784=ORIENTED_EDGE('',*,*,#3470,.T.);
#4785=ORIENTED_EDGE('',*,*,#3471,.F.);
#4786=ORIENTED_EDGE('',*,*,#3461,.F.);
#4787=ORIENTED_EDGE('',*,*,#3462,.T.);
#4788=ORIENTED_EDGE('',*,*,#3471,.T.);
#4789=ORIENTED_EDGE('',*,*,#3472,.T.);
#4790=ORIENTED_EDGE('',*,*,#3473,.T.);
#4791=ORIENTED_EDGE('',*,*,#3473,.F.);
#4792=ORIENTED_EDGE('',*,*,#3474,.T.);
#4793=ORIENTED_EDGE('',*,*,#3475,.F.);
#4794=ORIENTED_EDGE('',*,*,#3463,.F.);
#4795=ORIENTED_EDGE('',*,*,#3472,.F.);
#4796=ORIENTED_EDGE('',*,*,#3470,.F.);
#4797=ORIENTED_EDGE('',*,*,#3476,.T.);
#4798=ORIENTED_EDGE('',*,*,#3477,.F.);
#4799=ORIENTED_EDGE('',*,*,#3478,.F.);
#4800=ORIENTED_EDGE('',*,*,#3474,.F.);
#4801=ORIENTED_EDGE('',*,*,#3479,.T.);
#4802=ORIENTED_EDGE('',*,*,#3480,.T.);
#4803=ORIENTED_EDGE('',*,*,#3481,.T.);
#4804=ORIENTED_EDGE('',*,*,#3467,.T.);
#4805=ORIENTED_EDGE('',*,*,#3480,.F.);
#4806=ORIENTED_EDGE('',*,*,#3482,.T.);
#4807=ORIENTED_EDGE('',*,*,#3483,.F.);
#4808=ORIENTED_EDGE('',*,*,#3484,.F.);
#4809=ORIENTED_EDGE('',*,*,#3450,.F.);
#4810=ORIENTED_EDGE('',*,*,#3485,.F.);
#4811=ORIENTED_EDGE('',*,*,#3486,.F.);
#4812=ORIENTED_EDGE('',*,*,#3482,.F.);
#4813=ORIENTED_EDGE('',*,*,#3479,.F.);
#4814=ORIENTED_EDGE('',*,*,#3466,.T.);
#4815=ORIENTED_EDGE('',*,*,#3487,.T.);
#4816=ORIENTED_EDGE('',*,*,#3486,.T.);
#4817=ORIENTED_EDGE('',*,*,#3488,.T.);
#4818=ORIENTED_EDGE('',*,*,#3489,.T.);
#4819=ORIENTED_EDGE('',*,*,#3483,.T.);
#4820=ORIENTED_EDGE('',*,*,#3481,.F.);
#4821=ORIENTED_EDGE('',*,*,#3484,.T.);
#4822=ORIENTED_EDGE('',*,*,#3489,.F.);
#4823=ORIENTED_EDGE('',*,*,#3490,.F.);
#4824=ORIENTED_EDGE('',*,*,#3491,.F.);
#4825=ORIENTED_EDGE('',*,*,#3468,.F.);
#4826=ORIENTED_EDGE('',*,*,#3492,.T.);
#4827=ORIENTED_EDGE('',*,*,#3453,.F.);
#4828=ORIENTED_EDGE('',*,*,#3465,.T.);
#4829=ORIENTED_EDGE('',*,*,#3493,.F.);
#4830=ORIENTED_EDGE('',*,*,#3477,.T.);
#4831=ORIENTED_EDGE('',*,*,#3494,.T.);
#4832=ORIENTED_EDGE('',*,*,#3490,.T.);
#4833=ORIENTED_EDGE('',*,*,#3488,.F.);
#4834=ORIENTED_EDGE('',*,*,#3485,.T.);
#4835=ORIENTED_EDGE('',*,*,#3464,.T.);
#4836=ORIENTED_EDGE('',*,*,#3475,.T.);
#4837=ORIENTED_EDGE('',*,*,#3478,.T.);
#4838=ORIENTED_EDGE('',*,*,#3493,.T.);
#4839=ORIENTED_EDGE('',*,*,#3487,.F.);
#4840=ORIENTED_EDGE('',*,*,#3495,.T.);
#4841=ORIENTED_EDGE('',*,*,#3492,.F.);
#4842=ORIENTED_EDGE('',*,*,#3495,.F.);
#4843=ORIENTED_EDGE('',*,*,#3451,.F.);
#4844=ORIENTED_EDGE('',*,*,#3458,.T.);
#4845=ORIENTED_EDGE('',*,*,#3496,.T.);
#4846=ORIENTED_EDGE('',*,*,#3497,.F.);
#4847=ORIENTED_EDGE('',*,*,#3455,.F.);
#4848=ORIENTED_EDGE('',*,*,#3497,.T.);
#4849=ORIENTED_EDGE('',*,*,#3498,.T.);
#4850=ORIENTED_EDGE('',*,*,#3459,.F.);
#4851=ORIENTED_EDGE('',*,*,#3457,.F.);
#4852=ORIENTED_EDGE('',*,*,#3460,.F.);
#4853=ORIENTED_EDGE('',*,*,#3498,.F.);
#4854=ORIENTED_EDGE('',*,*,#3496,.F.);
#4855=ORIENTED_EDGE('',*,*,#3469,.F.);
#4856=ORIENTED_EDGE('',*,*,#3491,.T.);
#4857=ORIENTED_EDGE('',*,*,#3494,.F.);
#4858=ORIENTED_EDGE('',*,*,#3476,.F.);
#4859=ORIENTED_EDGE('',*,*,#3499,.F.);
#4860=ORIENTED_EDGE('',*,*,#3500,.T.);
#4861=ORIENTED_EDGE('',*,*,#3501,.F.);
#4862=ORIENTED_EDGE('',*,*,#3502,.F.);
#4863=ORIENTED_EDGE('',*,*,#3503,.F.);
#4864=ORIENTED_EDGE('',*,*,#3502,.T.);
#4865=ORIENTED_EDGE('',*,*,#3504,.F.);
#4866=ORIENTED_EDGE('',*,*,#3505,.F.);
#4867=ORIENTED_EDGE('',*,*,#3506,.F.);
#4868=ORIENTED_EDGE('',*,*,#3505,.T.);
#4869=ORIENTED_EDGE('',*,*,#3507,.F.);
#4870=ORIENTED_EDGE('',*,*,#3508,.F.);
#4871=ORIENTED_EDGE('',*,*,#3509,.F.);
#4872=ORIENTED_EDGE('',*,*,#3508,.T.);
#4873=ORIENTED_EDGE('',*,*,#3510,.F.);
#4874=ORIENTED_EDGE('',*,*,#3500,.F.);
#4875=ORIENTED_EDGE('',*,*,#3510,.T.);
#4876=ORIENTED_EDGE('',*,*,#3507,.T.);
#4877=ORIENTED_EDGE('',*,*,#3504,.T.);
#4878=ORIENTED_EDGE('',*,*,#3501,.T.);
#4879=ORIENTED_EDGE('',*,*,#3509,.T.);
#4880=ORIENTED_EDGE('',*,*,#3499,.T.);
#4881=ORIENTED_EDGE('',*,*,#3503,.T.);
#4882=ORIENTED_EDGE('',*,*,#3506,.T.);
#4883=ORIENTED_EDGE('',*,*,#3511,.F.);
#4884=ORIENTED_EDGE('',*,*,#3512,.F.);
#4885=ORIENTED_EDGE('',*,*,#3513,.F.);
#4886=ORIENTED_EDGE('',*,*,#3514,.F.);
#4887=ORIENTED_EDGE('',*,*,#3515,.F.);
#4888=ORIENTED_EDGE('',*,*,#3513,.T.);
#4889=ORIENTED_EDGE('',*,*,#3516,.F.);
#4890=ORIENTED_EDGE('',*,*,#3517,.T.);
#4891=ORIENTED_EDGE('',*,*,#3518,.F.);
#4892=ORIENTED_EDGE('',*,*,#3514,.T.);
#4893=ORIENTED_EDGE('',*,*,#3518,.T.);
#4894=ORIENTED_EDGE('',*,*,#3519,.T.);
#4895=ORIENTED_EDGE('',*,*,#3520,.F.);
#4896=ORIENTED_EDGE('',*,*,#3521,.F.);
#4897=ORIENTED_EDGE('',*,*,#3522,.F.);
#4898=ORIENTED_EDGE('',*,*,#3519,.F.);
#4899=ORIENTED_EDGE('',*,*,#3517,.F.);
#4900=ORIENTED_EDGE('',*,*,#3523,.F.);
#4901=ORIENTED_EDGE('',*,*,#3523,.T.);
#4902=ORIENTED_EDGE('',*,*,#3516,.T.);
#4903=ORIENTED_EDGE('',*,*,#3512,.T.);
#4904=ORIENTED_EDGE('',*,*,#3524,.F.);
#4905=ORIENTED_EDGE('',*,*,#3525,.F.);
#4906=ORIENTED_EDGE('',*,*,#3526,.T.);
#4907=ORIENTED_EDGE('',*,*,#3527,.F.);
#4908=ORIENTED_EDGE('',*,*,#3528,.F.);
#4909=ORIENTED_EDGE('',*,*,#3511,.T.);
#4910=ORIENTED_EDGE('',*,*,#3529,.T.);
#4911=ORIENTED_EDGE('',*,*,#3530,.T.);
#4912=ORIENTED_EDGE('',*,*,#3524,.T.);
#4913=ORIENTED_EDGE('',*,*,#3521,.T.);
#4914=ORIENTED_EDGE('',*,*,#3528,.T.);
#4915=ORIENTED_EDGE('',*,*,#3531,.T.);
#4916=ORIENTED_EDGE('',*,*,#3532,.T.);
#4917=ORIENTED_EDGE('',*,*,#3530,.F.);
#4918=ORIENTED_EDGE('',*,*,#3533,.T.);
#4919=ORIENTED_EDGE('',*,*,#3534,.T.);
#4920=ORIENTED_EDGE('',*,*,#3535,.T.);
#4921=ORIENTED_EDGE('',*,*,#3525,.T.);
#4922=ORIENTED_EDGE('',*,*,#3522,.T.);
#4923=ORIENTED_EDGE('',*,*,#3532,.F.);
#4924=ORIENTED_EDGE('',*,*,#3536,.F.);
#4925=ORIENTED_EDGE('',*,*,#3537,.F.);
#4926=ORIENTED_EDGE('',*,*,#3533,.F.);
#4927=ORIENTED_EDGE('',*,*,#3529,.F.);
#4928=ORIENTED_EDGE('',*,*,#3515,.T.);
#4929=ORIENTED_EDGE('',*,*,#3520,.T.);
#4930=ORIENTED_EDGE('',*,*,#3535,.F.);
#4931=ORIENTED_EDGE('',*,*,#3538,.T.);
#4932=ORIENTED_EDGE('',*,*,#3539,.F.);
#4933=ORIENTED_EDGE('',*,*,#3526,.F.);
#4934=ORIENTED_EDGE('',*,*,#3534,.F.);
#4935=ORIENTED_EDGE('',*,*,#3537,.T.);
#4936=ORIENTED_EDGE('',*,*,#3540,.F.);
#4937=ORIENTED_EDGE('',*,*,#3538,.F.);
#4938=ORIENTED_EDGE('',*,*,#3531,.F.);
#4939=ORIENTED_EDGE('',*,*,#3527,.T.);
#4940=ORIENTED_EDGE('',*,*,#3539,.T.);
#4941=ORIENTED_EDGE('',*,*,#3540,.T.);
#4942=ORIENTED_EDGE('',*,*,#3536,.T.);
#4943=ORIENTED_EDGE('',*,*,#3541,.F.);
#4944=ORIENTED_EDGE('',*,*,#3542,.F.);
#4945=ORIENTED_EDGE('',*,*,#3543,.F.);
#4946=ORIENTED_EDGE('',*,*,#3544,.F.);
#4947=ORIENTED_EDGE('',*,*,#3545,.F.);
#4948=ORIENTED_EDGE('',*,*,#3543,.T.);
#4949=ORIENTED_EDGE('',*,*,#3546,.F.);
#4950=ORIENTED_EDGE('',*,*,#3547,.T.);
#4951=ORIENTED_EDGE('',*,*,#3548,.F.);
#4952=ORIENTED_EDGE('',*,*,#3544,.T.);
#4953=ORIENTED_EDGE('',*,*,#3548,.T.);
#4954=ORIENTED_EDGE('',*,*,#3549,.T.);
#4955=ORIENTED_EDGE('',*,*,#3550,.F.);
#4956=ORIENTED_EDGE('',*,*,#3551,.F.);
#4957=ORIENTED_EDGE('',*,*,#3552,.F.);
#4958=ORIENTED_EDGE('',*,*,#3549,.F.);
#4959=ORIENTED_EDGE('',*,*,#3547,.F.);
#4960=ORIENTED_EDGE('',*,*,#3553,.F.);
#4961=ORIENTED_EDGE('',*,*,#3553,.T.);
#4962=ORIENTED_EDGE('',*,*,#3546,.T.);
#4963=ORIENTED_EDGE('',*,*,#3542,.T.);
#4964=ORIENTED_EDGE('',*,*,#3554,.F.);
#4965=ORIENTED_EDGE('',*,*,#3555,.F.);
#4966=ORIENTED_EDGE('',*,*,#3556,.T.);
#4967=ORIENTED_EDGE('',*,*,#3557,.F.);
#4968=ORIENTED_EDGE('',*,*,#3558,.F.);
#4969=ORIENTED_EDGE('',*,*,#3541,.T.);
#4970=ORIENTED_EDGE('',*,*,#3559,.T.);
#4971=ORIENTED_EDGE('',*,*,#3560,.T.);
#4972=ORIENTED_EDGE('',*,*,#3554,.T.);
#4973=ORIENTED_EDGE('',*,*,#3551,.T.);
#4974=ORIENTED_EDGE('',*,*,#3558,.T.);
#4975=ORIENTED_EDGE('',*,*,#3561,.T.);
#4976=ORIENTED_EDGE('',*,*,#3562,.T.);
#4977=ORIENTED_EDGE('',*,*,#3560,.F.);
#4978=ORIENTED_EDGE('',*,*,#3563,.T.);
#4979=ORIENTED_EDGE('',*,*,#3564,.T.);
#4980=ORIENTED_EDGE('',*,*,#3565,.T.);
#4981=ORIENTED_EDGE('',*,*,#3555,.T.);
#4982=ORIENTED_EDGE('',*,*,#3552,.T.);
#4983=ORIENTED_EDGE('',*,*,#3562,.F.);
#4984=ORIENTED_EDGE('',*,*,#3566,.F.);
#4985=ORIENTED_EDGE('',*,*,#3567,.F.);
#4986=ORIENTED_EDGE('',*,*,#3563,.F.);
#4987=ORIENTED_EDGE('',*,*,#3559,.F.);
#4988=ORIENTED_EDGE('',*,*,#3545,.T.);
#4989=ORIENTED_EDGE('',*,*,#3550,.T.);
#4990=ORIENTED_EDGE('',*,*,#3565,.F.);
#4991=ORIENTED_EDGE('',*,*,#3568,.T.);
#4992=ORIENTED_EDGE('',*,*,#3569,.F.);
#4993=ORIENTED_EDGE('',*,*,#3556,.F.);
#4994=ORIENTED_EDGE('',*,*,#3564,.F.);
#4995=ORIENTED_EDGE('',*,*,#3567,.T.);
#4996=ORIENTED_EDGE('',*,*,#3570,.F.);
#4997=ORIENTED_EDGE('',*,*,#3568,.F.);
#4998=ORIENTED_EDGE('',*,*,#3561,.F.);
#4999=ORIENTED_EDGE('',*,*,#3557,.T.);
#5000=ORIENTED_EDGE('',*,*,#3569,.T.);
#5001=ORIENTED_EDGE('',*,*,#3570,.T.);
#5002=ORIENTED_EDGE('',*,*,#3566,.T.);
#5003=ORIENTED_EDGE('',*,*,#3571,.T.);
#5004=ORIENTED_EDGE('',*,*,#3572,.T.);
#5005=ORIENTED_EDGE('',*,*,#3573,.T.);
#5006=ORIENTED_EDGE('',*,*,#3574,.T.);
#5007=ORIENTED_EDGE('',*,*,#3575,.T.);
#5008=ORIENTED_EDGE('',*,*,#3574,.F.);
#5009=ORIENTED_EDGE('',*,*,#3576,.T.);
#5010=ORIENTED_EDGE('',*,*,#3577,.F.);
#5011=ORIENTED_EDGE('',*,*,#3578,.T.);
#5012=ORIENTED_EDGE('',*,*,#3573,.F.);
#5013=ORIENTED_EDGE('',*,*,#3579,.T.);
#5014=ORIENTED_EDGE('',*,*,#3580,.F.);
#5015=ORIENTED_EDGE('',*,*,#3576,.F.);
#5016=ORIENTED_EDGE('',*,*,#3581,.T.);
#5017=ORIENTED_EDGE('',*,*,#3582,.T.);
#5018=ORIENTED_EDGE('',*,*,#3577,.T.);
#5019=ORIENTED_EDGE('',*,*,#3580,.T.);
#5020=ORIENTED_EDGE('',*,*,#3583,.T.);
#5021=ORIENTED_EDGE('',*,*,#3582,.F.);
#5022=ORIENTED_EDGE('',*,*,#3584,.T.);
#5023=ORIENTED_EDGE('',*,*,#3585,.T.);
#5024=ORIENTED_EDGE('',*,*,#3586,.F.);
#5025=ORIENTED_EDGE('',*,*,#3587,.T.);
#5026=ORIENTED_EDGE('',*,*,#3588,.T.);
#5027=ORIENTED_EDGE('',*,*,#3575,.F.);
#5028=ORIENTED_EDGE('',*,*,#3578,.F.);
#5029=ORIENTED_EDGE('',*,*,#3571,.F.);
#5030=ORIENTED_EDGE('',*,*,#3588,.F.);
#5031=ORIENTED_EDGE('',*,*,#3589,.F.);
#5032=ORIENTED_EDGE('',*,*,#3590,.F.);
#5033=ORIENTED_EDGE('',*,*,#3581,.F.);
#5034=ORIENTED_EDGE('',*,*,#3591,.F.);
#5035=ORIENTED_EDGE('',*,*,#3592,.F.);
#5036=ORIENTED_EDGE('',*,*,#3584,.F.);
#5037=ORIENTED_EDGE('',*,*,#3589,.T.);
#5038=ORIENTED_EDGE('',*,*,#3587,.F.);
#5039=ORIENTED_EDGE('',*,*,#3593,.F.);
#5040=ORIENTED_EDGE('',*,*,#3594,.F.);
#5041=ORIENTED_EDGE('',*,*,#3595,.F.);
#5042=ORIENTED_EDGE('',*,*,#3583,.F.);
#5043=ORIENTED_EDGE('',*,*,#3579,.F.);
#5044=ORIENTED_EDGE('',*,*,#3572,.F.);
#5045=ORIENTED_EDGE('',*,*,#3590,.T.);
#5046=ORIENTED_EDGE('',*,*,#3595,.T.);
#5047=ORIENTED_EDGE('',*,*,#3596,.T.);
#5048=ORIENTED_EDGE('',*,*,#3597,.T.);
#5049=ORIENTED_EDGE('',*,*,#3591,.T.);
#5050=ORIENTED_EDGE('',*,*,#3593,.T.);
#5051=ORIENTED_EDGE('',*,*,#3586,.T.);
#5052=ORIENTED_EDGE('',*,*,#3598,.T.);
#5053=ORIENTED_EDGE('',*,*,#3599,.F.);
#5054=ORIENTED_EDGE('',*,*,#3594,.T.);
#5055=ORIENTED_EDGE('',*,*,#3599,.T.);
#5056=ORIENTED_EDGE('',*,*,#3600,.T.);
#5057=ORIENTED_EDGE('',*,*,#3596,.F.);
#5058=ORIENTED_EDGE('',*,*,#3592,.T.);
#5059=ORIENTED_EDGE('',*,*,#3597,.F.);
#5060=ORIENTED_EDGE('',*,*,#3600,.F.);
#5061=ORIENTED_EDGE('',*,*,#3598,.F.);
#5062=ORIENTED_EDGE('',*,*,#3585,.F.);
#5063=ORIENTED_EDGE('',*,*,#3601,.T.);
#5064=ORIENTED_EDGE('',*,*,#3602,.T.);
#5065=ORIENTED_EDGE('',*,*,#3603,.T.);
#5066=ORIENTED_EDGE('',*,*,#3604,.T.);
#5067=ORIENTED_EDGE('',*,*,#3605,.T.);
#5068=ORIENTED_EDGE('',*,*,#3604,.F.);
#5069=ORIENTED_EDGE('',*,*,#3606,.T.);
#5070=ORIENTED_EDGE('',*,*,#3607,.F.);
#5071=ORIENTED_EDGE('',*,*,#3608,.T.);
#5072=ORIENTED_EDGE('',*,*,#3603,.F.);
#5073=ORIENTED_EDGE('',*,*,#3609,.T.);
#5074=ORIENTED_EDGE('',*,*,#3610,.F.);
#5075=ORIENTED_EDGE('',*,*,#3606,.F.);
#5076=ORIENTED_EDGE('',*,*,#3611,.T.);
#5077=ORIENTED_EDGE('',*,*,#3612,.T.);
#5078=ORIENTED_EDGE('',*,*,#3607,.T.);
#5079=ORIENTED_EDGE('',*,*,#3610,.T.);
#5080=ORIENTED_EDGE('',*,*,#3613,.T.);
#5081=ORIENTED_EDGE('',*,*,#3612,.F.);
#5082=ORIENTED_EDGE('',*,*,#3614,.T.);
#5083=ORIENTED_EDGE('',*,*,#3615,.T.);
#5084=ORIENTED_EDGE('',*,*,#3616,.F.);
#5085=ORIENTED_EDGE('',*,*,#3617,.T.);
#5086=ORIENTED_EDGE('',*,*,#3618,.T.);
#5087=ORIENTED_EDGE('',*,*,#3605,.F.);
#5088=ORIENTED_EDGE('',*,*,#3608,.F.);
#5089=ORIENTED_EDGE('',*,*,#3601,.F.);
#5090=ORIENTED_EDGE('',*,*,#3618,.F.);
#5091=ORIENTED_EDGE('',*,*,#3619,.F.);
#5092=ORIENTED_EDGE('',*,*,#3620,.F.);
#5093=ORIENTED_EDGE('',*,*,#3611,.F.);
#5094=ORIENTED_EDGE('',*,*,#3621,.F.);
#5095=ORIENTED_EDGE('',*,*,#3622,.F.);
#5096=ORIENTED_EDGE('',*,*,#3614,.F.);
#5097=ORIENTED_EDGE('',*,*,#3619,.T.);
#5098=ORIENTED_EDGE('',*,*,#3617,.F.);
#5099=ORIENTED_EDGE('',*,*,#3623,.F.);
#5100=ORIENTED_EDGE('',*,*,#3624,.F.);
#5101=ORIENTED_EDGE('',*,*,#3625,.F.);
#5102=ORIENTED_EDGE('',*,*,#3613,.F.);
#5103=ORIENTED_EDGE('',*,*,#3609,.F.);
#5104=ORIENTED_EDGE('',*,*,#3602,.F.);
#5105=ORIENTED_EDGE('',*,*,#3620,.T.);
#5106=ORIENTED_EDGE('',*,*,#3625,.T.);
#5107=ORIENTED_EDGE('',*,*,#3626,.T.);
#5108=ORIENTED_EDGE('',*,*,#3627,.T.);
#5109=ORIENTED_EDGE('',*,*,#3621,.T.);
#5110=ORIENTED_EDGE('',*,*,#3623,.T.);
#5111=ORIENTED_EDGE('',*,*,#3616,.T.);
#5112=ORIENTED_EDGE('',*,*,#3628,.T.);
#5113=ORIENTED_EDGE('',*,*,#3629,.F.);
#5114=ORIENTED_EDGE('',*,*,#3624,.T.);
#5115=ORIENTED_EDGE('',*,*,#3629,.T.);
#5116=ORIENTED_EDGE('',*,*,#3630,.T.);
#5117=ORIENTED_EDGE('',*,*,#3626,.F.);
#5118=ORIENTED_EDGE('',*,*,#3622,.T.);
#5119=ORIENTED_EDGE('',*,*,#3627,.F.);
#5120=ORIENTED_EDGE('',*,*,#3630,.F.);
#5121=ORIENTED_EDGE('',*,*,#3628,.F.);
#5122=ORIENTED_EDGE('',*,*,#3615,.F.);
#5123=ORIENTED_EDGE('',*,*,#3631,.T.);
#5124=ORIENTED_EDGE('',*,*,#3632,.T.);
#5125=ORIENTED_EDGE('',*,*,#3633,.T.);
#5126=ORIENTED_EDGE('',*,*,#3634,.T.);
#5127=ORIENTED_EDGE('',*,*,#3635,.T.);
#5128=ORIENTED_EDGE('',*,*,#3634,.F.);
#5129=ORIENTED_EDGE('',*,*,#3636,.T.);
#5130=ORIENTED_EDGE('',*,*,#3637,.F.);
#5131=ORIENTED_EDGE('',*,*,#3638,.T.);
#5132=ORIENTED_EDGE('',*,*,#3633,.F.);
#5133=ORIENTED_EDGE('',*,*,#3639,.T.);
#5134=ORIENTED_EDGE('',*,*,#3640,.F.);
#5135=ORIENTED_EDGE('',*,*,#3636,.F.);
#5136=ORIENTED_EDGE('',*,*,#3641,.T.);
#5137=ORIENTED_EDGE('',*,*,#3642,.T.);
#5138=ORIENTED_EDGE('',*,*,#3637,.T.);
#5139=ORIENTED_EDGE('',*,*,#3640,.T.);
#5140=ORIENTED_EDGE('',*,*,#3643,.T.);
#5141=ORIENTED_EDGE('',*,*,#3642,.F.);
#5142=ORIENTED_EDGE('',*,*,#3644,.T.);
#5143=ORIENTED_EDGE('',*,*,#3645,.T.);
#5144=ORIENTED_EDGE('',*,*,#3646,.F.);
#5145=ORIENTED_EDGE('',*,*,#3647,.T.);
#5146=ORIENTED_EDGE('',*,*,#3648,.T.);
#5147=ORIENTED_EDGE('',*,*,#3635,.F.);
#5148=ORIENTED_EDGE('',*,*,#3638,.F.);
#5149=ORIENTED_EDGE('',*,*,#3631,.F.);
#5150=ORIENTED_EDGE('',*,*,#3648,.F.);
#5151=ORIENTED_EDGE('',*,*,#3649,.F.);
#5152=ORIENTED_EDGE('',*,*,#3650,.F.);
#5153=ORIENTED_EDGE('',*,*,#3641,.F.);
#5154=ORIENTED_EDGE('',*,*,#3651,.F.);
#5155=ORIENTED_EDGE('',*,*,#3652,.F.);
#5156=ORIENTED_EDGE('',*,*,#3644,.F.);
#5157=ORIENTED_EDGE('',*,*,#3649,.T.);
#5158=ORIENTED_EDGE('',*,*,#3647,.F.);
#5159=ORIENTED_EDGE('',*,*,#3653,.F.);
#5160=ORIENTED_EDGE('',*,*,#3654,.F.);
#5161=ORIENTED_EDGE('',*,*,#3655,.F.);
#5162=ORIENTED_EDGE('',*,*,#3643,.F.);
#5163=ORIENTED_EDGE('',*,*,#3639,.F.);
#5164=ORIENTED_EDGE('',*,*,#3632,.F.);
#5165=ORIENTED_EDGE('',*,*,#3650,.T.);
#5166=ORIENTED_EDGE('',*,*,#3655,.T.);
#5167=ORIENTED_EDGE('',*,*,#3656,.T.);
#5168=ORIENTED_EDGE('',*,*,#3657,.T.);
#5169=ORIENTED_EDGE('',*,*,#3651,.T.);
#5170=ORIENTED_EDGE('',*,*,#3653,.T.);
#5171=ORIENTED_EDGE('',*,*,#3646,.T.);
#5172=ORIENTED_EDGE('',*,*,#3658,.T.);
#5173=ORIENTED_EDGE('',*,*,#3659,.F.);
#5174=ORIENTED_EDGE('',*,*,#3654,.T.);
#5175=ORIENTED_EDGE('',*,*,#3659,.T.);
#5176=ORIENTED_EDGE('',*,*,#3660,.T.);
#5177=ORIENTED_EDGE('',*,*,#3656,.F.);
#5178=ORIENTED_EDGE('',*,*,#3652,.T.);
#5179=ORIENTED_EDGE('',*,*,#3657,.F.);
#5180=ORIENTED_EDGE('',*,*,#3660,.F.);
#5181=ORIENTED_EDGE('',*,*,#3658,.F.);
#5182=ORIENTED_EDGE('',*,*,#3645,.F.);
#5183=ORIENTED_EDGE('',*,*,#3661,.F.);
#5184=ORIENTED_EDGE('',*,*,#3662,.F.);
#5185=ORIENTED_EDGE('',*,*,#3663,.F.);
#5186=ORIENTED_EDGE('',*,*,#3664,.F.);
#5187=ORIENTED_EDGE('',*,*,#3665,.F.);
#5188=ORIENTED_EDGE('',*,*,#3663,.T.);
#5189=ORIENTED_EDGE('',*,*,#3666,.F.);
#5190=ORIENTED_EDGE('',*,*,#3667,.T.);
#5191=ORIENTED_EDGE('',*,*,#3668,.F.);
#5192=ORIENTED_EDGE('',*,*,#3664,.T.);
#5193=ORIENTED_EDGE('',*,*,#3668,.T.);
#5194=ORIENTED_EDGE('',*,*,#3669,.T.);
#5195=ORIENTED_EDGE('',*,*,#3670,.F.);
#5196=ORIENTED_EDGE('',*,*,#3671,.F.);
#5197=ORIENTED_EDGE('',*,*,#3672,.F.);
#5198=ORIENTED_EDGE('',*,*,#3669,.F.);
#5199=ORIENTED_EDGE('',*,*,#3667,.F.);
#5200=ORIENTED_EDGE('',*,*,#3673,.F.);
#5201=ORIENTED_EDGE('',*,*,#3673,.T.);
#5202=ORIENTED_EDGE('',*,*,#3666,.T.);
#5203=ORIENTED_EDGE('',*,*,#3662,.T.);
#5204=ORIENTED_EDGE('',*,*,#3674,.F.);
#5205=ORIENTED_EDGE('',*,*,#3675,.F.);
#5206=ORIENTED_EDGE('',*,*,#3676,.T.);
#5207=ORIENTED_EDGE('',*,*,#3677,.F.);
#5208=ORIENTED_EDGE('',*,*,#3678,.F.);
#5209=ORIENTED_EDGE('',*,*,#3661,.T.);
#5210=ORIENTED_EDGE('',*,*,#3679,.T.);
#5211=ORIENTED_EDGE('',*,*,#3680,.T.);
#5212=ORIENTED_EDGE('',*,*,#3674,.T.);
#5213=ORIENTED_EDGE('',*,*,#3671,.T.);
#5214=ORIENTED_EDGE('',*,*,#3678,.T.);
#5215=ORIENTED_EDGE('',*,*,#3681,.T.);
#5216=ORIENTED_EDGE('',*,*,#3682,.T.);
#5217=ORIENTED_EDGE('',*,*,#3680,.F.);
#5218=ORIENTED_EDGE('',*,*,#3683,.T.);
#5219=ORIENTED_EDGE('',*,*,#3684,.T.);
#5220=ORIENTED_EDGE('',*,*,#3685,.T.);
#5221=ORIENTED_EDGE('',*,*,#3675,.T.);
#5222=ORIENTED_EDGE('',*,*,#3672,.T.);
#5223=ORIENTED_EDGE('',*,*,#3682,.F.);
#5224=ORIENTED_EDGE('',*,*,#3686,.F.);
#5225=ORIENTED_EDGE('',*,*,#3687,.F.);
#5226=ORIENTED_EDGE('',*,*,#3683,.F.);
#5227=ORIENTED_EDGE('',*,*,#3679,.F.);
#5228=ORIENTED_EDGE('',*,*,#3665,.T.);
#5229=ORIENTED_EDGE('',*,*,#3670,.T.);
#5230=ORIENTED_EDGE('',*,*,#3685,.F.);
#5231=ORIENTED_EDGE('',*,*,#3688,.T.);
#5232=ORIENTED_EDGE('',*,*,#3689,.F.);
#5233=ORIENTED_EDGE('',*,*,#3676,.F.);
#5234=ORIENTED_EDGE('',*,*,#3684,.F.);
#5235=ORIENTED_EDGE('',*,*,#3687,.T.);
#5236=ORIENTED_EDGE('',*,*,#3690,.F.);
#5237=ORIENTED_EDGE('',*,*,#3688,.F.);
#5238=ORIENTED_EDGE('',*,*,#3681,.F.);
#5239=ORIENTED_EDGE('',*,*,#3677,.T.);
#5240=ORIENTED_EDGE('',*,*,#3689,.T.);
#5241=ORIENTED_EDGE('',*,*,#3690,.T.);
#5242=ORIENTED_EDGE('',*,*,#3686,.T.);
#5243=ORIENTED_EDGE('',*,*,#3691,.T.);
#5244=ORIENTED_EDGE('',*,*,#3692,.T.);
#5245=ORIENTED_EDGE('',*,*,#3693,.T.);
#5246=ORIENTED_EDGE('',*,*,#3694,.T.);
#5247=ORIENTED_EDGE('',*,*,#3695,.T.);
#5248=ORIENTED_EDGE('',*,*,#3694,.F.);
#5249=ORIENTED_EDGE('',*,*,#3696,.T.);
#5250=ORIENTED_EDGE('',*,*,#3697,.F.);
#5251=ORIENTED_EDGE('',*,*,#3698,.T.);
#5252=ORIENTED_EDGE('',*,*,#3693,.F.);
#5253=ORIENTED_EDGE('',*,*,#3699,.T.);
#5254=ORIENTED_EDGE('',*,*,#3700,.F.);
#5255=ORIENTED_EDGE('',*,*,#3696,.F.);
#5256=ORIENTED_EDGE('',*,*,#3701,.T.);
#5257=ORIENTED_EDGE('',*,*,#3702,.T.);
#5258=ORIENTED_EDGE('',*,*,#3697,.T.);
#5259=ORIENTED_EDGE('',*,*,#3700,.T.);
#5260=ORIENTED_EDGE('',*,*,#3703,.T.);
#5261=ORIENTED_EDGE('',*,*,#3702,.F.);
#5262=ORIENTED_EDGE('',*,*,#3704,.T.);
#5263=ORIENTED_EDGE('',*,*,#3705,.T.);
#5264=ORIENTED_EDGE('',*,*,#3706,.F.);
#5265=ORIENTED_EDGE('',*,*,#3707,.T.);
#5266=ORIENTED_EDGE('',*,*,#3708,.T.);
#5267=ORIENTED_EDGE('',*,*,#3695,.F.);
#5268=ORIENTED_EDGE('',*,*,#3698,.F.);
#5269=ORIENTED_EDGE('',*,*,#3691,.F.);
#5270=ORIENTED_EDGE('',*,*,#3708,.F.);
#5271=ORIENTED_EDGE('',*,*,#3709,.F.);
#5272=ORIENTED_EDGE('',*,*,#3710,.F.);
#5273=ORIENTED_EDGE('',*,*,#3701,.F.);
#5274=ORIENTED_EDGE('',*,*,#3711,.F.);
#5275=ORIENTED_EDGE('',*,*,#3712,.F.);
#5276=ORIENTED_EDGE('',*,*,#3704,.F.);
#5277=ORIENTED_EDGE('',*,*,#3709,.T.);
#5278=ORIENTED_EDGE('',*,*,#3707,.F.);
#5279=ORIENTED_EDGE('',*,*,#3713,.F.);
#5280=ORIENTED_EDGE('',*,*,#3714,.F.);
#5281=ORIENTED_EDGE('',*,*,#3715,.F.);
#5282=ORIENTED_EDGE('',*,*,#3703,.F.);
#5283=ORIENTED_EDGE('',*,*,#3699,.F.);
#5284=ORIENTED_EDGE('',*,*,#3692,.F.);
#5285=ORIENTED_EDGE('',*,*,#3710,.T.);
#5286=ORIENTED_EDGE('',*,*,#3715,.T.);
#5287=ORIENTED_EDGE('',*,*,#3716,.T.);
#5288=ORIENTED_EDGE('',*,*,#3717,.T.);
#5289=ORIENTED_EDGE('',*,*,#3711,.T.);
#5290=ORIENTED_EDGE('',*,*,#3713,.T.);
#5291=ORIENTED_EDGE('',*,*,#3706,.T.);
#5292=ORIENTED_EDGE('',*,*,#3718,.T.);
#5293=ORIENTED_EDGE('',*,*,#3719,.F.);
#5294=ORIENTED_EDGE('',*,*,#3714,.T.);
#5295=ORIENTED_EDGE('',*,*,#3719,.T.);
#5296=ORIENTED_EDGE('',*,*,#3720,.T.);
#5297=ORIENTED_EDGE('',*,*,#3716,.F.);
#5298=ORIENTED_EDGE('',*,*,#3712,.T.);
#5299=ORIENTED_EDGE('',*,*,#3717,.F.);
#5300=ORIENTED_EDGE('',*,*,#3720,.F.);
#5301=ORIENTED_EDGE('',*,*,#3718,.F.);
#5302=ORIENTED_EDGE('',*,*,#3705,.F.);
#5303=ORIENTED_EDGE('',*,*,#3721,.F.);
#5304=ORIENTED_EDGE('',*,*,#3722,.F.);
#5305=ORIENTED_EDGE('',*,*,#3723,.F.);
#5306=ORIENTED_EDGE('',*,*,#3724,.F.);
#5307=ORIENTED_EDGE('',*,*,#3725,.F.);
#5308=ORIENTED_EDGE('',*,*,#3723,.T.);
#5309=ORIENTED_EDGE('',*,*,#3726,.F.);
#5310=ORIENTED_EDGE('',*,*,#3727,.T.);
#5311=ORIENTED_EDGE('',*,*,#3728,.F.);
#5312=ORIENTED_EDGE('',*,*,#3724,.T.);
#5313=ORIENTED_EDGE('',*,*,#3728,.T.);
#5314=ORIENTED_EDGE('',*,*,#3729,.T.);
#5315=ORIENTED_EDGE('',*,*,#3730,.F.);
#5316=ORIENTED_EDGE('',*,*,#3731,.F.);
#5317=ORIENTED_EDGE('',*,*,#3732,.F.);
#5318=ORIENTED_EDGE('',*,*,#3729,.F.);
#5319=ORIENTED_EDGE('',*,*,#3727,.F.);
#5320=ORIENTED_EDGE('',*,*,#3733,.F.);
#5321=ORIENTED_EDGE('',*,*,#3733,.T.);
#5322=ORIENTED_EDGE('',*,*,#3726,.T.);
#5323=ORIENTED_EDGE('',*,*,#3722,.T.);
#5324=ORIENTED_EDGE('',*,*,#3734,.F.);
#5325=ORIENTED_EDGE('',*,*,#3735,.F.);
#5326=ORIENTED_EDGE('',*,*,#3736,.T.);
#5327=ORIENTED_EDGE('',*,*,#3737,.F.);
#5328=ORIENTED_EDGE('',*,*,#3738,.F.);
#5329=ORIENTED_EDGE('',*,*,#3721,.T.);
#5330=ORIENTED_EDGE('',*,*,#3739,.T.);
#5331=ORIENTED_EDGE('',*,*,#3740,.T.);
#5332=ORIENTED_EDGE('',*,*,#3734,.T.);
#5333=ORIENTED_EDGE('',*,*,#3731,.T.);
#5334=ORIENTED_EDGE('',*,*,#3738,.T.);
#5335=ORIENTED_EDGE('',*,*,#3741,.T.);
#5336=ORIENTED_EDGE('',*,*,#3742,.T.);
#5337=ORIENTED_EDGE('',*,*,#3740,.F.);
#5338=ORIENTED_EDGE('',*,*,#3743,.T.);
#5339=ORIENTED_EDGE('',*,*,#3744,.T.);
#5340=ORIENTED_EDGE('',*,*,#3745,.T.);
#5341=ORIENTED_EDGE('',*,*,#3735,.T.);
#5342=ORIENTED_EDGE('',*,*,#3732,.T.);
#5343=ORIENTED_EDGE('',*,*,#3742,.F.);
#5344=ORIENTED_EDGE('',*,*,#3746,.F.);
#5345=ORIENTED_EDGE('',*,*,#3747,.F.);
#5346=ORIENTED_EDGE('',*,*,#3743,.F.);
#5347=ORIENTED_EDGE('',*,*,#3739,.F.);
#5348=ORIENTED_EDGE('',*,*,#3725,.T.);
#5349=ORIENTED_EDGE('',*,*,#3730,.T.);
#5350=ORIENTED_EDGE('',*,*,#3745,.F.);
#5351=ORIENTED_EDGE('',*,*,#3748,.T.);
#5352=ORIENTED_EDGE('',*,*,#3749,.F.);
#5353=ORIENTED_EDGE('',*,*,#3736,.F.);
#5354=ORIENTED_EDGE('',*,*,#3744,.F.);
#5355=ORIENTED_EDGE('',*,*,#3747,.T.);
#5356=ORIENTED_EDGE('',*,*,#3750,.F.);
#5357=ORIENTED_EDGE('',*,*,#3748,.F.);
#5358=ORIENTED_EDGE('',*,*,#3741,.F.);
#5359=ORIENTED_EDGE('',*,*,#3737,.T.);
#5360=ORIENTED_EDGE('',*,*,#3749,.T.);
#5361=ORIENTED_EDGE('',*,*,#3750,.T.);
#5362=ORIENTED_EDGE('',*,*,#3746,.T.);
#5363=CYLINDRICAL_SURFACE('',#5805,1.54533666301317);
#5364=CYLINDRICAL_SURFACE('',#5807,1.54533666301317);
#5365=CYLINDRICAL_SURFACE('',#5808,1.54533666301317);
#5366=CYLINDRICAL_SURFACE('',#5809,1.54533666301317);
#5367=CYLINDRICAL_SURFACE('',#5811,2.);
#5368=CYLINDRICAL_SURFACE('',#5813,2.);
#5369=CYLINDRICAL_SURFACE('',#5814,2.);
#5370=CYLINDRICAL_SURFACE('',#5815,2.);
#5371=CYLINDRICAL_SURFACE('',#5816,2.);
#5372=CYLINDRICAL_SURFACE('',#5817,2.);
#5373=CYLINDRICAL_SURFACE('',#5836,2.);
#5374=CYLINDRICAL_SURFACE('',#5837,1.54533666301317);
#5375=CYLINDRICAL_SURFACE('',#5851,5.22281024775547);
#5376=CYLINDRICAL_SURFACE('',#5854,9.05314280204747);
#5377=CYLINDRICAL_SURFACE('',#5857,0.625000000000001);
#5378=CYLINDRICAL_SURFACE('',#5860,9.77178660287109);
#5379=CYLINDRICAL_SURFACE('',#5863,0.625000000000001);
#5380=CYLINDRICAL_SURFACE('',#5867,0.375);
#5381=CYLINDRICAL_SURFACE('',#5877,0.375);
#5382=CYLINDRICAL_SURFACE('',#5878,0.375);
#5383=CYLINDRICAL_SURFACE('',#5888,0.375);
#5384=CYLINDRICAL_SURFACE('',#5909,0.375);
#5385=CYLINDRICAL_SURFACE('',#5911,0.375);
#5386=CYLINDRICAL_SURFACE('',#5914,5.22281024775547);
#5387=CYLINDRICAL_SURFACE('',#5917,9.05314280204747);
#5388=CYLINDRICAL_SURFACE('',#5920,0.625000000000001);
#5389=CYLINDRICAL_SURFACE('',#5923,9.77178660287109);
#5390=CYLINDRICAL_SURFACE('',#5926,0.625000000000001);
#5391=CYLINDRICAL_SURFACE('',#5938,0.375);
#5392=CYLINDRICAL_SURFACE('',#5947,0.375);
#5393=CYLINDRICAL_SURFACE('',#5972,8.);
#5394=CYLINDRICAL_SURFACE('',#5981,8.);
#5395=CYLINDRICAL_SURFACE('',#5984,8.);
#5396=CYLINDRICAL_SURFACE('',#5987,8.);
#5397=CYLINDRICAL_SURFACE('',#5989,5.);
#5398=CYLINDRICAL_SURFACE('',#5993,8.);
#5399=CYLINDRICAL_SURFACE('',#6001,8.);
#5400=CYLINDRICAL_SURFACE('',#6004,8.);
#5401=CYLINDRICAL_SURFACE('',#6006,8.);
#5402=CYLINDRICAL_SURFACE('',#6015,18.);
#5403=CYLINDRICAL_SURFACE('',#6018,18.);
#5404=CYLINDRICAL_SURFACE('',#6020,18.);
#5405=CYLINDRICAL_SURFACE('',#6022,18.);
#5406=CYLINDRICAL_SURFACE('',#6029,5.);
#5407=CYLINDRICAL_SURFACE('',#6034,5.);
#5408=CYLINDRICAL_SURFACE('',#6041,5.);
#5409=CYLINDRICAL_SURFACE('',#6046,5.);
#5410=CYLINDRICAL_SURFACE('',#6047,2.5);
#5411=CYLINDRICAL_SURFACE('',#6058,18.);
#5412=CYLINDRICAL_SURFACE('',#6061,18.);
#5413=CYLINDRICAL_SURFACE('',#6063,18.);
#5414=CYLINDRICAL_SURFACE('',#6065,18.);
#5415=CYLINDRICAL_SURFACE('',#6072,5.);
#5416=CYLINDRICAL_SURFACE('',#6077,5.);
#5417=CYLINDRICAL_SURFACE('',#6084,5.);
#5418=CYLINDRICAL_SURFACE('',#6089,5.);
#5419=CYLINDRICAL_SURFACE('',#6090,2.5);
#5420=CYLINDRICAL_SURFACE('',#6101,18.);
#5421=CYLINDRICAL_SURFACE('',#6104,18.);
#5422=CYLINDRICAL_SURFACE('',#6106,18.);
#5423=CYLINDRICAL_SURFACE('',#6108,18.);
#5424=CYLINDRICAL_SURFACE('',#6115,5.);
#5425=CYLINDRICAL_SURFACE('',#6120,5.);
#5426=CYLINDRICAL_SURFACE('',#6127,5.);
#5427=CYLINDRICAL_SURFACE('',#6132,5.);
#5428=CYLINDRICAL_SURFACE('',#6133,2.5);
#5429=CYLINDRICAL_SURFACE('',#6144,18.);
#5430=CYLINDRICAL_SURFACE('',#6147,18.);
#5431=CYLINDRICAL_SURFACE('',#6149,18.);
#5432=CYLINDRICAL_SURFACE('',#6151,18.);
#5433=CYLINDRICAL_SURFACE('',#6158,5.);
#5434=CYLINDRICAL_SURFACE('',#6163,5.);
#5435=CYLINDRICAL_SURFACE('',#6170,5.);
#5436=CYLINDRICAL_SURFACE('',#6175,5.);
#5437=CYLINDRICAL_SURFACE('',#6176,2.5);
#5438=ADVANCED_FACE('',(#373),#5363,.F.);
#5439=ADVANCED_FACE('',(#374),#5364,.F.);
#5440=ADVANCED_FACE('',(#375),#5365,.F.);
#5441=ADVANCED_FACE('',(#376),#5366,.F.);
#5442=ADVANCED_FACE('',(#377),#5367,.F.);
#5443=ADVANCED_FACE('',(#378),#5368,.F.);
#5444=ADVANCED_FACE('',(#379),#5369,.F.);
#5445=ADVANCED_FACE('',(#380),#5370,.F.);
#5446=ADVANCED_FACE('',(#381),#5371,.F.);
#5447=ADVANCED_FACE('',(#382),#5372,.F.);
#5448=ADVANCED_FACE('',(#383),#365,.F.);
#5449=ADVANCED_FACE('',(#384),#366,.F.);
#5450=ADVANCED_FACE('',(#385),#367,.T.);
#5451=ADVANCED_FACE('',(#386),#368,.F.);
#5452=ADVANCED_FACE('',(#387),#369,.F.);
#5453=ADVANCED_FACE('',(#388),#370,.T.);
#5454=ADVANCED_FACE('',(#389),#5373,.F.);
#5455=ADVANCED_FACE('',(#390),#5374,.F.);
#5456=ADVANCED_FACE('',(#391),#141,.T.);
#5457=ADVANCED_FACE('',(#392),#142,.F.);
#5458=ADVANCED_FACE('',(#393),#143,.F.);
#5459=ADVANCED_FACE('',(#394),#5375,.T.);
#5460=ADVANCED_FACE('',(#395),#5376,.T.);
#5461=ADVANCED_FACE('',(#396),#5377,.T.);
#5462=ADVANCED_FACE('',(#397),#5378,.T.);
#5463=ADVANCED_FACE('',(#398),#5379,.T.);
#5464=ADVANCED_FACE('',(#399),#144,.F.);
#5465=ADVANCED_FACE('',(#400),#5380,.T.);
#5466=ADVANCED_FACE('',(#401),#123,.F.);
#5467=ADVANCED_FACE('',(#402),#109,.T.);
#5468=ADVANCED_FACE('',(#403),#124,.F.);
#5469=ADVANCED_FACE('',(#404),#110,.T.);
#5470=ADVANCED_FACE('',(#405),#111,.T.);
#5471=ADVANCED_FACE('',(#406),#5381,.T.);
#5472=ADVANCED_FACE('',(#407),#5382,.T.);
#5473=ADVANCED_FACE('',(#408),#125,.F.);
#5474=ADVANCED_FACE('',(#409),#112,.T.);
#5475=ADVANCED_FACE('',(#410),#126,.F.);
#5476=ADVANCED_FACE('',(#411),#113,.T.);
#5477=ADVANCED_FACE('',(#412),#114,.T.);
#5478=ADVANCED_FACE('',(#413),#5383,.T.);
#5479=ADVANCED_FACE('',(#414,#93),#145,.T.);
#5480=ADVANCED_FACE('',(#415),#115,.T.);
#5481=ADVANCED_FACE('',(#416),#116,.T.);
#5482=ADVANCED_FACE('',(#417),#371,.T.);
#5483=ADVANCED_FACE('',(#418),#146,.T.);
#5484=ADVANCED_FACE('',(#419),#147,.F.);
#5485=ADVANCED_FACE('',(#420),#5384,.T.);
#5486=ADVANCED_FACE('',(#421),#5385,.T.);
#5487=ADVANCED_FACE('',(#422),#148,.F.);
#5488=ADVANCED_FACE('',(#423),#5386,.T.);
#5489=ADVANCED_FACE('',(#424),#5387,.T.);
#5490=ADVANCED_FACE('',(#425),#5388,.T.);
#5491=ADVANCED_FACE('',(#426),#5389,.T.);
#5492=ADVANCED_FACE('',(#427),#5390,.T.);
#5493=ADVANCED_FACE('',(#428),#149,.F.);
#5494=ADVANCED_FACE('',(#429),#127,.F.);
#5495=ADVANCED_FACE('',(#430),#117,.T.);
#5496=ADVANCED_FACE('',(#431),#128,.F.);
#5497=ADVANCED_FACE('',(#432),#118,.T.);
#5498=ADVANCED_FACE('',(#433),#119,.T.);
#5499=ADVANCED_FACE('',(#434),#5391,.T.);
#5500=ADVANCED_FACE('',(#435),#129,.F.);
#5501=ADVANCED_FACE('',(#436),#120,.T.);
#5502=ADVANCED_FACE('',(#437),#130,.F.);
#5503=ADVANCED_FACE('',(#438),#121,.T.);
#5504=ADVANCED_FACE('',(#439),#122,.T.);
#5505=ADVANCED_FACE('',(#440),#5392,.T.);
#5506=ADVANCED_FACE('',(#441),#131,.T.);
#5507=ADVANCED_FACE('',(#442),#132,.T.);
#5508=ADVANCED_FACE('',(#443,#94),#150,.T.);
#5509=ADVANCED_FACE('',(#444),#372,.T.);
#5510=ADVANCED_FACE('',(#445),#151,.T.);
#5511=ADVANCED_FACE('',(#446),#152,.T.);
#5512=ADVANCED_FACE('',(#447),#153,.T.);
#5513=ADVANCED_FACE('',(#448),#154,.T.);
#5514=ADVANCED_FACE('',(#449),#155,.T.);
#5515=ADVANCED_FACE('',(#450),#156,.T.);
#5516=ADVANCED_FACE('',(#451),#157,.T.);
#5517=ADVANCED_FACE('',(#452),#158,.T.);
#5518=ADVANCED_FACE('',(#453,#95),#159,.T.);
#5519=ADVANCED_FACE('',(#454,#96),#160,.T.);
#5520=ADVANCED_FACE('',(#455),#161,.T.);
#5521=ADVANCED_FACE('',(#456),#162,.T.);
#5522=ADVANCED_FACE('',(#457),#163,.T.);
#5523=ADVANCED_FACE('',(#458),#164,.T.);
#5524=ADVANCED_FACE('',(#459),#165,.T.);
#5525=ADVANCED_FACE('',(#460),#166,.T.);
#5526=ADVANCED_FACE('',(#461),#167,.T.);
#5527=ADVANCED_FACE('',(#462),#168,.T.);
#5528=ADVANCED_FACE('',(#463),#169,.T.);
#5529=ADVANCED_FACE('',(#464),#170,.T.);
#5530=ADVANCED_FACE('',(#465),#171,.T.);
#5531=ADVANCED_FACE('',(#466),#172,.T.);
#5532=ADVANCED_FACE('',(#467),#5393,.T.);
#5533=ADVANCED_FACE('',(#468),#173,.T.);
#5534=ADVANCED_FACE('',(#469,#97),#174,.T.);
#5535=ADVANCED_FACE('',(#470),#5394,.T.);
#5536=ADVANCED_FACE('',(#471),#175,.T.);
#5537=ADVANCED_FACE('',(#472),#5395,.T.);
#5538=ADVANCED_FACE('',(#473),#176,.T.);
#5539=ADVANCED_FACE('',(#474),#5396,.T.);
#5540=ADVANCED_FACE('',(#475),#5397,.F.);
#5541=ADVANCED_FACE('',(#476),#177,.T.);
#5542=ADVANCED_FACE('',(#477,#98),#178,.F.);
#5543=ADVANCED_FACE('',(#478),#5398,.T.);
#5544=ADVANCED_FACE('',(#479),#179,.T.);
#5545=ADVANCED_FACE('',(#480,#99),#180,.F.);
#5546=ADVANCED_FACE('',(#481),#5399,.T.);
#5547=ADVANCED_FACE('',(#482),#181,.T.);
#5548=ADVANCED_FACE('',(#483),#5400,.T.);
#5549=ADVANCED_FACE('',(#484),#5401,.T.);
#5550=ADVANCED_FACE('',(#485),#182,.T.);
#5551=ADVANCED_FACE('',(#486),#183,.T.);
#5552=ADVANCED_FACE('',(#487),#184,.T.);
#5553=ADVANCED_FACE('',(#488),#185,.T.);
#5554=ADVANCED_FACE('',(#489),#186,.T.);
#5555=ADVANCED_FACE('',(#490),#187,.T.);
#5556=ADVANCED_FACE('',(#491,#100),#188,.T.);
#5557=ADVANCED_FACE('',(#492),#5402,.F.);
#5558=ADVANCED_FACE('',(#493),#5403,.F.);
#5559=ADVANCED_FACE('',(#494),#5404,.F.);
#5560=ADVANCED_FACE('',(#495),#5405,.F.);
#5561=ADVANCED_FACE('',(#496),#189,.T.);
#5562=ADVANCED_FACE('',(#497),#190,.T.);
#5563=ADVANCED_FACE('',(#498),#191,.T.);
#5564=ADVANCED_FACE('',(#499),#192,.F.);
#5565=ADVANCED_FACE('',(#500),#5406,.T.);
#5566=ADVANCED_FACE('',(#501),#193,.T.);
#5567=ADVANCED_FACE('',(#502),#194,.T.);
#5568=ADVANCED_FACE('',(#503),#5407,.T.);
#5569=ADVANCED_FACE('',(#504),#195,.T.);
#5570=ADVANCED_FACE('',(#505,#101),#196,.T.);
#5571=ADVANCED_FACE('',(#506),#5408,.T.);
#5572=ADVANCED_FACE('',(#507,#102),#197,.T.);
#5573=ADVANCED_FACE('',(#508),#198,.T.);
#5574=ADVANCED_FACE('',(#509),#5409,.T.);
#5575=ADVANCED_FACE('',(#510),#5410,.F.);
#5576=ADVANCED_FACE('',(#511),#199,.T.);
#5577=ADVANCED_FACE('',(#512),#200,.T.);
#5578=ADVANCED_FACE('',(#513),#201,.T.);
#5579=ADVANCED_FACE('',(#514),#202,.T.);
#5580=ADVANCED_FACE('',(#515),#203,.T.);
#5581=ADVANCED_FACE('',(#516),#204,.T.);
#5582=ADVANCED_FACE('',(#517),#205,.T.);
#5583=ADVANCED_FACE('',(#518),#206,.T.);
#5584=ADVANCED_FACE('',(#519),#207,.T.);
#5585=ADVANCED_FACE('',(#520),#208,.F.);
#5586=ADVANCED_FACE('',(#521),#5411,.F.);
#5587=ADVANCED_FACE('',(#522),#5412,.F.);
#5588=ADVANCED_FACE('',(#523),#5413,.F.);
#5589=ADVANCED_FACE('',(#524),#5414,.F.);
#5590=ADVANCED_FACE('',(#525),#209,.F.);
#5591=ADVANCED_FACE('',(#526),#210,.F.);
#5592=ADVANCED_FACE('',(#527),#211,.F.);
#5593=ADVANCED_FACE('',(#528),#212,.T.);
#5594=ADVANCED_FACE('',(#529),#5415,.T.);
#5595=ADVANCED_FACE('',(#530),#213,.F.);
#5596=ADVANCED_FACE('',(#531),#214,.F.);
#5597=ADVANCED_FACE('',(#532),#5416,.T.);
#5598=ADVANCED_FACE('',(#533),#215,.F.);
#5599=ADVANCED_FACE('',(#534,#103),#216,.F.);
#5600=ADVANCED_FACE('',(#535),#5417,.T.);
#5601=ADVANCED_FACE('',(#536,#104),#217,.F.);
#5602=ADVANCED_FACE('',(#537),#218,.F.);
#5603=ADVANCED_FACE('',(#538),#5418,.T.);
#5604=ADVANCED_FACE('',(#539),#5419,.F.);
#5605=ADVANCED_FACE('',(#540),#219,.F.);
#5606=ADVANCED_FACE('',(#541),#220,.F.);
#5607=ADVANCED_FACE('',(#542),#221,.F.);
#5608=ADVANCED_FACE('',(#543),#222,.F.);
#5609=ADVANCED_FACE('',(#544),#223,.F.);
#5610=ADVANCED_FACE('',(#545),#224,.F.);
#5611=ADVANCED_FACE('',(#546),#225,.F.);
#5612=ADVANCED_FACE('',(#547),#226,.F.);
#5613=ADVANCED_FACE('',(#548),#227,.F.);
#5614=ADVANCED_FACE('',(#549),#228,.T.);
#5615=ADVANCED_FACE('',(#550),#5420,.F.);
#5616=ADVANCED_FACE('',(#551),#5421,.F.);
#5617=ADVANCED_FACE('',(#552),#5422,.F.);
#5618=ADVANCED_FACE('',(#553),#5423,.F.);
#5619=ADVANCED_FACE('',(#554),#229,.F.);
#5620=ADVANCED_FACE('',(#555),#230,.F.);
#5621=ADVANCED_FACE('',(#556),#231,.F.);
#5622=ADVANCED_FACE('',(#557),#232,.T.);
#5623=ADVANCED_FACE('',(#558),#5424,.T.);
#5624=ADVANCED_FACE('',(#559),#233,.F.);
#5625=ADVANCED_FACE('',(#560),#234,.F.);
#5626=ADVANCED_FACE('',(#561),#5425,.T.);
#5627=ADVANCED_FACE('',(#562),#235,.F.);
#5628=ADVANCED_FACE('',(#563,#105),#236,.F.);
#5629=ADVANCED_FACE('',(#564),#5426,.T.);
#5630=ADVANCED_FACE('',(#565,#106),#237,.F.);
#5631=ADVANCED_FACE('',(#566),#238,.F.);
#5632=ADVANCED_FACE('',(#567),#5427,.T.);
#5633=ADVANCED_FACE('',(#568),#5428,.F.);
#5634=ADVANCED_FACE('',(#569),#239,.F.);
#5635=ADVANCED_FACE('',(#570),#240,.F.);
#5636=ADVANCED_FACE('',(#571),#241,.F.);
#5637=ADVANCED_FACE('',(#572),#242,.F.);
#5638=ADVANCED_FACE('',(#573),#243,.F.);
#5639=ADVANCED_FACE('',(#574),#244,.F.);
#5640=ADVANCED_FACE('',(#575),#245,.F.);
#5641=ADVANCED_FACE('',(#576),#246,.F.);
#5642=ADVANCED_FACE('',(#577),#247,.F.);
#5643=ADVANCED_FACE('',(#578),#248,.T.);
#5644=ADVANCED_FACE('',(#579),#5429,.F.);
#5645=ADVANCED_FACE('',(#580),#5430,.F.);
#5646=ADVANCED_FACE('',(#581),#5431,.F.);
#5647=ADVANCED_FACE('',(#582),#5432,.F.);
#5648=ADVANCED_FACE('',(#583),#249,.T.);
#5649=ADVANCED_FACE('',(#584),#250,.T.);
#5650=ADVANCED_FACE('',(#585),#251,.T.);
#5651=ADVANCED_FACE('',(#586),#252,.F.);
#5652=ADVANCED_FACE('',(#587),#5433,.T.);
#5653=ADVANCED_FACE('',(#588),#253,.T.);
#5654=ADVANCED_FACE('',(#589),#254,.T.);
#5655=ADVANCED_FACE('',(#590),#5434,.T.);
#5656=ADVANCED_FACE('',(#591),#255,.T.);
#5657=ADVANCED_FACE('',(#592,#107),#256,.T.);
#5658=ADVANCED_FACE('',(#593),#5435,.T.);
#5659=ADVANCED_FACE('',(#594,#108),#257,.T.);
#5660=ADVANCED_FACE('',(#595),#258,.T.);
#5661=ADVANCED_FACE('',(#596),#5436,.T.);
#5662=ADVANCED_FACE('',(#597),#5437,.F.);
#5663=ADVANCED_FACE('',(#598),#259,.T.);
#5664=ADVANCED_FACE('',(#599),#260,.T.);
#5665=ADVANCED_FACE('',(#600),#261,.T.);
#5666=ADVANCED_FACE('',(#601),#262,.T.);
#5667=ADVANCED_FACE('',(#602),#263,.T.);
#5668=ADVANCED_FACE('',(#603),#264,.T.);
#5669=ADVANCED_FACE('',(#604),#265,.T.);
#5670=ADVANCED_FACE('',(#605),#266,.T.);
#5671=ADVANCED_FACE('',(#606),#267,.T.);
#5672=ADVANCED_FACE('',(#607),#268,.F.);
#5673=ADVANCED_FACE('',(#608),#269,.F.);
#5674=ADVANCED_FACE('',(#609),#270,.F.);
#5675=ADVANCED_FACE('',(#610),#271,.F.);
#5676=ADVANCED_FACE('',(#611),#272,.F.);
#5677=ADVANCED_FACE('',(#612),#273,.T.);
#5678=ADVANCED_FACE('',(#613),#274,.T.);
#5679=ADVANCED_FACE('',(#614),#275,.T.);
#5680=ADVANCED_FACE('',(#615),#276,.T.);
#5681=ADVANCED_FACE('',(#616),#277,.T.);
#5682=ADVANCED_FACE('',(#617),#278,.T.);
#5683=ADVANCED_FACE('',(#618),#279,.T.);
#5684=ADVANCED_FACE('',(#619),#280,.T.);
#5685=ADVANCED_FACE('',(#620),#281,.F.);
#5686=ADVANCED_FACE('',(#621),#282,.F.);
#5687=ADVANCED_FACE('',(#622),#283,.F.);
#5688=ADVANCED_FACE('',(#623),#284,.F.);
#5689=ADVANCED_FACE('',(#624),#285,.T.);
#5690=ADVANCED_FACE('',(#625),#286,.T.);
#5691=ADVANCED_FACE('',(#626),#287,.T.);
#5692=ADVANCED_FACE('',(#627),#288,.T.);
#5693=ADVANCED_FACE('',(#628),#289,.T.);
#5694=ADVANCED_FACE('',(#629),#290,.T.);
#5695=ADVANCED_FACE('',(#630),#291,.T.);
#5696=ADVANCED_FACE('',(#631),#292,.T.);
#5697=ADVANCED_FACE('',(#632),#293,.T.);
#5698=ADVANCED_FACE('',(#633),#294,.T.);
#5699=ADVANCED_FACE('',(#634),#295,.T.);
#5700=ADVANCED_FACE('',(#635),#296,.T.);
#5701=ADVANCED_FACE('',(#636),#297,.F.);
#5702=ADVANCED_FACE('',(#637),#298,.F.);
#5703=ADVANCED_FACE('',(#638),#299,.F.);
#5704=ADVANCED_FACE('',(#639),#300,.F.);
#5705=ADVANCED_FACE('',(#640),#301,.F.);
#5706=ADVANCED_FACE('',(#641),#302,.F.);
#5707=ADVANCED_FACE('',(#642),#303,.F.);
#5708=ADVANCED_FACE('',(#643),#304,.F.);
#5709=ADVANCED_FACE('',(#644),#305,.T.);
#5710=ADVANCED_FACE('',(#645),#306,.T.);
#5711=ADVANCED_FACE('',(#646),#307,.T.);
#5712=ADVANCED_FACE('',(#647),#308,.T.);
#5713=ADVANCED_FACE('',(#648),#309,.F.);
#5714=ADVANCED_FACE('',(#649),#310,.F.);
#5715=ADVANCED_FACE('',(#650),#311,.F.);
#5716=ADVANCED_FACE('',(#651),#312,.F.);
#5717=ADVANCED_FACE('',(#652),#313,.F.);
#5718=ADVANCED_FACE('',(#653),#314,.F.);
#5719=ADVANCED_FACE('',(#654),#315,.F.);
#5720=ADVANCED_FACE('',(#655),#316,.F.);
#5721=ADVANCED_FACE('',(#656),#317,.T.);
#5722=ADVANCED_FACE('',(#657),#318,.T.);
#5723=ADVANCED_FACE('',(#658),#319,.T.);
#5724=ADVANCED_FACE('',(#659),#320,.T.);
#5725=ADVANCED_FACE('',(#660),#321,.F.);
#5726=ADVANCED_FACE('',(#661),#322,.F.);
#5727=ADVANCED_FACE('',(#662),#323,.F.);
#5728=ADVANCED_FACE('',(#663),#324,.F.);
#5729=ADVANCED_FACE('',(#664),#325,.F.);
#5730=ADVANCED_FACE('',(#665),#326,.F.);
#5731=ADVANCED_FACE('',(#666),#327,.F.);
#5732=ADVANCED_FACE('',(#667),#328,.F.);
#5733=ADVANCED_FACE('',(#668),#329,.F.);
#5734=ADVANCED_FACE('',(#669),#330,.F.);
#5735=ADVANCED_FACE('',(#670),#331,.F.);
#5736=ADVANCED_FACE('',(#671),#332,.F.);
#5737=ADVANCED_FACE('',(#672),#333,.T.);
#5738=ADVANCED_FACE('',(#673),#334,.T.);
#5739=ADVANCED_FACE('',(#674),#335,.T.);
#5740=ADVANCED_FACE('',(#675),#336,.T.);
#5741=ADVANCED_FACE('',(#676),#337,.T.);
#5742=ADVANCED_FACE('',(#677),#338,.T.);
#5743=ADVANCED_FACE('',(#678),#339,.T.);
#5744=ADVANCED_FACE('',(#679),#340,.T.);
#5745=ADVANCED_FACE('',(#680),#341,.T.);
#5746=ADVANCED_FACE('',(#681),#342,.T.);
#5747=ADVANCED_FACE('',(#682),#343,.T.);
#5748=ADVANCED_FACE('',(#683),#344,.T.);
#5749=ADVANCED_FACE('',(#684),#345,.F.);
#5750=ADVANCED_FACE('',(#685),#346,.F.);
#5751=ADVANCED_FACE('',(#686),#347,.F.);
#5752=ADVANCED_FACE('',(#687),#348,.F.);
#5753=ADVANCED_FACE('',(#688),#349,.F.);
#5754=ADVANCED_FACE('',(#689),#350,.F.);
#5755=ADVANCED_FACE('',(#690),#351,.F.);
#5756=ADVANCED_FACE('',(#691),#352,.F.);
#5757=ADVANCED_FACE('',(#692),#353,.F.);
#5758=ADVANCED_FACE('',(#693),#354,.F.);
#5759=ADVANCED_FACE('',(#694),#355,.F.);
#5760=ADVANCED_FACE('',(#695),#356,.F.);
#5761=ADVANCED_FACE('',(#696),#357,.T.);
#5762=ADVANCED_FACE('',(#697),#358,.T.);
#5763=ADVANCED_FACE('',(#698),#359,.T.);
#5764=ADVANCED_FACE('',(#699),#360,.T.);
#5765=ADVANCED_FACE('',(#700),#361,.T.);
#5766=ADVANCED_FACE('',(#701),#362,.T.);
#5767=ADVANCED_FACE('',(#702),#363,.T.);
#5768=ADVANCED_FACE('',(#703),#364,.T.);
#5769=CLOSED_SHELL('',(#5438,#5439,#5440,#5441,#5442,#5443,#5444,#5445,
#5446,#5447,#5448,#5449,#5450,#5451,#5452,#5453,#5454,#5455,#5456,#5457,
#5458,#5459,#5460,#5461,#5462,#5463,#5464,#5465,#5466,#5467,#5468,#5469,
#5470,#5471,#5472,#5473,#5474,#5475,#5476,#5477,#5478,#5479,#5480,#5481,
#5482,#5483,#5484,#5485,#5486,#5487,#5488,#5489,#5490,#5491,#5492,#5493,
#5494,#5495,#5496,#5497,#5498,#5499,#5500,#5501,#5502,#5503,#5504,#5505,
#5506,#5507,#5508,#5509));
#5770=CLOSED_SHELL('',(#5510,#5511,#5512,#5513,#5514,#5515,#5516,#5517,
#5518,#5519));
#5771=CLOSED_SHELL('',(#5520,#5521,#5522,#5523,#5524,#5525));
#5772=CLOSED_SHELL('',(#5526,#5527,#5528,#5529,#5530,#5531));
#5773=CLOSED_SHELL('',(#5532,#5533,#5534,#5535,#5536,#5537,#5538,#5539,
#5540,#5541,#5542));
#5774=CLOSED_SHELL('',(#5543,#5544,#5545,#5546,#5547,#5548,#5549,#5550,
#5551,#5552,#5553,#5554,#5555,#5556));
#5775=CLOSED_SHELL('',(#5557,#5558,#5559,#5560,#5561,#5562,#5563,#5564,
#5565,#5566,#5567,#5568,#5569,#5570,#5571,#5572,#5573,#5574,#5575,#5576,
#5577,#5578,#5579));
#5776=CLOSED_SHELL('',(#5580,#5581,#5582,#5583,#5584,#5585));
#5777=CLOSED_SHELL('',(#5586,#5587,#5588,#5589,#5590,#5591,#5592,#5593,
#5594,#5595,#5596,#5597,#5598,#5599,#5600,#5601,#5602,#5603,#5604,#5605,
#5606,#5607,#5608));
#5778=CLOSED_SHELL('',(#5609,#5610,#5611,#5612,#5613,#5614));
#5779=CLOSED_SHELL('',(#5615,#5616,#5617,#5618,#5619,#5620,#5621,#5622,
#5623,#5624,#5625,#5626,#5627,#5628,#5629,#5630,#5631,#5632,#5633,#5634,
#5635,#5636,#5637));
#5780=CLOSED_SHELL('',(#5638,#5639,#5640,#5641,#5642,#5643));
#5781=CLOSED_SHELL('',(#5644,#5645,#5646,#5647,#5648,#5649,#5650,#5651,
#5652,#5653,#5654,#5655,#5656,#5657,#5658,#5659,#5660,#5661,#5662,#5663,
#5664,#5665,#5666));
#5782=CLOSED_SHELL('',(#5667,#5668,#5669,#5670,#5671,#5672));
#5783=CLOSED_SHELL('',(#5673,#5674,#5675,#5676,#5677,#5678,#5679,#5680,
#5681,#5682,#5683,#5684));
#5784=CLOSED_SHELL('',(#5685,#5686,#5687,#5688,#5689,#5690,#5691,#5692,
#5693,#5694,#5695,#5696));
#5785=CLOSED_SHELL('',(#5697,#5698,#5699,#5700,#5701,#5702,#5703,#5704,
#5705,#5706,#5707,#5708));
#5786=CLOSED_SHELL('',(#5709,#5710,#5711,#5712,#5713,#5714,#5715,#5716,
#5717,#5718,#5719,#5720));
#5787=CLOSED_SHELL('',(#5721,#5722,#5723,#5724,#5725,#5726,#5727,#5728,
#5729,#5730,#5731,#5732));
#5788=CLOSED_SHELL('',(#5733,#5734,#5735,#5736,#5737,#5738,#5739,#5740,
#5741,#5742,#5743,#5744));
#5789=CLOSED_SHELL('',(#5745,#5746,#5747,#5748,#5749,#5750,#5751,#5752,
#5753,#5754,#5755,#5756));
#5790=CLOSED_SHELL('',(#5757,#5758,#5759,#5760,#5761,#5762,#5763,#5764,
#5765,#5766,#5767,#5768));
#5791=DERIVED_UNIT_ELEMENT(#5793,1.);
#5792=DERIVED_UNIT_ELEMENT(#10945,-3.);
#5793=(
MASS_UNIT()
NAMED_UNIT(*)
SI_UNIT(.KILO.,.GRAM.)
);
#5794=DERIVED_UNIT((#5791,#5792));
#5795=MEASURE_REPRESENTATION_ITEM('density measure',
POSITIVE_RATIO_MEASURE(7850.),#5794);
#5796=PROPERTY_DEFINITION_REPRESENTATION(#5801,#5798);
#5797=PROPERTY_DEFINITION_REPRESENTATION(#5802,#5799);
#5798=REPRESENTATION('material name',(#5800),#10942);
#5799=REPRESENTATION('density',(#5795),#10942);
#5800=DESCRIPTIVE_REPRESENTATION_ITEM('Steel','Steel');
#5801=PROPERTY_DEFINITION('material property','material name',#10960);
#5802=PROPERTY_DEFINITION('material property','density of part',#10960);
#5803=AXIS2_PLACEMENT_3D('',#7848,#6287,#6288);
#5804=AXIS2_PLACEMENT_3D('',#7849,#6289,#6290);
#5805=AXIS2_PLACEMENT_3D('',#7850,#6291,#6292);
#5806=AXIS2_PLACEMENT_3D('',#7880,#6294,#6295);
#5807=AXIS2_PLACEMENT_3D('',#7909,#6296,#6297);
#5808=AXIS2_PLACEMENT_3D('',#7985,#6299,#6300);
#5809=AXIS2_PLACEMENT_3D('',#8061,#6302,#6303);
#5810=AXIS2_PLACEMENT_3D('',#8083,#6305,#6306);
#5811=AXIS2_PLACEMENT_3D('',#8104,#6307,#6308);
#5812=AXIS2_PLACEMENT_3D('',#8109,#6310,#6311);
#5813=AXIS2_PLACEMENT_3D('',#8118,#6312,#6313);
#5814=AXIS2_PLACEMENT_3D('',#8194,#6315,#6316);
#5815=AXIS2_PLACEMENT_3D('',#8270,#6318,#6319);
#5816=AXIS2_PLACEMENT_3D('',#8346,#6321,#6322);
#5817=AXIS2_PLACEMENT_3D('',#8424,#6324,#6325);
#5818=AXIS2_PLACEMENT_3D('',#8438,#6327,#6328);
#5819=AXIS2_PLACEMENT_3D('',#8453,#6329,#6330);
#5820=AXIS2_PLACEMENT_3D('',#8469,#6332,#6333);
#5821=AXIS2_PLACEMENT_3D('',#8520,#6335,#6336);
#5822=AXIS2_PLACEMENT_3D('',#8521,#6337,#6338);
#5823=AXIS2_PLACEMENT_3D('',#8524,#6339,#6340);
#5824=AXIS2_PLACEMENT_3D('',#8525,#6341,#6342);
#5825=AXIS2_PLACEMENT_3D('',#8528,#6344,#6345);
#5826=AXIS2_PLACEMENT_3D('',#8529,#6346,#6347);
#5827=AXIS2_PLACEMENT_3D('',#8531,#6348,#6349);
#5828=AXIS2_PLACEMENT_3D('',#8540,#6350,#6351);
#5829=AXIS2_PLACEMENT_3D('',#8551,#6352,#6353);
#5830=AXIS2_PLACEMENT_3D('',#8592,#6354,#6355);
#5831=AXIS2_PLACEMENT_3D('',#8596,#6357,#6358);
#5832=AXIS2_PLACEMENT_3D('',#8611,#6359,#6360);
#5833=AXIS2_PLACEMENT_3D('',#8626,#6361,#6362);
#5834=AXIS2_PLACEMENT_3D('',#8641,#6363,#6364);
#5835=AXIS2_PLACEMENT_3D('',#8655,#6365,#6366);
#5836=AXIS2_PLACEMENT_3D('',#8656,#6367,#6368);
#5837=AXIS2_PLACEMENT_3D('',#8729,#6369,#6370);
#5838=AXIS2_PLACEMENT_3D('',#8802,#6371,#6372);
#5839=AXIS2_PLACEMENT_3D('',#8813,#6375,#6376);
#5840=AXIS2_PLACEMENT_3D('',#8815,#6377,#6378);
#5841=AXIS2_PLACEMENT_3D('',#8817,#6379,#6380);
#5842=AXIS2_PLACEMENT_3D('',#8819,#6381,#6382);
#5843=AXIS2_PLACEMENT_3D('',#8820,#6383,#6384);
#5844=AXIS2_PLACEMENT_3D('',#8821,#6385,#6386);
#5845=AXIS2_PLACEMENT_3D('',#8830,#6388,#6389);
#5846=AXIS2_PLACEMENT_3D('',#8832,#6390,#6391);
#5847=AXIS2_PLACEMENT_3D('',#8834,#6392,#6393);
#5848=AXIS2_PLACEMENT_3D('',#8836,#6394,#6395);
#5849=AXIS2_PLACEMENT_3D('',#8838,#6396,#6397);
#5850=AXIS2_PLACEMENT_3D('',#8840,#6399,#6400);
#5851=AXIS2_PLACEMENT_3D('',#8846,#6404,#6405);
#5852=AXIS2_PLACEMENT_3D('',#8850,#6407,#6408);
#5853=AXIS2_PLACEMENT_3D('',#8851,#6409,#6410);
#5854=AXIS2_PLACEMENT_3D('',#8852,#6411,#6412);
#5855=AXIS2_PLACEMENT_3D('',#8856,#6414,#6415);
#5856=AXIS2_PLACEMENT_3D('',#8857,#6416,#6417);
#5857=AXIS2_PLACEMENT_3D('',#8858,#6418,#6419);
#5858=AXIS2_PLACEMENT_3D('',#8862,#6421,#6422);
#5859=AXIS2_PLACEMENT_3D('',#8863,#6423,#6424);
#5860=AXIS2_PLACEMENT_3D('',#8864,#6425,#6426);
#5861=AXIS2_PLACEMENT_3D('',#8868,#6428,#6429);
#5862=AXIS2_PLACEMENT_3D('',#8869,#6430,#6431);
#5863=AXIS2_PLACEMENT_3D('',#8870,#6432,#6433);
#5864=AXIS2_PLACEMENT_3D('',#8874,#6435,#6436);
#5865=AXIS2_PLACEMENT_3D('',#8875,#6437,#6438);
#5866=AXIS2_PLACEMENT_3D('',#8876,#6439,#6440);
#5867=AXIS2_PLACEMENT_3D('',#8886,#6446,#6447);
#5868=AXIS2_PLACEMENT_3D('',#8903,#6448,#6449);
#5869=AXIS2_PLACEMENT_3D('',#8919,#6450,#6451);
#5870=AXIS2_PLACEMENT_3D('',#8920,#6452,#6453);
#5871=AXIS2_PLACEMENT_3D('',#8921,#6454,#6455);
#5872=AXIS2_PLACEMENT_3D('',#8931,#6456,#6457);
#5873=AXIS2_PLACEMENT_3D('',#8932,#6458,#6459);
#5874=AXIS2_PLACEMENT_3D('',#8933,#6460,#6461);
#5875=AXIS2_PLACEMENT_3D('',#8934,#6462,#6463);
#5876=AXIS2_PLACEMENT_3D('',#8935,#6464,#6465);
#5877=AXIS2_PLACEMENT_3D('',#8936,#6466,#6467);
#5878=AXIS2_PLACEMENT_3D('',#8941,#6468,#6469);
#5879=AXIS2_PLACEMENT_3D('',#8962,#6470,#6471);
#5880=AXIS2_PLACEMENT_3D('',#8976,#6472,#6473);
#5881=AXIS2_PLACEMENT_3D('',#8977,#6474,#6475);
#5882=AXIS2_PLACEMENT_3D('',#8978,#6476,#6477);
#5883=AXIS2_PLACEMENT_3D('',#8988,#6478,#6479);
#5884=AXIS2_PLACEMENT_3D('',#8989,#6480,#6481);
#5885=AXIS2_PLACEMENT_3D('',#8990,#6482,#6483);
#5886=AXIS2_PLACEMENT_3D('',#8991,#6484,#6485);
#5887=AXIS2_PLACEMENT_3D('',#8992,#6486,#6487);
#5888=AXIS2_PLACEMENT_3D('',#8993,#6488,#6489);
#5889=AXIS2_PLACEMENT_3D('',#8998,#6490,#6491);
#5890=AXIS2_PLACEMENT_3D('',#9000,#6492,#6493);
#5891=AXIS2_PLACEMENT_3D('',#9003,#6495,#6496);
#5892=AXIS2_PLACEMENT_3D('',#9016,#6497,#6498);
#5893=AXIS2_PLACEMENT_3D('',#9018,#6499,#6500);
#5894=AXIS2_PLACEMENT_3D('',#9038,#6502,#6503);
#5895=AXIS2_PLACEMENT_3D('',#9057,#6505,#6506);
#5896=AXIS2_PLACEMENT_3D('',#9058,#6507,#6508);
#5897=AXIS2_PLACEMENT_3D('',#9075,#6509,#6510);
#5898=AXIS2_PLACEMENT_3D('',#9081,#6513,#6514);
#5899=AXIS2_PLACEMENT_3D('',#9083,#6515,#6516);
#5900=AXIS2_PLACEMENT_3D('',#9085,#6517,#6518);
#5901=AXIS2_PLACEMENT_3D('',#9087,#6519,#6520);
#5902=AXIS2_PLACEMENT_3D('',#9088,#6521,#6522);
#5903=AXIS2_PLACEMENT_3D('',#9089,#6523,#6524);
#5904=AXIS2_PLACEMENT_3D('',#9098,#6526,#6527);
#5905=AXIS2_PLACEMENT_3D('',#9100,#6528,#6529);
#5906=AXIS2_PLACEMENT_3D('',#9102,#6530,#6531);
#5907=AXIS2_PLACEMENT_3D('',#9104,#6532,#6533);
#5908=AXIS2_PLACEMENT_3D('',#9106,#6534,#6535);
#5909=AXIS2_PLACEMENT_3D('',#9108,#6537,#6538);
#5910=AXIS2_PLACEMENT_3D('',#9110,#6539,#6540);
#5911=AXIS2_PLACEMENT_3D('',#9112,#6542,#6543);
#5912=AXIS2_PLACEMENT_3D('',#9122,#6545,#6546);
#5913=AXIS2_PLACEMENT_3D('',#9123,#6547,#6548);
#5914=AXIS2_PLACEMENT_3D('',#9129,#6552,#6553);
#5915=AXIS2_PLACEMENT_3D('',#9133,#6555,#6556);
#5916=AXIS2_PLACEMENT_3D('',#9134,#6557,#6558);
#5917=AXIS2_PLACEMENT_3D('',#9135,#6559,#6560);
#5918=AXIS2_PLACEMENT_3D('',#9139,#6562,#6563);
#5919=AXIS2_PLACEMENT_3D('',#9140,#6564,#6565);
#5920=AXIS2_PLACEMENT_3D('',#9141,#6566,#6567);
#5921=AXIS2_PLACEMENT_3D('',#9145,#6569,#6570);
#5922=AXIS2_PLACEMENT_3D('',#9146,#6571,#6572);
#5923=AXIS2_PLACEMENT_3D('',#9147,#6573,#6574);
#5924=AXIS2_PLACEMENT_3D('',#9151,#6576,#6577);
#5925=AXIS2_PLACEMENT_3D('',#9152,#6578,#6579);
#5926=AXIS2_PLACEMENT_3D('',#9153,#6580,#6581);
#5927=AXIS2_PLACEMENT_3D('',#9155,#6583,#6584);
#5928=AXIS2_PLACEMENT_3D('',#9156,#6585,#6586);
#5929=AXIS2_PLACEMENT_3D('',#9157,#6587,#6588);
#5930=AXIS2_PLACEMENT_3D('',#9167,#6589,#6590);
#5931=AXIS2_PLACEMENT_3D('',#9168,#6591,#6592);
#5932=AXIS2_PLACEMENT_3D('',#9169,#6593,#6594);
#5933=AXIS2_PLACEMENT_3D('',#9179,#6595,#6596);
#5934=AXIS2_PLACEMENT_3D('',#9180,#6597,#6598);
#5935=AXIS2_PLACEMENT_3D('',#9181,#6599,#6600);
#5936=AXIS2_PLACEMENT_3D('',#9182,#6601,#6602);
#5937=AXIS2_PLACEMENT_3D('',#9183,#6603,#6604);
#5938=AXIS2_PLACEMENT_3D('',#9184,#6605,#6606);
#5939=AXIS2_PLACEMENT_3D('',#9194,#6607,#6608);
#5940=AXIS2_PLACEMENT_3D('',#9195,#6609,#6610);
#5941=AXIS2_PLACEMENT_3D('',#9196,#6611,#6612);
#5942=AXIS2_PLACEMENT_3D('',#9206,#6613,#6614);
#5943=AXIS2_PLACEMENT_3D('',#9207,#6615,#6616);
#5944=AXIS2_PLACEMENT_3D('',#9208,#6617,#6618);
#5945=AXIS2_PLACEMENT_3D('',#9209,#6619,#6620);
#5946=AXIS2_PLACEMENT_3D('',#9210,#6621,#6622);
#5947=AXIS2_PLACEMENT_3D('',#9211,#6623,#6624);
#5948=AXIS2_PLACEMENT_3D('',#9652,#6625,#6626);
#5949=AXIS2_PLACEMENT_3D('',#9653,#6627,#6628);
#5950=AXIS2_PLACEMENT_3D('',#9654,#6629,#6630);
#5951=AXIS2_PLACEMENT_3D('',#9663,#6635,#6636);
#5952=AXIS2_PLACEMENT_3D('',#9669,#6640,#6641);
#5953=AXIS2_PLACEMENT_3D('',#9675,#6645,#6646);
#5954=AXIS2_PLACEMENT_3D('',#9678,#6649,#6650);
#5955=AXIS2_PLACEMENT_3D('',#9687,#6655,#6656);
#5956=AXIS2_PLACEMENT_3D('',#9693,#6660,#6661);
#5957=AXIS2_PLACEMENT_3D('',#9699,#6665,#6666);
#5958=AXIS2_PLACEMENT_3D('',#9702,#6669,#6670);
#5959=AXIS2_PLACEMENT_3D('',#9703,#6671,#6672);
#5960=AXIS2_PLACEMENT_3D('',#9704,#6673,#6674);
#5961=AXIS2_PLACEMENT_3D('',#9713,#6679,#6680);
#5962=AXIS2_PLACEMENT_3D('',#9719,#6684,#6685);
#5963=AXIS2_PLACEMENT_3D('',#9725,#6689,#6690);
#5964=AXIS2_PLACEMENT_3D('',#9728,#6693,#6694);
#5965=AXIS2_PLACEMENT_3D('',#9729,#6695,#6696);
#5966=AXIS2_PLACEMENT_3D('',#9730,#6697,#6698);
#5967=AXIS2_PLACEMENT_3D('',#9739,#6703,#6704);
#5968=AXIS2_PLACEMENT_3D('',#9745,#6708,#6709);
#5969=AXIS2_PLACEMENT_3D('',#9751,#6713,#6714);
#5970=AXIS2_PLACEMENT_3D('',#9754,#6717,#6718);
#5971=AXIS2_PLACEMENT_3D('',#9755,#6719,#6720);
#5972=AXIS2_PLACEMENT_3D('',#9756,#6721,#6722);
#5973=AXIS2_PLACEMENT_3D('',#9759,#6723,#6724);
#5974=AXIS2_PLACEMENT_3D('',#9763,#6726,#6727);
#5975=AXIS2_PLACEMENT_3D('',#9765,#6729,#6730);
#5976=AXIS2_PLACEMENT_3D('',#9771,#6734,#6735);
#5977=AXIS2_PLACEMENT_3D('',#9775,#6737,#6738);
#5978=AXIS2_PLACEMENT_3D('',#9779,#6740,#6741);
#5979=AXIS2_PLACEMENT_3D('',#9782,#6743,#6744);
#5980=AXIS2_PLACEMENT_3D('',#9784,#6745,#6746);
#5981=AXIS2_PLACEMENT_3D('',#9785,#6747,#6748);
#5982=AXIS2_PLACEMENT_3D('',#9788,#6750,#6751);
#5983=AXIS2_PLACEMENT_3D('',#9789,#6752,#6753);
#5984=AXIS2_PLACEMENT_3D('',#9793,#6756,#6757);
#5985=AXIS2_PLACEMENT_3D('',#9796,#6759,#6760);
#5986=AXIS2_PLACEMENT_3D('',#9797,#6761,#6762);
#5987=AXIS2_PLACEMENT_3D('',#9801,#6765,#6766);
#5988=AXIS2_PLACEMENT_3D('',#9804,#6768,#6769);
#5989=AXIS2_PLACEMENT_3D('',#9805,#6770,#6771);
#5990=AXIS2_PLACEMENT_3D('',#9808,#6773,#6774);
#5991=AXIS2_PLACEMENT_3D('',#9809,#6775,#6776);
#5992=AXIS2_PLACEMENT_3D('',#9811,#6778,#6779);
#5993=AXIS2_PLACEMENT_3D('',#9812,#6780,#6781);
#5994=AXIS2_PLACEMENT_3D('',#9815,#6782,#6783);
#5995=AXIS2_PLACEMENT_3D('',#9819,#6785,#6786);
#5996=AXIS2_PLACEMENT_3D('',#9821,#6788,#6789);
#5997=AXIS2_PLACEMENT_3D('',#9827,#6793,#6794);
#5998=AXIS2_PLACEMENT_3D('',#9831,#6796,#6797);
#5999=AXIS2_PLACEMENT_3D('',#9835,#6799,#6800);
#6000=AXIS2_PLACEMENT_3D('',#9838,#6802,#6803);
#6001=AXIS2_PLACEMENT_3D('',#9847,#6808,#6809);
#6002=AXIS2_PLACEMENT_3D('',#9850,#6810,#6811);
#6003=AXIS2_PLACEMENT_3D('',#9853,#6814,#6815);
#6004=AXIS2_PLACEMENT_3D('',#9857,#6818,#6819);
#6005=AXIS2_PLACEMENT_3D('',#9859,#6820,#6821);
#6006=AXIS2_PLACEMENT_3D('',#9861,#6823,#6824);
#6007=AXIS2_PLACEMENT_3D('',#9863,#6825,#6826);
#6008=AXIS2_PLACEMENT_3D('',#9865,#6828,#6829);
#6009=AXIS2_PLACEMENT_3D('',#9871,#6833,#6834);
#6010=AXIS2_PLACEMENT_3D('',#9875,#6837,#6838);
#6011=AXIS2_PLACEMENT_3D('',#9879,#6841,#6842);
#6012=AXIS2_PLACEMENT_3D('',#9881,#6844,#6845);
#6013=AXIS2_PLACEMENT_3D('',#9883,#6847,#6848);
#6014=AXIS2_PLACEMENT_3D('',#9885,#6850,#6851);
#6015=AXIS2_PLACEMENT_3D('',#9886,#6852,#6853);
#6016=AXIS2_PLACEMENT_3D('',#9891,#6855,#6856);
#6017=AXIS2_PLACEMENT_3D('',#9894,#6858,#6859);
#6018=AXIS2_PLACEMENT_3D('',#9895,#6860,#6861);
#6019=AXIS2_PLACEMENT_3D('',#9899,#6863,#6864);
#6020=AXIS2_PLACEMENT_3D('',#9901,#6866,#6867);
#6021=AXIS2_PLACEMENT_3D('',#9905,#6869,#6870);
#6022=AXIS2_PLACEMENT_3D('',#9907,#6872,#6873);
#6023=AXIS2_PLACEMENT_3D('',#9910,#6876,#6877);
#6024=AXIS2_PLACEMENT_3D('',#9916,#6881,#6882);
#6025=AXIS2_PLACEMENT_3D('',#9920,#6885,#6886);
#6026=AXIS2_PLACEMENT_3D('',#9924,#6888,#6889);
#6027=AXIS2_PLACEMENT_3D('',#9928,#6891,#6892);
#6028=AXIS2_PLACEMENT_3D('',#9930,#6894,#6895);
#6029=AXIS2_PLACEMENT_3D('',#9942,#6902,#6903);
#6030=AXIS2_PLACEMENT_3D('',#9944,#6904,#6905);
#6031=AXIS2_PLACEMENT_3D('',#9946,#6907,#6908);
#6032=AXIS2_PLACEMENT_3D('',#9950,#6911,#6912);
#6033=AXIS2_PLACEMENT_3D('',#9955,#6915,#6916);
#6034=AXIS2_PLACEMENT_3D('',#9956,#6917,#6918);
#6035=AXIS2_PLACEMENT_3D('',#9958,#6919,#6920);
#6036=AXIS2_PLACEMENT_3D('',#9961,#6922,#6923);
#6037=AXIS2_PLACEMENT_3D('',#9962,#6924,#6925);
#6038=AXIS2_PLACEMENT_3D('',#9968,#6929,#6930);
#6039=AXIS2_PLACEMENT_3D('',#9971,#6932,#6933);
#6040=AXIS2_PLACEMENT_3D('',#9973,#6934,#6935);
#6041=AXIS2_PLACEMENT_3D('',#9974,#6936,#6937);
#6042=AXIS2_PLACEMENT_3D('',#9977,#6939,#6940);
#6043=AXIS2_PLACEMENT_3D('',#9978,#6941,#6942);
#6044=AXIS2_PLACEMENT_3D('',#9983,#6945,#6946);
#6045=AXIS2_PLACEMENT_3D('',#9984,#6947,#6948);
#6046=AXIS2_PLACEMENT_3D('',#9987,#6951,#6952);
#6047=AXIS2_PLACEMENT_3D('',#9988,#6953,#6954);
#6048=AXIS2_PLACEMENT_3D('',#9990,#6956,#6957);
#6049=AXIS2_PLACEMENT_3D('',#9994,#6960,#6961);
#6050=AXIS2_PLACEMENT_3D('',#9996,#6963,#6964);
#6051=AXIS2_PLACEMENT_3D('',#9997,#6965,#6966);
#6052=AXIS2_PLACEMENT_3D('',#9998,#6967,#6968);
#6053=AXIS2_PLACEMENT_3D('',#10007,#6973,#6974);
#6054=AXIS2_PLACEMENT_3D('',#10013,#6978,#6979);
#6055=AXIS2_PLACEMENT_3D('',#10019,#6983,#6984);
#6056=AXIS2_PLACEMENT_3D('',#10022,#6987,#6988);
#6057=AXIS2_PLACEMENT_3D('',#10023,#6989,#6990);
#6058=AXIS2_PLACEMENT_3D('',#10024,#6991,#6992);
#6059=AXIS2_PLACEMENT_3D('',#10029,#6994,#6995);
#6060=AXIS2_PLACEMENT_3D('',#10032,#6997,#6998);
#6061=AXIS2_PLACEMENT_3D('',#10033,#6999,#7000);
#6062=AXIS2_PLACEMENT_3D('',#10038,#7003,#7004);
#6063=AXIS2_PLACEMENT_3D('',#10039,#7005,#7006);
#6064=AXIS2_PLACEMENT_3D('',#10044,#7009,#7010);
#6065=AXIS2_PLACEMENT_3D('',#10045,#7011,#7012);
#6066=AXIS2_PLACEMENT_3D('',#10048,#7015,#7016);
#6067=AXIS2_PLACEMENT_3D('',#10054,#7020,#7021);
#6068=AXIS2_PLACEMENT_3D('',#10058,#7024,#7025);
#6069=AXIS2_PLACEMENT_3D('',#10062,#7027,#7028);
#6070=AXIS2_PLACEMENT_3D('',#10066,#7030,#7031);
#6071=AXIS2_PLACEMENT_3D('',#10068,#7033,#7034);
#6072=AXIS2_PLACEMENT_3D('',#10080,#7041,#7042);
#6073=AXIS2_PLACEMENT_3D('',#10083,#7044,#7045);
#6074=AXIS2_PLACEMENT_3D('',#10084,#7046,#7047);
#6075=AXIS2_PLACEMENT_3D('',#10088,#7050,#7051);
#6076=AXIS2_PLACEMENT_3D('',#10090,#7052,#7053);
#6077=AXIS2_PLACEMENT_3D('',#10094,#7056,#7057);
#6078=AXIS2_PLACEMENT_3D('',#10096,#7058,#7059);
#6079=AXIS2_PLACEMENT_3D('',#10098,#7060,#7061);
#6080=AXIS2_PLACEMENT_3D('',#10100,#7063,#7064);
#6081=AXIS2_PLACEMENT_3D('',#10106,#7068,#7069);
#6082=AXIS2_PLACEMENT_3D('',#10108,#7070,#7071);
#6083=AXIS2_PLACEMENT_3D('',#10111,#7073,#7074);
#6084=AXIS2_PLACEMENT_3D('',#10112,#7075,#7076);
#6085=AXIS2_PLACEMENT_3D('',#10114,#7077,#7078);
#6086=AXIS2_PLACEMENT_3D('',#10116,#7080,#7081);
#6087=AXIS2_PLACEMENT_3D('',#10121,#7084,#7085);
#6088=AXIS2_PLACEMENT_3D('',#10122,#7086,#7087);
#6089=AXIS2_PLACEMENT_3D('',#10125,#7090,#7091);
#6090=AXIS2_PLACEMENT_3D('',#10126,#7092,#7093);
#6091=AXIS2_PLACEMENT_3D('',#10128,#7095,#7096);
#6092=AXIS2_PLACEMENT_3D('',#10132,#7099,#7100);
#6093=AXIS2_PLACEMENT_3D('',#10134,#7102,#7103);
#6094=AXIS2_PLACEMENT_3D('',#10135,#7104,#7105);
#6095=AXIS2_PLACEMENT_3D('',#10136,#7106,#7107);
#6096=AXIS2_PLACEMENT_3D('',#10145,#7112,#7113);
#6097=AXIS2_PLACEMENT_3D('',#10151,#7117,#7118);
#6098=AXIS2_PLACEMENT_3D('',#10157,#7122,#7123);
#6099=AXIS2_PLACEMENT_3D('',#10160,#7126,#7127);
#6100=AXIS2_PLACEMENT_3D('',#10161,#7128,#7129);
#6101=AXIS2_PLACEMENT_3D('',#10162,#7130,#7131);
#6102=AXIS2_PLACEMENT_3D('',#10167,#7133,#7134);
#6103=AXIS2_PLACEMENT_3D('',#10170,#7136,#7137);
#6104=AXIS2_PLACEMENT_3D('',#10171,#7138,#7139);
#6105=AXIS2_PLACEMENT_3D('',#10176,#7142,#7143);
#6106=AXIS2_PLACEMENT_3D('',#10177,#7144,#7145);
#6107=AXIS2_PLACEMENT_3D('',#10182,#7148,#7149);
#6108=AXIS2_PLACEMENT_3D('',#10183,#7150,#7151);
#6109=AXIS2_PLACEMENT_3D('',#10186,#7154,#7155);
#6110=AXIS2_PLACEMENT_3D('',#10192,#7159,#7160);
#6111=AXIS2_PLACEMENT_3D('',#10196,#7163,#7164);
#6112=AXIS2_PLACEMENT_3D('',#10200,#7166,#7167);
#6113=AXIS2_PLACEMENT_3D('',#10204,#7169,#7170);
#6114=AXIS2_PLACEMENT_3D('',#10206,#7172,#7173);
#6115=AXIS2_PLACEMENT_3D('',#10218,#7180,#7181);
#6116=AXIS2_PLACEMENT_3D('',#10221,#7183,#7184);
#6117=AXIS2_PLACEMENT_3D('',#10222,#7185,#7186);
#6118=AXIS2_PLACEMENT_3D('',#10226,#7189,#7190);
#6119=AXIS2_PLACEMENT_3D('',#10228,#7191,#7192);
#6120=AXIS2_PLACEMENT_3D('',#10232,#7195,#7196);
#6121=AXIS2_PLACEMENT_3D('',#10234,#7197,#7198);
#6122=AXIS2_PLACEMENT_3D('',#10236,#7199,#7200);
#6123=AXIS2_PLACEMENT_3D('',#10238,#7202,#7203);
#6124=AXIS2_PLACEMENT_3D('',#10244,#7207,#7208);
#6125=AXIS2_PLACEMENT_3D('',#10246,#7209,#7210);
#6126=AXIS2_PLACEMENT_3D('',#10249,#7212,#7213);
#6127=AXIS2_PLACEMENT_3D('',#10250,#7214,#7215);
#6128=AXIS2_PLACEMENT_3D('',#10252,#7216,#7217);
#6129=AXIS2_PLACEMENT_3D('',#10254,#7219,#7220);
#6130=AXIS2_PLACEMENT_3D('',#10259,#7223,#7224);
#6131=AXIS2_PLACEMENT_3D('',#10260,#7225,#7226);
#6132=AXIS2_PLACEMENT_3D('',#10263,#7229,#7230);
#6133=AXIS2_PLACEMENT_3D('',#10264,#7231,#7232);
#6134=AXIS2_PLACEMENT_3D('',#10266,#7234,#7235);
#6135=AXIS2_PLACEMENT_3D('',#10270,#7238,#7239);
#6136=AXIS2_PLACEMENT_3D('',#10272,#7241,#7242);
#6137=AXIS2_PLACEMENT_3D('',#10273,#7243,#7244);
#6138=AXIS2_PLACEMENT_3D('',#10274,#7245,#7246);
#6139=AXIS2_PLACEMENT_3D('',#10283,#7251,#7252);
#6140=AXIS2_PLACEMENT_3D('',#10289,#7256,#7257);
#6141=AXIS2_PLACEMENT_3D('',#10295,#7261,#7262);
#6142=AXIS2_PLACEMENT_3D('',#10298,#7265,#7266);
#6143=AXIS2_PLACEMENT_3D('',#10299,#7267,#7268);
#6144=AXIS2_PLACEMENT_3D('',#10300,#7269,#7270);
#6145=AXIS2_PLACEMENT_3D('',#10305,#7272,#7273);
#6146=AXIS2_PLACEMENT_3D('',#10308,#7275,#7276);
#6147=AXIS2_PLACEMENT_3D('',#10309,#7277,#7278);
#6148=AXIS2_PLACEMENT_3D('',#10313,#7280,#7281);
#6149=AXIS2_PLACEMENT_3D('',#10315,#7283,#7284);
#6150=AXIS2_PLACEMENT_3D('',#10319,#7286,#7287);
#6151=AXIS2_PLACEMENT_3D('',#10321,#7289,#7290);
#6152=AXIS2_PLACEMENT_3D('',#10324,#7293,#7294);
#6153=AXIS2_PLACEMENT_3D('',#10330,#7298,#7299);
#6154=AXIS2_PLACEMENT_3D('',#10334,#7302,#7303);
#6155=AXIS2_PLACEMENT_3D('',#10338,#7305,#7306);
#6156=AXIS2_PLACEMENT_3D('',#10342,#7308,#7309);
#6157=AXIS2_PLACEMENT_3D('',#10344,#7311,#7312);
#6158=AXIS2_PLACEMENT_3D('',#10356,#7319,#7320);
#6159=AXIS2_PLACEMENT_3D('',#10358,#7321,#7322);
#6160=AXIS2_PLACEMENT_3D('',#10360,#7324,#7325);
#6161=AXIS2_PLACEMENT_3D('',#10364,#7328,#7329);
#6162=AXIS2_PLACEMENT_3D('',#10369,#7332,#7333);
#6163=AXIS2_PLACEMENT_3D('',#10370,#7334,#7335);
#6164=AXIS2_PLACEMENT_3D('',#10372,#7336,#7337);
#6165=AXIS2_PLACEMENT_3D('',#10375,#7339,#7340);
#6166=AXIS2_PLACEMENT_3D('',#10376,#7341,#7342);
#6167=AXIS2_PLACEMENT_3D('',#10382,#7346,#7347);
#6168=AXIS2_PLACEMENT_3D('',#10385,#7349,#7350);
#6169=AXIS2_PLACEMENT_3D('',#10387,#7351,#7352);
#6170=AXIS2_PLACEMENT_3D('',#10388,#7353,#7354);
#6171=AXIS2_PLACEMENT_3D('',#10391,#7356,#7357);
#6172=AXIS2_PLACEMENT_3D('',#10392,#7358,#7359);
#6173=AXIS2_PLACEMENT_3D('',#10397,#7362,#7363);
#6174=AXIS2_PLACEMENT_3D('',#10398,#7364,#7365);
#6175=AXIS2_PLACEMENT_3D('',#10401,#7368,#7369);
#6176=AXIS2_PLACEMENT_3D('',#10402,#7370,#7371);
#6177=AXIS2_PLACEMENT_3D('',#10404,#7373,#7374);
#6178=AXIS2_PLACEMENT_3D('',#10408,#7377,#7378);
#6179=AXIS2_PLACEMENT_3D('',#10410,#7380,#7381);
#6180=AXIS2_PLACEMENT_3D('',#10411,#7382,#7383);
#6181=AXIS2_PLACEMENT_3D('',#10412,#7384,#7385);
#6182=AXIS2_PLACEMENT_3D('',#10421,#7390,#7391);
#6183=AXIS2_PLACEMENT_3D('',#10427,#7395,#7396);
#6184=AXIS2_PLACEMENT_3D('',#10433,#7400,#7401);
#6185=AXIS2_PLACEMENT_3D('',#10436,#7404,#7405);
#6186=AXIS2_PLACEMENT_3D('',#10437,#7406,#7407);
#6187=AXIS2_PLACEMENT_3D('',#10438,#7408,#7409);
#6188=AXIS2_PLACEMENT_3D('',#10449,#7415,#7416);
#6189=AXIS2_PLACEMENT_3D('',#10455,#7420,#7421);
#6190=AXIS2_PLACEMENT_3D('',#10459,#7424,#7425);
#6191=AXIS2_PLACEMENT_3D('',#10465,#7429,#7430);
#6192=AXIS2_PLACEMENT_3D('',#10475,#7436,#7437);
#6193=AXIS2_PLACEMENT_3D('',#10479,#7440,#7441);
#6194=AXIS2_PLACEMENT_3D('',#10483,#7444,#7445);
#6195=AXIS2_PLACEMENT_3D('',#10489,#7449,#7450);
#6196=AXIS2_PLACEMENT_3D('',#10493,#7453,#7454);
#6197=AXIS2_PLACEMENT_3D('',#10497,#7457,#7458);
#6198=AXIS2_PLACEMENT_3D('',#10499,#7460,#7461);
#6199=AXIS2_PLACEMENT_3D('',#10500,#7462,#7463);
#6200=AXIS2_PLACEMENT_3D('',#10511,#7469,#7470);
#6201=AXIS2_PLACEMENT_3D('',#10517,#7474,#7475);
#6202=AXIS2_PLACEMENT_3D('',#10521,#7478,#7479);
#6203=AXIS2_PLACEMENT_3D('',#10527,#7483,#7484);
#6204=AXIS2_PLACEMENT_3D('',#10537,#7490,#7491);
#6205=AXIS2_PLACEMENT_3D('',#10541,#7494,#7495);
#6206=AXIS2_PLACEMENT_3D('',#10545,#7498,#7499);
#6207=AXIS2_PLACEMENT_3D('',#10551,#7503,#7504);
#6208=AXIS2_PLACEMENT_3D('',#10555,#7507,#7508);
#6209=AXIS2_PLACEMENT_3D('',#10559,#7511,#7512);
#6210=AXIS2_PLACEMENT_3D('',#10561,#7514,#7515);
#6211=AXIS2_PLACEMENT_3D('',#10562,#7516,#7517);
#6212=AXIS2_PLACEMENT_3D('',#10573,#7523,#7524);
#6213=AXIS2_PLACEMENT_3D('',#10579,#7528,#7529);
#6214=AXIS2_PLACEMENT_3D('',#10583,#7532,#7533);
#6215=AXIS2_PLACEMENT_3D('',#10589,#7537,#7538);
#6216=AXIS2_PLACEMENT_3D('',#10599,#7544,#7545);
#6217=AXIS2_PLACEMENT_3D('',#10603,#7548,#7549);
#6218=AXIS2_PLACEMENT_3D('',#10607,#7552,#7553);
#6219=AXIS2_PLACEMENT_3D('',#10613,#7557,#7558);
#6220=AXIS2_PLACEMENT_3D('',#10617,#7561,#7562);
#6221=AXIS2_PLACEMENT_3D('',#10621,#7565,#7566);
#6222=AXIS2_PLACEMENT_3D('',#10623,#7568,#7569);
#6223=AXIS2_PLACEMENT_3D('',#10624,#7570,#7571);
#6224=AXIS2_PLACEMENT_3D('',#10635,#7577,#7578);
#6225=AXIS2_PLACEMENT_3D('',#10641,#7582,#7583);
#6226=AXIS2_PLACEMENT_3D('',#10645,#7586,#7587);
#6227=AXIS2_PLACEMENT_3D('',#10651,#7591,#7592);
#6228=AXIS2_PLACEMENT_3D('',#10661,#7598,#7599);
#6229=AXIS2_PLACEMENT_3D('',#10665,#7602,#7603);
#6230=AXIS2_PLACEMENT_3D('',#10669,#7606,#7607);
#6231=AXIS2_PLACEMENT_3D('',#10675,#7611,#7612);
#6232=AXIS2_PLACEMENT_3D('',#10679,#7615,#7616);
#6233=AXIS2_PLACEMENT_3D('',#10683,#7619,#7620);
#6234=AXIS2_PLACEMENT_3D('',#10685,#7622,#7623);
#6235=AXIS2_PLACEMENT_3D('',#10686,#7624,#7625);
#6236=AXIS2_PLACEMENT_3D('',#10697,#7631,#7632);
#6237=AXIS2_PLACEMENT_3D('',#10703,#7636,#7637);
#6238=AXIS2_PLACEMENT_3D('',#10707,#7640,#7641);
#6239=AXIS2_PLACEMENT_3D('',#10713,#7645,#7646);
#6240=AXIS2_PLACEMENT_3D('',#10723,#7652,#7653);
#6241=AXIS2_PLACEMENT_3D('',#10727,#7656,#7657);
#6242=AXIS2_PLACEMENT_3D('',#10731,#7660,#7661);
#6243=AXIS2_PLACEMENT_3D('',#10737,#7665,#7666);
#6244=AXIS2_PLACEMENT_3D('',#10741,#7669,#7670);
#6245=AXIS2_PLACEMENT_3D('',#10745,#7673,#7674);
#6246=AXIS2_PLACEMENT_3D('',#10747,#7676,#7677);
#6247=AXIS2_PLACEMENT_3D('',#10748,#7678,#7679);
#6248=AXIS2_PLACEMENT_3D('',#10759,#7685,#7686);
#6249=AXIS2_PLACEMENT_3D('',#10765,#7690,#7691);
#6250=AXIS2_PLACEMENT_3D('',#10769,#7694,#7695);
#6251=AXIS2_PLACEMENT_3D('',#10775,#7699,#7700);
#6252=AXIS2_PLACEMENT_3D('',#10785,#7706,#7707);
#6253=AXIS2_PLACEMENT_3D('',#10789,#7710,#7711);
#6254=AXIS2_PLACEMENT_3D('',#10793,#7714,#7715);
#6255=AXIS2_PLACEMENT_3D('',#10799,#7719,#7720);
#6256=AXIS2_PLACEMENT_3D('',#10803,#7723,#7724);
#6257=AXIS2_PLACEMENT_3D('',#10807,#7727,#7728);
#6258=AXIS2_PLACEMENT_3D('',#10809,#7730,#7731);
#6259=AXIS2_PLACEMENT_3D('',#10810,#7732,#7733);
#6260=AXIS2_PLACEMENT_3D('',#10821,#7739,#7740);
#6261=AXIS2_PLACEMENT_3D('',#10827,#7744,#7745);
#6262=AXIS2_PLACEMENT_3D('',#10831,#7748,#7749);
#6263=AXIS2_PLACEMENT_3D('',#10837,#7753,#7754);
#6264=AXIS2_PLACEMENT_3D('',#10847,#7760,#7761);
#6265=AXIS2_PLACEMENT_3D('',#10851,#7764,#7765);
#6266=AXIS2_PLACEMENT_3D('',#10855,#7768,#7769);
#6267=AXIS2_PLACEMENT_3D('',#10861,#7773,#7774);
#6268=AXIS2_PLACEMENT_3D('',#10865,#7777,#7778);
#6269=AXIS2_PLACEMENT_3D('',#10869,#7781,#7782);
#6270=AXIS2_PLACEMENT_3D('',#10871,#7784,#7785);
#6271=AXIS2_PLACEMENT_3D('',#10872,#7786,#7787);
#6272=AXIS2_PLACEMENT_3D('',#10883,#7793,#7794);
#6273=AXIS2_PLACEMENT_3D('',#10889,#7798,#7799);
#6274=AXIS2_PLACEMENT_3D('',#10893,#7802,#7803);
#6275=AXIS2_PLACEMENT_3D('',#10899,#7807,#7808);
#6276=AXIS2_PLACEMENT_3D('',#10909,#7814,#7815);
#6277=AXIS2_PLACEMENT_3D('',#10913,#7818,#7819);
#6278=AXIS2_PLACEMENT_3D('',#10917,#7822,#7823);
#6279=AXIS2_PLACEMENT_3D('',#10923,#7827,#7828);
#6280=AXIS2_PLACEMENT_3D('',#10927,#7831,#7832);
#6281=AXIS2_PLACEMENT_3D('',#10931,#7835,#7836);
#6282=AXIS2_PLACEMENT_3D('',#10933,#7838,#7839);
#6283=AXIS2_PLACEMENT_3D('',#10934,#7840,#7841);
#6284=AXIS2_PLACEMENT_3D('',#10935,#7842,#7843);
#6285=AXIS2_PLACEMENT_3D('',#10936,#7844,#7845);
#6286=AXIS2_PLACEMENT_3D('',#10937,#7846,#7847);
#6287=DIRECTION('axis',(0.,0.,1.));
#6288=DIRECTION('refdir',(1.,0.,0.));
#6289=DIRECTION('axis',(0.,0.,1.));
#6290=DIRECTION('refdir',(1.,0.,0.));
#6291=DIRECTION('center_axis',(0.,0.,-1.));
#6292=DIRECTION('ref_axis',(-1.,0.,0.));
#6293=DIRECTION('',(0.,0.,-1.));
#6294=DIRECTION('center_axis',(0.,0.,-1.));
#6295=DIRECTION('ref_axis',(-1.,0.,0.));
#6296=DIRECTION('center_axis',(0.,0.,-1.));
#6297=DIRECTION('ref_axis',(-1.,0.,0.));
#6298=DIRECTION('',(0.,0.,-1.));
#6299=DIRECTION('center_axis',(0.,0.,-1.));
#6300=DIRECTION('ref_axis',(-1.,0.,0.));
#6301=DIRECTION('',(0.,0.,-1.));
#6302=DIRECTION('center_axis',(0.,0.,-1.));
#6303=DIRECTION('ref_axis',(-1.,0.,0.));
#6304=DIRECTION('',(0.,0.,-1.));
#6305=DIRECTION('center_axis',(0.,0.,-1.));
#6306=DIRECTION('ref_axis',(1.,-1.77635683940025E-15,0.));
#6307=DIRECTION('center_axis',(0.,0.,1.));
#6308=DIRECTION('ref_axis',(1.,0.,0.));
#6309=DIRECTION('',(0.,0.,1.));
#6310=DIRECTION('center_axis',(0.,0.,1.));
#6311=DIRECTION('ref_axis',(1.,0.,0.));
#6312=DIRECTION('center_axis',(0.,0.,1.));
#6313=DIRECTION('ref_axis',(1.,0.,0.));
#6314=DIRECTION('',(0.,0.,1.));
#6315=DIRECTION('center_axis',(0.,0.,1.));
#6316=DIRECTION('ref_axis',(1.,0.,0.));
#6317=DIRECTION('',(0.,0.,1.));
#6318=DIRECTION('center_axis',(0.,0.,1.));
#6319=DIRECTION('ref_axis',(1.,0.,0.));
#6320=DIRECTION('',(0.,0.,1.));
#6321=DIRECTION('center_axis',(0.,0.,1.));
#6322=DIRECTION('ref_axis',(1.,0.,0.));
#6323=DIRECTION('',(0.,0.,1.));
#6324=DIRECTION('center_axis',(0.,0.,1.));
#6325=DIRECTION('ref_axis',(1.,0.,0.));
#6326=DIRECTION('',(0.,0.,1.));
#6327=DIRECTION('center_axis',(0.,0.,-1.));
#6328=DIRECTION('ref_axis',(-1.,0.,0.));
#6329=DIRECTION('center_axis',(0.,0.,1.));
#6330=DIRECTION('ref_axis',(1.,0.,0.));
#6331=DIRECTION('',(-0.707106781186549,-8.65956056235495E-17,0.707106781186546));
#6332=DIRECTION('center_axis',(0.,0.,-1.));
#6333=DIRECTION('ref_axis',(1.,0.,0.));
#6334=DIRECTION('',(-0.707106781186549,8.65956056235495E-17,-0.707106781186546));
#6335=DIRECTION('center_axis',(0.,0.,1.));
#6336=DIRECTION('ref_axis',(-1.,-1.77635683940025E-15,0.));
#6337=DIRECTION('center_axis',(0.,0.,-1.));
#6338=DIRECTION('ref_axis',(-1.,0.,0.));
#6339=DIRECTION('center_axis',(0.,0.,-1.));
#6340=DIRECTION('ref_axis',(-1.,0.,0.));
#6341=DIRECTION('center_axis',(0.,0.,-1.));
#6342=DIRECTION('ref_axis',(-1.,0.,0.));
#6343=DIRECTION('',(-0.642787609686534,7.87187788734192E-17,0.766044443118982));
#6344=DIRECTION('center_axis',(0.,0.,1.));
#6345=DIRECTION('ref_axis',(1.,0.,0.));
#6346=DIRECTION('center_axis',(0.,0.,-1.));
#6347=DIRECTION('ref_axis',(1.,0.,0.));
#6348=DIRECTION('center_axis',(0.,0.,1.));
#6349=DIRECTION('ref_axis',(-1.,-1.77635683940025E-15,0.));
#6350=DIRECTION('center_axis',(0.,0.,1.));
#6351=DIRECTION('ref_axis',(1.,0.,0.));
#6352=DIRECTION('center_axis',(0.,0.,1.));
#6353=DIRECTION('ref_axis',(1.,0.,0.));
#6354=DIRECTION('center_axis',(0.,0.,1.));
#6355=DIRECTION('ref_axis',(1.,0.,0.));
#6356=DIRECTION('',(0.0871557427476584,1.0673500138323E-17,-0.996194698091746));
#6357=DIRECTION('center_axis',(-6.24641673662676E-17,0.,-1.));
#6358=DIRECTION('ref_axis',(-1.,0.,6.24641673662676E-17));
#6359=DIRECTION('center_axis',(0.,0.,-1.));
#6360=DIRECTION('ref_axis',(-1.,0.,0.));
#6361=DIRECTION('center_axis',(6.24641673662676E-17,0.,-1.));
#6362=DIRECTION('ref_axis',(-1.,0.,-6.24641673662676E-17));
#6363=DIRECTION('center_axis',(0.,0.,-1.));
#6364=DIRECTION('ref_axis',(-1.,0.,0.));
#6365=DIRECTION('center_axis',(-6.24641673662676E-17,0.,-1.));
#6366=DIRECTION('ref_axis',(-1.,0.,6.24641673662676E-17));
#6367=DIRECTION('center_axis',(0.,0.,1.));
#6368=DIRECTION('ref_axis',(1.,0.,0.));
#6369=DIRECTION('center_axis',(0.,0.,-1.));
#6370=DIRECTION('ref_axis',(-1.,0.,0.));
#6371=DIRECTION('center_axis',(0.,1.,0.));
#6372=DIRECTION('ref_axis',(0.,0.,1.));
#6373=DIRECTION('',(-1.,0.,6.24641673662676E-17));
#6374=DIRECTION('',(0.258819045102514,0.,0.96592582628907));
#6375=DIRECTION('center_axis',(0.,-1.,0.));
#6376=DIRECTION('ref_axis',(0.,0.,1.));
#6377=DIRECTION('center_axis',(0.,-1.,0.));
#6378=DIRECTION('ref_axis',(0.,0.,1.));
#6379=DIRECTION('center_axis',(0.,-1.,0.));
#6380=DIRECTION('ref_axis',(0.,0.,1.));
#6381=DIRECTION('center_axis',(0.,-1.,0.));
#6382=DIRECTION('ref_axis',(0.,0.,1.));
#6383=DIRECTION('center_axis',(0.,-1.,0.));
#6384=DIRECTION('ref_axis',(0.,0.,1.));
#6385=DIRECTION('center_axis',(0.,1.,0.));
#6386=DIRECTION('ref_axis',(0.,0.,1.));
#6387=DIRECTION('',(1.,0.,-6.24641673662676E-17));
#6388=DIRECTION('center_axis',(0.,1.,0.));
#6389=DIRECTION('ref_axis',(0.,0.,1.));
#6390=DIRECTION('center_axis',(0.,1.,0.));
#6391=DIRECTION('ref_axis',(0.,0.,1.));
#6392=DIRECTION('center_axis',(0.,1.,0.));
#6393=DIRECTION('ref_axis',(0.,0.,1.));
#6394=DIRECTION('center_axis',(0.,1.,0.));
#6395=DIRECTION('ref_axis',(0.,0.,1.));
#6396=DIRECTION('center_axis',(0.,1.,0.));
#6397=DIRECTION('ref_axis',(0.,0.,1.));
#6398=DIRECTION('',(-0.258819045102514,0.,-0.96592582628907));
#6399=DIRECTION('center_axis',(-6.24641673662676E-17,0.,-1.));
#6400=DIRECTION('ref_axis',(1.,0.,-6.24641673662676E-17));
#6401=DIRECTION('',(-1.,0.,6.24641673662676E-17));
#6402=DIRECTION('',(1.,0.,-6.24641673662676E-17));
#6403=DIRECTION('',(0.,-1.,0.));
#6404=DIRECTION('center_axis',(0.,-1.,0.));
#6405=DIRECTION('ref_axis',(0.,0.,-1.));
#6406=DIRECTION('',(0.,-1.,0.));
#6407=DIRECTION('center_axis',(0.,-1.,0.));
#6408=DIRECTION('ref_axis',(0.,0.,1.));
#6409=DIRECTION('center_axis',(0.,1.,0.));
#6410=DIRECTION('ref_axis',(0.,0.,1.));
#6411=DIRECTION('center_axis',(0.,-1.,0.));
#6412=DIRECTION('ref_axis',(0.,0.,-1.));
#6413=DIRECTION('',(0.,-1.,0.));
#6414=DIRECTION('center_axis',(0.,-1.,0.));
#6415=DIRECTION('ref_axis',(0.,0.,1.));
#6416=DIRECTION('center_axis',(0.,1.,0.));
#6417=DIRECTION('ref_axis',(0.,0.,1.));
#6418=DIRECTION('center_axis',(0.,-1.,0.));
#6419=DIRECTION('ref_axis',(0.,0.,-1.));
#6420=DIRECTION('',(0.,-1.,0.));
#6421=DIRECTION('center_axis',(0.,-1.,0.));
#6422=DIRECTION('ref_axis',(0.,0.,1.));
#6423=DIRECTION('center_axis',(0.,1.,0.));
#6424=DIRECTION('ref_axis',(0.,0.,1.));
#6425=DIRECTION('center_axis',(0.,-1.,0.));
#6426=DIRECTION('ref_axis',(0.,0.,-1.));
#6427=DIRECTION('',(0.,-1.,0.));
#6428=DIRECTION('center_axis',(0.,-1.,0.));
#6429=DIRECTION('ref_axis',(0.,0.,1.));
#6430=DIRECTION('center_axis',(0.,1.,0.));
#6431=DIRECTION('ref_axis',(0.,0.,1.));
#6432=DIRECTION('center_axis',(0.,-1.,0.));
#6433=DIRECTION('ref_axis',(0.,0.,-1.));
#6434=DIRECTION('',(0.,-1.,0.));
#6435=DIRECTION('center_axis',(0.,-1.,0.));
#6436=DIRECTION('ref_axis',(0.,0.,1.));
#6437=DIRECTION('center_axis',(0.,1.,0.));
#6438=DIRECTION('ref_axis',(0.,0.,1.));
#6439=DIRECTION('center_axis',(-0.96592582628907,0.,0.258819045102514));
#6440=DIRECTION('ref_axis',(-0.258819045102514,0.,-0.96592582628907));
#6441=DIRECTION('',(0.,-1.,0.));
#6442=DIRECTION('',(0.,-1.,0.));
#6443=DIRECTION('',(0.,-1.,0.));
#6444=DIRECTION('',(0.258819045102514,0.,0.96592582628907));
#6445=DIRECTION('',(-0.258819045102514,0.,-0.96592582628907));
#6446=DIRECTION('center_axis',(-0.258819045102514,0.,-0.96592582628907));
#6447=DIRECTION('ref_axis',(0.96592582628907,0.,-0.258819045102514));
#6448=DIRECTION('center_axis',(0.258819045102513,5.98639298092305E-16,0.965925826289071));
#6449=DIRECTION('ref_axis',(0.96592582628907,-3.20474742746036E-31,-0.258819045102513));
#6450=DIRECTION('center_axis',(1.,0.,-2.31296463463574E-15));
#6451=DIRECTION('ref_axis',(-2.31296463463574E-15,0.,-1.));
#6452=DIRECTION('center_axis',(0.,1.,0.));
#6453=DIRECTION('ref_axis',(0.,0.,1.));
#6454=DIRECTION('center_axis',(0.829037572555041,0.,-0.559192903470748));
#6455=DIRECTION('ref_axis',(-0.559192903470748,0.,-0.829037572555041));
#6456=DIRECTION('center_axis',(0.,0.,-1.));
#6457=DIRECTION('ref_axis',(-1.,0.,0.));
#6458=DIRECTION('center_axis',(0.,1.,0.));
#6459=DIRECTION('ref_axis',(0.,0.,1.));
#6460=DIRECTION('center_axis',(-0.68148989005451,-8.4634559468009E-16,-0.73182752732696));
#6461=DIRECTION('ref_axis',(-0.73182752732696,0.,0.68148989005451));
#6462=DIRECTION('center_axis',(0.,1.,0.));
#6463=DIRECTION('ref_axis',(0.,0.,1.));
#6464=DIRECTION('center_axis',(-1.,2.31296463463574E-15,2.31296463463574E-15));
#6465=DIRECTION('ref_axis',(-2.31296463463574E-15,-1.,3.50324616081204E-45));
#6466=DIRECTION('center_axis',(1.,0.,-6.24641673662676E-17));
#6467=DIRECTION('ref_axis',(6.24641673662676E-17,0.,1.));
#6468=DIRECTION('center_axis',(0.258819045102514,0.,0.96592582628907));
#6469=DIRECTION('ref_axis',(-0.96592582628907,0.,0.258819045102514));
#6470=DIRECTION('center_axis',(0.258819045102512,0.,0.965925826289071));
#6471=DIRECTION('ref_axis',(0.965925826289071,0.,-0.258819045102512));
#6472=DIRECTION('center_axis',(1.,0.,-2.31296463463574E-15));
#6473=DIRECTION('ref_axis',(-2.31296463463574E-15,0.,-1.));
#6474=DIRECTION('center_axis',(0.,1.,0.));
#6475=DIRECTION('ref_axis',(0.,0.,1.));
#6476=DIRECTION('center_axis',(0.829037572555041,0.,-0.559192903470748));
#6477=DIRECTION('ref_axis',(-0.559192903470748,0.,-0.829037572555041));
#6478=DIRECTION('center_axis',(0.,0.,-1.));
#6479=DIRECTION('ref_axis',(-1.,0.,0.));
#6480=DIRECTION('center_axis',(0.,1.,0.));
#6481=DIRECTION('ref_axis',(0.,0.,1.));
#6482=DIRECTION('center_axis',(-0.68148989005451,0.,-0.731827527326959));
#6483=DIRECTION('ref_axis',(-0.731827527326959,0.,0.68148989005451));
#6484=DIRECTION('center_axis',(0.,1.,0.));
#6485=DIRECTION('ref_axis',(0.,0.,1.));
#6486=DIRECTION('center_axis',(-1.,0.,0.));
#6487=DIRECTION('ref_axis',(0.,0.,1.));
#6488=DIRECTION('center_axis',(-1.,0.,6.24641673662676E-17));
#6489=DIRECTION('ref_axis',(-6.24641673662676E-17,0.,-1.));
#6490=DIRECTION('center_axis',(0.,0.,-1.));
#6491=DIRECTION('ref_axis',(-1.,0.,0.));
#6492=DIRECTION('center_axis',(0.,0.,-1.));
#6493=DIRECTION('ref_axis',(-1.,0.,0.));
#6494=DIRECTION('',(0.,-1.,0.));
#6495=DIRECTION('center_axis',(0.,0.,-1.));
#6496=DIRECTION('ref_axis',(-1.,0.,0.));
#6497=DIRECTION('center_axis',(0.,0.,-1.));
#6498=DIRECTION('ref_axis',(-1.,0.,0.));
#6499=DIRECTION('center_axis',(0.,0.,1.));
#6500=DIRECTION('ref_axis',(1.,0.,0.));
#6501=DIRECTION('',(0.,-1.,0.));
#6502=DIRECTION('center_axis',(0.,0.,-1.));
#6503=DIRECTION('ref_axis',(-1.,0.,0.));
#6504=DIRECTION('',(0.,-1.,0.));
#6505=DIRECTION('center_axis',(0.,0.,1.));
#6506=DIRECTION('ref_axis',(1.,0.,0.));
#6507=DIRECTION('center_axis',(0.,0.,1.));
#6508=DIRECTION('ref_axis',(-1.,0.,0.));
#6509=DIRECTION('center_axis',(0.,1.,0.));
#6510=DIRECTION('ref_axis',(0.,0.,1.));
#6511=DIRECTION('',(-0.258819045102514,0.,0.96592582628907));
#6512=DIRECTION('',(1.,0.,6.24641673662676E-17));
#6513=DIRECTION('center_axis',(0.,1.,0.));
#6514=DIRECTION('ref_axis',(0.,0.,1.));
#6515=DIRECTION('center_axis',(0.,1.,0.));
#6516=DIRECTION('ref_axis',(0.,0.,1.));
#6517=DIRECTION('center_axis',(0.,1.,0.));
#6518=DIRECTION('ref_axis',(0.,0.,1.));
#6519=DIRECTION('center_axis',(0.,1.,0.));
#6520=DIRECTION('ref_axis',(0.,0.,1.));
#6521=DIRECTION('center_axis',(0.,1.,0.));
#6522=DIRECTION('ref_axis',(0.,0.,1.));
#6523=DIRECTION('center_axis',(0.,1.,0.));
#6524=DIRECTION('ref_axis',(0.,0.,1.));
#6525=DIRECTION('',(0.258819045102514,0.,-0.96592582628907));
#6526=DIRECTION('center_axis',(0.,-1.,0.));
#6527=DIRECTION('ref_axis',(0.,0.,1.));
#6528=DIRECTION('center_axis',(0.,-1.,0.));
#6529=DIRECTION('ref_axis',(0.,0.,1.));
#6530=DIRECTION('center_axis',(0.,-1.,0.));
#6531=DIRECTION('ref_axis',(0.,0.,1.));
#6532=DIRECTION('center_axis',(0.,-1.,0.));
#6533=DIRECTION('ref_axis',(0.,0.,1.));
#6534=DIRECTION('center_axis',(0.,-1.,0.));
#6535=DIRECTION('ref_axis',(0.,0.,1.));
#6536=DIRECTION('',(-1.,0.,-6.24641673662676E-17));
#6537=DIRECTION('center_axis',(0.258819045102514,0.,-0.96592582628907));
#6538=DIRECTION('ref_axis',(-0.96592582628907,0.,-0.258819045102514));
#6539=DIRECTION('center_axis',(0.258819045102513,-5.98639298092305E-16,
-0.965925826289071));
#6540=DIRECTION('ref_axis',(-0.96592582628907,-3.20474742746036E-31,-0.258819045102513));
#6541=DIRECTION('',(0.258819045102514,0.,-0.96592582628907));
#6542=DIRECTION('center_axis',(-0.258819045102514,0.,0.96592582628907));
#6543=DIRECTION('ref_axis',(0.96592582628907,0.,0.258819045102514));
#6544=DIRECTION('',(-0.258819045102514,0.,0.96592582628907));
#6545=DIRECTION('center_axis',(0.258819045102512,0.,-0.965925826289071));
#6546=DIRECTION('ref_axis',(-0.965925826289071,0.,-0.258819045102512));
#6547=DIRECTION('center_axis',(6.24641673662676E-17,0.,-1.));
#6548=DIRECTION('ref_axis',(-1.,0.,-6.24641673662676E-17));
#6549=DIRECTION('',(-1.,0.,-6.24641673662676E-17));
#6550=DIRECTION('',(1.,0.,6.24641673662676E-17));
#6551=DIRECTION('',(0.,-1.,0.));
#6552=DIRECTION('center_axis',(0.,-1.,0.));
#6553=DIRECTION('ref_axis',(0.,0.,-1.));
#6554=DIRECTION('',(0.,-1.,0.));
#6555=DIRECTION('center_axis',(0.,-1.,0.));
#6556=DIRECTION('ref_axis',(0.,0.,1.));
#6557=DIRECTION('center_axis',(0.,1.,0.));
#6558=DIRECTION('ref_axis',(0.,0.,1.));
#6559=DIRECTION('center_axis',(0.,-1.,0.));
#6560=DIRECTION('ref_axis',(0.,0.,-1.));
#6561=DIRECTION('',(0.,-1.,0.));
#6562=DIRECTION('center_axis',(0.,-1.,0.));
#6563=DIRECTION('ref_axis',(0.,0.,1.));
#6564=DIRECTION('center_axis',(0.,1.,0.));
#6565=DIRECTION('ref_axis',(0.,0.,1.));
#6566=DIRECTION('center_axis',(0.,-1.,0.));
#6567=DIRECTION('ref_axis',(0.,0.,-1.));
#6568=DIRECTION('',(0.,-1.,0.));
#6569=DIRECTION('center_axis',(0.,-1.,0.));
#6570=DIRECTION('ref_axis',(0.,0.,1.));
#6571=DIRECTION('center_axis',(0.,1.,0.));
#6572=DIRECTION('ref_axis',(0.,0.,1.));
#6573=DIRECTION('center_axis',(0.,-1.,0.));
#6574=DIRECTION('ref_axis',(0.,0.,-1.));
#6575=DIRECTION('',(0.,-1.,0.));
#6576=DIRECTION('center_axis',(0.,-1.,0.));
#6577=DIRECTION('ref_axis',(0.,0.,1.));
#6578=DIRECTION('center_axis',(0.,1.,0.));
#6579=DIRECTION('ref_axis',(0.,0.,1.));
#6580=DIRECTION('center_axis',(0.,-1.,0.));
#6581=DIRECTION('ref_axis',(0.,0.,-1.));
#6582=DIRECTION('',(0.,-1.,0.));
#6583=DIRECTION('center_axis',(0.,-1.,0.));
#6584=DIRECTION('ref_axis',(0.,0.,1.));
#6585=DIRECTION('center_axis',(0.,1.,0.));
#6586=DIRECTION('ref_axis',(0.,0.,1.));
#6587=DIRECTION('center_axis',(0.96592582628907,0.,0.258819045102514));
#6588=DIRECTION('ref_axis',(0.258819045102514,0.,-0.96592582628907));
#6589=DIRECTION('center_axis',(1.,0.,2.31296463463574E-15));
#6590=DIRECTION('ref_axis',(2.31296463463574E-15,0.,-1.));
#6591=DIRECTION('center_axis',(0.,1.,0.));
#6592=DIRECTION('ref_axis',(0.,0.,1.));
#6593=DIRECTION('center_axis',(0.829037572555041,0.,0.559192903470748));
#6594=DIRECTION('ref_axis',(0.559192903470748,0.,-0.829037572555041));
#6595=DIRECTION('center_axis',(0.,0.,1.));
#6596=DIRECTION('ref_axis',(1.,0.,0.));
#6597=DIRECTION('center_axis',(0.,1.,0.));
#6598=DIRECTION('ref_axis',(0.,0.,1.));
#6599=DIRECTION('center_axis',(-0.68148989005451,8.4634559468009E-16,0.73182752732696));
#6600=DIRECTION('ref_axis',(0.73182752732696,0.,0.68148989005451));
#6601=DIRECTION('center_axis',(0.,1.,0.));
#6602=DIRECTION('ref_axis',(0.,0.,1.));
#6603=DIRECTION('center_axis',(-1.,-2.31296463463574E-15,-2.31296463463574E-15));
#6604=DIRECTION('ref_axis',(2.31296463463574E-15,-1.,3.50324616081204E-45));
#6605=DIRECTION('center_axis',(-1.,0.,-6.24641673662676E-17));
#6606=DIRECTION('ref_axis',(-6.24641673662676E-17,0.,1.));
#6607=DIRECTION('center_axis',(1.,0.,2.31296463463574E-15));
#6608=DIRECTION('ref_axis',(2.31296463463574E-15,0.,-1.));
#6609=DIRECTION('center_axis',(0.,1.,0.));
#6610=DIRECTION('ref_axis',(0.,0.,1.));
#6611=DIRECTION('center_axis',(0.829037572555041,0.,0.559192903470748));
#6612=DIRECTION('ref_axis',(0.559192903470748,0.,-0.829037572555041));
#6613=DIRECTION('center_axis',(0.,0.,1.));
#6614=DIRECTION('ref_axis',(1.,0.,0.));
#6615=DIRECTION('center_axis',(0.,1.,0.));
#6616=DIRECTION('ref_axis',(0.,0.,1.));
#6617=DIRECTION('center_axis',(-0.68148989005451,0.,0.731827527326959));
#6618=DIRECTION('ref_axis',(0.731827527326959,0.,0.68148989005451));
#6619=DIRECTION('center_axis',(0.,1.,0.));
#6620=DIRECTION('ref_axis',(0.,0.,1.));
#6621=DIRECTION('center_axis',(-1.,0.,0.));
#6622=DIRECTION('ref_axis',(0.,0.,1.));
#6623=DIRECTION('center_axis',(1.,0.,6.24641673662676E-17));
#6624=DIRECTION('ref_axis',(6.24641673662676E-17,0.,-1.));
#6625=DIRECTION('center_axis',(0.,0.,1.));
#6626=DIRECTION('ref_axis',(1.,0.,0.));
#6627=DIRECTION('center_axis',(0.,0.,1.));
#6628=DIRECTION('ref_axis',(-1.,0.,0.));
#6629=DIRECTION('center_axis',(1.,0.,0.));
#6630=DIRECTION('ref_axis',(0.,-1.,0.));
#6631=DIRECTION('',(0.,1.,0.));
#6632=DIRECTION('',(0.,0.,-1.));
#6633=DIRECTION('',(0.,-1.,0.));
#6634=DIRECTION('',(0.,0.,-1.));
#6635=DIRECTION('center_axis',(0.,-1.,0.));
#6636=DIRECTION('ref_axis',(-1.,0.,0.));
#6637=DIRECTION('',(1.,0.,0.));
#6638=DIRECTION('',(-1.,0.,0.));
#6639=DIRECTION('',(0.,0.,-1.));
#6640=DIRECTION('center_axis',(-1.,0.,0.));
#6641=DIRECTION('ref_axis',(0.,1.,0.));
#6642=DIRECTION('',(0.,-1.,0.));
#6643=DIRECTION('',(0.,1.,0.));
#6644=DIRECTION('',(0.,0.,-1.));
#6645=DIRECTION('center_axis',(0.,1.,0.));
#6646=DIRECTION('ref_axis',(1.,0.,0.));
#6647=DIRECTION('',(-1.,0.,0.));
#6648=DIRECTION('',(1.,0.,0.));
#6649=DIRECTION('center_axis',(0.,-1.,0.));
#6650=DIRECTION('ref_axis',(-1.,0.,0.));
#6651=DIRECTION('',(1.,0.,0.));
#6652=DIRECTION('',(0.,0.,-1.));
#6653=DIRECTION('',(-1.,0.,0.));
#6654=DIRECTION('',(0.,0.,-1.));
#6655=DIRECTION('center_axis',(1.,0.,0.));
#6656=DIRECTION('ref_axis',(0.,-1.,0.));
#6657=DIRECTION('',(0.,1.,0.));
#6658=DIRECTION('',(0.,-1.,0.));
#6659=DIRECTION('',(0.,0.,-1.));
#6660=DIRECTION('center_axis',(0.,1.,0.));
#6661=DIRECTION('ref_axis',(1.,0.,0.));
#6662=DIRECTION('',(-1.,0.,0.));
#6663=DIRECTION('',(1.,0.,0.));
#6664=DIRECTION('',(0.,0.,-1.));
#6665=DIRECTION('center_axis',(-1.,0.,0.));
#6666=DIRECTION('ref_axis',(0.,1.,0.));
#6667=DIRECTION('',(0.,-1.,0.));
#6668=DIRECTION('',(0.,1.,0.));
#6669=DIRECTION('center_axis',(0.,0.,1.));
#6670=DIRECTION('ref_axis',(1.,0.,0.));
#6671=DIRECTION('center_axis',(0.,0.,-1.));
#6672=DIRECTION('ref_axis',(-1.,0.,0.));
#6673=DIRECTION('center_axis',(0.,1.,0.));
#6674=DIRECTION('ref_axis',(1.,0.,0.));
#6675=DIRECTION('',(-1.,0.,0.));
#6676=DIRECTION('',(0.,0.,-1.));
#6677=DIRECTION('',(1.,0.,0.));
#6678=DIRECTION('',(0.,0.,-1.));
#6679=DIRECTION('center_axis',(-1.,0.,0.));
#6680=DIRECTION('ref_axis',(0.,1.,0.));
#6681=DIRECTION('',(0.,-1.,0.));
#6682=DIRECTION('',(0.,1.,0.));
#6683=DIRECTION('',(0.,0.,-1.));
#6684=DIRECTION('center_axis',(0.,-1.,0.));
#6685=DIRECTION('ref_axis',(-1.,0.,0.));
#6686=DIRECTION('',(1.,0.,0.));
#6687=DIRECTION('',(-1.,0.,0.));
#6688=DIRECTION('',(0.,0.,-1.));
#6689=DIRECTION('center_axis',(1.,0.,0.));
#6690=DIRECTION('ref_axis',(0.,-1.,0.));
#6691=DIRECTION('',(0.,1.,0.));
#6692=DIRECTION('',(0.,-1.,0.));
#6693=DIRECTION('center_axis',(0.,0.,1.));
#6694=DIRECTION('ref_axis',(1.,0.,0.));
#6695=DIRECTION('center_axis',(0.,0.,-1.));
#6696=DIRECTION('ref_axis',(-1.,0.,0.));
#6697=DIRECTION('center_axis',(0.,1.,0.));
#6698=DIRECTION('ref_axis',(1.,0.,0.));
#6699=DIRECTION('',(-1.,0.,0.));
#6700=DIRECTION('',(0.,0.,-1.));
#6701=DIRECTION('',(1.,0.,0.));
#6702=DIRECTION('',(0.,0.,-1.));
#6703=DIRECTION('center_axis',(-1.,0.,0.));
#6704=DIRECTION('ref_axis',(0.,1.,0.));
#6705=DIRECTION('',(0.,-1.,0.));
#6706=DIRECTION('',(0.,1.,0.));
#6707=DIRECTION('',(0.,0.,-1.));
#6708=DIRECTION('center_axis',(0.,-1.,0.));
#6709=DIRECTION('ref_axis',(-1.,0.,0.));
#6710=DIRECTION('',(1.,0.,0.));
#6711=DIRECTION('',(-1.,0.,0.));
#6712=DIRECTION('',(0.,0.,-1.));
#6713=DIRECTION('center_axis',(1.,0.,0.));
#6714=DIRECTION('ref_axis',(0.,-1.,0.));
#6715=DIRECTION('',(0.,1.,0.));
#6716=DIRECTION('',(0.,-1.,0.));
#6717=DIRECTION('center_axis',(0.,0.,1.));
#6718=DIRECTION('ref_axis',(1.,0.,0.));
#6719=DIRECTION('center_axis',(0.,0.,-1.));
#6720=DIRECTION('ref_axis',(-1.,0.,0.));
#6721=DIRECTION('center_axis',(0.,0.,1.));
#6722=DIRECTION('ref_axis',(0.707106781186548,0.707106781186548,0.));
#6723=DIRECTION('center_axis',(0.,0.,-1.));
#6724=DIRECTION('ref_axis',(0.707106781186548,0.707106781186548,0.));
#6725=DIRECTION('',(0.,0.,-1.));
#6726=DIRECTION('center_axis',(0.,0.,1.));
#6727=DIRECTION('ref_axis',(0.707106781186548,0.707106781186548,0.));
#6728=DIRECTION('',(0.,0.,1.));
#6729=DIRECTION('center_axis',(1.,0.,0.));
#6730=DIRECTION('ref_axis',(0.,1.,0.));
#6731=DIRECTION('',(0.,1.,0.));
#6732=DIRECTION('',(0.,0.,1.));
#6733=DIRECTION('',(0.,1.,0.));
#6734=DIRECTION('center_axis',(0.,0.,1.));
#6735=DIRECTION('ref_axis',(1.,0.,0.));
#6736=DIRECTION('',(-1.,0.,0.));
#6737=DIRECTION('center_axis',(0.,0.,-1.));
#6738=DIRECTION('ref_axis',(-0.707106781186548,0.707106781186548,0.));
#6739=DIRECTION('',(0.,-1.,0.));
#6740=DIRECTION('center_axis',(0.,0.,-1.));
#6741=DIRECTION('ref_axis',(-0.707106781186548,-0.707106781186548,0.));
#6742=DIRECTION('',(1.,0.,0.));
#6743=DIRECTION('center_axis',(0.,0.,-1.));
#6744=DIRECTION('ref_axis',(0.707106781186548,-0.707106781186548,0.));
#6745=DIRECTION('center_axis',(0.,0.,-1.));
#6746=DIRECTION('ref_axis',(1.,0.,0.));
#6747=DIRECTION('center_axis',(0.,0.,1.));
#6748=DIRECTION('ref_axis',(0.707106781186548,-0.707106781186548,0.));
#6749=DIRECTION('',(0.,0.,-1.));
#6750=DIRECTION('center_axis',(0.,0.,1.));
#6751=DIRECTION('ref_axis',(0.707106781186548,-0.707106781186548,0.));
#6752=DIRECTION('center_axis',(0.,-1.,0.));
#6753=DIRECTION('ref_axis',(1.,0.,0.));
#6754=DIRECTION('',(0.,0.,1.));
#6755=DIRECTION('',(1.,0.,0.));
#6756=DIRECTION('center_axis',(0.,0.,1.));
#6757=DIRECTION('ref_axis',(-0.707106781186548,-0.707106781186548,0.));
#6758=DIRECTION('',(0.,0.,-1.));
#6759=DIRECTION('center_axis',(0.,0.,1.));
#6760=DIRECTION('ref_axis',(-0.707106781186548,-0.707106781186548,0.));
#6761=DIRECTION('center_axis',(-1.,0.,0.));
#6762=DIRECTION('ref_axis',(0.,-1.,0.));
#6763=DIRECTION('',(0.,0.,1.));
#6764=DIRECTION('',(0.,-1.,0.));
#6765=DIRECTION('center_axis',(0.,0.,1.));
#6766=DIRECTION('ref_axis',(-0.707106781186548,0.707106781186548,0.));
#6767=DIRECTION('',(0.,0.,-1.));
#6768=DIRECTION('center_axis',(0.,0.,1.));
#6769=DIRECTION('ref_axis',(-0.707106781186548,0.707106781186548,0.));
#6770=DIRECTION('center_axis',(0.,0.,1.));
#6771=DIRECTION('ref_axis',(1.,0.,0.));
#6772=DIRECTION('',(0.,0.,-1.));
#6773=DIRECTION('center_axis',(0.,0.,-1.));
#6774=DIRECTION('ref_axis',(1.,0.,0.));
#6775=DIRECTION('center_axis',(0.,1.,0.));
#6776=DIRECTION('ref_axis',(-1.,0.,0.));
#6777=DIRECTION('',(-1.,0.,0.));
#6778=DIRECTION('center_axis',(0.,0.,1.));
#6779=DIRECTION('ref_axis',(1.,0.,0.));
#6780=DIRECTION('center_axis',(0.,0.,1.));
#6781=DIRECTION('ref_axis',(0.707106781186548,0.707106781186548,0.));
#6782=DIRECTION('center_axis',(0.,0.,-1.));
#6783=DIRECTION('ref_axis',(0.707106781186548,0.707106781186548,0.));
#6784=DIRECTION('',(0.,0.,-1.));
#6785=DIRECTION('center_axis',(0.,0.,1.));
#6786=DIRECTION('ref_axis',(0.707106781186548,0.707106781186548,0.));
#6787=DIRECTION('',(0.,0.,1.));
#6788=DIRECTION('center_axis',(0.,1.,0.));
#6789=DIRECTION('ref_axis',(-1.,0.,0.));
#6790=DIRECTION('',(1.,0.,0.));
#6791=DIRECTION('',(0.,0.,-1.));
#6792=DIRECTION('',(-1.,0.,0.));
#6793=DIRECTION('center_axis',(0.,0.,1.));
#6794=DIRECTION('ref_axis',(1.,0.,0.));
#6795=DIRECTION('',(0.,-1.,0.));
#6796=DIRECTION('center_axis',(0.,0.,1.));
#6797=DIRECTION('ref_axis',(0.707106781186548,-0.707106781186548,0.));
#6798=DIRECTION('',(-1.,0.,0.));
#6799=DIRECTION('center_axis',(0.,0.,1.));
#6800=DIRECTION('ref_axis',(-0.707106781186548,-0.707106781186548,0.));
#6801=DIRECTION('',(0.,1.,0.));
#6802=DIRECTION('center_axis',(0.,0.,1.));
#6803=DIRECTION('ref_axis',(-0.707106781186548,0.707106781186548,0.));
#6804=DIRECTION('',(1.,0.,0.));
#6805=DIRECTION('',(0.,1.,0.));
#6806=DIRECTION('',(-1.,0.,0.));
#6807=DIRECTION('',(0.,-1.,0.));
#6808=DIRECTION('center_axis',(0.,0.,1.));
#6809=DIRECTION('ref_axis',(0.707106781186548,-0.707106781186548,0.));
#6810=DIRECTION('center_axis',(0.,0.,-1.));
#6811=DIRECTION('ref_axis',(0.707106781186548,-0.707106781186548,0.));
#6812=DIRECTION('',(0.,0.,-1.));
#6813=DIRECTION('',(0.,0.,1.));
#6814=DIRECTION('center_axis',(0.,-1.,0.));
#6815=DIRECTION('ref_axis',(1.,0.,0.));
#6816=DIRECTION('',(1.,0.,0.));
#6817=DIRECTION('',(0.,0.,1.));
#6818=DIRECTION('center_axis',(0.,0.,1.));
#6819=DIRECTION('ref_axis',(-0.707106781186548,-0.707106781186548,0.));
#6820=DIRECTION('center_axis',(0.,0.,-1.));
#6821=DIRECTION('ref_axis',(-0.707106781186548,-0.707106781186548,0.));
#6822=DIRECTION('',(0.,0.,-1.));
#6823=DIRECTION('center_axis',(0.,0.,1.));
#6824=DIRECTION('ref_axis',(-0.707106781186548,0.707106781186548,0.));
#6825=DIRECTION('center_axis',(0.,0.,-1.));
#6826=DIRECTION('ref_axis',(-0.707106781186548,0.707106781186548,0.));
#6827=DIRECTION('',(0.,0.,1.));
#6828=DIRECTION('center_axis',(-1.,0.,0.));
#6829=DIRECTION('ref_axis',(0.,-1.,0.));
#6830=DIRECTION('',(0.,0.,1.));
#6831=DIRECTION('',(0.,-1.,0.));
#6832=DIRECTION('',(0.,0.,1.));
#6833=DIRECTION('center_axis',(0.,-1.,0.));
#6834=DIRECTION('ref_axis',(1.,0.,0.));
#6835=DIRECTION('',(1.,0.,0.));
#6836=DIRECTION('',(0.,0.,1.));
#6837=DIRECTION('center_axis',(1.,0.,0.));
#6838=DIRECTION('ref_axis',(0.,1.,0.));
#6839=DIRECTION('',(0.,1.,0.));
#6840=DIRECTION('',(0.,0.,1.));
#6841=DIRECTION('center_axis',(0.,1.,0.));
#6842=DIRECTION('ref_axis',(-1.,0.,0.));
#6843=DIRECTION('',(-1.,0.,0.));
#6844=DIRECTION('center_axis',(1.,0.,0.));
#6845=DIRECTION('ref_axis',(0.,1.,0.));
#6846=DIRECTION('',(0.,1.,0.));
#6847=DIRECTION('center_axis',(-1.,0.,0.));
#6848=DIRECTION('ref_axis',(0.,-1.,0.));
#6849=DIRECTION('',(0.,-1.,0.));
#6850=DIRECTION('center_axis',(0.,0.,1.));
#6851=DIRECTION('ref_axis',(1.,0.,0.));
#6852=DIRECTION('center_axis',(1.,0.,0.));
#6853=DIRECTION('ref_axis',(0.,0.976296007119933,0.216439613938103));
#6854=DIRECTION('',(1.,0.,0.));
#6855=DIRECTION('center_axis',(0.707106781186548,0.707106781186548,0.));
#6856=DIRECTION('ref_axis',(-0.707106781186548,0.707106781186548,0.));
#6857=DIRECTION('',(-1.,0.,0.));
#6858=DIRECTION('center_axis',(-0.707106781186548,0.707106781186548,0.));
#6859=DIRECTION('ref_axis',(-0.707106781186548,-0.707106781186548,0.));
#6860=DIRECTION('center_axis',(0.,1.,0.));
#6861=DIRECTION('ref_axis',(0.976296007119933,0.,0.216439613938103));
#6862=DIRECTION('',(0.,1.,0.));
#6863=DIRECTION('center_axis',(0.707106781186548,0.707106781186548,0.));
#6864=DIRECTION('ref_axis',(0.707106781186548,-0.707106781186548,0.));
#6865=DIRECTION('',(0.,-1.,0.));
#6866=DIRECTION('center_axis',(1.,0.,0.));
#6867=DIRECTION('ref_axis',(0.,-0.976296007119933,0.216439613938103));
#6868=DIRECTION('',(1.,0.,0.));
#6869=DIRECTION('center_axis',(-0.707106781186548,0.707106781186548,0.));
#6870=DIRECTION('ref_axis',(-0.707106781186548,-0.707106781186548,0.));
#6871=DIRECTION('',(-1.,0.,0.));
#6872=DIRECTION('center_axis',(0.,1.,0.));
#6873=DIRECTION('ref_axis',(-0.976296007119933,0.,0.216439613938103));
#6874=DIRECTION('',(0.,1.,0.));
#6875=DIRECTION('',(0.,-1.,0.));
#6876=DIRECTION('center_axis',(-0.90630778703665,0.,-0.4226182617407));
#6877=DIRECTION('ref_axis',(0.,-1.,0.));
#6878=DIRECTION('',(-0.389281620635026,-0.389281620635025,0.834817129478987));
#6879=DIRECTION('',(0.,1.,0.));
#6880=DIRECTION('',(-0.389281620635026,0.389281620635025,0.834817129478987));
#6881=DIRECTION('center_axis',(0.,-0.90630778703665,-0.422618261740699));
#6882=DIRECTION('ref_axis',(1.,0.,0.));
#6883=DIRECTION('',(0.389281620635026,-0.389281620635025,0.834817129478988));
#6884=DIRECTION('',(-1.,0.,0.));
#6885=DIRECTION('center_axis',(1.,0.,0.));
#6886=DIRECTION('ref_axis',(0.,0.,-1.));
#6887=DIRECTION('',(0.,0.,-1.));
#6888=DIRECTION('center_axis',(-1.,0.,0.));
#6889=DIRECTION('ref_axis',(0.,-0.707106781186547,-0.707106781186547));
#6890=DIRECTION('',(0.,1.,0.));
#6891=DIRECTION('center_axis',(-1.,0.,0.));
#6892=DIRECTION('ref_axis',(0.,0.707106781186547,-0.707106781186547));
#6893=DIRECTION('',(0.,0.,-1.));
#6894=DIRECTION('center_axis',(0.,1.,0.));
#6895=DIRECTION('ref_axis',(1.,0.,0.));
#6896=DIRECTION('',(0.,0.,1.));
#6897=DIRECTION('',(-1.,0.,0.));
#6898=DIRECTION('',(0.,0.,1.));
#6899=DIRECTION('',(1.,0.,0.));
#6900=DIRECTION('',(0.,0.,-1.));
#6901=DIRECTION('',(-1.,0.,0.));
#6902=DIRECTION('center_axis',(1.,0.,0.));
#6903=DIRECTION('ref_axis',(0.,-0.707106781186547,-0.707106781186547));
#6904=DIRECTION('center_axis',(-1.,0.,0.));
#6905=DIRECTION('ref_axis',(0.,-0.707106781186547,-0.707106781186547));
#6906=DIRECTION('',(1.,0.,0.));
#6907=DIRECTION('center_axis',(0.,0.,-1.));
#6908=DIRECTION('ref_axis',(-1.,0.,0.));
#6909=DIRECTION('',(0.,-1.,0.));
#6910=DIRECTION('',(-1.,0.,0.));
#6911=DIRECTION('center_axis',(-1.,0.,0.));
#6912=DIRECTION('ref_axis',(0.,0.,1.));
#6913=DIRECTION('',(0.,1.,0.));
#6914=DIRECTION('',(0.,0.,-1.));
#6915=DIRECTION('center_axis',(-1.,0.,0.));
#6916=DIRECTION('ref_axis',(0.,0.707106781186547,-0.707106781186547));
#6917=DIRECTION('center_axis',(-1.,0.,0.));
#6918=DIRECTION('ref_axis',(0.,-0.707106781186547,-0.707106781186547));
#6919=DIRECTION('center_axis',(1.,0.,0.));
#6920=DIRECTION('ref_axis',(0.,-0.707106781186547,-0.707106781186547));
#6921=DIRECTION('',(1.,0.,0.));
#6922=DIRECTION('center_axis',(1.,0.,0.));
#6923=DIRECTION('ref_axis',(0.,-0.707106781186547,-0.707106781186547));
#6924=DIRECTION('center_axis',(0.,0.,-1.));
#6925=DIRECTION('ref_axis',(-1.,0.,0.));
#6926=DIRECTION('',(0.,1.,0.));
#6927=DIRECTION('',(-1.,0.,0.));
#6928=DIRECTION('',(0.,1.,0.));
#6929=DIRECTION('center_axis',(-1.,0.,0.));
#6930=DIRECTION('ref_axis',(0.,0.,1.));
#6931=DIRECTION('',(0.,0.,1.));
#6932=DIRECTION('center_axis',(1.,0.,0.));
#6933=DIRECTION('ref_axis',(0.,0.707106781186547,-0.707106781186547));
#6934=DIRECTION('center_axis',(1.,0.,0.));
#6935=DIRECTION('ref_axis',(0.,-1.,0.));
#6936=DIRECTION('center_axis',(-1.,0.,0.));
#6937=DIRECTION('ref_axis',(0.,0.707106781186547,-0.707106781186547));
#6938=DIRECTION('',(1.,0.,0.));
#6939=DIRECTION('center_axis',(1.,0.,0.));
#6940=DIRECTION('ref_axis',(0.,0.707106781186547,-0.707106781186547));
#6941=DIRECTION('center_axis',(1.,0.,0.));
#6942=DIRECTION('ref_axis',(0.,0.,-1.));
#6943=DIRECTION('',(0.,0.,1.));
#6944=DIRECTION('',(0.,1.,0.));
#6945=DIRECTION('center_axis',(1.,0.,0.));
#6946=DIRECTION('ref_axis',(0.,-1.,0.));
#6947=DIRECTION('center_axis',(0.,1.,0.));
#6948=DIRECTION('ref_axis',(0.,0.,1.));
#6949=DIRECTION('',(1.,0.,0.));
#6950=DIRECTION('',(1.,0.,0.));
#6951=DIRECTION('center_axis',(-1.,0.,0.));
#6952=DIRECTION('ref_axis',(0.,0.707106781186547,-0.707106781186547));
#6953=DIRECTION('center_axis',(1.,0.,0.));
#6954=DIRECTION('ref_axis',(0.,-1.,0.));
#6955=DIRECTION('',(1.,0.,0.));
#6956=DIRECTION('center_axis',(0.,0.90630778703665,-0.422618261740699));
#6957=DIRECTION('ref_axis',(-1.,0.,0.));
#6958=DIRECTION('',(1.,0.,0.));
#6959=DIRECTION('',(0.389281620635026,0.389281620635025,0.834817129478987));
#6960=DIRECTION('center_axis',(0.90630778703665,0.,-0.4226182617407));
#6961=DIRECTION('ref_axis',(0.,1.,0.));
#6962=DIRECTION('',(0.,-1.,0.));
#6963=DIRECTION('center_axis',(0.,0.,1.));
#6964=DIRECTION('ref_axis',(1.,0.,0.));
#6965=DIRECTION('center_axis',(0.,0.,-1.));
#6966=DIRECTION('ref_axis',(-1.,0.,0.));
#6967=DIRECTION('center_axis',(0.,1.,0.));
#6968=DIRECTION('ref_axis',(-1.,0.,0.));
#6969=DIRECTION('',(1.,0.,0.));
#6970=DIRECTION('',(0.,0.,1.));
#6971=DIRECTION('',(-1.,0.,0.));
#6972=DIRECTION('',(0.,0.,1.));
#6973=DIRECTION('center_axis',(1.,0.,0.));
#6974=DIRECTION('ref_axis',(0.,1.,0.));
#6975=DIRECTION('',(0.,-1.,0.));
#6976=DIRECTION('',(0.,1.,0.));
#6977=DIRECTION('',(0.,0.,1.));
#6978=DIRECTION('center_axis',(0.,-1.,0.));
#6979=DIRECTION('ref_axis',(1.,0.,0.));
#6980=DIRECTION('',(-1.,0.,0.));
#6981=DIRECTION('',(1.,0.,0.));
#6982=DIRECTION('',(0.,0.,1.));
#6983=DIRECTION('center_axis',(-1.,0.,0.));
#6984=DIRECTION('ref_axis',(0.,-1.,0.));
#6985=DIRECTION('',(0.,1.,0.));
#6986=DIRECTION('',(0.,-1.,0.));
#6987=DIRECTION('center_axis',(0.,0.,1.));
#6988=DIRECTION('ref_axis',(1.,0.,0.));
#6989=DIRECTION('center_axis',(0.,0.,1.));
#6990=DIRECTION('ref_axis',(1.,0.,0.));
#6991=DIRECTION('center_axis',(-1.,0.,0.));
#6992=DIRECTION('ref_axis',(0.,-0.976296007119933,0.216439613938103));
#6993=DIRECTION('',(1.,0.,0.));
#6994=DIRECTION('center_axis',(0.707106781186548,0.707106781186548,0.));
#6995=DIRECTION('ref_axis',(-0.707106781186548,0.707106781186548,0.));
#6996=DIRECTION('',(-1.,0.,0.));
#6997=DIRECTION('center_axis',(-0.707106781186548,0.707106781186548,0.));
#6998=DIRECTION('ref_axis',(-0.707106781186548,-0.707106781186548,0.));
#6999=DIRECTION('center_axis',(0.,1.,0.));
#7000=DIRECTION('ref_axis',(0.976296007119933,0.,0.216439613938103));
#7001=DIRECTION('',(0.,-1.,0.));
#7002=DIRECTION('',(0.,1.,0.));
#7003=DIRECTION('center_axis',(-0.707106781186548,0.707106781186548,0.));
#7004=DIRECTION('ref_axis',(0.707106781186548,0.707106781186548,0.));
#7005=DIRECTION('center_axis',(-1.,0.,0.));
#7006=DIRECTION('ref_axis',(0.,0.976296007119933,0.216439613938103));
#7007=DIRECTION('',(1.,0.,0.));
#7008=DIRECTION('',(-1.,0.,0.));
#7009=DIRECTION('center_axis',(0.707106781186548,0.707106781186548,0.));
#7010=DIRECTION('ref_axis',(-0.707106781186548,0.707106781186548,0.));
#7011=DIRECTION('center_axis',(0.,1.,0.));
#7012=DIRECTION('ref_axis',(-0.976296007119933,0.,0.216439613938103));
#7013=DIRECTION('',(0.,-1.,0.));
#7014=DIRECTION('',(0.,1.,0.));
#7015=DIRECTION('center_axis',(0.90630778703665,0.,0.4226182617407));
#7016=DIRECTION('ref_axis',(0.,1.,0.));
#7017=DIRECTION('',(-0.389281620635026,-0.389281620635025,0.834817129478987));
#7018=DIRECTION('',(0.,-1.,0.));
#7019=DIRECTION('',(-0.389281620635026,0.389281620635025,0.834817129478987));
#7020=DIRECTION('center_axis',(0.,-0.90630778703665,0.422618261740699));
#7021=DIRECTION('ref_axis',(1.,0.,0.));
#7022=DIRECTION('',(-1.,0.,0.));
#7023=DIRECTION('',(0.389281620635026,0.389281620635025,0.834817129478988));
#7024=DIRECTION('center_axis',(-1.,0.,0.));
#7025=DIRECTION('ref_axis',(0.,0.,-1.));
#7026=DIRECTION('',(0.,0.,-1.));
#7027=DIRECTION('center_axis',(1.,0.,0.));
#7028=DIRECTION('ref_axis',(0.,-0.707106781186547,-0.707106781186547));
#7029=DIRECTION('',(0.,-1.,0.));
#7030=DIRECTION('center_axis',(1.,0.,0.));
#7031=DIRECTION('ref_axis',(0.,0.707106781186547,-0.707106781186547));
#7032=DIRECTION('',(0.,0.,-1.));
#7033=DIRECTION('center_axis',(0.,1.,0.));
#7034=DIRECTION('ref_axis',(1.,0.,0.));
#7035=DIRECTION('',(-1.,0.,0.));
#7036=DIRECTION('',(0.,0.,1.));
#7037=DIRECTION('',(-1.,0.,0.));
#7038=DIRECTION('',(0.,0.,-1.));
#7039=DIRECTION('',(-1.,0.,0.));
#7040=DIRECTION('',(0.,0.,1.));
#7041=DIRECTION('center_axis',(-1.,0.,0.));
#7042=DIRECTION('ref_axis',(0.,0.707106781186547,-0.707106781186547));
#7043=DIRECTION('',(1.,0.,0.));
#7044=DIRECTION('center_axis',(-1.,0.,0.));
#7045=DIRECTION('ref_axis',(0.,0.707106781186547,-0.707106781186547));
#7046=DIRECTION('center_axis',(0.,0.,1.));
#7047=DIRECTION('ref_axis',(-1.,0.,0.));
#7048=DIRECTION('',(-1.,0.,0.));
#7049=DIRECTION('',(0.,-1.,0.));
#7050=DIRECTION('center_axis',(1.,0.,0.));
#7051=DIRECTION('ref_axis',(0.,0.,1.));
#7052=DIRECTION('center_axis',(-1.,0.,0.));
#7053=DIRECTION('ref_axis',(0.,-0.707106781186547,-0.707106781186547));
#7054=DIRECTION('',(0.,0.,1.));
#7055=DIRECTION('',(0.,1.,0.));
#7056=DIRECTION('center_axis',(1.,0.,0.));
#7057=DIRECTION('ref_axis',(0.,0.707106781186547,-0.707106781186547));
#7058=DIRECTION('center_axis',(-1.,0.,0.));
#7059=DIRECTION('ref_axis',(0.,0.707106781186547,-0.707106781186547));
#7060=DIRECTION('center_axis',(1.,0.,0.));
#7061=DIRECTION('ref_axis',(0.,0.707106781186547,-0.707106781186547));
#7062=DIRECTION('',(1.,0.,0.));
#7063=DIRECTION('center_axis',(0.,0.,1.));
#7064=DIRECTION('ref_axis',(-1.,0.,0.));
#7065=DIRECTION('',(0.,1.,0.));
#7066=DIRECTION('',(-1.,0.,0.));
#7067=DIRECTION('',(0.,-1.,0.));
#7068=DIRECTION('center_axis',(1.,0.,0.));
#7069=DIRECTION('ref_axis',(0.,0.,1.));
#7070=DIRECTION('center_axis',(-1.,0.,0.));
#7071=DIRECTION('ref_axis',(0.,-0.707106781186547,-0.707106781186547));
#7072=DIRECTION('',(0.,0.,1.));
#7073=DIRECTION('center_axis',(-1.,0.,0.));
#7074=DIRECTION('ref_axis',(0.,1.,0.));
#7075=DIRECTION('center_axis',(1.,0.,0.));
#7076=DIRECTION('ref_axis',(0.,-0.707106781186547,-0.707106781186547));
#7077=DIRECTION('center_axis',(1.,0.,0.));
#7078=DIRECTION('ref_axis',(0.,-0.707106781186547,-0.707106781186547));
#7079=DIRECTION('',(1.,0.,0.));
#7080=DIRECTION('center_axis',(-1.,0.,0.));
#7081=DIRECTION('ref_axis',(0.,0.,-1.));
#7082=DIRECTION('',(0.,1.,0.));
#7083=DIRECTION('',(0.,0.,-1.));
#7084=DIRECTION('center_axis',(1.,0.,0.));
#7085=DIRECTION('ref_axis',(0.,1.,0.));
#7086=DIRECTION('center_axis',(0.,1.,0.));
#7087=DIRECTION('ref_axis',(0.,0.,1.));
#7088=DIRECTION('',(-1.,0.,0.));
#7089=DIRECTION('',(1.,0.,0.));
#7090=DIRECTION('center_axis',(1.,0.,0.));
#7091=DIRECTION('ref_axis',(0.,-0.707106781186547,-0.707106781186547));
#7092=DIRECTION('center_axis',(-1.,0.,0.));
#7093=DIRECTION('ref_axis',(0.,1.,0.));
#7094=DIRECTION('',(1.,0.,0.));
#7095=DIRECTION('center_axis',(0.,0.90630778703665,0.422618261740699));
#7096=DIRECTION('ref_axis',(-1.,0.,0.));
#7097=DIRECTION('',(0.389281620635026,-0.389281620635025,0.834817129478987));
#7098=DIRECTION('',(1.,0.,0.));
#7099=DIRECTION('center_axis',(-0.90630778703665,0.,0.4226182617407));
#7100=DIRECTION('ref_axis',(0.,-1.,0.));
#7101=DIRECTION('',(0.,1.,0.));
#7102=DIRECTION('center_axis',(0.,0.,-1.));
#7103=DIRECTION('ref_axis',(1.,0.,0.));
#7104=DIRECTION('center_axis',(0.,0.,1.));
#7105=DIRECTION('ref_axis',(-1.,0.,0.));
#7106=DIRECTION('center_axis',(0.,1.,0.));
#7107=DIRECTION('ref_axis',(-1.,0.,0.));
#7108=DIRECTION('',(1.,0.,0.));
#7109=DIRECTION('',(0.,0.,1.));
#7110=DIRECTION('',(-1.,0.,0.));
#7111=DIRECTION('',(0.,0.,1.));
#7112=DIRECTION('center_axis',(-1.,0.,0.));
#7113=DIRECTION('ref_axis',(0.,-1.,0.));
#7114=DIRECTION('',(0.,1.,0.));
#7115=DIRECTION('',(0.,0.,1.));
#7116=DIRECTION('',(0.,-1.,0.));
#7117=DIRECTION('center_axis',(0.,-1.,0.));
#7118=DIRECTION('ref_axis',(1.,0.,0.));
#7119=DIRECTION('',(-1.,0.,0.));
#7120=DIRECTION('',(0.,0.,1.));
#7121=DIRECTION('',(1.,0.,0.));
#7122=DIRECTION('center_axis',(1.,0.,0.));
#7123=DIRECTION('ref_axis',(0.,1.,0.));
#7124=DIRECTION('',(0.,-1.,0.));
#7125=DIRECTION('',(0.,1.,0.));
#7126=DIRECTION('center_axis',(0.,0.,-1.));
#7127=DIRECTION('ref_axis',(1.,0.,0.));
#7128=DIRECTION('center_axis',(0.,0.,-1.));
#7129=DIRECTION('ref_axis',(1.,0.,0.));
#7130=DIRECTION('center_axis',(1.,0.,0.));
#7131=DIRECTION('ref_axis',(0.,0.976296007119933,0.216439613938103));
#7132=DIRECTION('',(-1.,0.,0.));
#7133=DIRECTION('center_axis',(-0.707106781186548,-0.707106781186548,0.));
#7134=DIRECTION('ref_axis',(0.707106781186548,-0.707106781186548,0.));
#7135=DIRECTION('',(1.,0.,0.));
#7136=DIRECTION('center_axis',(0.707106781186548,-0.707106781186548,0.));
#7137=DIRECTION('ref_axis',(0.707106781186548,0.707106781186548,0.));
#7138=DIRECTION('center_axis',(0.,-1.,0.));
#7139=DIRECTION('ref_axis',(-0.976296007119933,0.,0.216439613938103));
#7140=DIRECTION('',(0.,1.,0.));
#7141=DIRECTION('',(0.,-1.,0.));
#7142=DIRECTION('center_axis',(0.707106781186548,-0.707106781186548,0.));
#7143=DIRECTION('ref_axis',(-0.707106781186548,-0.707106781186548,0.));
#7144=DIRECTION('center_axis',(1.,0.,0.));
#7145=DIRECTION('ref_axis',(0.,-0.976296007119933,0.216439613938103));
#7146=DIRECTION('',(-1.,0.,0.));
#7147=DIRECTION('',(1.,0.,0.));
#7148=DIRECTION('center_axis',(-0.707106781186548,-0.707106781186548,0.));
#7149=DIRECTION('ref_axis',(0.707106781186548,-0.707106781186548,0.));
#7150=DIRECTION('center_axis',(0.,-1.,0.));
#7151=DIRECTION('ref_axis',(0.976296007119933,0.,0.216439613938103));
#7152=DIRECTION('',(0.,1.,0.));
#7153=DIRECTION('',(0.,-1.,0.));
#7154=DIRECTION('center_axis',(-0.90630778703665,0.,0.4226182617407));
#7155=DIRECTION('ref_axis',(0.,-1.,0.));
#7156=DIRECTION('',(0.389281620635026,0.389281620635025,0.834817129478987));
#7157=DIRECTION('',(0.,1.,0.));
#7158=DIRECTION('',(0.389281620635026,-0.389281620635025,0.834817129478987));
#7159=DIRECTION('center_axis',(0.,0.90630778703665,0.422618261740699));
#7160=DIRECTION('ref_axis',(-1.,0.,0.));
#7161=DIRECTION('',(1.,0.,0.));
#7162=DIRECTION('',(-0.389281620635026,-0.389281620635025,0.834817129478988));
#7163=DIRECTION('center_axis',(1.,0.,0.));
#7164=DIRECTION('ref_axis',(0.,0.,-1.));
#7165=DIRECTION('',(0.,0.,-1.));
#7166=DIRECTION('center_axis',(-1.,0.,0.));
#7167=DIRECTION('ref_axis',(0.,0.707106781186547,-0.707106781186547));
#7168=DIRECTION('',(0.,1.,0.));
#7169=DIRECTION('center_axis',(-1.,0.,0.));
#7170=DIRECTION('ref_axis',(0.,-0.707106781186547,-0.707106781186547));
#7171=DIRECTION('',(0.,0.,-1.));
#7172=DIRECTION('center_axis',(0.,-1.,0.));
#7173=DIRECTION('ref_axis',(-1.,0.,0.));
#7174=DIRECTION('',(1.,0.,0.));
#7175=DIRECTION('',(0.,0.,1.));
#7176=DIRECTION('',(1.,0.,0.));
#7177=DIRECTION('',(0.,0.,-1.));
#7178=DIRECTION('',(1.,0.,0.));
#7179=DIRECTION('',(0.,0.,1.));
#7180=DIRECTION('center_axis',(1.,0.,0.));
#7181=DIRECTION('ref_axis',(0.,-0.707106781186547,-0.707106781186547));
#7182=DIRECTION('',(-1.,0.,0.));
#7183=DIRECTION('center_axis',(1.,0.,0.));
#7184=DIRECTION('ref_axis',(0.,-0.707106781186547,-0.707106781186547));
#7185=DIRECTION('center_axis',(0.,0.,1.));
#7186=DIRECTION('ref_axis',(1.,0.,0.));
#7187=DIRECTION('',(1.,0.,0.));
#7188=DIRECTION('',(0.,1.,0.));
#7189=DIRECTION('center_axis',(-1.,0.,0.));
#7190=DIRECTION('ref_axis',(0.,0.,1.));
#7191=DIRECTION('center_axis',(1.,0.,0.));
#7192=DIRECTION('ref_axis',(0.,0.707106781186547,-0.707106781186547));
#7193=DIRECTION('',(0.,0.,1.));
#7194=DIRECTION('',(0.,1.,0.));
#7195=DIRECTION('center_axis',(-1.,0.,0.));
#7196=DIRECTION('ref_axis',(0.,-0.707106781186547,-0.707106781186547));
#7197=DIRECTION('center_axis',(1.,0.,0.));
#7198=DIRECTION('ref_axis',(0.,-0.707106781186547,-0.707106781186547));
#7199=DIRECTION('center_axis',(-1.,0.,0.));
#7200=DIRECTION('ref_axis',(0.,-0.707106781186547,-0.707106781186547));
#7201=DIRECTION('',(-1.,0.,0.));
#7202=DIRECTION('center_axis',(0.,0.,1.));
#7203=DIRECTION('ref_axis',(1.,0.,0.));
#7204=DIRECTION('',(0.,-1.,0.));
#7205=DIRECTION('',(1.,0.,0.));
#7206=DIRECTION('',(0.,1.,0.));
#7207=DIRECTION('center_axis',(-1.,0.,0.));
#7208=DIRECTION('ref_axis',(0.,0.,1.));
#7209=DIRECTION('center_axis',(1.,0.,0.));
#7210=DIRECTION('ref_axis',(0.,0.707106781186547,-0.707106781186547));
#7211=DIRECTION('',(0.,0.,1.));
#7212=DIRECTION('center_axis',(1.,0.,0.));
#7213=DIRECTION('ref_axis',(0.,-1.,0.));
#7214=DIRECTION('center_axis',(-1.,0.,0.));
#7215=DIRECTION('ref_axis',(0.,0.707106781186547,-0.707106781186547));
#7216=DIRECTION('center_axis',(-1.,0.,0.));
#7217=DIRECTION('ref_axis',(0.,0.707106781186547,-0.707106781186547));
#7218=DIRECTION('',(-1.,0.,0.));
#7219=DIRECTION('center_axis',(1.,0.,0.));
#7220=DIRECTION('ref_axis',(0.,0.,-1.));
#7221=DIRECTION('',(0.,1.,0.));
#7222=DIRECTION('',(0.,0.,-1.));
#7223=DIRECTION('center_axis',(-1.,0.,0.));
#7224=DIRECTION('ref_axis',(0.,-1.,0.));
#7225=DIRECTION('center_axis',(0.,-1.,0.));
#7226=DIRECTION('ref_axis',(0.,0.,1.));
#7227=DIRECTION('',(1.,0.,0.));
#7228=DIRECTION('',(-1.,0.,0.));
#7229=DIRECTION('center_axis',(-1.,0.,0.));
#7230=DIRECTION('ref_axis',(0.,0.707106781186547,-0.707106781186547));
#7231=DIRECTION('center_axis',(1.,0.,0.));
#7232=DIRECTION('ref_axis',(0.,-1.,0.));
#7233=DIRECTION('',(-1.,0.,0.));
#7234=DIRECTION('center_axis',(0.,-0.90630778703665,0.422618261740699));
#7235=DIRECTION('ref_axis',(1.,0.,0.));
#7236=DIRECTION('',(-0.389281620635026,0.389281620635025,0.834817129478987));
#7237=DIRECTION('',(-1.,0.,0.));
#7238=DIRECTION('center_axis',(0.90630778703665,0.,0.4226182617407));
#7239=DIRECTION('ref_axis',(0.,1.,0.));
#7240=DIRECTION('',(0.,-1.,0.));
#7241=DIRECTION('center_axis',(0.,0.,-1.));
#7242=DIRECTION('ref_axis',(-1.,0.,0.));
#7243=DIRECTION('center_axis',(0.,0.,1.));
#7244=DIRECTION('ref_axis',(1.,0.,0.));
#7245=DIRECTION('center_axis',(0.,-1.,0.));
#7246=DIRECTION('ref_axis',(1.,0.,0.));
#7247=DIRECTION('',(-1.,0.,0.));
#7248=DIRECTION('',(0.,0.,1.));
#7249=DIRECTION('',(1.,0.,0.));
#7250=DIRECTION('',(0.,0.,1.));
#7251=DIRECTION('center_axis',(1.,0.,0.));
#7252=DIRECTION('ref_axis',(0.,1.,0.));
#7253=DIRECTION('',(0.,-1.,0.));
#7254=DIRECTION('',(0.,0.,1.));
#7255=DIRECTION('',(0.,1.,0.));
#7256=DIRECTION('center_axis',(0.,1.,0.));
#7257=DIRECTION('ref_axis',(-1.,0.,0.));
#7258=DIRECTION('',(1.,0.,0.));
#7259=DIRECTION('',(0.,0.,1.));
#7260=DIRECTION('',(-1.,0.,0.));
#7261=DIRECTION('center_axis',(-1.,0.,0.));
#7262=DIRECTION('ref_axis',(0.,-1.,0.));
#7263=DIRECTION('',(0.,1.,0.));
#7264=DIRECTION('',(0.,-1.,0.));
#7265=DIRECTION('center_axis',(0.,0.,-1.));
#7266=DIRECTION('ref_axis',(-1.,0.,0.));
#7267=DIRECTION('center_axis',(0.,0.,-1.));
#7268=DIRECTION('ref_axis',(-1.,0.,0.));
#7269=DIRECTION('center_axis',(-1.,0.,0.));
#7270=DIRECTION('ref_axis',(0.,-0.976296007119933,0.216439613938103));
#7271=DIRECTION('',(-1.,0.,0.));
#7272=DIRECTION('center_axis',(-0.707106781186548,-0.707106781186548,0.));
#7273=DIRECTION('ref_axis',(0.707106781186548,-0.707106781186548,0.));
#7274=DIRECTION('',(1.,0.,0.));
#7275=DIRECTION('center_axis',(0.707106781186548,-0.707106781186548,0.));
#7276=DIRECTION('ref_axis',(0.707106781186548,0.707106781186548,0.));
#7277=DIRECTION('center_axis',(0.,-1.,0.));
#7278=DIRECTION('ref_axis',(-0.976296007119933,0.,0.216439613938103));
#7279=DIRECTION('',(0.,-1.,0.));
#7280=DIRECTION('center_axis',(-0.707106781186548,-0.707106781186548,0.));
#7281=DIRECTION('ref_axis',(-0.707106781186548,0.707106781186548,0.));
#7282=DIRECTION('',(0.,1.,0.));
#7283=DIRECTION('center_axis',(-1.,0.,0.));
#7284=DIRECTION('ref_axis',(0.,0.976296007119933,0.216439613938103));
#7285=DIRECTION('',(-1.,0.,0.));
#7286=DIRECTION('center_axis',(0.707106781186548,-0.707106781186548,0.));
#7287=DIRECTION('ref_axis',(0.707106781186548,0.707106781186548,0.));
#7288=DIRECTION('',(1.,0.,0.));
#7289=DIRECTION('center_axis',(0.,-1.,0.));
#7290=DIRECTION('ref_axis',(0.976296007119933,0.,0.216439613938103));
#7291=DIRECTION('',(0.,-1.,0.));
#7292=DIRECTION('',(0.,1.,0.));
#7293=DIRECTION('center_axis',(0.90630778703665,0.,-0.4226182617407));
#7294=DIRECTION('ref_axis',(0.,1.,0.));
#7295=DIRECTION('',(0.389281620635026,0.389281620635025,0.834817129478987));
#7296=DIRECTION('',(0.,-1.,0.));
#7297=DIRECTION('',(0.389281620635026,-0.389281620635025,0.834817129478987));
#7298=DIRECTION('center_axis',(0.,0.90630778703665,-0.422618261740699));
#7299=DIRECTION('ref_axis',(-1.,0.,0.));
#7300=DIRECTION('',(-0.389281620635026,0.389281620635025,0.834817129478988));
#7301=DIRECTION('',(1.,0.,0.));
#7302=DIRECTION('center_axis',(-1.,0.,0.));
#7303=DIRECTION('ref_axis',(0.,0.,-1.));
#7304=DIRECTION('',(0.,0.,-1.));
#7305=DIRECTION('center_axis',(1.,0.,0.));
#7306=DIRECTION('ref_axis',(0.,0.707106781186547,-0.707106781186547));
#7307=DIRECTION('',(0.,-1.,0.));
#7308=DIRECTION('center_axis',(1.,0.,0.));
#7309=DIRECTION('ref_axis',(0.,-0.707106781186547,-0.707106781186547));
#7310=DIRECTION('',(0.,0.,-1.));
#7311=DIRECTION('center_axis',(0.,-1.,0.));
#7312=DIRECTION('ref_axis',(-1.,0.,0.));
#7313=DIRECTION('',(0.,0.,1.));
#7314=DIRECTION('',(1.,0.,0.));
#7315=DIRECTION('',(0.,0.,1.));
#7316=DIRECTION('',(-1.,0.,0.));
#7317=DIRECTION('',(0.,0.,-1.));
#7318=DIRECTION('',(1.,0.,0.));
#7319=DIRECTION('center_axis',(-1.,0.,0.));
#7320=DIRECTION('ref_axis',(0.,0.707106781186547,-0.707106781186547));
#7321=DIRECTION('center_axis',(1.,0.,0.));
#7322=DIRECTION('ref_axis',(0.,0.707106781186547,-0.707106781186547));
#7323=DIRECTION('',(-1.,0.,0.));
#7324=DIRECTION('center_axis',(0.,0.,-1.));
#7325=DIRECTION('ref_axis',(1.,0.,0.));
#7326=DIRECTION('',(0.,1.,0.));
#7327=DIRECTION('',(1.,0.,0.));
#7328=DIRECTION('center_axis',(1.,0.,0.));
#7329=DIRECTION('ref_axis',(0.,0.,1.));
#7330=DIRECTION('',(0.,1.,0.));
#7331=DIRECTION('',(0.,0.,-1.));
#7332=DIRECTION('center_axis',(1.,0.,0.));
#7333=DIRECTION('ref_axis',(0.,-0.707106781186547,-0.707106781186547));
#7334=DIRECTION('center_axis',(1.,0.,0.));
#7335=DIRECTION('ref_axis',(0.,0.707106781186547,-0.707106781186547));
#7336=DIRECTION('center_axis',(-1.,0.,0.));
#7337=DIRECTION('ref_axis',(0.,0.707106781186547,-0.707106781186547));
#7338=DIRECTION('',(-1.,0.,0.));
#7339=DIRECTION('center_axis',(-1.,0.,0.));
#7340=DIRECTION('ref_axis',(0.,0.707106781186547,-0.707106781186547));
#7341=DIRECTION('center_axis',(0.,0.,-1.));
#7342=DIRECTION('ref_axis',(1.,0.,0.));
#7343=DIRECTION('',(0.,-1.,0.));
#7344=DIRECTION('',(1.,0.,0.));
#7345=DIRECTION('',(0.,-1.,0.));
#7346=DIRECTION('center_axis',(1.,0.,0.));
#7347=DIRECTION('ref_axis',(0.,0.,1.));
#7348=DIRECTION('',(0.,0.,1.));
#7349=DIRECTION('center_axis',(-1.,0.,0.));
#7350=DIRECTION('ref_axis',(0.,-0.707106781186547,-0.707106781186547));
#7351=DIRECTION('center_axis',(-1.,0.,0.));
#7352=DIRECTION('ref_axis',(0.,1.,0.));
#7353=DIRECTION('center_axis',(1.,0.,0.));
#7354=DIRECTION('ref_axis',(0.,-0.707106781186547,-0.707106781186547));
#7355=DIRECTION('',(-1.,0.,0.));
#7356=DIRECTION('center_axis',(-1.,0.,0.));
#7357=DIRECTION('ref_axis',(0.,-0.707106781186547,-0.707106781186547));
#7358=DIRECTION('center_axis',(-1.,0.,0.));
#7359=DIRECTION('ref_axis',(0.,0.,-1.));
#7360=DIRECTION('',(0.,0.,1.));
#7361=DIRECTION('',(0.,1.,0.));
#7362=DIRECTION('center_axis',(-1.,0.,0.));
#7363=DIRECTION('ref_axis',(0.,1.,0.));
#7364=DIRECTION('center_axis',(0.,-1.,0.));
#7365=DIRECTION('ref_axis',(0.,0.,1.));
#7366=DIRECTION('',(-1.,0.,0.));
#7367=DIRECTION('',(-1.,0.,0.));
#7368=DIRECTION('center_axis',(1.,0.,0.));
#7369=DIRECTION('ref_axis',(0.,-0.707106781186547,-0.707106781186547));
#7370=DIRECTION('center_axis',(-1.,0.,0.));
#7371=DIRECTION('ref_axis',(0.,1.,0.));
#7372=DIRECTION('',(-1.,0.,0.));
#7373=DIRECTION('center_axis',(0.,-0.90630778703665,-0.422618261740699));
#7374=DIRECTION('ref_axis',(1.,0.,0.));
#7375=DIRECTION('',(-1.,0.,0.));
#7376=DIRECTION('',(-0.389281620635026,-0.389281620635025,0.834817129478987));
#7377=DIRECTION('center_axis',(-0.90630778703665,0.,-0.4226182617407));
#7378=DIRECTION('ref_axis',(0.,-1.,0.));
#7379=DIRECTION('',(0.,1.,0.));
#7380=DIRECTION('center_axis',(0.,0.,1.));
#7381=DIRECTION('ref_axis',(-1.,0.,0.));
#7382=DIRECTION('center_axis',(0.,0.,-1.));
#7383=DIRECTION('ref_axis',(1.,0.,0.));
#7384=DIRECTION('center_axis',(0.,-1.,0.));
#7385=DIRECTION('ref_axis',(1.,0.,0.));
#7386=DIRECTION('',(-1.,0.,0.));
#7387=DIRECTION('',(0.,0.,1.));
#7388=DIRECTION('',(1.,0.,0.));
#7389=DIRECTION('',(0.,0.,1.));
#7390=DIRECTION('center_axis',(-1.,0.,0.));
#7391=DIRECTION('ref_axis',(0.,-1.,0.));
#7392=DIRECTION('',(0.,1.,0.));
#7393=DIRECTION('',(0.,-1.,0.));
#7394=DIRECTION('',(0.,0.,1.));
#7395=DIRECTION('center_axis',(0.,1.,0.));
#7396=DIRECTION('ref_axis',(-1.,0.,0.));
#7397=DIRECTION('',(1.,0.,0.));
#7398=DIRECTION('',(-1.,0.,0.));
#7399=DIRECTION('',(0.,0.,1.));
#7400=DIRECTION('center_axis',(1.,0.,0.));
#7401=DIRECTION('ref_axis',(0.,1.,0.));
#7402=DIRECTION('',(0.,-1.,0.));
#7403=DIRECTION('',(0.,1.,0.));
#7404=DIRECTION('center_axis',(0.,0.,1.));
#7405=DIRECTION('ref_axis',(-1.,0.,0.));
#7406=DIRECTION('center_axis',(0.,0.,1.));
#7407=DIRECTION('ref_axis',(-1.,0.,0.));
#7408=DIRECTION('center_axis',(0.,0.,-1.));
#7409=DIRECTION('ref_axis',(1.,0.,0.));
#7410=DIRECTION('',(0.707106781186548,0.707106781186548,0.));
#7411=DIRECTION('',(0.,1.,0.));
#7412=DIRECTION('',(-1.,0.,0.));
#7413=DIRECTION('',(0.,-1.,0.));
#7414=DIRECTION('',(1.,0.,0.));
#7415=DIRECTION('center_axis',(0.,-1.,0.));
#7416=DIRECTION('ref_axis',(1.,0.,0.));
#7417=DIRECTION('',(0.,0.,-1.));
#7418=DIRECTION('',(-1.,0.,0.));
#7419=DIRECTION('',(0.,0.,1.));
#7420=DIRECTION('center_axis',(1.,0.,0.));
#7421=DIRECTION('ref_axis',(0.,1.,0.));
#7422=DIRECTION('',(0.,-1.,0.));
#7423=DIRECTION('',(0.,0.,1.));
#7424=DIRECTION('center_axis',(0.,0.,1.));
#7425=DIRECTION('ref_axis',(1.,0.,0.));
#7426=DIRECTION('',(-0.707106781186548,-0.707106781186548,0.));
#7427=DIRECTION('',(-1.,0.,0.));
#7428=DIRECTION('',(0.,-1.,0.));
#7429=DIRECTION('center_axis',(-1.,0.,0.));
#7430=DIRECTION('ref_axis',(0.,-1.,0.));
#7431=DIRECTION('',(0.,0.,1.));
#7432=DIRECTION('',(0.,1.,0.));
#7433=DIRECTION('',(0.,0.,1.));
#7434=DIRECTION('',(0.,-1.,0.));
#7435=DIRECTION('',(0.,0.,1.));
#7436=DIRECTION('center_axis',(-0.707106781186548,0.707106781186548,0.));
#7437=DIRECTION('ref_axis',(0.,0.,1.));
#7438=DIRECTION('',(0.,0.,-1.));
#7439=DIRECTION('',(-0.707106781186548,-0.707106781186548,0.));
#7440=DIRECTION('center_axis',(-0.707106781186548,0.707106781186548,0.));
#7441=DIRECTION('ref_axis',(0.,0.,1.));
#7442=DIRECTION('',(0.707106781186548,0.707106781186548,0.));
#7443=DIRECTION('',(0.,0.,-1.));
#7444=DIRECTION('center_axis',(0.,0.,-1.));
#7445=DIRECTION('ref_axis',(1.,0.,0.));
#7446=DIRECTION('',(1.,0.,0.));
#7447=DIRECTION('',(0.,-1.,0.));
#7448=DIRECTION('',(-1.,0.,0.));
#7449=DIRECTION('center_axis',(0.,1.,0.));
#7450=DIRECTION('ref_axis',(-1.,0.,0.));
#7451=DIRECTION('',(-1.,0.,0.));
#7452=DIRECTION('',(0.,0.,1.));
#7453=DIRECTION('center_axis',(0.,-1.,0.));
#7454=DIRECTION('ref_axis',(1.,0.,0.));
#7455=DIRECTION('',(0.,0.,1.));
#7456=DIRECTION('',(1.,0.,0.));
#7457=DIRECTION('center_axis',(1.,0.,0.));
#7458=DIRECTION('ref_axis',(0.,1.,0.));
#7459=DIRECTION('',(0.,1.,0.));
#7460=DIRECTION('center_axis',(0.,0.,1.));
#7461=DIRECTION('ref_axis',(1.,0.,0.));
#7462=DIRECTION('center_axis',(1.22464679914735E-16,0.,1.));
#7463=DIRECTION('ref_axis',(-1.,0.,1.22464679914735E-16));
#7464=DIRECTION('',(-0.707106781186548,0.707106781186548,8.65956056235493E-17));
#7465=DIRECTION('',(0.,1.,0.));
#7466=DIRECTION('',(1.,0.,-1.22464679914735E-16));
#7467=DIRECTION('',(0.,-1.,0.));
#7468=DIRECTION('',(-1.,0.,1.22464679914735E-16));
#7469=DIRECTION('center_axis',(0.,-1.,0.));
#7470=DIRECTION('ref_axis',(-1.,0.,1.22464679914735E-16));
#7471=DIRECTION('',(1.22464679914735E-16,0.,1.));
#7472=DIRECTION('',(1.,0.,-1.22464679914735E-16));
#7473=DIRECTION('',(-1.22464679914735E-16,0.,-1.));
#7474=DIRECTION('center_axis',(-1.,0.,1.22464679914735E-16));
#7475=DIRECTION('ref_axis',(0.,1.,0.));
#7476=DIRECTION('',(0.,-1.,0.));
#7477=DIRECTION('',(-1.22464679914735E-16,0.,-1.));
#7478=DIRECTION('center_axis',(-1.22464679914735E-16,0.,-1.));
#7479=DIRECTION('ref_axis',(-1.,0.,1.22464679914735E-16));
#7480=DIRECTION('',(0.707106781186548,-0.707106781186548,-8.65956056235493E-17));
#7481=DIRECTION('',(1.,0.,-1.22464679914735E-16));
#7482=DIRECTION('',(0.,-1.,0.));
#7483=DIRECTION('center_axis',(1.,0.,-1.22464679914735E-16));
#7484=DIRECTION('ref_axis',(0.,-1.,0.));
#7485=DIRECTION('',(-1.22464679914735E-16,0.,-1.));
#7486=DIRECTION('',(0.,1.,0.));
#7487=DIRECTION('',(-1.22464679914735E-16,0.,-1.));
#7488=DIRECTION('',(0.,-1.,0.));
#7489=DIRECTION('',(-1.22464679914735E-16,0.,-1.));
#7490=DIRECTION('center_axis',(0.707106781186548,0.707106781186548,-8.65956056235493E-17));
#7491=DIRECTION('ref_axis',(-1.22464679914735E-16,0.,-1.));
#7492=DIRECTION('',(1.22464679914735E-16,0.,1.));
#7493=DIRECTION('',(0.707106781186548,-0.707106781186548,-8.65956056235493E-17));
#7494=DIRECTION('center_axis',(0.707106781186548,0.707106781186548,-8.65956056235493E-17));
#7495=DIRECTION('ref_axis',(-1.22464679914735E-16,0.,-1.));
#7496=DIRECTION('',(-0.707106781186548,0.707106781186548,8.65956056235493E-17));
#7497=DIRECTION('',(1.22464679914735E-16,0.,1.));
#7498=DIRECTION('center_axis',(1.22464679914735E-16,0.,1.));
#7499=DIRECTION('ref_axis',(-1.,0.,1.22464679914735E-16));
#7500=DIRECTION('',(-1.,0.,1.22464679914735E-16));
#7501=DIRECTION('',(0.,-1.,0.));
#7502=DIRECTION('',(1.,0.,-1.22464679914735E-16));
#7503=DIRECTION('center_axis',(0.,1.,0.));
#7504=DIRECTION('ref_axis',(1.,0.,-1.22464679914735E-16));
#7505=DIRECTION('',(1.,0.,-1.22464679914735E-16));
#7506=DIRECTION('',(-1.22464679914735E-16,0.,-1.));
#7507=DIRECTION('center_axis',(0.,-1.,0.));
#7508=DIRECTION('ref_axis',(-1.,0.,1.22464679914735E-16));
#7509=DIRECTION('',(-1.22464679914735E-16,0.,-1.));
#7510=DIRECTION('',(-1.,0.,1.22464679914735E-16));
#7511=DIRECTION('center_axis',(-1.,0.,1.22464679914735E-16));
#7512=DIRECTION('ref_axis',(0.,1.,0.));
#7513=DIRECTION('',(0.,1.,0.));
#7514=DIRECTION('center_axis',(-1.22464679914735E-16,0.,-1.));
#7515=DIRECTION('ref_axis',(-1.,0.,1.22464679914735E-16));
#7516=DIRECTION('center_axis',(0.,0.,1.));
#7517=DIRECTION('ref_axis',(1.,0.,0.));
#7518=DIRECTION('',(0.707106781186548,-0.707106781186548,0.));
#7519=DIRECTION('',(1.,0.,0.));
#7520=DIRECTION('',(0.,1.,0.));
#7521=DIRECTION('',(-1.,0.,0.));
#7522=DIRECTION('',(0.,-1.,0.));
#7523=DIRECTION('center_axis',(0.,-1.,0.));
#7524=DIRECTION('ref_axis',(1.,0.,0.));
#7525=DIRECTION('',(0.,0.,1.));
#7526=DIRECTION('',(-1.,0.,0.));
#7527=DIRECTION('',(0.,0.,-1.));
#7528=DIRECTION('center_axis',(-1.,0.,0.));
#7529=DIRECTION('ref_axis',(0.,-1.,0.));
#7530=DIRECTION('',(0.,0.,1.));
#7531=DIRECTION('',(0.,1.,0.));
#7532=DIRECTION('center_axis',(0.,0.,-1.));
#7533=DIRECTION('ref_axis',(1.,0.,0.));
#7534=DIRECTION('',(-0.707106781186548,0.707106781186548,0.));
#7535=DIRECTION('',(0.,1.,0.));
#7536=DIRECTION('',(-1.,0.,0.));
#7537=DIRECTION('center_axis',(1.,0.,0.));
#7538=DIRECTION('ref_axis',(0.,1.,0.));
#7539=DIRECTION('',(0.,0.,1.));
#7540=DIRECTION('',(0.,1.,0.));
#7541=DIRECTION('',(0.,0.,1.));
#7542=DIRECTION('',(0.,-1.,0.));
#7543=DIRECTION('',(0.,0.,1.));
#7544=DIRECTION('center_axis',(0.707106781186548,0.707106781186548,0.));
#7545=DIRECTION('ref_axis',(0.,0.,1.));
#7546=DIRECTION('',(-0.707106781186548,0.707106781186548,0.));
#7547=DIRECTION('',(0.,0.,-1.));
#7548=DIRECTION('center_axis',(0.707106781186548,0.707106781186548,0.));
#7549=DIRECTION('ref_axis',(0.,0.,1.));
#7550=DIRECTION('',(0.,0.,-1.));
#7551=DIRECTION('',(0.707106781186548,-0.707106781186548,0.));
#7552=DIRECTION('center_axis',(0.,0.,1.));
#7553=DIRECTION('ref_axis',(1.,0.,0.));
#7554=DIRECTION('',(-1.,0.,0.));
#7555=DIRECTION('',(0.,1.,0.));
#7556=DIRECTION('',(1.,0.,0.));
#7557=DIRECTION('center_axis',(0.,1.,0.));
#7558=DIRECTION('ref_axis',(-1.,0.,0.));
#7559=DIRECTION('',(0.,0.,1.));
#7560=DIRECTION('',(-1.,0.,0.));
#7561=DIRECTION('center_axis',(0.,-1.,0.));
#7562=DIRECTION('ref_axis',(1.,0.,0.));
#7563=DIRECTION('',(1.,0.,0.));
#7564=DIRECTION('',(0.,0.,1.));
#7565=DIRECTION('center_axis',(-1.,0.,0.));
#7566=DIRECTION('ref_axis',(0.,-1.,0.));
#7567=DIRECTION('',(0.,-1.,0.));
#7568=DIRECTION('center_axis',(0.,0.,-1.));
#7569=DIRECTION('ref_axis',(1.,0.,0.));
#7570=DIRECTION('center_axis',(-1.22464679914735E-16,0.,-1.));
#7571=DIRECTION('ref_axis',(-1.,0.,1.22464679914735E-16));
#7572=DIRECTION('',(-0.707106781186548,-0.707106781186548,8.65956056235493E-17));
#7573=DIRECTION('',(-1.,0.,1.22464679914735E-16));
#7574=DIRECTION('',(0.,1.,0.));
#7575=DIRECTION('',(1.,0.,-1.22464679914735E-16));
#7576=DIRECTION('',(0.,-1.,0.));
#7577=DIRECTION('center_axis',(0.,-1.,0.));
#7578=DIRECTION('ref_axis',(-1.,0.,1.22464679914735E-16));
#7579=DIRECTION('',(-1.22464679914735E-16,0.,-1.));
#7580=DIRECTION('',(1.,0.,-1.22464679914735E-16));
#7581=DIRECTION('',(1.22464679914735E-16,0.,1.));
#7582=DIRECTION('center_axis',(1.,0.,-1.22464679914735E-16));
#7583=DIRECTION('ref_axis',(0.,-1.,0.));
#7584=DIRECTION('',(-1.22464679914735E-16,0.,-1.));
#7585=DIRECTION('',(0.,1.,0.));
#7586=DIRECTION('center_axis',(1.22464679914735E-16,0.,1.));
#7587=DIRECTION('ref_axis',(-1.,0.,1.22464679914735E-16));
#7588=DIRECTION('',(0.707106781186548,0.707106781186548,-8.65956056235493E-17));
#7589=DIRECTION('',(0.,1.,0.));
#7590=DIRECTION('',(1.,0.,-1.22464679914735E-16));
#7591=DIRECTION('center_axis',(-1.,0.,1.22464679914735E-16));
#7592=DIRECTION('ref_axis',(0.,1.,0.));
#7593=DIRECTION('',(-1.22464679914735E-16,0.,-1.));
#7594=DIRECTION('',(0.,1.,0.));
#7595=DIRECTION('',(-1.22464679914735E-16,0.,-1.));
#7596=DIRECTION('',(0.,-1.,0.));
#7597=DIRECTION('',(-1.22464679914735E-16,0.,-1.));
#7598=DIRECTION('center_axis',(-0.707106781186548,0.707106781186548,8.65956056235493E-17));
#7599=DIRECTION('ref_axis',(-1.22464679914735E-16,0.,-1.));
#7600=DIRECTION('',(0.707106781186548,0.707106781186548,-8.65956056235493E-17));
#7601=DIRECTION('',(1.22464679914735E-16,0.,1.));
#7602=DIRECTION('center_axis',(-0.707106781186548,0.707106781186548,8.65956056235493E-17));
#7603=DIRECTION('ref_axis',(-1.22464679914735E-16,0.,-1.));
#7604=DIRECTION('',(1.22464679914735E-16,0.,1.));
#7605=DIRECTION('',(-0.707106781186548,-0.707106781186548,8.65956056235493E-17));
#7606=DIRECTION('center_axis',(-1.22464679914735E-16,0.,-1.));
#7607=DIRECTION('ref_axis',(-1.,0.,1.22464679914735E-16));
#7608=DIRECTION('',(1.,0.,-1.22464679914735E-16));
#7609=DIRECTION('',(0.,1.,0.));
#7610=DIRECTION('',(-1.,0.,1.22464679914735E-16));
#7611=DIRECTION('center_axis',(0.,1.,0.));
#7612=DIRECTION('ref_axis',(1.,0.,-1.22464679914735E-16));
#7613=DIRECTION('',(-1.22464679914735E-16,0.,-1.));
#7614=DIRECTION('',(1.,0.,-1.22464679914735E-16));
#7615=DIRECTION('center_axis',(0.,-1.,0.));
#7616=DIRECTION('ref_axis',(-1.,0.,1.22464679914735E-16));
#7617=DIRECTION('',(-1.,0.,1.22464679914735E-16));
#7618=DIRECTION('',(-1.22464679914735E-16,0.,-1.));
#7619=DIRECTION('center_axis',(1.,0.,-1.22464679914735E-16));
#7620=DIRECTION('ref_axis',(0.,-1.,0.));
#7621=DIRECTION('',(0.,-1.,0.));
#7622=DIRECTION('center_axis',(1.22464679914735E-16,0.,1.));
#7623=DIRECTION('ref_axis',(-1.,0.,1.22464679914735E-16));
#7624=DIRECTION('center_axis',(0.,0.,1.));
#7625=DIRECTION('ref_axis',(-1.,0.,0.));
#7626=DIRECTION('',(-0.707106781186548,0.707106781186548,0.));
#7627=DIRECTION('',(-1.,0.,0.));
#7628=DIRECTION('',(0.,-1.,0.));
#7629=DIRECTION('',(1.,0.,0.));
#7630=DIRECTION('',(0.,1.,0.));
#7631=DIRECTION('center_axis',(0.,1.,0.));
#7632=DIRECTION('ref_axis',(-1.,0.,0.));
#7633=DIRECTION('',(0.,0.,1.));
#7634=DIRECTION('',(1.,0.,0.));
#7635=DIRECTION('',(0.,0.,-1.));
#7636=DIRECTION('center_axis',(1.,0.,0.));
#7637=DIRECTION('ref_axis',(0.,1.,0.));
#7638=DIRECTION('',(0.,0.,1.));
#7639=DIRECTION('',(0.,-1.,0.));
#7640=DIRECTION('center_axis',(0.,0.,-1.));
#7641=DIRECTION('ref_axis',(-1.,0.,0.));
#7642=DIRECTION('',(0.707106781186548,-0.707106781186548,0.));
#7643=DIRECTION('',(0.,-1.,0.));
#7644=DIRECTION('',(1.,0.,0.));
#7645=DIRECTION('center_axis',(-1.,0.,0.));
#7646=DIRECTION('ref_axis',(0.,-1.,0.));
#7647=DIRECTION('',(0.,0.,1.));
#7648=DIRECTION('',(0.,-1.,0.));
#7649=DIRECTION('',(0.,0.,1.));
#7650=DIRECTION('',(0.,1.,0.));
#7651=DIRECTION('',(0.,0.,1.));
#7652=DIRECTION('center_axis',(-0.707106781186548,-0.707106781186548,0.));
#7653=DIRECTION('ref_axis',(0.,0.,1.));
#7654=DIRECTION('',(0.707106781186548,-0.707106781186548,0.));
#7655=DIRECTION('',(0.,0.,-1.));
#7656=DIRECTION('center_axis',(-0.707106781186548,-0.707106781186548,0.));
#7657=DIRECTION('ref_axis',(0.,0.,1.));
#7658=DIRECTION('',(0.,0.,-1.));
#7659=DIRECTION('',(-0.707106781186548,0.707106781186548,0.));
#7660=DIRECTION('center_axis',(0.,0.,1.));
#7661=DIRECTION('ref_axis',(-1.,0.,0.));
#7662=DIRECTION('',(1.,0.,0.));
#7663=DIRECTION('',(0.,-1.,0.));
#7664=DIRECTION('',(-1.,0.,0.));
#7665=DIRECTION('center_axis',(0.,-1.,0.));
#7666=DIRECTION('ref_axis',(1.,0.,0.));
#7667=DIRECTION('',(0.,0.,1.));
#7668=DIRECTION('',(1.,0.,0.));
#7669=DIRECTION('center_axis',(0.,1.,0.));
#7670=DIRECTION('ref_axis',(-1.,0.,0.));
#7671=DIRECTION('',(-1.,0.,0.));
#7672=DIRECTION('',(0.,0.,1.));
#7673=DIRECTION('center_axis',(1.,0.,0.));
#7674=DIRECTION('ref_axis',(0.,1.,0.));
#7675=DIRECTION('',(0.,1.,0.));
#7676=DIRECTION('center_axis',(0.,0.,-1.));
#7677=DIRECTION('ref_axis',(-1.,0.,0.));
#7678=DIRECTION('center_axis',(0.,0.,-1.));
#7679=DIRECTION('ref_axis',(-1.,0.,0.));
#7680=DIRECTION('',(-0.707106781186548,-0.707106781186548,0.));
#7681=DIRECTION('',(0.,-1.,0.));
#7682=DIRECTION('',(1.,0.,0.));
#7683=DIRECTION('',(0.,1.,0.));
#7684=DIRECTION('',(-1.,0.,0.));
#7685=DIRECTION('center_axis',(0.,1.,0.));
#7686=DIRECTION('ref_axis',(-1.,0.,0.));
#7687=DIRECTION('',(0.,0.,-1.));
#7688=DIRECTION('',(1.,0.,0.));
#7689=DIRECTION('',(0.,0.,1.));
#7690=DIRECTION('center_axis',(-1.,0.,0.));
#7691=DIRECTION('ref_axis',(0.,-1.,0.));
#7692=DIRECTION('',(0.,1.,0.));
#7693=DIRECTION('',(0.,0.,1.));
#7694=DIRECTION('center_axis',(0.,0.,1.));
#7695=DIRECTION('ref_axis',(-1.,0.,0.));
#7696=DIRECTION('',(0.707106781186548,0.707106781186548,0.));
#7697=DIRECTION('',(1.,0.,0.));
#7698=DIRECTION('',(0.,1.,0.));
#7699=DIRECTION('center_axis',(1.,0.,0.));
#7700=DIRECTION('ref_axis',(0.,1.,0.));
#7701=DIRECTION('',(0.,0.,1.));
#7702=DIRECTION('',(0.,-1.,0.));
#7703=DIRECTION('',(0.,0.,1.));
#7704=DIRECTION('',(0.,1.,0.));
#7705=DIRECTION('',(0.,0.,1.));
#7706=DIRECTION('center_axis',(0.707106781186548,-0.707106781186548,0.));
#7707=DIRECTION('ref_axis',(0.,0.,1.));
#7708=DIRECTION('',(0.,0.,-1.));
#7709=DIRECTION('',(0.707106781186548,0.707106781186548,0.));
#7710=DIRECTION('center_axis',(0.707106781186548,-0.707106781186548,0.));
#7711=DIRECTION('ref_axis',(0.,0.,1.));
#7712=DIRECTION('',(-0.707106781186548,-0.707106781186548,0.));
#7713=DIRECTION('',(0.,0.,-1.));
#7714=DIRECTION('center_axis',(0.,0.,-1.));
#7715=DIRECTION('ref_axis',(-1.,0.,0.));
#7716=DIRECTION('',(-1.,0.,0.));
#7717=DIRECTION('',(0.,1.,0.));
#7718=DIRECTION('',(1.,0.,0.));
#7719=DIRECTION('center_axis',(0.,-1.,0.));
#7720=DIRECTION('ref_axis',(1.,0.,0.));
#7721=DIRECTION('',(1.,0.,0.));
#7722=DIRECTION('',(0.,0.,1.));
#7723=DIRECTION('center_axis',(0.,1.,0.));
#7724=DIRECTION('ref_axis',(-1.,0.,0.));
#7725=DIRECTION('',(0.,0.,1.));
#7726=DIRECTION('',(-1.,0.,0.));
#7727=DIRECTION('center_axis',(-1.,0.,0.));
#7728=DIRECTION('ref_axis',(0.,-1.,0.));
#7729=DIRECTION('',(0.,-1.,0.));
#7730=DIRECTION('center_axis',(0.,0.,1.));
#7731=DIRECTION('ref_axis',(-1.,0.,0.));
#7732=DIRECTION('center_axis',(1.22464679914735E-16,0.,-1.));
#7733=DIRECTION('ref_axis',(1.,0.,1.22464679914735E-16));
#7734=DIRECTION('',(0.707106781186548,0.707106781186548,8.65956056235493E-17));
#7735=DIRECTION('',(1.,0.,1.22464679914735E-16));
#7736=DIRECTION('',(0.,-1.,0.));
#7737=DIRECTION('',(-1.,0.,-1.22464679914735E-16));
#7738=DIRECTION('',(0.,1.,0.));
#7739=DIRECTION('center_axis',(0.,1.,0.));
#7740=DIRECTION('ref_axis',(1.,0.,1.22464679914735E-16));
#7741=DIRECTION('',(1.22464679914735E-16,0.,-1.));
#7742=DIRECTION('',(-1.,0.,-1.22464679914735E-16));
#7743=DIRECTION('',(-1.22464679914735E-16,0.,1.));
#7744=DIRECTION('center_axis',(-1.,0.,-1.22464679914735E-16));
#7745=DIRECTION('ref_axis',(0.,1.,0.));
#7746=DIRECTION('',(1.22464679914735E-16,0.,-1.));
#7747=DIRECTION('',(0.,-1.,0.));
#7748=DIRECTION('center_axis',(-1.22464679914735E-16,0.,1.));
#7749=DIRECTION('ref_axis',(1.,0.,1.22464679914735E-16));
#7750=DIRECTION('',(-0.707106781186548,-0.707106781186548,-8.65956056235493E-17));
#7751=DIRECTION('',(0.,-1.,0.));
#7752=DIRECTION('',(-1.,0.,-1.22464679914735E-16));
#7753=DIRECTION('center_axis',(1.,0.,1.22464679914735E-16));
#7754=DIRECTION('ref_axis',(0.,-1.,0.));
#7755=DIRECTION('',(1.22464679914735E-16,0.,-1.));
#7756=DIRECTION('',(0.,-1.,0.));
#7757=DIRECTION('',(1.22464679914735E-16,0.,-1.));
#7758=DIRECTION('',(0.,1.,0.));
#7759=DIRECTION('',(1.22464679914735E-16,0.,-1.));
#7760=DIRECTION('center_axis',(0.707106781186548,-0.707106781186548,8.65956056235493E-17));
#7761=DIRECTION('ref_axis',(1.22464679914735E-16,0.,-1.));
#7762=DIRECTION('',(-0.707106781186548,-0.707106781186548,-8.65956056235493E-17));
#7763=DIRECTION('',(-1.22464679914735E-16,0.,1.));
#7764=DIRECTION('center_axis',(0.707106781186548,-0.707106781186548,8.65956056235493E-17));
#7765=DIRECTION('ref_axis',(1.22464679914735E-16,0.,-1.));
#7766=DIRECTION('',(-1.22464679914735E-16,0.,1.));
#7767=DIRECTION('',(0.707106781186548,0.707106781186548,8.65956056235493E-17));
#7768=DIRECTION('center_axis',(1.22464679914735E-16,0.,-1.));
#7769=DIRECTION('ref_axis',(1.,0.,1.22464679914735E-16));
#7770=DIRECTION('',(-1.,0.,-1.22464679914735E-16));
#7771=DIRECTION('',(0.,-1.,0.));
#7772=DIRECTION('',(1.,0.,1.22464679914735E-16));
#7773=DIRECTION('center_axis',(0.,-1.,0.));
#7774=DIRECTION('ref_axis',(-1.,0.,-1.22464679914735E-16));
#7775=DIRECTION('',(1.22464679914735E-16,0.,-1.));
#7776=DIRECTION('',(-1.,0.,-1.22464679914735E-16));
#7777=DIRECTION('center_axis',(0.,1.,0.));
#7778=DIRECTION('ref_axis',(1.,0.,1.22464679914735E-16));
#7779=DIRECTION('',(1.,0.,1.22464679914735E-16));
#7780=DIRECTION('',(1.22464679914735E-16,0.,-1.));
#7781=DIRECTION('center_axis',(-1.,0.,-1.22464679914735E-16));
#7782=DIRECTION('ref_axis',(0.,1.,0.));
#7783=DIRECTION('',(0.,1.,0.));
#7784=DIRECTION('center_axis',(-1.22464679914735E-16,0.,1.));
#7785=DIRECTION('ref_axis',(1.,0.,1.22464679914735E-16));
#7786=DIRECTION('center_axis',(-1.22464679914735E-16,0.,1.));
#7787=DIRECTION('ref_axis',(1.,0.,1.22464679914735E-16));
#7788=DIRECTION('',(0.707106781186548,-0.707106781186548,8.65956056235493E-17));
#7789=DIRECTION('',(0.,-1.,0.));
#7790=DIRECTION('',(-1.,0.,-1.22464679914735E-16));
#7791=DIRECTION('',(0.,1.,0.));
#7792=DIRECTION('',(1.,0.,1.22464679914735E-16));
#7793=DIRECTION('center_axis',(0.,1.,0.));
#7794=DIRECTION('ref_axis',(1.,0.,1.22464679914735E-16));
#7795=DIRECTION('',(-1.22464679914735E-16,0.,1.));
#7796=DIRECTION('',(-1.,0.,-1.22464679914735E-16));
#7797=DIRECTION('',(1.22464679914735E-16,0.,-1.));
#7798=DIRECTION('center_axis',(1.,0.,1.22464679914735E-16));
#7799=DIRECTION('ref_axis',(0.,-1.,0.));
#7800=DIRECTION('',(0.,1.,0.));
#7801=DIRECTION('',(1.22464679914735E-16,0.,-1.));
#7802=DIRECTION('center_axis',(1.22464679914735E-16,0.,-1.));
#7803=DIRECTION('ref_axis',(1.,0.,1.22464679914735E-16));
#7804=DIRECTION('',(-0.707106781186548,0.707106781186548,-8.65956056235493E-17));
#7805=DIRECTION('',(-1.,0.,-1.22464679914735E-16));
#7806=DIRECTION('',(0.,1.,0.));
#7807=DIRECTION('center_axis',(-1.,0.,-1.22464679914735E-16));
#7808=DIRECTION('ref_axis',(0.,1.,0.));
#7809=DIRECTION('',(1.22464679914735E-16,0.,-1.));
#7810=DIRECTION('',(0.,-1.,0.));
#7811=DIRECTION('',(1.22464679914735E-16,0.,-1.));
#7812=DIRECTION('',(0.,1.,0.));
#7813=DIRECTION('',(1.22464679914735E-16,0.,-1.));
#7814=DIRECTION('center_axis',(-0.707106781186548,-0.707106781186548,-8.65956056235493E-17));
#7815=DIRECTION('ref_axis',(1.22464679914735E-16,0.,-1.));
#7816=DIRECTION('',(-1.22464679914735E-16,0.,1.));
#7817=DIRECTION('',(-0.707106781186548,0.707106781186548,-8.65956056235493E-17));
#7818=DIRECTION('center_axis',(-0.707106781186548,-0.707106781186548,-8.65956056235493E-17));
#7819=DIRECTION('ref_axis',(1.22464679914735E-16,0.,-1.));
#7820=DIRECTION('',(0.707106781186548,-0.707106781186548,8.65956056235493E-17));
#7821=DIRECTION('',(-1.22464679914735E-16,0.,1.));
#7822=DIRECTION('center_axis',(-1.22464679914735E-16,0.,1.));
#7823=DIRECTION('ref_axis',(1.,0.,1.22464679914735E-16));
#7824=DIRECTION('',(1.,0.,1.22464679914735E-16));
#7825=DIRECTION('',(0.,1.,0.));
#7826=DIRECTION('',(-1.,0.,-1.22464679914735E-16));
#7827=DIRECTION('center_axis',(0.,-1.,0.));
#7828=DIRECTION('ref_axis',(-1.,0.,-1.22464679914735E-16));
#7829=DIRECTION('',(-1.,0.,-1.22464679914735E-16));
#7830=DIRECTION('',(1.22464679914735E-16,0.,-1.));
#7831=DIRECTION('center_axis',(0.,1.,0.));
#7832=DIRECTION('ref_axis',(1.,0.,1.22464679914735E-16));
#7833=DIRECTION('',(1.22464679914735E-16,0.,-1.));
#7834=DIRECTION('',(1.,0.,1.22464679914735E-16));
#7835=DIRECTION('center_axis',(1.,0.,1.22464679914735E-16));
#7836=DIRECTION('ref_axis',(0.,-1.,0.));
#7837=DIRECTION('',(0.,-1.,0.));
#7838=DIRECTION('center_axis',(1.22464679914735E-16,0.,-1.));
#7839=DIRECTION('ref_axis',(1.,0.,1.22464679914735E-16));
#7840=DIRECTION('',(1.,0.,0.));
#7841=DIRECTION('',(0.,-1.22464679914735E-16,-1.));
#7842=DIRECTION('',(1.,0.,0.));
#7843=DIRECTION('',(0.,1.22464679914735E-16,-1.));
#7844=DIRECTION('',(-1.,0.,-9.86076131526265E-32));
#7845=DIRECTION('',(-9.86076131526264E-32,0.,1.));
#7846=DIRECTION('',(-1.,0.,0.));
#7847=DIRECTION('',(0.,0.,1.));
#7848=CARTESIAN_POINT('',(0.,0.,0.));
#7849=CARTESIAN_POINT('',(0.,0.,0.));
#7850=CARTESIAN_POINT('Origin',(0.,0.,0.));
#7851=CARTESIAN_POINT('',(1.54533666301317,-2.73318231379139E-13,-2.80000000000003));
#7852=CARTESIAN_POINT('',(1.54533666301317,-4.54042118133763E-13,-2.88750000000005));
#7853=CARTESIAN_POINT('',(1.54533666301317,-1.89249159796413E-16,0.));
#7854=CARTESIAN_POINT('',(-1.27991512673754,0.865957660859411,-3.30413666301317));
#7855=CARTESIAN_POINT('Ctrl Pts',(1.54533666301317,-9.07894987107731E-13,
-2.88750000000005));
#7856=CARTESIAN_POINT('Ctrl Pts',(1.54533666301314,-0.0520680555482734,
-2.8909042831288));
#7857=CARTESIAN_POINT('Ctrl Pts',(1.54270537129784,-0.104191306106621,-2.89441150092548));
#7858=CARTESIAN_POINT('Ctrl Pts',(1.5173537489829,-0.353757324152438,-2.91168545269362));
#7859=CARTESIAN_POINT('Ctrl Pts',(1.45938753637759,-0.545581288883661,-2.92641528214751));
#7860=CARTESIAN_POINT('Ctrl Pts',(1.27047025316224,-0.903625068019395,-2.95695593625242));
#7861=CARTESIAN_POINT('Ctrl Pts',(1.13859700180832,-1.06501562660659,-2.97248582778431));
#7862=CARTESIAN_POINT('Ctrl Pts',(0.82644741928282,-1.32055554015758,-3.00097640419374));
#7863=CARTESIAN_POINT('Ctrl Pts',(0.651592641897558,-1.41503138298978,-3.01330739144149));
#7864=CARTESIAN_POINT('Ctrl Pts',(0.271981188814437,-1.53442416869191,-3.04196652049712));
#7865=CARTESIAN_POINT('Ctrl Pts',(0.0704190707392428,-1.55674476433259,
-3.05718364502729));
#7866=CARTESIAN_POINT('Ctrl Pts',(-0.334010885584134,-1.52267044060948,
-3.08771647067862));
#7867=CARTESIAN_POINT('Ctrl Pts',(-0.532888694782921,-1.46497964802885,
-3.10273094074753));
#7868=CARTESIAN_POINT('Ctrl Pts',(-0.888432652168841,-1.27950427390282,
-3.12957307123889));
#7869=CARTESIAN_POINT('Ctrl Pts',(-1.04337330733174,-1.15666673971977,-3.14292739092683));
#7870=CARTESIAN_POINT('Ctrl Pts',(-1.30386196723817,-0.854004786900753,
-3.17254877758764));
#7871=CARTESIAN_POINT('Ctrl Pts',(-1.40476654381027,-0.675287209822714,
-3.18804252926598));
#7872=CARTESIAN_POINT('Ctrl Pts',(-1.5317350058519,-0.288673586537882,-3.21811267749942));
#7873=CARTESIAN_POINT('Ctrl Pts',(-1.55638962339659,-0.0846034970326153,
-3.23155127678315));
#7874=CARTESIAN_POINT('Ctrl Pts',(-1.53068442760451,0.249998057853654,-3.25439831892592));
#7875=CARTESIAN_POINT('Ctrl Pts',(-1.50374875371323,0.379761650811122,-3.26389921341018));
#7876=CARTESIAN_POINT('Ctrl Pts',(-1.41649736942685,0.632382286965859,-3.28370947124349));
#7877=CARTESIAN_POINT('Ctrl Pts',(-1.35572779707377,0.753903933584332,-3.2939486568476));
#7878=CARTESIAN_POINT('Ctrl Pts',(-1.27991512673754,0.865957660859411,-3.30413666301317));
#7879=CARTESIAN_POINT('',(-0.27635039621602,1.52042621016737,-3.30413666301317));
#7880=CARTESIAN_POINT('Origin',(0.,0.,-3.30413666301317));
#7881=CARTESIAN_POINT('Ctrl Pts',(-0.276350396215018,1.52042621016755,-3.30413666301324));
#7882=CARTESIAN_POINT('Ctrl Pts',(-0.406930931672806,1.49669208714967,-3.29427836082704));
#7883=CARTESIAN_POINT('Ctrl Pts',(-0.533928962370813,1.45623291144448,-3.28469052325779));
#7884=CARTESIAN_POINT('Ctrl Pts',(-0.771221421432206,1.34534829157453,-3.26677590252405));
#7885=CARTESIAN_POINT('Ctrl Pts',(-0.880875833384842,1.27624931735198,-3.25852503812776));
#7886=CARTESIAN_POINT('Ctrl Pts',(-1.13514474513584,1.06744711428035,-3.23527511759471));
#7887=CARTESIAN_POINT('Ctrl Pts',(-1.26349423511162,0.9118950218405,-3.22025996810345));
#7888=CARTESIAN_POINT('Ctrl Pts',(-1.45637676438895,0.555957699521257,-3.18970735710657));
#7889=CARTESIAN_POINT('Ctrl Pts',(-1.51724464697036,0.357951632081509,-3.17446380085971));
#7890=CARTESIAN_POINT('Ctrl Pts',(-1.5571691963723,-0.0412094930171794,
-3.14685901084924));
#7891=CARTESIAN_POINT('Ctrl Pts',(-1.53941293150378,-0.23812768223469,-3.13420726639004));
#7892=CARTESIAN_POINT('Ctrl Pts',(-1.42951102668284,-0.620818826913664,
-3.10503780337189));
#7893=CARTESIAN_POINT('Ctrl Pts',(-1.33614901012653,-0.802256470831736,
-3.08965092626021));
#7894=CARTESIAN_POINT('Ctrl Pts',(-1.08300118788266,-1.12127758888673,-3.05923705600781));
#7895=CARTESIAN_POINT('Ctrl Pts',(-0.924822604251047,-1.2548960015746,-3.04482036541187));
#7896=CARTESIAN_POINT('Ctrl Pts',(-0.572716294713545,-1.44874995607771,
-3.01823776342665));
#7897=CARTESIAN_POINT('Ctrl Pts',(-0.383595510331798,-1.50986386240549,
-3.00395990926109));
#7898=CARTESIAN_POINT('Ctrl Pts',(0.014895857193005,-1.55874839442453,-2.97387542304052));
#7899=CARTESIAN_POINT('Ctrl Pts',(0.220909757386885,-1.54309123526245,-2.9583222069693));
#7900=CARTESIAN_POINT('Ctrl Pts',(0.610519885227635,-1.43365311686527,-2.92890821841737));
#7901=CARTESIAN_POINT('Ctrl Pts',(0.790734243614242,-1.34269313954629,-2.91627189190406));
#7902=CARTESIAN_POINT('Ctrl Pts',(1.1059860159446,-1.09753521408997,-2.88834300317249));
#7903=CARTESIAN_POINT('Ctrl Pts',(1.23814053200782,-0.945920716075636,-2.8734416671365));
#7904=CARTESIAN_POINT('Ctrl Pts',(1.44151371877675,-0.5941366884095,-2.84276460331818));
#7905=CARTESIAN_POINT('Ctrl Pts',(1.50809774046165,-0.395773564705048,-2.82728192953829));
#7906=CARTESIAN_POINT('Ctrl Pts',(1.54143020628164,-0.126944669891537,-2.80844728293747));
#7907=CARTESIAN_POINT('Ctrl Pts',(1.54533666301314,-0.0634442127406276,
-2.8041480723791));
#7908=CARTESIAN_POINT('Ctrl Pts',(1.54533666301317,-5.46447213598481E-13,
-2.80000000000003));
#7909=CARTESIAN_POINT('Origin',(0.,0.,0.));
#7910=CARTESIAN_POINT('',(1.54533666301317,-9.264609058003E-15,-2.1));
#7911=CARTESIAN_POINT('',(1.54533666301317,-9.7278395109033E-14,-2.18750000000001));
#7912=CARTESIAN_POINT('',(1.54533666301317,-1.89249159796413E-16,0.));
#7913=CARTESIAN_POINT('Ctrl Pts',(1.54533666301317,-1.9436754105827E-13,
-2.18750000000001));
#7914=CARTESIAN_POINT('Ctrl Pts',(1.54533666301316,-0.0784211927930635,
-2.19262728852182));
#7915=CARTESIAN_POINT('Ctrl Pts',(1.53936865587613,-0.156889308001602,-2.1979829250957));
#7916=CARTESIAN_POINT('Ctrl Pts',(1.49708211429155,-0.432032738932693,-2.21756842324965));
#7917=CARTESIAN_POINT('Ctrl Pts',(1.42882894020688,-0.621551751886073,-2.23253586368444));
#7918=CARTESIAN_POINT('Ctrl Pts',(1.22123916667866,-0.968866917643114,-2.26307991461079));
#7919=CARTESIAN_POINT('Ctrl Pts',(1.08199436784728,-1.12225351504599,-2.27836475684492));
#7920=CARTESIAN_POINT('Ctrl Pts',(0.758964128430096,-1.36032898157942,-2.30612420579235));
#7921=CARTESIAN_POINT('Ctrl Pts',(0.580435087161114,-1.44555681229065,-2.31867949896857));
#7922=CARTESIAN_POINT('Ctrl Pts',(0.195327839860256,-1.54617954608491,-2.34775353825537));
#7923=CARTESIAN_POINT('Ctrl Pts',(-0.00811098185318836,-1.55844417213963,
-2.36311234631834));
#7924=CARTESIAN_POINT('Ctrl Pts',(-0.411406719973025,-1.50362657397518,
-2.39355954308359));
#7925=CARTESIAN_POINT('Ctrl Pts',(-0.60701797822616,-1.43581558788034,-2.4082047132677));
#7926=CARTESIAN_POINT('Ctrl Pts',(-0.953199986437857,-1.23215124088349,
-2.43458824698458));
#7927=CARTESIAN_POINT('Ctrl Pts',(-1.10213891395244,-1.10092203136845,-2.44879034160392));
#7928=CARTESIAN_POINT('Ctrl Pts',(-1.34743733491451,-0.783725565913164,
-2.47878861446644));
#7929=CARTESIAN_POINT('Ctrl Pts',(-1.43915143299558,-0.59888834963081,-2.49433555483918));
#7930=CARTESIAN_POINT('Ctrl Pts',(-1.54440181982249,-0.20776212222282,-2.52388093010286));
#7931=CARTESIAN_POINT('Ctrl Pts',(-1.55829884915384,-0.00574024462216518,
-2.5366353983776));
#7932=CARTESIAN_POINT('Ctrl Pts',(-1.50828823416819,0.390847730384679,-2.56445268077008));
#7933=CARTESIAN_POINT('Ctrl Pts',(-1.44545634455837,0.581651919881829,-2.57929950534185));
#7934=CARTESIAN_POINT('Ctrl Pts',(-1.24710874340376,0.935719683390917,-2.60993617734835));
#7935=CARTESIAN_POINT('Ctrl Pts',(-1.11078390776689,1.09409492818954,-2.62543696170182));
#7936=CARTESIAN_POINT('Ctrl Pts',(-0.7920681202144,1.34137734209679,-2.65363551206177));
#7937=CARTESIAN_POINT('Ctrl Pts',(-0.615348992330401,1.43109077306566,-2.66604364036642));
#7938=CARTESIAN_POINT('Ctrl Pts',(-0.232898786552747,1.54090543896231,-2.69491708376681));
#7939=CARTESIAN_POINT('Ctrl Pts',(-0.0303165327475633,1.55810725132004,
-2.71021122441782));
#7940=CARTESIAN_POINT('Ctrl Pts',(0.373548125484753,1.51345041055085,-2.74070137235009));
#7941=CARTESIAN_POINT('Ctrl Pts',(0.570818154908255,1.45061640545248,-2.75559446154995));
#7942=CARTESIAN_POINT('Ctrl Pts',(0.921606753835476,1.2558590026362,-2.78207758171466));
#7943=CARTESIAN_POINT('Ctrl Pts',(1.07351489463791,1.12880368422285,-2.79588690086568));
#7944=CARTESIAN_POINT('Ctrl Pts',(1.32641773190539,0.81866645874658,-2.82571068196652));
#7945=CARTESIAN_POINT('Ctrl Pts',(1.42270988555014,0.636790154485624,-2.84123684606037));
#7946=CARTESIAN_POINT('Ctrl Pts',(1.52373142849205,0.297908727691802,-2.86720675204967));
#7947=CARTESIAN_POINT('Ctrl Pts',(1.54533666301325,0.149234467287366,-2.87774283941712));
#7948=CARTESIAN_POINT('Ctrl Pts',(1.54533666301317,-9.07676711570105E-13,
-2.88750000000005));
#7949=CARTESIAN_POINT('Ctrl Pts',(1.54533666301317,-5.46056255767979E-13,
-2.80000000000003));
#7950=CARTESIAN_POINT('Ctrl Pts',(1.54533666301321,0.132051448699078,-2.79136628948004));
#7951=CARTESIAN_POINT('Ctrl Pts',(1.52842016522468,0.263775220888262,-2.78211543933871));
#7952=CARTESIAN_POINT('Ctrl Pts',(1.44362646765968,0.58708953240929,-2.75777590170718));
#7953=CARTESIAN_POINT('Ctrl Pts',(1.35478274475957,0.770248763701307,-2.74244702122411));
#7954=CARTESIAN_POINT('Ctrl Pts',(1.10980724651327,1.09470932317538,-2.71198600129798));
#7955=CARTESIAN_POINT('Ctrl Pts',(0.954979162921399,1.23212346445911,-2.69715722336007));
#7956=CARTESIAN_POINT('Ctrl Pts',(0.608129121822462,1.43415297033107,-2.67085536097835));
#7957=CARTESIAN_POINT('Ctrl Pts',(0.421050396464003,1.49981373338953,-2.65678760164684));
#7958=CARTESIAN_POINT('Ctrl Pts',(0.0246915634033069,1.55855694425976,-2.62686411315151));
#7959=CARTESIAN_POINT('Ctrl Pts',(-0.181123933180537,1.54819645892178,-2.61132587575025));
#7960=CARTESIAN_POINT('Ctrl Pts',(-0.574170215000785,1.44876866202108,-2.58165247147322));
#7961=CARTESIAN_POINT('Ctrl Pts',(-0.757758527190716,1.36175842488155,-2.56876317382584));
#7962=CARTESIAN_POINT('Ctrl Pts',(-1.07934566752358,1.12366222082327,-2.54105684310122));
#7963=CARTESIAN_POINT('Ctrl Pts',(-1.21478962999679,0.975631085490479,-2.52626562243794));
#7964=CARTESIAN_POINT('Ctrl Pts',(-1.42622105671961,0.629792700283626,-2.49567311087534));
#7965=CARTESIAN_POINT('Ctrl Pts',(-1.49756770539375,0.433667110197491,-2.48015695067305));
#7966=CARTESIAN_POINT('Ctrl Pts',(-1.55741910500174,0.0347517504617403,
-2.45181603085971));
#7967=CARTESIAN_POINT('Ctrl Pts',(-1.54920385724092,-0.163512971352507,
-2.4394552693826));
#7968=CARTESIAN_POINT('Ctrl Pts',(-1.45780076191964,-0.550773037802284,
-2.41068537643749));
#7969=CARTESIAN_POINT('Ctrl Pts',(-1.37380584375445,-0.735646242805697,
-2.39542746649978));
#7970=CARTESIAN_POINT('Ctrl Pts',(-1.13749930995001,-1.06591497413612,-2.36491393595456));
#7971=CARTESIAN_POINT('Ctrl Pts',(-0.986209360025593,-1.20727778978692,
-2.34996054549011));
#7972=CARTESIAN_POINT('Ctrl Pts',(-0.644892245150568,-1.41795585453602,
-2.32330208486819));
#7973=CARTESIAN_POINT('Ctrl Pts',(-0.45995263953135,-1.48828906631544,-2.30972456362617));
#7974=CARTESIAN_POINT('Ctrl Pts',(-0.0662130355227085,-1.55727575144116,
-2.27999881632863));
#7975=CARTESIAN_POINT('Ctrl Pts',(0.139251610962718,-1.55245127837018,-2.26448706669049));
#7976=CARTESIAN_POINT('Ctrl Pts',(0.535792395858317,-1.46360205532096,-2.23454984156769));
#7977=CARTESIAN_POINT('Ctrl Pts',(0.722972634567923,-1.38075522082861,-2.22131830830467));
#7978=CARTESIAN_POINT('Ctrl Pts',(1.05109925016434,-1.15004501536663,-2.1938480326527));
#7979=CARTESIAN_POINT('Ctrl Pts',(1.18985027736466,-1.00579925544461,-2.17917947018432));
#7980=CARTESIAN_POINT('Ctrl Pts',(1.40945339104226,-0.666308013929836,-2.14869347920119));
#7981=CARTESIAN_POINT('Ctrl Pts',(1.48566017315135,-0.472615381142023,-2.13315292898205));
#7982=CARTESIAN_POINT('Ctrl Pts',(1.53744043483361,-0.180427596789844,-2.11209467815887));
#7983=CARTESIAN_POINT('Ctrl Pts',(1.54533666301317,-0.0902078252566372,
-2.10589791522602));
#7984=CARTESIAN_POINT('Ctrl Pts',(1.54533666301317,-1.83399689562096E-14,
-2.1));
#7985=CARTESIAN_POINT('Origin',(0.,0.,0.));
#7986=CARTESIAN_POINT('',(1.54533666301317,5.0955349819016E-14,-1.39999999999999));
#7987=CARTESIAN_POINT('',(1.54533666301317,2.31615226450074E-15,-1.4875));
#7988=CARTESIAN_POINT('',(1.54533666301317,-1.89249159796413E-16,0.));
#7989=CARTESIAN_POINT('Ctrl Pts',(1.54533666301317,5.3256010712488E-15,
-1.4875));
#7990=CARTESIAN_POINT('Ctrl Pts',(1.54533666301317,-0.102812339884971,-1.49422201622315));
#7991=CARTESIAN_POINT('Ctrl Pts',(1.53508039540944,-0.205576186098333,-1.50132801521852));
#7992=CARTESIAN_POINT('Ctrl Pts',(1.47476040865742,-0.50335095220356,-1.52307390816063));
#7993=CARTESIAN_POINT('Ctrl Pts',(1.39707261002959,-0.690251665872957,-1.53822629847774));
#7994=CARTESIAN_POINT('Ctrl Pts',(1.17216839692944,-1.02767816041032,-1.56877739916349));
#7995=CARTESIAN_POINT('Ctrl Pts',(1.02560341442009,-1.17400298895311,-1.58387685508733));
#7996=CARTESIAN_POINT('Ctrl Pts',(0.691545451913047,-1.39577284600429,-1.61098649446168));
#7997=CARTESIAN_POINT('Ctrl Pts',(0.509265661340314,-1.47211091570387,-1.62405250271451));
#7998=CARTESIAN_POINT('Ctrl Pts',(0.118962400027701,-1.55404817747996,-1.65351882003962));
#7999=CARTESIAN_POINT('Ctrl Pts',(-0.0858457972894831,-1.55622828338644,
-1.66898101042111));
#8000=CARTESIAN_POINT('Ctrl Pts',(-0.486662512288977,-1.48095796379318,
-1.69924105096923));
#8001=CARTESIAN_POINT('Ctrl Pts',(-0.678486298100894,-1.40345306082312,
-1.71301840558666));
#8002=CARTESIAN_POINT('Ctrl Pts',(-1.0147827098364,-1.18211298078216,-1.74018444246285));
#8003=CARTESIAN_POINT('Ctrl Pts',(-1.15753244722832,-1.04271392760789,-1.75468706360946));
#8004=CARTESIAN_POINT('Ctrl Pts',(-1.38711999817252,-0.711442684385899,
-1.7850125117876));
#8005=CARTESIAN_POINT('Ctrl Pts',(-1.4693097336098,-0.520962478653088,-1.80056887336813));
#8006=CARTESIAN_POINT('Ctrl Pts',(-1.55292881113123,-0.125864663373143,
-1.82955737849177));
#8007=CARTESIAN_POINT('Ctrl Pts',(-1.55624913764712,0.0742693314470747,
-1.8419439101085));
#8008=CARTESIAN_POINT('Ctrl Pts',(-1.48672865942155,0.46661002295862,-1.87021995697314));
#8009=CARTESIAN_POINT('Ctrl Pts',(-1.4139087820804,0.654922885279901,-1.88528092138438));
#8010=CARTESIAN_POINT('Ctrl Pts',(-1.19790015620412,0.997572618355657,-1.91583773436979));
#8011=CARTESIAN_POINT('Ctrl Pts',(-1.05507485662148,1.1475945600208,-1.93103774731326));
#8012=CARTESIAN_POINT('Ctrl Pts',(-0.726678410165136,1.37781683818315,-1.95848630715733));
#8013=CARTESIAN_POINT('Ctrl Pts',(-0.546365452905197,1.45875092886264,-1.97125161853212));
#8014=CARTESIAN_POINT('Ctrl Pts',(-0.158734990382097,1.55042432844021,-2.00051615036096));
#8015=CARTESIAN_POINT('Ctrl Pts',(0.0454219646440673,1.55786490516493,-2.01592917458396));
#8016=CARTESIAN_POINT('Ctrl Pts',(0.449339104844867,1.49295345304565,-2.04642328469255));
#8017=CARTESIAN_POINT('Ctrl Pts',(0.644724323244804,1.41953143238464,-2.0606927326473));
#8018=CARTESIAN_POINT('Ctrl Pts',(0.987090447367706,1.20525959572453,-2.08762575713793));
#8019=CARTESIAN_POINT('Ctrl Pts',(1.1327111724199,1.06954170972912,-2.10199607234403));
#8020=CARTESIAN_POINT('Ctrl Pts',(1.36954477920775,0.744579593674601,-2.13218254481464));
#8021=CARTESIAN_POINT('Ctrl Pts',(1.45610966301033,0.556607966154002,-2.14774004500429));
#8022=CARTESIAN_POINT('Ctrl Pts',(1.53135720076796,0.2398971301114,-2.1712874898435));
#8023=CARTESIAN_POINT('Ctrl Pts',(1.54533666301318,0.120038340382311,-2.1796517234959));
#8024=CARTESIAN_POINT('Ctrl Pts',(1.54533666301317,-1.94323723778922E-13,
-2.18750000000001));
#8025=CARTESIAN_POINT('Ctrl Pts',(1.54533666301317,-1.80411241501588E-14,
-2.1));
#8026=CARTESIAN_POINT('Ctrl Pts',(1.54533666301317,0.10625281071133,-2.09305304092722));
#8027=CARTESIAN_POINT('Ctrl Pts',(1.53438277704947,0.212434473858464,-2.08569724654373));
#8028=CARTESIAN_POINT('Ctrl Pts',(1.47134159003773,0.513310080233769,-2.06364589647249));
#8029=CARTESIAN_POINT('Ctrl Pts',(1.39233149508181,0.699804377955135,-2.04847016419316));
#8030=CARTESIAN_POINT('Ctrl Pts',(1.16502513960343,1.03576699401763,-2.0179240979369));
#8031=CARTESIAN_POINT('Ctrl Pts',(1.01745821905948,1.18106769079615,-2.00285378007978));
#8032=CARTESIAN_POINT('Ctrl Pts',(0.674167562242376,1.40556406288496,-1.97521736176007));
#8033=CARTESIAN_POINT('Ctrl Pts',(0.481889992216785,1.48254839011792,-1.96138074501017));
#8034=CARTESIAN_POINT('Ctrl Pts',(0.0806696897071722,1.55649652020471,-1.93109023523768));
#8035=CARTESIAN_POINT('Ctrl Pts',(-0.124062506779187,1.5536408505918,-1.91563378261147));
#8036=CARTESIAN_POINT('Ctrl Pts',(-0.514027010079804,1.47045411037312,-1.88619304014588));
#8037=CARTESIAN_POINT('Ctrl Pts',(-0.696052828516339,1.39353034047002,-1.87316973192765));
#8038=CARTESIAN_POINT('Ctrl Pts',(-1.02939423980723,1.17068115258123,-1.84601657273536));
#8039=CARTESIAN_POINT('Ctrl Pts',(-1.17548833316841,1.02388002384781,-1.83090375074416));
#8040=CARTESIAN_POINT('Ctrl Pts',(-1.39926640525565,0.685775174029346,-1.80035080777594));
#8041=CARTESIAN_POINT('Ctrl Pts',(-1.47633545662096,0.498687651969436,-1.78520956011964));
#8042=CARTESIAN_POINT('Ctrl Pts',(-1.55416147271071,0.108237318220218,-1.75674359026458));
#8043=CARTESIAN_POINT('Ctrl Pts',(-1.55525645159944,-0.0911578437021314,
-1.74441442317883));
#8044=CARTESIAN_POINT('Ctrl Pts',(-1.48072161333016,-0.487778209803618,
-1.71566928318604));
#8045=CARTESIAN_POINT('Ctrl Pts',(-1.4026324354747,-0.680486535657056,-1.70012203171472));
#8046=CARTESIAN_POINT('Ctrl Pts',(-1.17987881503257,-1.01744092584056,-1.6696829784024));
#8047=CARTESIAN_POINT('Ctrl Pts',(-1.03986089044892,-1.16018447001437,-1.655064810111));
#8048=CARTESIAN_POINT('Ctrl Pts',(-0.709178933504991,-1.38798121122748,
-1.62768856190582));
#8049=CARTESIAN_POINT('Ctrl Pts',(-0.520564903214269,-1.46917490567957,
-1.61430054433785));
#8050=CARTESIAN_POINT('Ctrl Pts',(-0.122675167454336,-1.55382093244875,
-1.58426147888173));
#8051=CARTESIAN_POINT('Ctrl Pts',(0.0826107042998658,-1.55646456513437,
-1.5687632260126));
#8052=CARTESIAN_POINT('Ctrl Pts',(0.475295177054757,-1.4834457909418,-1.53911713685637));
#8053=CARTESIAN_POINT('Ctrl Pts',(0.659401289442637,-1.41125536999006,-1.52571214089836));
#8054=CARTESIAN_POINT('Ctrl Pts',(0.998490604374652,-1.19714268005338,-1.49891321456471));
#8055=CARTESIAN_POINT('Ctrl Pts',(1.1483397963646,-1.05423059191298,-1.4839129161711));
#8056=CARTESIAN_POINT('Ctrl Pts',(1.38114916477742,-0.721709637623575,-1.4533841430227));
#8057=CARTESIAN_POINT('Ctrl Pts',(1.463201334839,-0.536187813430374,-1.43815716025619));
#8058=CARTESIAN_POINT('Ctrl Pts',(1.53268535670166,-0.228250883603423,-1.41540092688458));
#8059=CARTESIAN_POINT('Ctrl Pts',(1.54533666301317,-0.114192170329013,-1.40746604563584));
#8060=CARTESIAN_POINT('Ctrl Pts',(1.54533666301317,1.02001740387436E-13,
-1.39999999999999));
#8061=CARTESIAN_POINT('Origin',(0.,0.,0.));
#8062=CARTESIAN_POINT('',(1.54533666301317,3.56687448733092E-13,-0.699999999999951));
#8063=CARTESIAN_POINT('',(1.54533666301317,2.24666769656563E-13,-0.787499999999968));
#8064=CARTESIAN_POINT('',(1.54533666301317,-1.89249159796413E-16,0.));
#8065=CARTESIAN_POINT('',(-0.92141354260222,1.2405895717609,-0.454663336986831));
#8066=CARTESIAN_POINT('Ctrl Pts',(1.54533666301317,7.13564146625981E-13,
-0.699999999999951));
#8067=CARTESIAN_POINT('Ctrl Pts',(1.54533666301317,0.0559053837305772,-0.696344826926216));
#8068=CARTESIAN_POINT('Ctrl Pts',(1.54230330473516,0.111864992810991,-0.69257160538285));
#8069=CARTESIAN_POINT('Ctrl Pts',(1.51395887164034,0.371607800019187,-0.674519308189388));
#8070=CARTESIAN_POINT('Ctrl Pts',(1.45130629945047,0.569066634725587,-0.65924416236987));
#8071=CARTESIAN_POINT('Ctrl Pts',(1.25529889369771,0.923106344179937,-0.628697662220148));
#8072=CARTESIAN_POINT('Ctrl Pts',(1.1256913201897,1.07738001877645,-0.613718607387308));
#8073=CARTESIAN_POINT('Ctrl Pts',(0.815242011450072,1.32783090774546,-0.58562494050048));
#8074=CARTESIAN_POINT('Ctrl Pts',(0.637516325320337,1.42173608603188,-0.573129903600214));
#8075=CARTESIAN_POINT('Ctrl Pts',(0.250539072498836,1.53861059863152,-0.543914686461394));
#8076=CARTESIAN_POINT('Ctrl Pts',(0.044463883434686,1.5582357783286,-0.528356843328404));
#8077=CARTESIAN_POINT('Ctrl Pts',(-0.299327617681476,1.5225822492377,-0.502401975742886));
#8078=CARTESIAN_POINT('Ctrl Pts',(-0.436638084640263,1.48903141855282,-0.492035590953122));
#8079=CARTESIAN_POINT('Ctrl Pts',(-0.69363568913394,1.38755843075453,-0.472633311452982));
#8080=CARTESIAN_POINT('Ctrl Pts',(-0.812577502312673,1.3214245261478,-0.464056781038529));
#8081=CARTESIAN_POINT('Ctrl Pts',(-0.921413542603229,1.24058957176015,-0.454663336986744));
#8082=CARTESIAN_POINT('',(-1.52486674972728,0.250692635769022,-0.454663336986831));
#8083=CARTESIAN_POINT('Origin',(0.,0.,-0.454663336986831));
#8084=CARTESIAN_POINT('Ctrl Pts',(-1.52486674972728,0.250692635769056,-0.454663336986834));
#8085=CARTESIAN_POINT('Ctrl Pts',(-1.50402415137098,0.377470134094581,-0.463738995101069));
#8086=CARTESIAN_POINT('Ctrl Pts',(-1.46745896079642,0.501124974205979,-0.473203985458602));
#8087=CARTESIAN_POINT('Ctrl Pts',(-1.36386294627083,0.7381817680381,-0.492613633995625));
#8088=CARTESIAN_POINT('Ctrl Pts',(-1.29681454092016,0.85047468989911,-0.502486445765544));
#8089=CARTESIAN_POINT('Ctrl Pts',(-1.08996057364555,1.11451214929756,-0.527557907245192));
#8090=CARTESIAN_POINT('Ctrl Pts',(-0.932627552871536,1.24910150402164,-0.542090392540846));
#8091=CARTESIAN_POINT('Ctrl Pts',(-0.581873131729745,1.44507988758411,-0.568570932421015));
#8092=CARTESIAN_POINT('Ctrl Pts',(-0.393265809949252,1.50735779078545,-0.58281002223731));
#8093=CARTESIAN_POINT('Ctrl Pts',(0.00464500303867129,1.55879523119304,
-0.612850678938877));
#8094=CARTESIAN_POINT('Ctrl Pts',(0.210620292816095,1.5445113495301,-0.628400980079844));
#8095=CARTESIAN_POINT('Ctrl Pts',(0.601129944031574,1.43765898170769,-0.657882879007704));
#8096=CARTESIAN_POINT('Ctrl Pts',(0.78221329560623,1.34772063027995,-0.670577755087438));
#8097=CARTESIAN_POINT('Ctrl Pts',(1.09911557723548,1.10439369266348,-0.69844923463147));
#8098=CARTESIAN_POINT('Ctrl Pts',(1.23213493934535,0.953704592750493,-0.713322713019473));
#8099=CARTESIAN_POINT('Ctrl Pts',(1.43762033392985,0.603449958662076,-0.743979514494906));
#8100=CARTESIAN_POINT('Ctrl Pts',(1.50544994414612,0.40565833964861,-0.75947184093728));
#8101=CARTESIAN_POINT('Ctrl Pts',(1.540997881466,0.133782339519847,-0.778589341162107));
#8102=CARTESIAN_POINT('Ctrl Pts',(1.54533666301317,0.0668634255143211,-0.78312837465284));
#8103=CARTESIAN_POINT('Ctrl Pts',(1.54533666301317,4.49522788472923E-13,
-0.787499999999968));
#8104=CARTESIAN_POINT('Origin',(0.,0.,-10.3));
#8105=CARTESIAN_POINT('',(-2.,-6.77576192227314E-16,-0.0874999999999982));
#8106=CARTESIAN_POINT('',(-2.,0.,0.));
#8107=CARTESIAN_POINT('',(-2.,-2.44929359829471E-16,-10.3));
#8108=CARTESIAN_POINT('',(-1.42705098312486,-1.40125853844406,2.1442397109592E-17));
#8109=CARTESIAN_POINT('Origin',(0.,0.,0.));
#8110=CARTESIAN_POINT('Ctrl Pts',(-1.42705098312486,-1.40125853844405,-9.10729824887824E-17));
#8111=CARTESIAN_POINT('Ctrl Pts',(-1.56548255935904,-1.26027890367954,-0.011159617772299));
#8112=CARTESIAN_POINT('Ctrl Pts',(-1.68225464287477,-1.09956811631769,-0.0226842816383594));
#8113=CARTESIAN_POINT('Ctrl Pts',(-1.86429527837455,-0.750292752279331,
-0.0456385449005436));
#8114=CARTESIAN_POINT('Ctrl Pts',(-1.9289112793198,-0.563782844807189,-0.0569453134739348));
#8115=CARTESIAN_POINT('Ctrl Pts',(-1.98844275099068,-0.248293224608253,
-0.0746195995648196));
#8116=CARTESIAN_POINT('Ctrl Pts',(-2.,-0.124148518234589,-0.0812282467130528));
#8117=CARTESIAN_POINT('Ctrl Pts',(-2.,-1.52655665885959E-15,-0.0874999999999982));
#8118=CARTESIAN_POINT('Origin',(0.,0.,-10.3));
#8119=CARTESIAN_POINT('',(-2.,8.2311594898504E-14,-0.787500000000005));
#8120=CARTESIAN_POINT('',(-2.,-3.59011363719364E-14,-0.699999999999995));
#8121=CARTESIAN_POINT('',(-2.,-2.44929359829471E-16,-10.3));
#8122=CARTESIAN_POINT('Ctrl Pts',(-2.,-7.21298021311156E-14,-0.699999999999995));
#8123=CARTESIAN_POINT('Ctrl Pts',(-2.,-0.100719684937739,-0.694911827993992));
#8124=CARTESIAN_POINT('Ctrl Pts',(-1.99239282765421,-0.201502616290949,
-0.689598585036089));
#8125=CARTESIAN_POINT('Ctrl Pts',(-1.93686913069778,-0.565606992411702,
-0.669585264912797));
#8126=CARTESIAN_POINT('Ctrl Pts',(-1.84408716474207,-0.818953833881436,
-0.65408051086601));
#8127=CARTESIAN_POINT('Ctrl Pts',(-1.56987549979659,-1.26550354344893,-0.623523806073716));
#8128=CARTESIAN_POINT('Ctrl Pts',(-1.39447937869866,-1.45652660719933,-0.608757954363226));
#8129=CARTESIAN_POINT('Ctrl Pts',(-0.978194549068141,-1.7637886206739,-0.581094005457266));
#8130=CARTESIAN_POINT('Ctrl Pts',(-0.740506407195388,-1.87602873585558,
-0.568196207086397));
#8131=CARTESIAN_POINT('Ctrl Pts',(-0.232069195879587,-2.00393365160316,
-0.538537369759643));
#8132=CARTESIAN_POINT('Ctrl Pts',(0.0340057264573561,-2.01703774579489,
-0.523016332623321));
#8133=CARTESIAN_POINT('Ctrl Pts',(0.546263315932387,-1.94066134205994,-0.493134639903945));
#8134=CARTESIAN_POINT('Ctrl Pts',(0.788054961587093,-1.85564845727391,-0.479092321382446));
#8135=CARTESIAN_POINT('Ctrl Pts',(1.23641445448754,-1.59422827195996,-0.452808705749455));
#8136=CARTESIAN_POINT('Ctrl Pts',(1.43657314558777,-1.41650603468912,-0.437992545541884));
#8137=CARTESIAN_POINT('Ctrl Pts',(1.75329493427588,-0.99694802502735,-0.407559532845995));
#8138=CARTESIAN_POINT('Ctrl Pts',(1.86817672991948,-0.760181699922902,-0.392247817422157));
#8139=CARTESIAN_POINT('Ctrl Pts',(1.99885928660092,-0.262599036429014,-0.363299287939957));
#8140=CARTESIAN_POINT('Ctrl Pts',(2.01601860465492,-0.00718749826146579,
-0.350830308407342));
#8141=CARTESIAN_POINT('Ctrl Pts',(1.95220639660117,0.51056799898468,-0.322813069881196));
#8142=CARTESIAN_POINT('Ctrl Pts',(1.86633103865243,0.767178271535181,-0.307344896071812));
#8143=CARTESIAN_POINT('Ctrl Pts',(1.60379979212894,1.22236876799022,-0.276692353594551));
#8144=CARTESIAN_POINT('Ctrl Pts',(1.43317509627643,1.41859040896577,-0.261803045957189));
#8145=CARTESIAN_POINT('Ctrl Pts',(1.02609534663655,1.73608703158962,-0.233890545045558));
#8146=CARTESIAN_POINT('Ctrl Pts',(0.793313612872316,1.85405859084276,-0.221276627417555));
#8147=CARTESIAN_POINT('Ctrl Pts',(0.289870317936741,1.9964931041061,-0.191909101879647));
#8148=CARTESIAN_POINT('Ctrl Pts',(0.0235026996002164,2.01728618453243,-0.176370990810017));
#8149=CARTESIAN_POINT('Ctrl Pts',(-0.491977759542017,1.95519788680164,-0.146301297360053));
#8150=CARTESIAN_POINT('Ctrl Pts',(-0.736708100960108,1.87673858968692,-0.132025360777331));
#8151=CARTESIAN_POINT('Ctrl Pts',(-1.19266502133398,1.62720572589474,-0.105427873755522));
#8152=CARTESIAN_POINT('Ctrl Pts',(-1.39764518003898,1.45496638748669,-0.0910708903531306));
#8153=CARTESIAN_POINT('Ctrl Pts',(-1.70577939565399,1.06893700364979,-0.0625821526387756));
#8154=CARTESIAN_POINT('Ctrl Pts',(-1.81674883413407,0.867026968873645,-0.049145422885057));
#8155=CARTESIAN_POINT('Ctrl Pts',(-1.9632091440305,0.441396185190739,-0.0233715846871233));
#8156=CARTESIAN_POINT('Ctrl Pts',(-2.,0.221484037230333,-0.0111889634951621));
#8157=CARTESIAN_POINT('Ctrl Pts',(-2.,6.93889390390723E-17,-5.42101086242752E-17));
#8158=CARTESIAN_POINT('Ctrl Pts',(-2.,-1.59594559789866E-15,-0.0874999999999981));
#8159=CARTESIAN_POINT('Ctrl Pts',(-2.,0.130288093210074,-0.0940819132476141));
#8160=CARTESIAN_POINT('Ctrl Pts',(-1.98727158587991,0.260542457026239,-0.101033367960529));
#8161=CARTESIAN_POINT('Ctrl Pts',(-1.91143048626938,0.64309768931944,-0.122571382087636));
#8162=CARTESIAN_POINT('Ctrl Pts',(-1.81212895361606,0.885046853621633,-0.137690500614781));
#8163=CARTESIAN_POINT('Ctrl Pts',(-1.52347794782778,1.32261326671878,-0.168214533342728));
#8164=CARTESIAN_POINT('Ctrl Pts',(-1.33490489415974,1.51273371006858,-0.183319113541695));
#8165=CARTESIAN_POINT('Ctrl Pts',(-0.904478166578828,1.80167535333667,-0.210470023287552));
#8166=CARTESIAN_POINT('Ctrl Pts',(-0.669340649035752,1.90161490887824,-0.223455128806241));
#8167=CARTESIAN_POINT('Ctrl Pts',(-0.165531003540951,2.01029857144667,-0.252844024793438));
#8168=CARTESIAN_POINT('Ctrl Pts',(0.0990647608579756,2.01466727236504,-0.268278777716708));
#8169=CARTESIAN_POINT('Ctrl Pts',(0.618291728630114,1.92048353451611,-0.298567017503416));
#8170=CARTESIAN_POINT('Ctrl Pts',(0.867504974247741,1.82151549907949,-0.31244930450614));
#8171=CARTESIAN_POINT('Ctrl Pts',(1.30429117933287,1.5375619823982,-0.339533708092618));
#8172=CARTESIAN_POINT('Ctrl Pts',(1.48980112220443,1.35857385196833,-0.353986563722181));
#8173=CARTESIAN_POINT('Ctrl Pts',(1.78915741926203,0.932393413585128,-0.384247635750118));
#8174=CARTESIAN_POINT('Ctrl Pts',(1.89697492360606,0.68698406999844,-0.399789938636027));
#8175=CARTESIAN_POINT('Ctrl Pts',(2.00866823090316,0.176743284317874,-0.428824079908227));
#8176=CARTESIAN_POINT('Ctrl Pts',(2.01474475668142,-0.0823784279858972,
-0.44123155025943));
#8177=CARTESIAN_POINT('Ctrl Pts',(1.92827681318339,-0.590364692124597,-0.469416057499986));
#8178=CARTESIAN_POINT('Ctrl Pts',(1.83594976984864,-0.834292729866018,-0.484431722444378));
#8179=CARTESIAN_POINT('Ctrl Pts',(1.56007686755865,-1.27924677026035,-0.514956269740221));
#8180=CARTESIAN_POINT('Ctrl Pts',(1.37689743632957,-1.47462017490136,-0.530168905830242));
#8181=CARTESIAN_POINT('Ctrl Pts',(0.954615323579223,-1.77563974438461,-0.557692418780971));
#8182=CARTESIAN_POINT('Ctrl Pts',(0.722260403802034,-1.88216671419409,-0.570368143111541));
#8183=CARTESIAN_POINT('Ctrl Pts',(0.222283167078673,-2.00472164223958,-0.599533481920404));
#8184=CARTESIAN_POINT('Ctrl Pts',(-0.0413259693810549,-2.01658206848556,
-0.614910681547222));
#8185=CARTESIAN_POINT('Ctrl Pts',(-0.561958937389614,-1.93766402437791,
-0.645280938014388));
#8186=CARTESIAN_POINT('Ctrl Pts',(-0.813578709037254,-1.84616873158598,
-0.659631019442066));
#8187=CARTESIAN_POINT('Ctrl Pts',(-1.25756473511527,-1.5758878259917,-0.686234702809488));
#8188=CARTESIAN_POINT('Ctrl Pts',(-1.44781727285229,-1.40309337719795,-0.700512990793637));
#8189=CARTESIAN_POINT('Ctrl Pts',(-1.75917379988133,-0.987577419301867,
-0.730585319719574));
#8190=CARTESIAN_POINT('Ctrl Pts',(-1.87425677802309,-0.746442769565133,
-0.746123582638982));
#8191=CARTESIAN_POINT('Ctrl Pts',(-1.97962594376879,-0.329381210140439,
-0.770266027788449));
#8192=CARTESIAN_POINT('Ctrl Pts',(-2.,-0.164844324105852,-0.779172369946526));
#8193=CARTESIAN_POINT('Ctrl Pts',(-2.,1.64833424687316E-13,-0.787500000000005));
#8194=CARTESIAN_POINT('Origin',(0.,0.,-10.3));
#8195=CARTESIAN_POINT('',(-2.,1.97719278308293E-13,-1.48750000000002));
#8196=CARTESIAN_POINT('',(-2.,4.19699677526751E-15,-1.4));
#8197=CARTESIAN_POINT('',(-2.,-2.44929359829471E-16,-10.3));
#8198=CARTESIAN_POINT('Ctrl Pts',(-2.,8.60422844084496E-15,-1.4));
#8199=CARTESIAN_POINT('Ctrl Pts',(-2.,-0.139933043340946,-1.39293084172887));
#8200=CARTESIAN_POINT('Ctrl Pts',(-1.98531772703632,-0.279776421881754,
-1.385437980196));
#8201=CARTESIAN_POINT('Ctrl Pts',(-1.90058079438026,-0.676999623756933,
-1.3628995056054));
#8202=CARTESIAN_POINT('Ctrl Pts',(-1.79398983531791,-0.9231013822344,-1.34735799743856));
#8203=CARTESIAN_POINT('Ctrl Pts',(-1.49666941510834,-1.35102748276366,-1.31706811753241));
#8204=CARTESIAN_POINT('Ctrl Pts',(-1.31196974771944,-1.53103605248773,-1.3025873442339));
#8205=CARTESIAN_POINT('Ctrl Pts',(-0.876883369597936,-1.81694997736507,
-1.27545348274139));
#8206=CARTESIAN_POINT('Ctrl Pts',(-0.628656992779931,-1.91704863523854,
-1.26167165791216));
#8207=CARTESIAN_POINT('Ctrl Pts',(-0.110303583886193,-2.01410202052752,
-1.23143437572669));
#8208=CARTESIAN_POINT('Ctrl Pts',(0.1544601374429,-2.01119809277562,-1.21598982531583));
#8209=CARTESIAN_POINT('Ctrl Pts',(0.659004122009871,-1.9052232308299,-1.18655809288276));
#8210=CARTESIAN_POINT('Ctrl Pts',(0.894690127845778,-1.80655645918082,-1.17350209218075));
#8211=CARTESIAN_POINT('Ctrl Pts',(1.32667497782238,-1.51995533984481,-1.14642397613404));
#8212=CARTESIAN_POINT('Ctrl Pts',(1.5162716932224,-1.33086686575452,-1.13134167231092));
#8213=CARTESIAN_POINT('Ctrl Pts',(1.80736742335556,-0.894769651064722,-1.10082055630631));
#8214=CARTESIAN_POINT('Ctrl Pts',(1.90801141225583,-0.653225250634443,-1.0856827307267));
#8215=CARTESIAN_POINT('Ctrl Pts',(2.01073126200264,-0.14894104256305,-1.05721123057226));
#8216=CARTESIAN_POINT('Ctrl Pts',(2.01330656498289,0.108714350202156,-1.04489606045186));
#8217=CARTESIAN_POINT('Ctrl Pts',(1.9194097664222,0.621944764185781,-1.01622995353107));
#8218=CARTESIAN_POINT('Ctrl Pts',(1.81961527848812,0.871736264157494,-1.0007002768632));
#8219=CARTESIAN_POINT('Ctrl Pts',(1.5336262215971,1.30906023759161,-0.970266131914339));
#8220=CARTESIAN_POINT('Ctrl Pts',(1.35346482364317,1.49459659412213,-0.955638471252623));
#8221=CARTESIAN_POINT('Ctrl Pts',(0.927705083225727,1.79117628410852,-0.928237821986921));
#8222=CARTESIAN_POINT('Ctrl Pts',(0.684793021461141,1.89737725697852,-0.914946259585232));
#8223=CARTESIAN_POINT('Ctrl Pts',(0.171304494137653,2.00993603959903,-0.884992762158029));
#8224=CARTESIAN_POINT('Ctrl Pts',(-0.0942329160817215,2.01501984465905,
-0.869503079895232));
#8225=CARTESIAN_POINT('Ctrl Pts',(-0.602696890939308,1.92380976794932,-0.839842681361873));
#8226=CARTESIAN_POINT('Ctrl Pts',(-0.841402735667784,1.83200900039562,-0.826342123044109));
#8227=CARTESIAN_POINT('Ctrl Pts',(-1.28170162236649,1.5580597257822,-0.799660662030857));
#8228=CARTESIAN_POINT('Ctrl Pts',(-1.47670902742537,1.37462394192376,-0.784706109870876));
#8229=CARTESIAN_POINT('Ctrl Pts',(-1.78083737966424,0.946672603750208,-0.754216390321468));
#8230=CARTESIAN_POINT('Ctrl Pts',(-1.88868352596571,0.707433310282128,-0.738984951553612));
#8231=CARTESIAN_POINT('Ctrl Pts',(-1.98254097264801,0.304993619558344,-0.715916934611998));
#8232=CARTESIAN_POINT('Ctrl Pts',(-2.00000000000001,0.152595388860499,-0.707708836523123));
#8233=CARTESIAN_POINT('Ctrl Pts',(-2.,-7.18522463749593E-14,-0.699999999999995));
#8234=CARTESIAN_POINT('Ctrl Pts',(-2.,1.64868119156838E-13,-0.787500000000005));
#8235=CARTESIAN_POINT('Ctrl Pts',(-2.,0.0926212858106802,-0.792179055875848));
#8236=CARTESIAN_POINT('Ctrl Pts',(-1.9935668121969,0.185320493216709,-0.797049682850691));
#8237=CARTESIAN_POINT('Ctrl Pts',(-1.94491936228538,0.532619246153463,-0.816013456799953));
#8238=CARTESIAN_POINT('Ctrl Pts',(-1.86020037893572,0.778472071142022,-0.830904456682867));
#8239=CARTESIAN_POINT('Ctrl Pts',(-1.59706966197726,1.23334036936877,-0.861558206856521));
#8240=CARTESIAN_POINT('Ctrl Pts',(-1.41768717296698,1.43595214869652,-0.87702576808621));
#8241=CARTESIAN_POINT('Ctrl Pts',(-1.00107204847015,1.74992386184308,-0.905038312197222));
#8242=CARTESIAN_POINT('Ctrl Pts',(-0.771260706567871,1.86267277051024,-0.917509792116869));
#8243=CARTESIAN_POINT('Ctrl Pts',(-0.274943218723355,1.99809212538301,-0.946461645574466));
#8244=CARTESIAN_POINT('Ctrl Pts',(-0.0124382940701529,2.0168785908521,-0.961774432845903));
#8245=CARTESIAN_POINT('Ctrl Pts',(0.509253259962519,1.95215071827912,-0.992206440164475));
#8246=CARTESIAN_POINT('Ctrl Pts',(0.763208782269014,1.8675643120917,-1.00702051229902));
#8247=CARTESIAN_POINT('Ctrl Pts',(1.21368570635739,1.60979299234973,-1.03329833287084));
#8248=CARTESIAN_POINT('Ctrl Pts',(1.40814244185502,1.44281328486973,-1.04734923202657));
#8249=CARTESIAN_POINT('Ctrl Pts',(1.73025488749383,1.03721825846055,-1.07723408815464));
#8250=CARTESIAN_POINT('Ctrl Pts',(1.85184569410202,0.800174873103207,-1.09275547963596));
#8251=CARTESIAN_POINT('Ctrl Pts',(1.99506562797492,0.295856601813823,-1.12240995305479));
#8252=CARTESIAN_POINT('Ctrl Pts',(2.01659349068778,0.0339140557411933,-1.13530274788226));
#8253=CARTESIAN_POINT('Ctrl Pts',(1.95843498420353,-0.480187612354435,-1.16297050209548));
#8254=CARTESIAN_POINT('Ctrl Pts',(1.88059788352633,-0.727574872386312,-1.17773829721791));
#8255=CARTESIAN_POINT('Ctrl Pts',(1.63077794748159,-1.18823916660362,-1.20829661926805));
#8256=CARTESIAN_POINT('Ctrl Pts',(1.45766843293718,-1.39519973215229,-1.22380091137083));
#8257=CARTESIAN_POINT('Ctrl Pts',(1.05031058108812,-1.72092034518062,-1.25213698436585));
#8258=CARTESIAN_POINT('Ctrl Pts',(0.823167774759085,-1.84041318151052,-1.26448187980572));
#8259=CARTESIAN_POINT('Ctrl Pts',(0.330848761201746,-1.98950547297437,-1.29320048892989));
#8260=CARTESIAN_POINT('Ctrl Pts',(0.0697162395474997,-2.01561804038198,
-1.30843321935972));
#8261=CARTESIAN_POINT('Ctrl Pts',(-0.452953322044102,-1.96598408274043,
-1.33892227711923));
#8262=CARTESIAN_POINT('Ctrl Pts',(-0.709283060231648,-1.88871023545599,
-1.35387484518018));
#8263=CARTESIAN_POINT('Ctrl Pts',(-1.1665781386064,-1.64417565435676,-1.3805503914187));
#8264=CARTESIAN_POINT('Ctrl Pts',(-1.36536761346369,-1.48326056582236,-1.39405831111738));
#8265=CARTESIAN_POINT('Ctrl Pts',(-1.69842776858724,-1.08836301396516,-1.42372205883019));
#8266=CARTESIAN_POINT('Ctrl Pts',(-1.82669542187061,-0.855790946820672,
-1.43921230895515));
#8267=CARTESIAN_POINT('Ctrl Pts',(-1.96849904159703,-0.409037583781635,
-1.46591740062489));
#8268=CARTESIAN_POINT('Ctrl Pts',(-2.,-0.204972031263527,-1.47714519247522));
#8269=CARTESIAN_POINT('Ctrl Pts',(-2.,3.95683485976416E-13,-1.48750000000002));
#8270=CARTESIAN_POINT('Origin',(0.,0.,-10.3));
#8271=CARTESIAN_POINT('',(-2.,-1.22464679914735E-16,-2.18749999999999));
#8272=CARTESIAN_POINT('',(-2.,1.31772030645556E-13,-2.10000000000001));
#8273=CARTESIAN_POINT('',(-2.,-2.44929359829471E-16,-10.3));
#8274=CARTESIAN_POINT('Ctrl Pts',(-2.,2.63487148766117E-13,-2.10000000000001));
#8275=CARTESIAN_POINT('Ctrl Pts',(-2.,-0.174269982022317,-2.09119620315966));
#8276=CARTESIAN_POINT('Ctrl Pts',(-1.97722972699249,-0.348097084953918,
-2.08175064678833));
#8277=CARTESIAN_POINT('Ctrl Pts',(-1.86456133268395,-0.769048096643341,
-2.05719881954514));
#8278=CARTESIAN_POINT('Ctrl Pts',(-1.74849421384341,-1.00537589074398,-2.04187468596912));
#8279=CARTESIAN_POINT('Ctrl Pts',(-1.42956334858639,-1.42360934795882,-2.01144415581059));
#8280=CARTESIAN_POINT('Ctrl Pts',(-1.22850076317076,-1.60030560358061,-1.99666254451829));
#8281=CARTESIAN_POINT('Ctrl Pts',(-0.778788923906562,-1.85959383192289,
-1.97042935389454));
#8282=CARTESIAN_POINT('Ctrl Pts',(-0.536447200372236,-1.94339331989629,
-1.95629275335504));
#8283=CARTESIAN_POINT('Ctrl Pts',(-0.0237110638111878,-2.01720262442645,
-1.92638314538898));
#8284=CARTESIAN_POINT('Ctrl Pts',(0.242432102389802,-2.00272433298765,-1.91085812736059));
#8285=CARTESIAN_POINT('Ctrl Pts',(0.749987525686954,-1.87221027541043,-1.88125072766826));
#8286=CARTESIAN_POINT('Ctrl Pts',(0.986791591694214,-1.75894233432949,-1.86841042205279));
#8287=CARTESIAN_POINT('Ctrl Pts',(1.40797555475199,-1.44497983130534,-1.84026508542847));
#8288=CARTESIAN_POINT('Ctrl Pts',(1.58697041532347,-1.24573315347801,-1.82497882872589));
#8289=CARTESIAN_POINT('Ctrl Pts',(1.85304245862522,-0.795434511132663,-1.79447014042188));
#8290=CARTESIAN_POINT('Ctrl Pts',(1.94006653945878,-0.550139356783981,-1.77954008101725));
#8291=CARTESIAN_POINT('Ctrl Pts',(2.01618071217703,-0.0398671674432458,
-1.75154207804883));
#8292=CARTESIAN_POINT('Ctrl Pts',(2.00451302976992,0.220248062275491,-1.73900510570617));
#8293=CARTESIAN_POINT('Ctrl Pts',(1.88136533896929,0.728433064045124,-1.70974073264546));
#8294=CARTESIAN_POINT('Ctrl Pts',(1.76847598569988,0.970890110176078,-1.694199645434));
#8295=CARTESIAN_POINT('Ctrl Pts',(1.4607317274538,1.38968536936333,-1.66406701011779));
#8296=CARTESIAN_POINT('Ctrl Pts',(1.27190061736273,1.56437718590018,-1.64973432893447));
#8297=CARTESIAN_POINT('Ctrl Pts',(0.828026601729449,1.84009996411683,-1.62285899920881));
#8298=CARTESIAN_POINT('Ctrl Pts',(0.574638080625783,1.93428743496146,-1.60852055470317));
#8299=CARTESIAN_POINT('Ctrl Pts',(0.0518172620916386,2.0163571307286,-1.57802267362201));
#8300=CARTESIAN_POINT('Ctrl Pts',(-0.211986515845247,2.00585382261625,-1.56263411990902));
#8301=CARTESIAN_POINT('Ctrl Pts',(-0.712667586933838,1.88581435914261,-1.53342772409552));
#8302=CARTESIAN_POINT('Ctrl Pts',(-0.945523937163338,1.7804909677012,-1.52070265903828));
#8303=CARTESIAN_POINT('Ctrl Pts',(-1.36930397585891,1.48167303704877,-1.49324667929833));
#8304=CARTESIAN_POINT('Ctrl Pts',(-1.55348038060205,1.28724791240163,-1.47805287016375));
#8305=CARTESIAN_POINT('Ctrl Pts',(-1.83170255352883,0.843615956427198,-1.44752659173146));
#8306=CARTESIAN_POINT('Ctrl Pts',(-1.92530663473145,0.600034799824372,-1.43249120364215));
#8307=CARTESIAN_POINT('Ctrl Pts',(-1.9899935315647,0.231067884908585,-1.41196497706525));
#8308=CARTESIAN_POINT('Ctrl Pts',(-2.,0.115518296293386,-1.40583577045286));
#8309=CARTESIAN_POINT('Ctrl Pts',(-2.,9.08995101411847E-15,-1.4));
#8310=CARTESIAN_POINT('Ctrl Pts',(-2.,3.95683485976416E-13,-1.48750000000002));
#8311=CARTESIAN_POINT('Ctrl Pts',(-2.,0.0567459656835057,-1.49036670112423));
#8312=CARTESIAN_POINT('Ctrl Pts',(-1.99758503454884,0.113554306042854,-1.49330698979395));
#8313=CARTESIAN_POINT('Ctrl Pts',(-1.97091774949532,0.425645969655214,-1.50985107863288));
#8314=CARTESIAN_POINT('Ctrl Pts',(-1.90021360084708,0.674419511081201,-1.52448086169053));
#8315=CARTESIAN_POINT('Ctrl Pts',(-1.66426835905157,1.14067561633171,-1.55491699309887));
#8316=CARTESIAN_POINT('Ctrl Pts',(-1.49774170129985,1.35193386326665,-1.57044639611856));
#8317=CARTESIAN_POINT('Ctrl Pts',(-1.10007514420036,1.68968885174909,-1.59910776071701));
#8318=CARTESIAN_POINT('Ctrl Pts',(-0.875612259000017,1.81618239275869,-1.61142261822499));
#8319=CARTESIAN_POINT('Ctrl Pts',(-0.387467336546856,1.97916278956721,-1.63989773870143));
#8320=CARTESIAN_POINT('Ctrl Pts',(-0.127936712764583,2.01266676352851,-1.65503702508873));
#8321=CARTESIAN_POINT('Ctrl Pts',(0.395277800236425,1.97839368332381,-1.68555787168045));
#8322=CARTESIAN_POINT('Ctrl Pts',(0.653801067613679,1.90863160524305,-1.70063839561079));
#8323=CARTESIAN_POINT('Ctrl Pts',(1.11789852342058,1.67762329513267,-1.72771074719953));
#8324=CARTESIAN_POINT('Ctrl Pts',(1.32112408086716,1.52275863043881,-1.74077250565409));
#8325=CARTESIAN_POINT('Ctrl Pts',(1.66501620438801,1.1386407120461,-1.77020761865376));
#8326=CARTESIAN_POINT('Ctrl Pts',(1.7998189507228,0.910731342537732,-1.78565292482788));
#8327=CARTESIAN_POINT('Ctrl Pts',(1.97085857659056,0.424210063172233,-1.81521973484923));
#8328=CARTESIAN_POINT('Ctrl Pts',(2.00868257414245,0.171371389392482,-1.82858939294692));
#8329=CARTESIAN_POINT('Ctrl Pts',(1.98749099793161,-0.346691332570586,-1.85537905013487));
#8330=CARTESIAN_POINT('Ctrl Pts',(1.92407117138849,-0.606809700448517,-1.87036949342582));
#8331=CARTESIAN_POINT('Ctrl Pts',(1.70182100408912,-1.08225347386488,-1.90087032914662));
#8332=CARTESIAN_POINT('Ctrl Pts',(1.54702519591931,-1.29390808851183,-1.9160776061498));
#8333=CARTESIAN_POINT('Ctrl Pts',(1.16890252691983,-1.64271630740456,-1.94472732941453));
#8334=CARTESIAN_POINT('Ctrl Pts',(0.950513419050197,-1.77802394702132,-1.95705338388873));
#8335=CARTESIAN_POINT('Ctrl Pts',(0.463152685238447,-1.96386051735375,-1.98548276002775));
#8336=CARTESIAN_POINT('Ctrl Pts',(0.19721986297861,-2.00806718397889,-2.00099550799291));
#8337=CARTESIAN_POINT('Ctrl Pts',(-0.326083941036345,-1.9898694354542,-2.03152156322711));
#8338=CARTESIAN_POINT('Ctrl Pts',(-0.578593190406279,-1.93162528401819,
-2.04625126944036));
#8339=CARTESIAN_POINT('Ctrl Pts',(-1.05162854389404,-1.72109896882398,-2.07384499839381));
#8340=CARTESIAN_POINT('Ctrl Pts',(-1.26697377176274,-1.56936407750094,-2.08683870074043));
#8341=CARTESIAN_POINT('Ctrl Pts',(-1.62909875471613,-1.1897609137228,-2.11657752842925));
#8342=CARTESIAN_POINT('Ctrl Pts',(-1.7715607524053,-0.964914068716556,-2.13209151634646));
#8343=CARTESIAN_POINT('Ctrl Pts',(-1.95473674477163,-0.489395968453882,
-2.16145644348637));
#8344=CARTESIAN_POINT('Ctrl Pts',(-2.,-0.245668387341077,-2.17508928791325));
#8345=CARTESIAN_POINT('Ctrl Pts',(-2.,3.46944695195361E-16,-2.18749999999999));
#8346=CARTESIAN_POINT('Origin',(0.,0.,-10.3));
#8347=CARTESIAN_POINT('',(-2.,-6.61807346451127E-14,-2.88749999999999));
#8348=CARTESIAN_POINT('',(-2.,1.19781621979604E-13,-2.80000000000001));
#8349=CARTESIAN_POINT('',(-2.,-2.44929359829471E-16,-10.3));
#8350=CARTESIAN_POINT('Ctrl Pts',(-2.,2.40710229526542E-13,-2.80000000000001));
#8351=CARTESIAN_POINT('Ctrl Pts',(-2.,-0.210556201272351,-2.78936309054512));
#8352=CARTESIAN_POINT('Ctrl Pts',(-1.96675825375924,-0.420044587083548,
-2.77781057421834));
#8353=CARTESIAN_POINT('Ctrl Pts',(-1.81984156315834,-0.870022335709986,
-2.75079346132467));
#8354=CARTESIAN_POINT('Ctrl Pts',(-1.69021859088497,-1.10087294983925,-2.73535064568165));
#8355=CARTESIAN_POINT('Ctrl Pts',(-1.34736044661874,-1.5016493770512,-2.70510413338701));
#8356=CARTESIAN_POINT('Ctrl Pts',(-1.13664690809434,-1.66682650304401,-2.69130440297217));
#8357=CARTESIAN_POINT('Ctrl Pts',(-0.671647931326133,-1.90110850687094,
-2.66417946266069));
#8358=CARTESIAN_POINT('Ctrl Pts',(-0.42349217165302,-1.97127810088341,-2.64970371001309));
#8359=CARTESIAN_POINT('Ctrl Pts',(0.0956746212939316,-2.01527880977051,
-2.61941898042451));
#8360=CARTESIAN_POINT('Ctrl Pts',(0.362103471663489,-1.98479303133049,-2.60387729748629));
#8361=CARTESIAN_POINT('Ctrl Pts',(0.859045848632632,-1.82425847803671,-2.57488899216309));
#8362=CARTESIAN_POINT('Ctrl Pts',(1.08577748780607,-1.69910655540615,-2.56250054064756));
#8363=CARTESIAN_POINT('Ctrl Pts',(1.4810548201089,-1.36868994585933,-2.53427958308957));
#8364=CARTESIAN_POINT('Ctrl Pts',(1.64537052703204,-1.16600427474013,-2.51924773679425));
#8365=CARTESIAN_POINT('Ctrl Pts',(1.89087627748543,-0.70348848765695,-2.48872171116555));
#8366=CARTESIAN_POINT('Ctrl Pts',(1.96740412037984,-0.446844398467138,-2.47352446485791));
#8367=CARTESIAN_POINT('Ctrl Pts',(2.01477853732872,0.0695336749783048,-2.44605624680584));
#8368=CARTESIAN_POINT('Ctrl Pts',(1.98979717495857,0.323885001494146,-2.43334034698303));
#8369=CARTESIAN_POINT('Ctrl Pts',(1.84387221047728,0.817624959226145,-2.40414137365386));
#8370=CARTESIAN_POINT('Ctrl Pts',(1.7212968362182,1.05143027090811,-2.38875484710302));
#8371=CARTESIAN_POINT('Ctrl Pts',(1.38916457247281,1.46353891923688,-2.35824869016041));
#8372=CARTESIAN_POINT('Ctrl Pts',(1.18098456412825,1.63612894686363,-2.34389076624081));
#8373=CARTESIAN_POINT('Ctrl Pts',(0.720409489259036,1.88308437033962,-2.31702388687344));
#8374=CARTESIAN_POINT('Ctrl Pts',(0.474790845188641,1.95947073927388,-2.302696132636));
#8375=CARTESIAN_POINT('Ctrl Pts',(-0.0416758822093952,2.01702400312821,
-2.27256890687111));
#8376=CARTESIAN_POINT('Ctrl Pts',(-0.308091085174153,1.99379482055336,-2.2570280200315));
#8377=CARTESIAN_POINT('Ctrl Pts',(-0.809921894121064,1.8467901045988,-2.22775455617627));
#8378=CARTESIAN_POINT('Ctrl Pts',(-1.04116920750722,1.72701071803975,-2.21521128212281));
#8379=CARTESIAN_POINT('Ctrl Pts',(-1.44530471355619,1.40626990717915,-2.1872207645993));
#8380=CARTESIAN_POINT('Ctrl Pts',(-1.61437509237649,1.20841409871045,-2.17229423609253));
#8381=CARTESIAN_POINT('Ctrl Pts',(-1.871685059208,0.75307486417878,-2.14178646696737));
#8382=CARTESIAN_POINT('Ctrl Pts',(-1.95495602975118,0.498506955115909,-2.12649743087938));
#8383=CARTESIAN_POINT('Ctrl Pts',(-1.99538823597237,0.156914864287162,-2.10806155820854));
#8384=CARTESIAN_POINT('Ctrl Pts',(-2.,0.0784194342917811,-2.10396160463108));
#8385=CARTESIAN_POINT('Ctrl Pts',(-2.,2.63788990650941E-13,-2.10000000000001));
#8386=CARTESIAN_POINT('Ctrl Pts',(-2.,0.,-2.18749999999999));
#8387=CARTESIAN_POINT('Ctrl Pts',(-2.,0.00794147364700812,-2.18790118854543));
#8388=CARTESIAN_POINT('Ctrl Pts',(-1.99995269976851,0.0158848377230243,
-2.18830385218193));
#8389=CARTESIAN_POINT('Ctrl Pts',(-1.99669910759038,0.288936098494753,-2.20219279277501));
#8390=CARTESIAN_POINT('Ctrl Pts',(-1.94085844392566,0.550734270368694,-2.21704703773648));
#8391=CARTESIAN_POINT('Ctrl Pts',(-1.73223808371119,1.03305315855076,-2.24749765548636));
#8392=CARTESIAN_POINT('Ctrl Pts',(-1.5831113376704,1.24964768617146,-2.26278914010156));
#8393=CARTESIAN_POINT('Ctrl Pts',(-1.21490347744917,1.60887579609711,-2.29167607504671));
#8394=CARTESIAN_POINT('Ctrl Pts',(-1.00110151163986,1.74993023172523,-2.304102411821));
#8395=CARTESIAN_POINT('Ctrl Pts',(-0.519322336925776,1.9498674436673,-2.33220619701266));
#8396=CARTESIAN_POINT('Ctrl Pts',(-0.253967109527654,2.00178553235416,-2.34768525194421));
#8397=CARTESIAN_POINT('Ctrl Pts',(0.271107631777911,1.99819085820746,-2.3783146118537));
#8398=CARTESIAN_POINT('Ctrl Pts',(0.525809587670497,1.94674645754913,-2.39317222594744));
#8399=CARTESIAN_POINT('Ctrl Pts',(1.00319148484603,1.74948921788508,-2.42101950328268));
#8400=CARTESIAN_POINT('Ctrl Pts',(1.2210853718677,1.60501341351542,-2.43369935062418));
#8401=CARTESIAN_POINT('Ctrl Pts',(1.59351898888412,1.23717423065564,-2.46314455227089));
#8402=CARTESIAN_POINT('Ctrl Pts',(1.7429253768768,1.01592407326146,-2.4786793869062));
#8403=CARTESIAN_POINT('Ctrl Pts',(1.94320427535598,0.537313325416976,-2.5086993836377));
#8404=CARTESIAN_POINT('Ctrl Pts',(1.99575475475028,0.2859334238463,-2.52293135316443));
#8405=CARTESIAN_POINT('Ctrl Pts',(2.00391605167847,-0.233560913199525,-2.54941328308339));
#8406=CARTESIAN_POINT('Ctrl Pts',(1.95537267637111,-0.496838347837177,-2.56390098373591));
#8407=CARTESIAN_POINT('Ctrl Pts',(1.75981061404181,-0.985534521564767,-2.5942929031227));
#8408=CARTESIAN_POINT('Ctrl Pts',(1.61621033077418,-1.20668333483092,-2.60965327331915));
#8409=CARTESIAN_POINT('Ctrl Pts',(1.25749436617926,-1.57574022241635,-2.63875989295845));
#8410=CARTESIAN_POINT('Ctrl Pts',(1.04792980690843,-1.72222852311543,-2.65137076126367));
#8411=CARTESIAN_POINT('Ctrl Pts',(0.574454119266026,-1.93400040052834,-2.67899017637614));
#8412=CARTESIAN_POINT('Ctrl Pts',(0.313217910706518,-1.99304081889899,-2.69422895520878));
#8413=CARTESIAN_POINT('Ctrl Pts',(-0.20999352204584,-2.00563315032304,-2.72474962211933));
#8414=CARTESIAN_POINT('Ctrl Pts',(-0.466911813176663,-1.96180581444861,
-2.7397365224353));
#8415=CARTESIAN_POINT('Ctrl Pts',(-0.948980992921288,-1.77921657905112,
-2.76785722458707));
#8416=CARTESIAN_POINT('Ctrl Pts',(-1.16968236826754,-1.64256646564417,-2.78030298568641));
#8417=CARTESIAN_POINT('Ctrl Pts',(-1.55315263640433,-1.2876610532738,-2.80941669951851));
#8418=CARTESIAN_POINT('Ctrl Pts',(-1.71003363586479,-1.07057048834052,-2.8249594087451));
#8419=CARTESIAN_POINT('Ctrl Pts',(-1.9258126475897,-0.596979077342348,-2.85517792450849));
#8420=CARTESIAN_POINT('Ctrl Pts',(-1.98622084338256,-0.346566076118465,
-2.86959023141482));
#8421=CARTESIAN_POINT('Ctrl Pts',(-1.99930267190696,-0.061009271536925,
-2.88439758582126));
#8422=CARTESIAN_POINT('Ctrl Pts',(-2.,-0.0304923159207649,-2.88595958465455));
#8423=CARTESIAN_POINT('Ctrl Pts',(-2.,-1.32116539930396E-13,-2.88749999999999));
#8424=CARTESIAN_POINT('Origin',(0.,0.,-10.3));
#8425=CARTESIAN_POINT('',(-2.,-2.0398716757672E-13,-3.58749999999997));
#8426=CARTESIAN_POINT('',(-2.,-3.78694405878748E-8,-3.4999999961738));
#8427=CARTESIAN_POINT('',(-2.,-2.44929359829471E-16,-10.3));
#8428=CARTESIAN_POINT('',(-0.934285714285532,1.76836370808778,-3.708));
#8429=CARTESIAN_POINT('Ctrl Pts',(-2.,-4.07902878141186E-13,-3.58749999999997));
#8430=CARTESIAN_POINT('Ctrl Pts',(-2.00000000000004,0.194106989140212,-3.59730592571276));
#8431=CARTESIAN_POINT('Ctrl Pts',(-1.97175059927195,0.387502382737164,-3.60789984379074));
#8432=CARTESIAN_POINT('Ctrl Pts',(-1.84018952091801,0.826508962671591,-3.63391484153074));
#8433=CARTESIAN_POINT('Ctrl Pts',(-1.71542965446028,1.0614657352977,-3.64942325211241));
#8434=CARTESIAN_POINT('Ctrl Pts',(-1.37954066603426,1.47253786427544,-3.67998661715298));
#8435=CARTESIAN_POINT('Ctrl Pts',(-1.17058837346743,1.6435171068419,-3.69421567821439));
#8436=CARTESIAN_POINT('Ctrl Pts',(-0.934285714285532,1.76836370808778,-3.708));
#8437=CARTESIAN_POINT('',(0.565714285703267,1.91832409851705,-3.70799999999935));
#8438=CARTESIAN_POINT('Origin',(0.,0.,-3.708));
#8439=CARTESIAN_POINT('Ctrl Pts',(0.565714285703263,1.91832409851705,-3.70799999999935));
#8440=CARTESIAN_POINT('Ctrl Pts',(0.344480466663159,1.98356601045905,-3.69509469388868));
#8441=CARTESIAN_POINT('Ctrl Pts',(0.11363361500055,2.01004351825881,-3.6816286275417));
#8442=CARTESIAN_POINT('Ctrl Pts',(-0.344533396105857,1.98328724504697,-3.65490221856049));
#8443=CARTESIAN_POINT('Ctrl Pts',(-0.568542770196695,1.93104014809625,-3.64183500507186));
#8444=CARTESIAN_POINT('Ctrl Pts',(-1.01261219544794,1.74327515292577,-3.61593095526553));
#8445=CARTESIAN_POINT('Ctrl Pts',(-1.22537218177252,1.60089614336795,-3.6034676205553));
#8446=CARTESIAN_POINT('Ctrl Pts',(-1.59127619952247,1.23926922479138,-3.57452669764378));
#8447=CARTESIAN_POINT('Ctrl Pts',(-1.73907005363113,1.0215533915305,-3.55921744275836));
#8448=CARTESIAN_POINT('Ctrl Pts',(-1.94450790082471,0.537700450619408,-3.52878215080127));
#8449=CARTESIAN_POINT('Ctrl Pts',(-1.9985894168474,0.275546182040338,-3.51396122496644));
#8450=CARTESIAN_POINT('Ctrl Pts',(-1.99999092622719,0.00695692783561517,
-3.50035171576558));
#8451=CARTESIAN_POINT('Ctrl Pts',(-2.00000000006603,0.00347825769384106,
-3.50017571514081));
#8452=CARTESIAN_POINT('Ctrl Pts',(-2.,-3.79663940413495E-8,-3.499999998082));
#8453=CARTESIAN_POINT('Origin',(0.,0.,0.));
#8454=CARTESIAN_POINT('',(-1.5562177826489,2.52012870986348E-12,-0.4437822173511));
#8455=CARTESIAN_POINT('',(-1.79297277716255,2.3673505363624E-11,-0.207027222837446));
#8456=CARTESIAN_POINT('',(-2.,-2.44929359829471E-16,0.));
#8457=CARTESIAN_POINT('Ctrl Pts',(-1.5562177826489,5.04044800143958E-12,
-0.4437822173511));
#8458=CARTESIAN_POINT('Ctrl Pts',(-1.55298891887032,0.0784460028994211,
-0.447011081129679));
#8459=CARTESIAN_POINT('Ctrl Pts',(-1.54346551740366,0.162437184601185,-0.450628196366273));
#8460=CARTESIAN_POINT('Ctrl Pts',(-1.52486674972728,0.250692635769018,-0.454663336986831));
#8461=CARTESIAN_POINT('Ctrl Pts',(-0.92141354260222,1.2405895717609,-0.454663336986831));
#8462=CARTESIAN_POINT('Ctrl Pts',(-1.08534165460461,1.15600887010747,-0.424821525119877));
#8463=CARTESIAN_POINT('Ctrl Pts',(-1.23362097458338,1.04439992789253,-0.393903275198619));
#8464=CARTESIAN_POINT('Ctrl Pts',(-1.49071254100258,0.772027089953365,-0.331746901044259));
#8465=CARTESIAN_POINT('Ctrl Pts',(-1.59618603840476,0.611855945440749,-0.300974327185637));
#8466=CARTESIAN_POINT('Ctrl Pts',(-1.73689646061437,0.286737690176312,-0.247040770015366));
#8467=CARTESIAN_POINT('Ctrl Pts',(-1.77441965895772,0.139153387357796,-0.225580341038602));
#8468=CARTESIAN_POINT('Ctrl Pts',(-1.79297277716255,4.73474037754329E-11,
-0.207027222837447));
#8469=CARTESIAN_POINT('Origin',(0.,0.,-3.708));
#8470=CARTESIAN_POINT('',(-1.89140015166814,-1.8821631763973E-12,-3.65020015166814));
#8471=CARTESIAN_POINT('',(-1.94920000000206,2.38708154090054E-16,-3.70800000000206));
#8472=CARTESIAN_POINT('',(-1.9492,2.38708154089802E-16,-3.708));
#8473=CARTESIAN_POINT('Ctrl Pts',(-1.89140015166814,-3.76455798250876E-12,
-3.65020015166814));
#8474=CARTESIAN_POINT('Ctrl Pts',(-1.88898019294693,-0.0714565592620562,
-3.64778019294693));
#8475=CARTESIAN_POINT('Ctrl Pts',(-1.88238557478371,-0.144076198884032,
-3.64523245226072));
#8476=CARTESIAN_POINT('Ctrl Pts',(-1.8340882056873,-0.459937197429687,-3.63372314602107));
#8477=CARTESIAN_POINT('Ctrl Pts',(-1.74926091427907,-0.692622177523233,
-3.62416562386632));
#8478=CARTESIAN_POINT('Ctrl Pts',(-1.50056455383718,-1.10057243193,-3.60513898722241));
#8479=CARTESIAN_POINT('Ctrl Pts',(-1.34322554110361,-1.274572256408,-3.59585918717548));
#8480=CARTESIAN_POINT('Ctrl Pts',(-1.02401647013053,-1.51621222243994,-3.5807196984363));
#8481=CARTESIAN_POINT('Ctrl Pts',(-0.810462665307321,-1.65057327097986,
-3.57238639189202));
#8482=CARTESIAN_POINT('Ctrl Pts',(-0.288539759497738,-1.78455587526771,
-3.55120879620446));
#8483=CARTESIAN_POINT('Ctrl Pts',(-0.0515464758109233,-1.79730857804579,
-3.54144658999453));
#8484=CARTESIAN_POINT('Ctrl Pts',(0.414009995033302,-1.72990411215398,-3.52194091819123));
#8485=CARTESIAN_POINT('Ctrl Pts',(0.637972336993853,-1.65027623870646,-3.51238947543298));
#8486=CARTESIAN_POINT('Ctrl Pts',(0.937398537480911,-1.47104128771012,-3.49943246848386));
#8487=CARTESIAN_POINT('Ctrl Pts',(1.02660328261997,-1.40497213233532,-3.49526511677832));
#8488=CARTESIAN_POINT('Ctrl Pts',(1.26643597185796,-1.18794429047148,-3.48230829642403));
#8489=CARTESIAN_POINT('Ctrl Pts',(1.3954080912312,-1.0182615363622,-3.47328351650218));
#8490=CARTESIAN_POINT('Ctrl Pts',(1.59174464341037,-0.626464960630575,-3.45429639809849));
#8491=CARTESIAN_POINT('Ctrl Pts',(1.65189054097719,-0.405308462953427,-3.4445016470534));
#8492=CARTESIAN_POINT('Ctrl Pts',(1.68043773334468,0.0229406949336948,-3.42720131888594));
#8493=CARTESIAN_POINT('Ctrl Pts',(1.6592280568046,0.244044638013335,-3.41893734547535));
#8494=CARTESIAN_POINT('Ctrl Pts',(1.51439934793757,0.664309397846471,-3.39957586815581));
#8495=CARTESIAN_POINT('Ctrl Pts',(1.41065202040765,0.844996346907663,-3.39018059415477));
#8496=CARTESIAN_POINT('Ctrl Pts',(1.20809217449006,1.08038153907528,-3.37617689304452));
#8497=CARTESIAN_POINT('Ctrl Pts',(1.13283451259691,1.15257122818919,-3.37153936655708));
#8498=CARTESIAN_POINT('Ctrl Pts',(0.937413080707983,1.30707180019373,-3.36072853804583));
#8499=CARTESIAN_POINT('Ctrl Pts',(0.751449572721549,1.43068428734655,-3.3523314661783));
#8500=CARTESIAN_POINT('Ctrl Pts',(0.365731260024065,1.53834203678697,-3.33455206151183));
#8501=CARTESIAN_POINT('Ctrl Pts',(0.235103026686224,1.55750788951393,-3.32846618782912));
#8502=CARTESIAN_POINT('Ctrl Pts',(-0.0241773594263388,1.56247739926943,
-3.31623861833459));
#8503=CARTESIAN_POINT('Ctrl Pts',(-0.151791258540791,1.5491775939016,-3.3101498448535));
#8504=CARTESIAN_POINT('Ctrl Pts',(-0.27635039621602,1.52042621016737,-3.30413666301317));
#8505=CARTESIAN_POINT('',(1.0398726551904,1.64864959921177,-3.708));
#8506=CARTESIAN_POINT('Ctrl Pts',(1.03987265519173,1.64864959921523,-3.70800000000206));
#8507=CARTESIAN_POINT('Ctrl Pts',(0.924484853802789,1.70269730122595,-3.69215611679431));
#8508=CARTESIAN_POINT('Ctrl Pts',(0.808012329679703,1.7442139352031,-3.67695723922931));
#8509=CARTESIAN_POINT('Ctrl Pts',(0.572752764293871,1.80020788873053,-3.6444951218995));
#8510=CARTESIAN_POINT('Ctrl Pts',(0.458836939450479,1.81598854811892,-3.62841868295308));
#8511=CARTESIAN_POINT('Ctrl Pts',(0.130536976580761,1.82963280799066,-3.58083015409647));
#8512=CARTESIAN_POINT('Ctrl Pts',(-0.0828449716092369,1.80005413475181,
-3.54834701372797));
#8513=CARTESIAN_POINT('Ctrl Pts',(-0.394177711944078,1.69783526784349,-3.49814602942419));
#8514=CARTESIAN_POINT('Ctrl Pts',(-0.49885034599376,1.65193994522267,-3.48072791806308));
#8515=CARTESIAN_POINT('Ctrl Pts',(-0.726052770454231,1.52510750223953,-3.44172362657845));
#8516=CARTESIAN_POINT('Ctrl Pts',(-0.879383922480794,1.42084327337675,-3.41680147069058));
#8517=CARTESIAN_POINT('Ctrl Pts',(-1.12755955986328,1.14618964188427,-3.3588653165944));
#8518=CARTESIAN_POINT('Ctrl Pts',(-1.21514212209377,1.01158548444755,-3.3320940538243));
#8519=CARTESIAN_POINT('Ctrl Pts',(-1.27991512673753,0.865957660859413,-3.30413666301316));
#8520=CARTESIAN_POINT('Origin',(0.,0.,-3.708));
#8521=CARTESIAN_POINT('Origin',(0.,0.,0.));
#8522=CARTESIAN_POINT('',(-4.48182149095641,5.48864834324958E-16,-0.207781309154491));
#8523=CARTESIAN_POINT('',(4.48182149095641,-5.48864834324958E-16,-0.20778130915449));
#8524=CARTESIAN_POINT('Origin',(0.,0.,-0.207781309154491));
#8525=CARTESIAN_POINT('Origin',(0.,0.,-0.207781309154491));
#8526=CARTESIAN_POINT('',(4.30747227107935,-5.2751321291933E-16,1.63205456207345E-16));
#8527=CARTESIAN_POINT('',(4.30747227107935,-5.2751321291933E-16,0.));
#8528=CARTESIAN_POINT('Origin',(0.,0.,0.));
#8529=CARTESIAN_POINT('Origin',(0.,0.,-3.708));
#8530=CARTESIAN_POINT('',(-1.34549922804121,1.41032353286064,-3.708));
#8531=CARTESIAN_POINT('Origin',(0.,0.,-3.708));
#8532=CARTESIAN_POINT('Ctrl Pts',(-1.34549922804059,1.41032353286127,-3.70800000000003));
#8533=CARTESIAN_POINT('Ctrl Pts',(-1.46780134826665,1.28483032519849,-3.70162373505586));
#8534=CARTESIAN_POINT('Ctrl Pts',(-1.57240778923391,1.14325727667835,-3.69499382369412));
#8535=CARTESIAN_POINT('Ctrl Pts',(-1.73927263633405,0.837937127648476,-3.68166723888231));
#8536=CARTESIAN_POINT('Ctrl Pts',(-1.80135317852968,0.675921710697131,-3.67503331116409));
#8537=CARTESIAN_POINT('Ctrl Pts',(-1.87827257843,0.349867032949068,-3.66248542583924));
#8538=CARTESIAN_POINT('Ctrl Pts',(-1.89744857079068,0.17859776518187,-3.65624857079068));
#8539=CARTESIAN_POINT('Ctrl Pts',(-1.89140015166814,-3.76443667904347E-12,
-3.65020015166814));
#8540=CARTESIAN_POINT('Origin',(0.,0.,0.));
#8541=CARTESIAN_POINT('Ctrl Pts',(-1.79297277716255,4.73477067966714E-11,
-0.207027222837446));
#8542=CARTESIAN_POINT('Ctrl Pts',(-1.80407218847553,-0.0832485765179512,
-0.195927811526667));
#8543=CARTESIAN_POINT('Ctrl Pts',(-1.80917118926571,-0.163258992713329,
-0.185022148037079));
#8544=CARTESIAN_POINT('Ctrl Pts',(-1.81066341243682,-0.359894117778635,
-0.157810854471891));
#8545=CARTESIAN_POINT('Ctrl Pts',(-1.8001085401735,-0.480668364543443,-0.140671353656127));
#8546=CARTESIAN_POINT('Ctrl Pts',(-1.75205051989982,-0.741794385266676,
-0.102774027399942));
#8547=CARTESIAN_POINT('Ctrl Pts',(-1.70983901862418,-0.880537090411867,
-0.0820842850399248));
#8548=CARTESIAN_POINT('Ctrl Pts',(-1.59276932805962,-1.15088566873723,-0.0405620173797999));
#8549=CARTESIAN_POINT('Ctrl Pts',(-1.51714837623804,-1.28111103898764,-0.0198920680334247));
#8550=CARTESIAN_POINT('Ctrl Pts',(-1.42705098312486,-1.40125853844406,2.60208521396521E-16));
#8551=CARTESIAN_POINT('Origin',(0.,0.,0.));
#8552=CARTESIAN_POINT('Ctrl Pts',(-2.,-3.46944695195361E-17,2.81892564846231E-17));
#8553=CARTESIAN_POINT('Ctrl Pts',(-1.99519085509822,0.150158036715604,-0.00480914490177686));
#8554=CARTESIAN_POINT('Ctrl Pts',(-1.97315762878041,0.299258428471528,-0.00993212394277705));
#8555=CARTESIAN_POINT('Ctrl Pts',(-1.89831116994538,0.579011725222056,-0.0202427231193899));
#8556=CARTESIAN_POINT('Ctrl Pts',(-1.84804641955231,0.709425626217071,-0.0253698212668069));
#8557=CARTESIAN_POINT('Ctrl Pts',(-1.67051006627086,1.05520325288071,-0.0399026268938271));
#8558=CARTESIAN_POINT('Ctrl Pts',(-1.51538469952801,1.25326573413153,-0.0493639660440957));
#8559=CARTESIAN_POINT('Ctrl Pts',(-1.16433062321849,1.55887482388652,-0.0663206216707844));
#8560=CARTESIAN_POINT('Ctrl Pts',(-0.946094333138629,1.70182689761575,-0.0745455874055247));
#8561=CARTESIAN_POINT('Ctrl Pts',(-0.431550617440124,1.87341518198407,-0.0941538519554259));
#8562=CARTESIAN_POINT('Ctrl Pts',(-0.178438681852697,1.9044344617394,-0.103933300968921));
#8563=CARTESIAN_POINT('Ctrl Pts',(0.306954490728178,1.86648979677511,-0.122996279837464));
#8564=CARTESIAN_POINT('Ctrl Pts',(0.535216584133678,1.80484900470647,-0.132099651644697));
#8565=CARTESIAN_POINT('Ctrl Pts',(0.853669055936854,1.65122677714871,-0.144972932779862));
#8566=CARTESIAN_POINT('Ctrl Pts',(0.957592149834693,1.5885771266824,-0.149056707093769));
#8567=CARTESIAN_POINT('Ctrl Pts',(1.24608527530251,1.37206168771358,-0.162122301999237));
#8568=CARTESIAN_POINT('Ctrl Pts',(1.40749854476848,1.19142410401069,-0.171586828924229));
#8569=CARTESIAN_POINT('Ctrl Pts',(1.64984920733727,0.779220779781102,-0.190994582068105));
#8570=CARTESIAN_POINT('Ctrl Pts',(1.72895970034632,0.552007865160846,-0.200746886098534));
#8571=CARTESIAN_POINT('Ctrl Pts',(1.7838068399636,0.158854285197775,-0.216165053505109));
#8572=CARTESIAN_POINT('Ctrl Pts',(1.79874138104156,-0.0893563109793689,
-0.224547570480765));
#8573=CARTESIAN_POINT('Ctrl Pts',(1.66606055451915,-0.591915708062232,-0.245323593211898));
#8574=CARTESIAN_POINT('Ctrl Pts',(1.57160376341114,-0.789932934145465,-0.254514626510451));
#8575=CARTESIAN_POINT('Ctrl Pts',(1.30701258949615,-1.15124774711009,-0.27353359161027));
#8576=CARTESIAN_POINT('Ctrl Pts',(1.13534153410865,-1.30823108348485,-0.283180484497982));
#8577=CARTESIAN_POINT('Ctrl Pts',(0.841824637529266,-1.48528830168803,-0.296434293345124));
#8578=CARTESIAN_POINT('Ctrl Pts',(0.740066706831567,-1.5339550571383,-0.300613820549944));
#8579=CARTESIAN_POINT('Ctrl Pts',(0.44008199287741,-1.64093946769841,-0.313495471979852));
#8580=CARTESIAN_POINT('Ctrl Pts',(0.235700749990416,-1.67356838481233,-0.322395665118004));
#8581=CARTESIAN_POINT('Ctrl Pts',(-0.189438878434252,-1.66252183935423,
-0.341226385079663));
#8582=CARTESIAN_POINT('Ctrl Pts',(-0.406134889218144,-1.61325929007418,
-0.351001837497744));
#8583=CARTESIAN_POINT('Ctrl Pts',(-0.742618185605634,-1.46256222700377,
-0.366436890107279));
#8584=CARTESIAN_POINT('Ctrl Pts',(-0.940212071903737,-1.3535437273496,-0.374758826481725));
#8585=CARTESIAN_POINT('Ctrl Pts',(-1.26407136141628,-1.00798233250229,-0.395645778105451));
#8586=CARTESIAN_POINT('Ctrl Pts',(-1.37213497927711,-0.83752066567396,-0.404926572859473));
#8587=CARTESIAN_POINT('Ctrl Pts',(-1.50061356357762,-0.513033918052257,
-0.421105113155855));
#8588=CARTESIAN_POINT('Ctrl Pts',(-1.53573558189415,-0.367535045378402,
-0.427925037008796));
#8589=CARTESIAN_POINT('Ctrl Pts',(-1.55657678317418,-0.152751870414215,
-0.437372001937357));
#8590=CARTESIAN_POINT('Ctrl Pts',(-1.55947849810676,-0.0792198469092255,
-0.440521501893239));
#8591=CARTESIAN_POINT('Ctrl Pts',(-1.5562177826489,5.04044800143958E-12,
-0.4437822173511));
#8592=CARTESIAN_POINT('Origin',(0.,0.,0.));
#8593=CARTESIAN_POINT('',(-4.47566940267344,-5.48111420802578E-16,-0.2781));
#8594=CARTESIAN_POINT('',(-4.5,-5.51091059616309E-16,0.));
#8595=CARTESIAN_POINT('',(-4.4123821912916,-0.75,-0.2781));
#8596=CARTESIAN_POINT('Origin',(-1.02834549840063E-17,0.,-0.2781));
#8597=CARTESIAN_POINT('',(-4.31013751386427,-1.11226425437793,-0.5562));
#8598=CARTESIAN_POINT('Ctrl Pts',(-4.4123821912916,-0.750000000000003,-0.2781));
#8599=CARTESIAN_POINT('Ctrl Pts',(-4.4120675530238,-0.751851072386055,-0.2781));
#8600=CARTESIAN_POINT('Ctrl Pts',(-4.41175135064589,-0.753697138271993,
-0.278113707184109));
#8601=CARTESIAN_POINT('Ctrl Pts',(-4.40320712092239,-0.803206228967762,
-0.27884490562145));
#8602=CARTESIAN_POINT('Ctrl Pts',(-4.3927844922313,-0.853580621617246,-0.289212449035388));
#8603=CARTESIAN_POINT('Ctrl Pts',(-4.37031366821564,-0.945610378504011,
-0.329248686680761));
#8604=CARTESIAN_POINT('Ctrl Pts',(-4.35830687974054,-0.987279694089093,
-0.358908539173424));
#8605=CARTESIAN_POINT('Ctrl Pts',(-4.3369161573351,-1.05252280699291,-0.4266059834873));
#8606=CARTESIAN_POINT('Ctrl Pts',(-4.32606355944309,-1.08065050844207,-0.469207902647138));
#8607=CARTESIAN_POINT('Ctrl Pts',(-4.31466647430417,-1.10418412719348,-0.529090768478178));
#8608=CARTESIAN_POINT('Ctrl Pts',(-4.31231158172167,-1.10861558690075,-0.542559320917508));
#8609=CARTESIAN_POINT('Ctrl Pts',(-4.31013751386427,-1.11226425437793,-0.5562));
#8610=CARTESIAN_POINT('',(4.31013751386427,-1.11226425437793,-0.5562));
#8611=CARTESIAN_POINT('Origin',(0.,0.,-0.5562));
#8612=CARTESIAN_POINT('',(4.4123821912916,-0.75,-0.2781));
#8613=CARTESIAN_POINT('Ctrl Pts',(4.31013751386427,-1.11226425437793,-0.5562));
#8614=CARTESIAN_POINT('Ctrl Pts',(4.31231158172167,-1.10861558690075,-0.542559320917507));
#8615=CARTESIAN_POINT('Ctrl Pts',(4.31466647430417,-1.10418412719348,-0.529090768478178));
#8616=CARTESIAN_POINT('Ctrl Pts',(4.32606355944309,-1.08065050844207,-0.469207902647138));
#8617=CARTESIAN_POINT('Ctrl Pts',(4.3369161573351,-1.05252280699291,-0.4266059834873));
#8618=CARTESIAN_POINT('Ctrl Pts',(4.35830687974054,-0.987279694089093,-0.358908539173424));
#8619=CARTESIAN_POINT('Ctrl Pts',(4.37031366821564,-0.945610378504011,-0.329248686680761));
#8620=CARTESIAN_POINT('Ctrl Pts',(4.3927844922313,-0.853580621617246,-0.289212449035388));
#8621=CARTESIAN_POINT('Ctrl Pts',(4.40320712092239,-0.803206228967762,-0.27884490562145));
#8622=CARTESIAN_POINT('Ctrl Pts',(4.41175135064589,-0.753697138271993,-0.278113707184109));
#8623=CARTESIAN_POINT('Ctrl Pts',(4.4120675530238,-0.751851072386055,-0.2781));
#8624=CARTESIAN_POINT('Ctrl Pts',(4.4123821912916,-0.750000000000003,-0.2781));
#8625=CARTESIAN_POINT('',(4.4123821912916,0.75,-0.2781));
#8626=CARTESIAN_POINT('Origin',(1.02834549840063E-17,0.,-0.2781));
#8627=CARTESIAN_POINT('',(4.31013751386427,1.11226425437793,-0.5562));
#8628=CARTESIAN_POINT('Ctrl Pts',(4.4123821912916,0.750000000000002,-0.2781));
#8629=CARTESIAN_POINT('Ctrl Pts',(4.4120675530238,0.751851072386055,-0.2781));
#8630=CARTESIAN_POINT('Ctrl Pts',(4.41175135064589,0.753697138271992,-0.278113707184109));
#8631=CARTESIAN_POINT('Ctrl Pts',(4.40320712092239,0.803206228967762,-0.27884490562145));
#8632=CARTESIAN_POINT('Ctrl Pts',(4.3927844922313,0.853580621617246,-0.289212449035387));
#8633=CARTESIAN_POINT('Ctrl Pts',(4.37031366821564,0.945610378504011,-0.329248686680761));
#8634=CARTESIAN_POINT('Ctrl Pts',(4.35830687974054,0.987279694089093,-0.358908539173423));
#8635=CARTESIAN_POINT('Ctrl Pts',(4.3369161573351,1.05252280699291,-0.4266059834873));
#8636=CARTESIAN_POINT('Ctrl Pts',(4.32606355944309,1.08065050844207,-0.469207902647138));
#8637=CARTESIAN_POINT('Ctrl Pts',(4.31466647430417,1.10418412719348,-0.529090768478178));
#8638=CARTESIAN_POINT('Ctrl Pts',(4.31231158172167,1.10861558690075,-0.542559320917507));
#8639=CARTESIAN_POINT('Ctrl Pts',(4.31013751386427,1.11226425437793,-0.5562));
#8640=CARTESIAN_POINT('',(-4.31013751386427,1.11226425437793,-0.5562));
#8641=CARTESIAN_POINT('Origin',(0.,0.,-0.5562));
#8642=CARTESIAN_POINT('',(-4.4123821912916,0.75,-0.2781));
#8643=CARTESIAN_POINT('Ctrl Pts',(-4.31013751386427,1.11226425437793,-0.5562));
#8644=CARTESIAN_POINT('Ctrl Pts',(-4.31231158172167,1.10861558690075,-0.542559320917507));
#8645=CARTESIAN_POINT('Ctrl Pts',(-4.31466647430417,1.10418412719348,-0.529090768478178));
#8646=CARTESIAN_POINT('Ctrl Pts',(-4.32606355944309,1.08065050844207,-0.469207902647138));
#8647=CARTESIAN_POINT('Ctrl Pts',(-4.3369161573351,1.05252280699291,-0.4266059834873));
#8648=CARTESIAN_POINT('Ctrl Pts',(-4.35830687974054,0.987279694089093,-0.358908539173423));
#8649=CARTESIAN_POINT('Ctrl Pts',(-4.37031366821564,0.945610378504011,-0.329248686680761));
#8650=CARTESIAN_POINT('Ctrl Pts',(-4.3927844922313,0.853580621617246,-0.289212449035387));
#8651=CARTESIAN_POINT('Ctrl Pts',(-4.40320712092239,0.803206228967762,-0.27884490562145));
#8652=CARTESIAN_POINT('Ctrl Pts',(-4.41175135064589,0.753697138271992,-0.278113707184109));
#8653=CARTESIAN_POINT('Ctrl Pts',(-4.4120675530238,0.751851072386055,-0.2781));
#8654=CARTESIAN_POINT('Ctrl Pts',(-4.4123821912916,0.750000000000002,-0.2781));
#8655=CARTESIAN_POINT('Origin',(-1.02834549840063E-17,0.,-0.2781));
#8656=CARTESIAN_POINT('Origin',(0.,0.,-10.3));
#8657=CARTESIAN_POINT('Ctrl Pts',(-2.,-3.79663944033437E-8,-3.499999998082));
#8658=CARTESIAN_POINT('Ctrl Pts',(-1.99999999524777,-0.250338804378148,
-3.48735334695296));
#8659=CARTESIAN_POINT('Ctrl Pts',(-1.95299732987753,-0.498600351931622,
-3.47344072214009));
#8660=CARTESIAN_POINT('Ctrl Pts',(-1.76477684779226,-0.977315989744255,
-3.44376713037308));
#8661=CARTESIAN_POINT('Ctrl Pts',(-1.62062931082901,-1.20131297436946,-3.42824691426669));
#8662=CARTESIAN_POINT('Ctrl Pts',(-1.25599621283549,-1.5780819948427,-3.39857810889503));
#8663=CARTESIAN_POINT('Ctrl Pts',(-1.04003645713849,-1.72805508480588,-3.38566879333307));
#8664=CARTESIAN_POINT('Ctrl Pts',(-0.565946508399291,-1.93539016267403,
-3.35801354632329));
#8665=CARTESIAN_POINT('Ctrl Pts',(-0.312893910111364,-1.99200743322827,
-3.34325214475649));
#8666=CARTESIAN_POINT('Ctrl Pts',(0.210871623840662,-2.00670423767404,-3.31269915527596));
#8667=CARTESIAN_POINT('Ctrl Pts',(0.476685325045745,-1.96064533074354,-3.29719335603899));
#8668=CARTESIAN_POINT('Ctrl Pts',(0.962718544157269,-1.77141543621533,-3.26884141825749));
#8669=CARTESIAN_POINT('Ctrl Pts',(1.17999945159257,-1.63473158580868,-3.25650029575983));
#8670=CARTESIAN_POINT('Ctrl Pts',(1.5557602200098,-1.28342695250277,-3.22779334702791));
#8671=CARTESIAN_POINT('Ctrl Pts',(1.70921582042426,-1.07057889575677,-3.21256486893234));
#8672=CARTESIAN_POINT('Ctrl Pts',(1.92822975360253,-0.593457226502961,-3.18207365918223));
#8673=CARTESIAN_POINT('Ctrl Pts',(1.98984327436378,-0.332916935923816,-3.16711458505623));
#8674=CARTESIAN_POINT('Ctrl Pts',(2.00745076467412,0.185340674880056,-3.14041961828363));
#8675=CARTESIAN_POINT('Ctrl Pts',(1.96785243865906,0.437992565008384,-3.12693578932954));
#8676=CARTESIAN_POINT('Ctrl Pts',(1.79311191701238,0.924078189967794,-3.0972830449698));
#8677=CARTESIAN_POINT('Ctrl Pts',(1.65618739458353,1.15161507514991,-3.08179467089846));
#8678=CARTESIAN_POINT('Ctrl Pts',(1.30233429922219,1.54043794605613,-3.05183134406342));
#8679=CARTESIAN_POINT('Ctrl Pts',(1.08899459631934,1.69796382216669,-3.03852468478529));
#8680=CARTESIAN_POINT('Ctrl Pts',(0.619423662597342,1.91885078391083,-3.01113304698484));
#8681=CARTESIAN_POINT('Ctrl Pts',(0.368746974234758,1.98233741735286,-2.99651024016369));
#8682=CARTESIAN_POINT('Ctrl Pts',(-0.152903152426427,2.01184752199208,-2.96608064944179));
#8683=CARTESIAN_POINT('Ctrl Pts',(-0.419136707046384,1.97364113677976,-2.95055035875562));
#8684=CARTESIAN_POINT('Ctrl Pts',(-0.910741138253248,1.79883073064045,-2.92187343360189));
#8685=CARTESIAN_POINT('Ctrl Pts',(-1.13275037707998,1.66796863279307,-2.9095574678435));
#8686=CARTESIAN_POINT('Ctrl Pts',(-1.51844509892815,1.32722367895838,-2.88109423425938));
#8687=CARTESIAN_POINT('Ctrl Pts',(-1.67749137199022,1.11946403047011,-2.86595975184253));
#8688=CARTESIAN_POINT('Ctrl Pts',(-1.91006527767485,0.649567477476449,-2.83543804239087));
#8689=CARTESIAN_POINT('Ctrl Pts',(-1.97927596513026,0.390893908656075,-2.82035168756341));
#8690=CARTESIAN_POINT('Ctrl Pts',(-1.9986735125581,0.0841503637809507,-2.80428980979542));
#8691=CARTESIAN_POINT('Ctrl Pts',(-2.,0.0420558192740864,-2.80212458212565));
#8692=CARTESIAN_POINT('Ctrl Pts',(-2.,2.39808173319037E-13,-2.80000000000001));
#8693=CARTESIAN_POINT('Ctrl Pts',(-2.,-1.32602262503667E-13,-2.88749999999999));
#8694=CARTESIAN_POINT('Ctrl Pts',(-2.00000000000002,0.235188718244448,-2.89938129860651));
#8695=CARTESIAN_POINT('Ctrl Pts',(-1.9585222223082,0.468791224022597,-2.91239223321203));
#8696=CARTESIAN_POINT('Ctrl Pts',(-1.78682273564285,0.935870710279059,-2.94099612577971));
#8697=CARTESIAN_POINT('Ctrl Pts',(-1.64905029572613,1.16156220563697,-2.9564160051005));
#8698=CARTESIAN_POINT('Ctrl Pts',(-1.30018879993038,1.54067074264402,-2.98574299345185));
#8699=CARTESIAN_POINT('Ctrl Pts',(-1.09487427916156,1.69274082839474,-2.99863233371557));
#8700=CARTESIAN_POINT('Ctrl Pts',(-0.627640506703999,1.91739582687338,-3.02588763710892));
#8701=CARTESIAN_POINT('Ctrl Pts',(-0.36816841072131,1.9836202109001,-3.04102350937458));
#8702=CARTESIAN_POINT('Ctrl Pts',(0.155145261425507,2.0107083056271,-3.07155014024981));
#8703=CARTESIAN_POINT('Ctrl Pts',(0.413855712769378,1.97376909134273,-3.08664158324487));
#8704=CARTESIAN_POINT('Ctrl Pts',(0.900011045844942,1.80429431785025,-3.11500064434095));
#8705=CARTESIAN_POINT('Ctrl Pts',(1.12322764391121,1.67447245451566,-3.12733622474044));
#8706=CARTESIAN_POINT('Ctrl Pts',(1.51625963862935,1.33105717953957,-3.15614836179671));
#8707=CARTESIAN_POINT('Ctrl Pts',(1.67963643918737,1.11783498293089,-3.17168510908296));
#8708=CARTESIAN_POINT('Ctrl Pts',(1.90897531353766,0.649073870443394,-3.20205510310187));
#8709=CARTESIAN_POINT('Ctrl Pts',(1.97629734372146,0.399714909979918,-3.21661581532355));
#8710=CARTESIAN_POINT('Ctrl Pts',(2.01381816102717,-0.118578735358917,-3.24389340786483));
#8711=CARTESIAN_POINT('Ctrl Pts',(1.98067172200253,-0.382760263619914,-3.25740008129974));
#8712=CARTESIAN_POINT('Ctrl Pts',(1.81406988359046,-0.882126023480454,-3.28748633522622));
#8713=CARTESIAN_POINT('Ctrl Pts',(1.68266206224438,-1.11249420425141,-3.30295683732713));
#8714=CARTESIAN_POINT('Ctrl Pts',(1.34441347127607,-1.50225237855158,-3.33251228257984));
#8715=CARTESIAN_POINT('Ctrl Pts',(1.14351859579951,-1.6602760127892,-3.34579474857835));
#8716=CARTESIAN_POINT('Ctrl Pts',(0.682971538235222,-1.89838600241965,-3.37265999360293));
#8717=CARTESIAN_POINT('Ctrl Pts',(0.425570531380625,-1.97209599682476,-3.38767505233612));
#8718=CARTESIAN_POINT('Ctrl Pts',(-0.097414800583094,-2.01442427832985,
-3.418182530034));
#8719=CARTESIAN_POINT('Ctrl Pts',(-0.357811225782917,-1.9847882975958,-3.43337232150399));
#8720=CARTESIAN_POINT('Ctrl Pts',(-0.848158559977076,-1.829088994581,-3.46197591599865));
#8721=CARTESIAN_POINT('Ctrl Pts',(-1.07402305912003,-1.70628540866152,-3.47429395947388));
#8722=CARTESIAN_POINT('Ctrl Pts',(-1.4768075149235,-1.37485181768088,-3.50278525081979));
#8723=CARTESIAN_POINT('Ctrl Pts',(-1.64681162977318,-1.16583075254272,-3.51830306138916));
#8724=CARTESIAN_POINT('Ctrl Pts',(-1.89007464666009,-0.70246748562016,-3.54880648706793));
#8725=CARTESIAN_POINT('Ctrl Pts',(-1.96453576762324,-0.454398368945379,
-3.56351026225054));
#8726=CARTESIAN_POINT('Ctrl Pts',(-1.99669928159909,-0.132757180378494,
-3.58069708208664));
#8727=CARTESIAN_POINT('Ctrl Pts',(-1.99999999999999,-0.0663419030330986,
-3.5841485298872));
#8728=CARTESIAN_POINT('Ctrl Pts',(-2.,-4.07729405793611E-13,-3.58749999999997));
#8729=CARTESIAN_POINT('Origin',(0.,0.,0.));
#8730=CARTESIAN_POINT('Ctrl Pts',(1.54533666301317,4.4950154709511E-13,
-0.787499999999969));
#8731=CARTESIAN_POINT('Ctrl Pts',(1.54533666301317,-0.128710545683087,-0.7959152775546));
#8732=CARTESIAN_POINT('Ctrl Pts',(1.52926513253535,-0.257135589136011,-0.804918556337813));
#8733=CARTESIAN_POINT('Ctrl Pts',(1.44742010294108,-0.577628596828423,-0.828962326882192));
#8734=CARTESIAN_POINT('Ctrl Pts',(1.35984114762571,-0.761248106980283,-0.844273558630116));
#8735=CARTESIAN_POINT('Ctrl Pts',(1.11711861480791,-1.08724960545912,-0.874750282440293));
#8736=CARTESIAN_POINT('Ctrl Pts',(0.963205404097196,-1.22570506982898,-0.889612608953879));
#8737=CARTESIAN_POINT('Ctrl Pts',(0.617795123376461,-1.43000140396419,-0.91600833173205));
#8738=CARTESIAN_POINT('Ctrl Pts',(0.431282717663188,-1.49688659664736,-0.929939899495694));
#8739=CARTESIAN_POINT('Ctrl Pts',(0.0356050298583098,-1.55832742941249,
-0.959811964279661));
#8740=CARTESIAN_POINT('Ctrl Pts',(-0.170132398072241,-1.54942394459598,
-0.975344307813419));
#8741=CARTESIAN_POINT('Ctrl Pts',(-0.564108062604688,-1.45276817876491,
-1.00508787672556));
#8742=CARTESIAN_POINT('Ctrl Pts',(-0.748635145703203,-1.36684962725613,
-1.01805956696312));
#8743=CARTESIAN_POINT('Ctrl Pts',(-1.07195110452601,-1.13069636546151,-1.04570412477516));
#8744=CARTESIAN_POINT('Ctrl Pts',(-1.20827825806709,-0.983657561490575,
-1.06046380408664));
#8745=CARTESIAN_POINT('Ctrl Pts',(-1.42188487959421,-0.639476646842519,
-1.09103005708357));
#8746=CARTESIAN_POINT('Ctrl Pts',(-1.49452215568791,-0.443982143867531,
-1.10655367449236));
#8747=CARTESIAN_POINT('Ctrl Pts',(-1.55716187623162,-0.045486329231308,
-1.13497241732909));
#8748=CARTESIAN_POINT('Ctrl Pts',(-1.55029785051272,0.152984979696464,-1.14731509959648));
#8749=CARTESIAN_POINT('Ctrl Pts',(-1.46148754510336,0.540864853990102,-1.17602764388038));
#8750=CARTESIAN_POINT('Ctrl Pts',(-1.37881267892038,0.72618113307455,-1.19126469333599));
#8751=CARTESIAN_POINT('Ctrl Pts',(-1.14488091890434,1.05798482632599,-1.22178893895587));
#8752=CARTESIAN_POINT('Ctrl Pts',(-0.99456850075207,1.20040236786076,-1.23677438904348));
#8753=CARTESIAN_POINT('Ctrl Pts',(-0.654764379658546,1.41341599831338,-1.26352843980008));
#8754=CARTESIAN_POINT('Ctrl Pts',(-0.470392531543247,1.4850119580756,-1.2769872667597));
#8755=CARTESIAN_POINT('Ctrl Pts',(-0.0773695276428223,1.55674266293564,
-1.30665891364794));
#8756=CARTESIAN_POINT('Ctrl Pts',(0.127975961700734,1.55340230366851,-1.3221616674039));
#8757=CARTESIAN_POINT('Ctrl Pts',(0.525436458998469,1.4674111359176,-1.35216832709253));
#8758=CARTESIAN_POINT('Ctrl Pts',(0.713591260103062,1.38568839797312,-1.3655050256843));
#8759=CARTESIAN_POINT('Ctrl Pts',(1.04345805241618,1.15696055756447,-1.39291137965604));
#8760=CARTESIAN_POINT('Ctrl Pts',(1.18307340944992,1.01373642074333,-1.40754577366384));
#8761=CARTESIAN_POINT('Ctrl Pts',(1.40482467896502,0.675969349107055,-1.43800012451911));
#8762=CARTESIAN_POINT('Ctrl Pts',(1.48231442690737,0.482944988606515,-1.45354541151595));
#8763=CARTESIAN_POINT('Ctrl Pts',(1.53679173434035,0.18767984244853,-1.4749066726292));
#8764=CARTESIAN_POINT('Ctrl Pts',(1.54533666301317,0.09384100729051,-1.48136454219299));
#8765=CARTESIAN_POINT('Ctrl Pts',(1.54533666301317,4.8215536887979E-15,
-1.4875));
#8766=CARTESIAN_POINT('Ctrl Pts',(1.54533666301317,1.02099948797828E-13,
-1.39999999999999));
#8767=CARTESIAN_POINT('Ctrl Pts',(1.54533666301317,0.0818821025075324,-1.39464643230513));
#8768=CARTESIAN_POINT('Ctrl Pts',(1.53883042817874,0.163800426982628,-1.38904489916171));
#8769=CARTESIAN_POINT('Ctrl Pts',(1.49305868502971,0.448847740127862,-1.36868031186859));
#8770=CARTESIAN_POINT('Ctrl Pts',(1.41981348733828,0.644041259573022,-1.35315342537807));
#8771=CARTESIAN_POINT('Ctrl Pts',(1.20518357174755,0.987434495794018,-1.32260004462985));
#8772=CARTESIAN_POINT('Ctrl Pts',(1.06844164868259,1.13400268231162,-1.30785547824263));
#8773=CARTESIAN_POINT('Ctrl Pts',(0.74430947725905,1.3692362387728,-1.28024024169158));
#8774=CARTESIAN_POINT('Ctrl Pts',(0.559336480189896,1.45463719526334,-1.26722764155584));
#8775=CARTESIAN_POINT('Ctrl Pts',(0.16492337219138,1.5499781232853,-1.23745104743161));
#8776=CARTESIAN_POINT('Ctrl Pts',(-0.0407735615691009,1.55819206273762,
-1.22192176104388));
#8777=CARTESIAN_POINT('Ctrl Pts',(-0.436126849696751,1.49547503725832,-1.19207418712325));
#8778=CARTESIAN_POINT('Ctrl Pts',(-0.622372078301747,1.42800912202934,-1.17820530273001));
#8779=CARTESIAN_POINT('Ctrl Pts',(-0.967096958210434,1.22263770649363,-1.15176516210335));
#8780=CARTESIAN_POINT('Ctrl Pts',(-1.1205731653222,1.08368992581945,-1.13688714325529));
#8781=CARTESIAN_POINT('Ctrl Pts',(-1.36222238882276,0.756962177755936,-1.10640345147567));
#8782=CARTESIAN_POINT('Ctrl Pts',(-1.4491999642338,0.573127095522146,-1.09110082619508));
#8783=CARTESIAN_POINT('Ctrl Pts',(-1.54647269101342,0.187288726841071,-1.062202319146));
#8784=CARTESIAN_POINT('Ctrl Pts',(-1.55773334324386,-0.0105245839032821,
-1.0497798374204));
#8785=CARTESIAN_POINT('Ctrl Pts',(-1.50416657427324,-0.410358284675121,
-1.02161610726588));
#8786=CARTESIAN_POINT('Ctrl Pts',(-1.43574551781194,-0.607875167286959,
-1.00611941757864));
#8787=CARTESIAN_POINT('Ctrl Pts',(-1.22925833442572,-0.95739729830476,-0.975472692689197));
#8788=CARTESIAN_POINT('Ctrl Pts',(-1.09582943266386,-1.10764409202107,-0.96061267361253));
#8789=CARTESIAN_POINT('Ctrl Pts',(-0.778141894514822,-1.35009775269251,
-0.932768648305215));
#8790=CARTESIAN_POINT('Ctrl Pts',(-0.596642636359084,-1.43954827254309,
-0.920044105431043));
#8791=CARTESIAN_POINT('Ctrl Pts',(-0.205706052627203,-1.54516497745425,
-0.890529974825274));
#8792=CARTESIAN_POINT('Ctrl Pts',(0.000247661714654103,-1.55879383375128,
-0.874981302542412));
#8793=CARTESIAN_POINT('Ctrl Pts',(0.397875697047995,-1.5061398058884,-0.844961994409838));
#8794=CARTESIAN_POINT('Ctrl Pts',(0.586235426561665,-1.44330775255557,-0.830741596808097));
#8795=CARTESIAN_POINT('Ctrl Pts',(0.93633999409562,-1.24631870702919,-0.804310118246449));
#8796=CARTESIAN_POINT('Ctrl Pts',(1.09326744683977,-1.11126778568656,-0.789720958388325));
#8797=CARTESIAN_POINT('Ctrl Pts',(1.34335444353944,-0.790085883314978,-0.759281352973877));
#8798=CARTESIAN_POINT('Ctrl Pts',(1.43499459470379,-0.607977827152899,-0.743915640297085));
#8799=CARTESIAN_POINT('Ctrl Pts',(1.52646784609203,-0.278497746694295,-0.718920836323791));
#8800=CARTESIAN_POINT('Ctrl Pts',(1.54533666301317,-0.139464342531382,-0.709118376005247));
#8801=CARTESIAN_POINT('Ctrl Pts',(1.54533666301317,7.13457071199741E-13,
-0.699999999999951));
#8802=CARTESIAN_POINT('Origin',(-4.50000000000001,1.125,-5.50091024775547));
#8803=CARTESIAN_POINT('',(-4.26142112302404,1.125,-0.653100000000001));
#8804=CARTESIAN_POINT('',(-4.5,1.125,-0.653099999999999));
#8805=CARTESIAN_POINT('',(-4.5,1.125,-0.6531));
#8806=CARTESIAN_POINT('',(-3.02919720867875,1.125,-3.2477905252984));
#8807=CARTESIAN_POINT('Ctrl Pts',(-4.26142112301613,1.125,-0.653100000016875));
#8808=CARTESIAN_POINT('Ctrl Pts',(-3.55045283830742,1.125,-2.16971608236625));
#8809=CARTESIAN_POINT('Ctrl Pts',(-3.02919720867922,1.125,-3.24779052529742));
#8810=CARTESIAN_POINT('',(-4.76870038554091,1.125,-9.73970476127563));
#8811=CARTESIAN_POINT('',(-3.12650358297881,1.125,-3.61094285808656));
#8812=CARTESIAN_POINT('',(-5.01018184211318,1.125,-9.925));
#8813=CARTESIAN_POINT('Origin',(-5.01018184211318,1.125,-9.675));
#8814=CARTESIAN_POINT('',(-10.2647982258677,1.125,-8.31850255219089));
#8815=CARTESIAN_POINT('Origin',(-5.01018184211318,1.125,-0.528213397128913));
#8816=CARTESIAN_POINT('',(-10.375,1.125,-8.11124315905213));
#8817=CARTESIAN_POINT('Origin',(-10.125,1.125,-8.11124315905213));
#8818=CARTESIAN_POINT('',(-8.04776098656519,1.125,-2.19717657500747));
#8819=CARTESIAN_POINT('Origin',(-1.69685719795253,1.125,-8.11124315905213));
#8820=CARTESIAN_POINT('Origin',(-4.50000000000001,1.125,-5.50091024775547));
#8821=CARTESIAN_POINT('Origin',(-4.50000000000001,-1.125,-5.50091024775547));
#8822=CARTESIAN_POINT('',(-4.26142112302404,-1.125,-0.653100000000001));
#8823=CARTESIAN_POINT('',(-3.02919720867875,-1.125,-3.2477905252984));
#8824=CARTESIAN_POINT('Ctrl Pts',(-4.26142112301613,-1.125,-0.653100000016875));
#8825=CARTESIAN_POINT('Ctrl Pts',(-3.55045283830742,-1.125,-2.16971608236624));
#8826=CARTESIAN_POINT('Ctrl Pts',(-3.02919720867923,-1.125,-3.24779052529741));
#8827=CARTESIAN_POINT('',(-4.5,-1.125,-0.653099999999998));
#8828=CARTESIAN_POINT('',(-4.50000000000001,-1.125,-0.6531));
#8829=CARTESIAN_POINT('',(-8.04776098656519,-1.125,-2.19717657500747));
#8830=CARTESIAN_POINT('Origin',(-4.50000000000001,-1.125,-5.50091024775547));
#8831=CARTESIAN_POINT('',(-10.375,-1.125,-8.11124315905213));
#8832=CARTESIAN_POINT('Origin',(-1.69685719795253,-1.125,-8.11124315905213));
#8833=CARTESIAN_POINT('',(-10.2647982258677,-1.125,-8.31850255219089));
#8834=CARTESIAN_POINT('Origin',(-10.125,-1.125,-8.11124315905213));
#8835=CARTESIAN_POINT('',(-5.01018184211318,-1.125,-9.925));
#8836=CARTESIAN_POINT('Origin',(-5.01018184211318,-1.125,-0.528213397128913));
#8837=CARTESIAN_POINT('',(-4.76870038554091,-1.125,-9.73970476127563));
#8838=CARTESIAN_POINT('Origin',(-5.01018184211318,-1.125,-9.675));
#8839=CARTESIAN_POINT('',(-3.69100224433299,-1.125,-5.71768054306503));
#8840=CARTESIAN_POINT('Origin',(-2.76428139812041,1.125,-0.2781));
#8841=CARTESIAN_POINT('',(-4.5,-0.75,-0.2781));
#8842=CARTESIAN_POINT('',(-2.76428139812041,-0.75,-0.2781));
#8843=CARTESIAN_POINT('',(-4.5,0.75,-0.2781));
#8844=CARTESIAN_POINT('',(-2.76428139812041,0.75,-0.2781));
#8845=CARTESIAN_POINT('',(-4.5,1.125,-0.2781));
#8846=CARTESIAN_POINT('Origin',(-4.50000000000001,1.125,-5.50091024775547));
#8847=CARTESIAN_POINT('',(-8.3221963093128,0.75,-1.94161786623703));
#8848=CARTESIAN_POINT('',(-8.3221963093128,-0.75,-1.94161786623703));
#8849=CARTESIAN_POINT('',(-8.3221963093128,1.125,-1.94161786623703));
#8850=CARTESIAN_POINT('Origin',(-4.50000000000001,-0.75,-5.50091024775547));
#8851=CARTESIAN_POINT('Origin',(-4.50000000000001,0.75,-5.50091024775547));
#8852=CARTESIAN_POINT('Origin',(-1.69685719795253,1.125,-8.11124315905213));
#8853=CARTESIAN_POINT('',(-10.75,0.75,-8.11124315905213));
#8854=CARTESIAN_POINT('',(-10.75,-0.75,-8.11124315905213));
#8855=CARTESIAN_POINT('',(-10.75,1.125,-8.11124315905213));
#8856=CARTESIAN_POINT('Origin',(-1.69685719795253,-0.75,-8.11124315905213));
#8857=CARTESIAN_POINT('Origin',(-1.69685719795253,0.75,-8.11124315905213));
#8858=CARTESIAN_POINT('Origin',(-10.125,1.125,-8.11124315905213));
#8859=CARTESIAN_POINT('',(-10.4744955646692,0.75,-8.62939164189903));
#8860=CARTESIAN_POINT('',(-10.4744955646692,-0.75,-8.62939164189903));
#8861=CARTESIAN_POINT('',(-10.4744955646692,1.125,-8.62939164189903));
#8862=CARTESIAN_POINT('Origin',(-10.125,-0.75,-8.11124315905213));
#8863=CARTESIAN_POINT('Origin',(-10.125,0.75,-8.11124315905213));
#8864=CARTESIAN_POINT('Origin',(-5.01018184211318,1.125,-0.528213397128913));
#8865=CARTESIAN_POINT('',(-5.01018184211318,0.75,-10.3));
#8866=CARTESIAN_POINT('',(-5.01018184211318,-0.75,-10.3));
#8867=CARTESIAN_POINT('',(-5.01018184211318,1.125,-10.3));
#8868=CARTESIAN_POINT('Origin',(-5.01018184211318,-0.75,-0.528213397128913));
#8869=CARTESIAN_POINT('Origin',(-5.01018184211318,0.75,-0.528213397128913));
#8870=CARTESIAN_POINT('Origin',(-5.01018184211318,1.125,-9.675));
#8871=CARTESIAN_POINT('',(-4.40647820068251,0.75,-9.83676190318907));
#8872=CARTESIAN_POINT('',(-4.40647820068251,-0.75,-9.83676190318907));
#8873=CARTESIAN_POINT('',(-4.40647820068251,1.125,-9.83676190318907));
#8874=CARTESIAN_POINT('Origin',(-5.01018184211318,-0.75,-9.675));
#8875=CARTESIAN_POINT('Origin',(-5.01018184211318,0.75,-9.675));
#8876=CARTESIAN_POINT('Origin',(-2.76428139812041,1.125,-3.708));
#8877=CARTESIAN_POINT('',(-2.76428139812041,0.75,-3.708));
#8878=CARTESIAN_POINT('',(-2.76428139812041,0.729879809620724,-3.708));
#8879=CARTESIAN_POINT('',(-2.76428139812041,1.125,-3.708));
#8880=CARTESIAN_POINT('',(-2.76428139812041,-0.729879809620724,-3.708));
#8881=CARTESIAN_POINT('',(-2.76428139812041,1.125,-3.708));
#8882=CARTESIAN_POINT('',(-2.76428139812041,-0.75,-3.708));
#8883=CARTESIAN_POINT('',(-2.76428139812041,1.125,-3.708));
#8884=CARTESIAN_POINT('',(-2.76428139812041,-0.75,-3.708));
#8885=CARTESIAN_POINT('',(-4.40647820068251,0.75,-9.83676190318907));
#8886=CARTESIAN_POINT('Origin',(-3.69100224433299,0.75,-5.71768054306503));
#8887=CARTESIAN_POINT('',(-2.76428139812041,0.753839118127522,-3.70792406939912));
#8888=CARTESIAN_POINT('',(-2.90121156723517,1.06456935455903,-3.55885890019102));
#8889=CARTESIAN_POINT('Ctrl Pts',(-2.76428139812041,0.753839118127522,-3.70792406939912));
#8890=CARTESIAN_POINT('Ctrl Pts',(-2.76454447175855,0.78366797117777,-3.70772592443234));
#8891=CARTESIAN_POINT('Ctrl Pts',(-2.76835467466173,0.812446406693065,-3.70706036342139));
#8892=CARTESIAN_POINT('Ctrl Pts',(-2.78455902487247,0.882002113608687,-3.70138509763127));
#8893=CARTESIAN_POINT('Ctrl Pts',(-2.80060659628578,0.920766390661837,-3.69412915640925));
#8894=CARTESIAN_POINT('Ctrl Pts',(-2.83480243042716,0.982265839572767,-3.66685402235691));
#8895=CARTESIAN_POINT('Ctrl Pts',(-2.85142982038146,1.00567698732767,-3.64998577736193));
#8896=CARTESIAN_POINT('Ctrl Pts',(-2.88044535674594,1.04179556695103,-3.60765839368302));
#8897=CARTESIAN_POINT('Ctrl Pts',(-2.89238156356471,1.05470339080498,-3.58464598169083));
#8898=CARTESIAN_POINT('Ctrl Pts',(-2.90121156723739,1.06456935455436,-3.55885890018998));
#8899=CARTESIAN_POINT('Ctrl Pts',(-2.76428139812041,0.753839118127522,-3.70792406939912));
#8900=CARTESIAN_POINT('Ctrl Pts',(-2.76428139812041,0.75255945120673,-3.70797468957864));
#8901=CARTESIAN_POINT('Ctrl Pts',(-2.76428139812041,0.751279733986652,-3.708));
#8902=CARTESIAN_POINT('Ctrl Pts',(-2.76428139812041,0.75,-3.708));
#8903=CARTESIAN_POINT('Origin',(-4.76870038554091,0.75,-9.73970476127563));
#8904=CARTESIAN_POINT('Ctrl Pts',(-3.02919720867875,1.125,-3.2477905252984));
#8905=CARTESIAN_POINT('Ctrl Pts',(-3.00874945275693,1.125,-3.29008110562333));
#8906=CARTESIAN_POINT('Ctrl Pts',(-2.98970448777144,1.12118545681851,-3.33236462540335));
#8907=CARTESIAN_POINT('Ctrl Pts',(-2.94740928370115,1.10532410065747,-3.43202442534836));
#8908=CARTESIAN_POINT('Ctrl Pts',(-2.92272105476835,1.08860239373684,-3.49604274194635));
#8909=CARTESIAN_POINT('Ctrl Pts',(-2.90121156723738,1.06456935455435,-3.55885890018999));
#8910=CARTESIAN_POINT('Ctrl Pts',(-4.40647820068251,0.75,-9.83676190318907));
#8911=CARTESIAN_POINT('Ctrl Pts',(-4.53060247462632,0.75,-10.3));
#8912=CARTESIAN_POINT('Ctrl Pts',(-5.01018184211318,0.75,-10.3));
#8913=CARTESIAN_POINT('Ctrl Pts',(-4.40647820068251,1.125,-9.83676190318907));
#8914=CARTESIAN_POINT('Ctrl Pts',(-4.53060247462632,1.125,-10.3));
#8915=CARTESIAN_POINT('Ctrl Pts',(-5.01018184211318,1.125,-10.3));
#8916=CARTESIAN_POINT('Ctrl Pts',(-4.76870038554091,1.125,-9.73970476127563));
#8917=CARTESIAN_POINT('Ctrl Pts',(-4.81835009511844,1.125,-9.925));
#8918=CARTESIAN_POINT('Ctrl Pts',(-5.01018184211318,1.125,-9.925));
#8919=CARTESIAN_POINT('Origin',(-5.01018184211318,0.75,-9.925));
#8920=CARTESIAN_POINT('Origin',(-5.01018184211318,0.75,-0.528213397128913));
#8921=CARTESIAN_POINT('Origin',(-10.2647982258677,0.75,-8.31850255219089));
#8922=CARTESIAN_POINT('Ctrl Pts',(-10.4744955646692,0.75,-8.62939164189903));
#8923=CARTESIAN_POINT('Ctrl Pts',(-10.75,0.75,-8.44356155384056));
#8924=CARTESIAN_POINT('Ctrl Pts',(-10.75,0.75,-8.11124315905213));
#8925=CARTESIAN_POINT('Ctrl Pts',(-10.4744955646692,1.125,-8.62939164189903));
#8926=CARTESIAN_POINT('Ctrl Pts',(-10.75,1.125,-8.44356155384056));
#8927=CARTESIAN_POINT('Ctrl Pts',(-10.75,1.125,-8.11124315905213));
#8928=CARTESIAN_POINT('Ctrl Pts',(-10.2647982258677,1.125,-8.31850255219089));
#8929=CARTESIAN_POINT('Ctrl Pts',(-10.375,1.125,-8.2441705169675));
#8930=CARTESIAN_POINT('Ctrl Pts',(-10.375,1.125,-8.11124315905213));
#8931=CARTESIAN_POINT('Origin',(-10.375,0.75,-8.11124315905213));
#8932=CARTESIAN_POINT('Origin',(-1.69685719795253,0.75,-8.11124315905213));
#8933=CARTESIAN_POINT('Origin',(-8.04776098656519,0.75,-2.19717657500747));
#8934=CARTESIAN_POINT('Origin',(-4.50000000000001,0.75,-5.50091024775547));
#8935=CARTESIAN_POINT('Origin',(-4.5,0.75,-0.653099999999998));
#8936=CARTESIAN_POINT('Origin',(-4.50000000000001,0.75,-0.6531));
#8937=CARTESIAN_POINT('Ctrl Pts',(-4.31013751386427,1.11226425437793,-0.556199999999999));
#8938=CARTESIAN_POINT('Ctrl Pts',(-4.29313993406442,1.12072880622969,-0.587845041952721));
#8939=CARTESIAN_POINT('Ctrl Pts',(-4.27659285778718,1.125,-0.620736113405053));
#8940=CARTESIAN_POINT('Ctrl Pts',(-4.26142112302404,1.125,-0.653100000000001));
#8941=CARTESIAN_POINT('Origin',(-3.12650358297881,-0.75,-3.61094285808656));
#8942=CARTESIAN_POINT('',(-2.90121156723707,-1.06456935455385,-3.55885890019102));
#8943=CARTESIAN_POINT('',(-2.76428139812036,-0.753839118121771,-3.70792406939916));
#8944=CARTESIAN_POINT('Ctrl Pts',(-2.90121156723702,-1.06456935455395,-3.55885890019104));
#8945=CARTESIAN_POINT('Ctrl Pts',(-2.90068964504177,-1.06398619902546,-3.56038311815117));
#8946=CARTESIAN_POINT('Ctrl Pts',(-2.90015602437816,-1.0633914414204,-3.56190017702869));
#8947=CARTESIAN_POINT('Ctrl Pts',(-2.890041583063,-1.05213534546225,-3.58991271963345));
#8948=CARTESIAN_POINT('Ctrl Pts',(-2.87724235200457,-1.03817553310954,-3.61328253666813));
#8949=CARTESIAN_POINT('Ctrl Pts',(-2.84765522697077,-1.00045830024881,-3.65413315754332));
#8950=CARTESIAN_POINT('Ctrl Pts',(-2.83152530170543,-0.977060890688446,
-3.66984047875957));
#8951=CARTESIAN_POINT('Ctrl Pts',(-2.80001041076333,-0.918759684476913,
-3.69409792619673));
#8952=CARTESIAN_POINT('Ctrl Pts',(-2.78597958774901,-0.88437186604953,-3.70066363181426));
#8953=CARTESIAN_POINT('Ctrl Pts',(-2.7689059766008,-0.817240815878998,-3.70701450976813));
#8954=CARTESIAN_POINT('Ctrl Pts',(-2.76456251468218,-0.785713785179245,
-3.70771233464581));
#8955=CARTESIAN_POINT('Ctrl Pts',(-2.76428139812036,-0.753839118121771,
-3.70792406939916));
#8956=CARTESIAN_POINT('Ctrl Pts',(-2.90121156723703,-1.06456935455395,-3.55885890019104));
#8957=CARTESIAN_POINT('Ctrl Pts',(-2.92272105476808,-1.08860239373665,-3.49604274194706));
#8958=CARTESIAN_POINT('Ctrl Pts',(-2.94740928370101,-1.10532410065742,-3.43202442534869));
#8959=CARTESIAN_POINT('Ctrl Pts',(-2.98970448777144,-1.12118545681851,-3.33236462540335));
#8960=CARTESIAN_POINT('Ctrl Pts',(-3.00874945275693,-1.125,-3.29008110562333));
#8961=CARTESIAN_POINT('Ctrl Pts',(-3.02919720867875,-1.125,-3.2477905252984));
#8962=CARTESIAN_POINT('Origin',(-4.76870038554091,-0.75,-9.73970476127563));
#8963=CARTESIAN_POINT('Ctrl Pts',(-2.76428139812041,-0.75,-3.708));
#8964=CARTESIAN_POINT('Ctrl Pts',(-2.76428139812041,-0.751279733984736,
-3.708));
#8965=CARTESIAN_POINT('Ctrl Pts',(-2.76428139812041,-0.752559451202896,
-3.70797468957871));
#8966=CARTESIAN_POINT('Ctrl Pts',(-2.76428139812036,-0.753839118121771,
-3.70792406939916));
#8967=CARTESIAN_POINT('Ctrl Pts',(-4.76870038554091,-1.125,-9.73970476127563));
#8968=CARTESIAN_POINT('Ctrl Pts',(-4.81835009511844,-1.125,-9.925));
#8969=CARTESIAN_POINT('Ctrl Pts',(-5.01018184211318,-1.125,-9.925));
#8970=CARTESIAN_POINT('Ctrl Pts',(-4.40647820068251,-1.125,-9.83676190318907));
#8971=CARTESIAN_POINT('Ctrl Pts',(-4.53060247462632,-1.125,-10.3));
#8972=CARTESIAN_POINT('Ctrl Pts',(-5.01018184211318,-1.125,-10.3));
#8973=CARTESIAN_POINT('Ctrl Pts',(-4.40647820068251,-0.75,-9.83676190318907));
#8974=CARTESIAN_POINT('Ctrl Pts',(-4.53060247462632,-0.75,-10.3));
#8975=CARTESIAN_POINT('Ctrl Pts',(-5.01018184211318,-0.75,-10.3));
#8976=CARTESIAN_POINT('Origin',(-5.01018184211318,-0.75,-9.925));
#8977=CARTESIAN_POINT('Origin',(-5.01018184211318,-0.75,-0.528213397128913));
#8978=CARTESIAN_POINT('Origin',(-10.2647982258677,-0.75,-8.31850255219089));
#8979=CARTESIAN_POINT('Ctrl Pts',(-10.2647982258677,-1.125,-8.31850255219089));
#8980=CARTESIAN_POINT('Ctrl Pts',(-10.375,-1.125,-8.2441705169675));
#8981=CARTESIAN_POINT('Ctrl Pts',(-10.375,-1.125,-8.11124315905213));
#8982=CARTESIAN_POINT('Ctrl Pts',(-10.4744955646692,-1.125,-8.62939164189903));
#8983=CARTESIAN_POINT('Ctrl Pts',(-10.75,-1.125,-8.44356155384056));
#8984=CARTESIAN_POINT('Ctrl Pts',(-10.75,-1.125,-8.11124315905213));
#8985=CARTESIAN_POINT('Ctrl Pts',(-10.4744955646692,-0.75,-8.62939164189903));
#8986=CARTESIAN_POINT('Ctrl Pts',(-10.75,-0.75,-8.44356155384056));
#8987=CARTESIAN_POINT('Ctrl Pts',(-10.75,-0.75,-8.11124315905213));
#8988=CARTESIAN_POINT('Origin',(-10.375,-0.75,-8.11124315905213));
#8989=CARTESIAN_POINT('Origin',(-1.69685719795253,-0.75,-8.11124315905213));
#8990=CARTESIAN_POINT('Origin',(-8.04776098656519,-0.75,-2.19717657500747));
#8991=CARTESIAN_POINT('Origin',(-4.50000000000001,-0.75,-5.50091024775547));
#8992=CARTESIAN_POINT('Origin',(-4.5,-0.75,-0.653099999999998));
#8993=CARTESIAN_POINT('Origin',(-2.76428139812041,-0.75,-0.6531));
#8994=CARTESIAN_POINT('Ctrl Pts',(-4.26142112302404,-1.125,-0.653100000000001));
#8995=CARTESIAN_POINT('Ctrl Pts',(-4.27659154477882,-1.125,-0.620738914274852));
#8996=CARTESIAN_POINT('Ctrl Pts',(-4.29313783843836,-1.12072984982152,-0.587848943459599));
#8997=CARTESIAN_POINT('Ctrl Pts',(-4.31013751386427,-1.11226425437793,-0.5562));
#8998=CARTESIAN_POINT('Origin',(0.,0.,-3.708));
#8999=CARTESIAN_POINT('',(2.76428139812041,0.729879809620724,-3.708));
#9000=CARTESIAN_POINT('Origin',(0.,0.,-3.708));
#9001=CARTESIAN_POINT('',(2.76428139812041,-0.729879809620724,-3.708));
#9002=CARTESIAN_POINT('',(2.76428139812041,1.125,-3.708));
#9003=CARTESIAN_POINT('Origin',(0.,0.,-3.708));
#9004=CARTESIAN_POINT('Ctrl Pts',(-0.934285714285532,1.76836370808778,-3.708));
#9005=CARTESIAN_POINT('Ctrl Pts',(-1.01060991164319,1.71888540388816,-3.708));
#9006=CARTESIAN_POINT('Ctrl Pts',(-1.08348360384946,1.6645649560566,-3.708));
#9007=CARTESIAN_POINT('Ctrl Pts',(-1.22177800986335,1.54419377425245,-3.708));
#9008=CARTESIAN_POINT('Ctrl Pts',(-1.28610163659202,1.47946132915389,-3.708));
#9009=CARTESIAN_POINT('Ctrl Pts',(-1.34549922804121,1.41032353286064,-3.708));
#9010=CARTESIAN_POINT('Ctrl Pts',(1.0398726551904,1.64864959921177,-3.708));
#9011=CARTESIAN_POINT('Ctrl Pts',(0.967969835909933,1.70378856006726,-3.708));
#9012=CARTESIAN_POINT('Ctrl Pts',(0.890754944064997,1.75444869619507,-3.708));
#9013=CARTESIAN_POINT('Ctrl Pts',(0.733555446574704,1.84397487885989,-3.708));
#9014=CARTESIAN_POINT('Ctrl Pts',(0.650838485742749,1.88399032837177,-3.708));
#9015=CARTESIAN_POINT('Ctrl Pts',(0.565714285703688,1.91832409851809,-3.708));
#9016=CARTESIAN_POINT('Origin',(0.,0.,-3.454));
#9017=CARTESIAN_POINT('',(2.90121156723517,1.06456935455904,-3.55885890019102));
#9018=CARTESIAN_POINT('Origin',(0.,0.,-3.55885890019102));
#9019=CARTESIAN_POINT('',(2.76428139812041,0.753839118127525,-3.70792406939912));
#9020=CARTESIAN_POINT('Ctrl Pts',(2.90121156723739,1.06456935455436,-3.55885890018998));
#9021=CARTESIAN_POINT('Ctrl Pts',(2.90068964504201,1.06398619902573,-3.56038311815048));
#9022=CARTESIAN_POINT('Ctrl Pts',(2.90015602437828,1.06339144142054,-3.56190017702835));
#9023=CARTESIAN_POINT('Ctrl Pts',(2.89004158306299,1.05213534546224,-3.58991271963348));
#9024=CARTESIAN_POINT('Ctrl Pts',(2.87724235200455,1.03817553310953,-3.61328253666815));
#9025=CARTESIAN_POINT('Ctrl Pts',(2.84765522697076,1.00045830024879,-3.65413315754334));
#9026=CARTESIAN_POINT('Ctrl Pts',(2.83152530170542,0.977060890688425,-3.66984047875958));
#9027=CARTESIAN_POINT('Ctrl Pts',(2.80001041076332,0.918759684476882,-3.69409792619674));
#9028=CARTESIAN_POINT('Ctrl Pts',(2.785979587749,0.884371866049494,-3.70066363181426));
#9029=CARTESIAN_POINT('Ctrl Pts',(2.76890597660127,0.817240815880811,-3.70701450976796));
#9030=CARTESIAN_POINT('Ctrl Pts',(2.76456251468271,0.785713785183017,-3.70771233464571));
#9031=CARTESIAN_POINT('Ctrl Pts',(2.76428139812041,0.753839118127525,-3.70792406939912));
#9032=CARTESIAN_POINT('',(2.76428139812041,0.75,-3.708));
#9033=CARTESIAN_POINT('Ctrl Pts',(2.76428139812041,0.753839118127525,-3.70792406939912));
#9034=CARTESIAN_POINT('Ctrl Pts',(2.76428139812041,0.752559451206732,-3.70797468957864));
#9035=CARTESIAN_POINT('Ctrl Pts',(2.76428139812041,0.751279733986653,-3.708));
#9036=CARTESIAN_POINT('Ctrl Pts',(2.76428139812041,0.75,-3.708));
#9037=CARTESIAN_POINT('',(2.76428139812041,1.125,-3.708));
#9038=CARTESIAN_POINT('Origin',(0.,0.,-3.454));
#9039=CARTESIAN_POINT('',(2.76428139812041,-0.75,-3.708));
#9040=CARTESIAN_POINT('',(2.76428139812041,1.125,-3.708));
#9041=CARTESIAN_POINT('',(2.76428139812036,-0.753839118121771,-3.70792406939916));
#9042=CARTESIAN_POINT('Ctrl Pts',(2.76428139812041,-0.75,-3.708));
#9043=CARTESIAN_POINT('Ctrl Pts',(2.76428139812041,-0.751279733984736,-3.708));
#9044=CARTESIAN_POINT('Ctrl Pts',(2.76428139812041,-0.752559451202896,-3.70797468957871));
#9045=CARTESIAN_POINT('Ctrl Pts',(2.76428139812036,-0.753839118121771,-3.70792406939916));
#9046=CARTESIAN_POINT('',(2.90121156723706,-1.0645693545539,-3.55885890019102));
#9047=CARTESIAN_POINT('Ctrl Pts',(2.76428139812036,-0.753839118121771,-3.70792406939916));
#9048=CARTESIAN_POINT('Ctrl Pts',(2.76454447175806,-0.783667971174066,-3.70772592443242));
#9049=CARTESIAN_POINT('Ctrl Pts',(2.76835467466132,-0.812446406691314,-3.70706036342154));
#9050=CARTESIAN_POINT('Ctrl Pts',(2.78455902487247,-0.882002113608697,-3.70138509763127));
#9051=CARTESIAN_POINT('Ctrl Pts',(2.80060659628579,-0.920766390661845,-3.69412915640925));
#9052=CARTESIAN_POINT('Ctrl Pts',(2.83480243042716,-0.982265839572764,-3.66685402235691));
#9053=CARTESIAN_POINT('Ctrl Pts',(2.85142982038145,-1.00567698732767,-3.64998577736193));
#9054=CARTESIAN_POINT('Ctrl Pts',(2.88044535674576,-1.04179556695081,-3.60765839368329));
#9055=CARTESIAN_POINT('Ctrl Pts',(2.89238156356438,-1.05470339080463,-3.58464598169145));
#9056=CARTESIAN_POINT('Ctrl Pts',(2.90121156723703,-1.06456935455396,-3.55885890019103));
#9057=CARTESIAN_POINT('Origin',(0.,0.,-3.55885890019102));
#9058=CARTESIAN_POINT('Origin',(0.,0.,-0.5562));
#9059=CARTESIAN_POINT('',(4.26142112302404,1.125,-0.653100000000001));
#9060=CARTESIAN_POINT('Ctrl Pts',(4.26142112302404,1.125,-0.653100000000001));
#9061=CARTESIAN_POINT('Ctrl Pts',(4.27659154477882,1.125,-0.620738914274851));
#9062=CARTESIAN_POINT('Ctrl Pts',(4.29313783843836,1.12072984982152,-0.587848943459599));
#9063=CARTESIAN_POINT('Ctrl Pts',(4.31013751386427,1.11226425437793,-0.556199999999999));
#9064=CARTESIAN_POINT('',(3.02919720867875,1.125,-3.2477905252984));
#9065=CARTESIAN_POINT('Ctrl Pts',(3.02919720867916,1.125,-3.24779052529756));
#9066=CARTESIAN_POINT('Ctrl Pts',(3.55045283830742,1.125,-2.16971608236625));
#9067=CARTESIAN_POINT('Ctrl Pts',(4.26142112301625,1.125,-0.653100000016619));
#9068=CARTESIAN_POINT('Ctrl Pts',(2.90121156723739,1.06456935455436,-3.55885890018998));
#9069=CARTESIAN_POINT('Ctrl Pts',(2.92272105476835,1.08860239373684,-3.49604274194635));
#9070=CARTESIAN_POINT('Ctrl Pts',(2.94740928370115,1.10532410065747,-3.43202442534836));
#9071=CARTESIAN_POINT('Ctrl Pts',(2.97270715387582,1.11481119352713,-3.3724152867696));
#9072=CARTESIAN_POINT('Ctrl Pts',(2.98970448777144,1.12118545681851,-3.33236462540335));
#9073=CARTESIAN_POINT('Ctrl Pts',(3.00874945275693,1.125,-3.29008110562333));
#9074=CARTESIAN_POINT('Ctrl Pts',(3.02919720867875,1.125,-3.2477905252984));
#9075=CARTESIAN_POINT('Origin',(4.50000000000001,1.125,-5.50091024775547));
#9076=CARTESIAN_POINT('',(4.76870038554091,1.125,-9.73970476127563));
#9077=CARTESIAN_POINT('',(3.12650358297881,1.125,-3.61094285808656));
#9078=CARTESIAN_POINT('',(4.5,1.125,-0.653099999999999));
#9079=CARTESIAN_POINT('',(4.5,1.125,-0.6531));
#9080=CARTESIAN_POINT('',(8.04776098656519,1.125,-2.19717657500747));
#9081=CARTESIAN_POINT('Origin',(4.50000000000001,1.125,-5.50091024775547));
#9082=CARTESIAN_POINT('',(10.375,1.125,-8.11124315905213));
#9083=CARTESIAN_POINT('Origin',(1.69685719795253,1.125,-8.11124315905213));
#9084=CARTESIAN_POINT('',(10.2647982258677,1.125,-8.31850255219089));
#9085=CARTESIAN_POINT('Origin',(10.125,1.125,-8.11124315905213));
#9086=CARTESIAN_POINT('',(5.01018184211318,1.125,-9.925));
#9087=CARTESIAN_POINT('Origin',(5.01018184211318,1.125,-0.528213397128913));
#9088=CARTESIAN_POINT('Origin',(5.01018184211318,1.125,-9.675));
#9089=CARTESIAN_POINT('Origin',(4.50000000000001,-1.125,-5.50091024775547));
#9090=CARTESIAN_POINT('',(3.02919720867875,-1.125,-3.2477905252984));
#9091=CARTESIAN_POINT('',(4.26142112302404,-1.125,-0.6531));
#9092=CARTESIAN_POINT('Ctrl Pts',(3.02919720867918,-1.125,-3.24779052529752));
#9093=CARTESIAN_POINT('Ctrl Pts',(3.55045283831077,-1.125,-2.16971608235931));
#9094=CARTESIAN_POINT('Ctrl Pts',(4.26142112302561,-1.125,-0.653099999996648));
#9095=CARTESIAN_POINT('',(4.76870038554091,-1.125,-9.73970476127563));
#9096=CARTESIAN_POINT('',(3.69100224433299,-1.125,-5.71768054306503));
#9097=CARTESIAN_POINT('',(5.01018184211318,-1.125,-9.925));
#9098=CARTESIAN_POINT('Origin',(5.01018184211318,-1.125,-9.675));
#9099=CARTESIAN_POINT('',(10.2647982258677,-1.125,-8.31850255219089));
#9100=CARTESIAN_POINT('Origin',(5.01018184211318,-1.125,-0.528213397128913));
#9101=CARTESIAN_POINT('',(10.375,-1.125,-8.11124315905213));
#9102=CARTESIAN_POINT('Origin',(10.125,-1.125,-8.11124315905213));
#9103=CARTESIAN_POINT('',(8.04776098656519,-1.125,-2.19717657500747));
#9104=CARTESIAN_POINT('Origin',(1.69685719795253,-1.125,-8.11124315905213));
#9105=CARTESIAN_POINT('',(4.5,-1.125,-0.653099999999998));
#9106=CARTESIAN_POINT('Origin',(4.50000000000001,-1.125,-5.50091024775547));
#9107=CARTESIAN_POINT('',(4.50000000000001,-1.125,-0.6531));
#9108=CARTESIAN_POINT('Origin',(3.69100224433299,0.75,-5.71768054306503));
#9109=CARTESIAN_POINT('',(4.40647820068251,0.75,-9.83676190318907));
#9110=CARTESIAN_POINT('Origin',(4.76870038554091,0.75,-9.73970476127563));
#9111=CARTESIAN_POINT('',(4.40647820068251,0.75,-9.83676190318907));
#9112=CARTESIAN_POINT('Origin',(3.12650358297881,-0.75,-3.61094285808656));
#9113=CARTESIAN_POINT('Ctrl Pts',(3.02919720867875,-1.125,-3.2477905252984));
#9114=CARTESIAN_POINT('Ctrl Pts',(3.00874945275693,-1.125,-3.29008110562333));
#9115=CARTESIAN_POINT('Ctrl Pts',(2.98970448777144,-1.12118545681851,-3.33236462540335));
#9116=CARTESIAN_POINT('Ctrl Pts',(2.97270715387582,-1.11481119352713,-3.3724152867696));
#9117=CARTESIAN_POINT('Ctrl Pts',(2.94740928370101,-1.10532410065742,-3.43202442534869));
#9118=CARTESIAN_POINT('Ctrl Pts',(2.92272105476808,-1.08860239373665,-3.49604274194706));
#9119=CARTESIAN_POINT('Ctrl Pts',(2.90121156723703,-1.06456935455396,-3.55885890019103));
#9120=CARTESIAN_POINT('',(4.40647820068251,-0.75,-9.83676190318907));
#9121=CARTESIAN_POINT('',(2.76428139812041,-0.75,-3.708));
#9122=CARTESIAN_POINT('Origin',(4.76870038554091,-0.75,-9.73970476127563));
#9123=CARTESIAN_POINT('Origin',(2.76428139812041,1.125,-0.2781));
#9124=CARTESIAN_POINT('',(4.5,0.75,-0.2781));
#9125=CARTESIAN_POINT('',(2.76428139812041,0.75,-0.2781));
#9126=CARTESIAN_POINT('',(4.5,-0.75,-0.2781));
#9127=CARTESIAN_POINT('',(2.76428139812041,-0.75,-0.2781));
#9128=CARTESIAN_POINT('',(4.5,1.125,-0.2781));
#9129=CARTESIAN_POINT('Origin',(4.50000000000001,1.125,-5.50091024775547));
#9130=CARTESIAN_POINT('',(8.3221963093128,0.75,-1.94161786623703));
#9131=CARTESIAN_POINT('',(8.3221963093128,-0.75,-1.94161786623703));
#9132=CARTESIAN_POINT('',(8.3221963093128,1.125,-1.94161786623703));
#9133=CARTESIAN_POINT('Origin',(4.50000000000001,0.75,-5.50091024775547));
#9134=CARTESIAN_POINT('Origin',(4.50000000000001,-0.75,-5.50091024775547));
#9135=CARTESIAN_POINT('Origin',(1.69685719795253,1.125,-8.11124315905213));
#9136=CARTESIAN_POINT('',(10.75,0.75,-8.11124315905213));
#9137=CARTESIAN_POINT('',(10.75,-0.75,-8.11124315905213));
#9138=CARTESIAN_POINT('',(10.75,1.125,-8.11124315905213));
#9139=CARTESIAN_POINT('Origin',(1.69685719795253,0.75,-8.11124315905213));
#9140=CARTESIAN_POINT('Origin',(1.69685719795253,-0.75,-8.11124315905213));
#9141=CARTESIAN_POINT('Origin',(10.125,1.125,-8.11124315905213));
#9142=CARTESIAN_POINT('',(10.4744955646692,0.75,-8.62939164189903));
#9143=CARTESIAN_POINT('',(10.4744955646692,-0.75,-8.62939164189903));
#9144=CARTESIAN_POINT('',(10.4744955646692,1.125,-8.62939164189903));
#9145=CARTESIAN_POINT('Origin',(10.125,0.75,-8.11124315905213));
#9146=CARTESIAN_POINT('Origin',(10.125,-0.75,-8.11124315905213));
#9147=CARTESIAN_POINT('Origin',(5.01018184211318,1.125,-0.528213397128913));
#9148=CARTESIAN_POINT('',(5.01018184211318,0.75,-10.3));
#9149=CARTESIAN_POINT('',(5.01018184211318,-0.75,-10.3));
#9150=CARTESIAN_POINT('',(5.01018184211318,1.125,-10.3));
#9151=CARTESIAN_POINT('Origin',(5.01018184211318,0.75,-0.528213397128913));
#9152=CARTESIAN_POINT('Origin',(5.01018184211318,-0.75,-0.528213397128913));
#9153=CARTESIAN_POINT('Origin',(5.01018184211318,1.125,-9.675));
#9154=CARTESIAN_POINT('',(4.40647820068251,1.125,-9.83676190318907));
#9155=CARTESIAN_POINT('Origin',(5.01018184211318,0.75,-9.675));
#9156=CARTESIAN_POINT('Origin',(5.01018184211318,-0.75,-9.675));
#9157=CARTESIAN_POINT('Origin',(2.76428139812041,1.125,-3.708));
#9158=CARTESIAN_POINT('Ctrl Pts',(5.01018184211318,0.75,-10.3));
#9159=CARTESIAN_POINT('Ctrl Pts',(4.53060247462632,0.75,-10.3));
#9160=CARTESIAN_POINT('Ctrl Pts',(4.40647820068251,0.75,-9.83676190318907));
#9161=CARTESIAN_POINT('Ctrl Pts',(5.01018184211318,1.125,-10.3));
#9162=CARTESIAN_POINT('Ctrl Pts',(4.53060247462632,1.125,-10.3));
#9163=CARTESIAN_POINT('Ctrl Pts',(4.40647820068251,1.125,-9.83676190318907));
#9164=CARTESIAN_POINT('Ctrl Pts',(5.01018184211318,1.125,-9.925));
#9165=CARTESIAN_POINT('Ctrl Pts',(4.81835009511844,1.125,-9.925));
#9166=CARTESIAN_POINT('Ctrl Pts',(4.76870038554091,1.125,-9.73970476127563));
#9167=CARTESIAN_POINT('Origin',(5.01018184211318,0.75,-9.925));
#9168=CARTESIAN_POINT('Origin',(5.01018184211318,0.75,-0.528213397128913));
#9169=CARTESIAN_POINT('Origin',(10.2647982258677,0.75,-8.31850255219089));
#9170=CARTESIAN_POINT('Ctrl Pts',(10.75,0.75,-8.11124315905213));
#9171=CARTESIAN_POINT('Ctrl Pts',(10.75,0.75,-8.44356155384056));
#9172=CARTESIAN_POINT('Ctrl Pts',(10.4744955646692,0.75,-8.62939164189903));
#9173=CARTESIAN_POINT('Ctrl Pts',(10.75,1.125,-8.11124315905213));
#9174=CARTESIAN_POINT('Ctrl Pts',(10.75,1.125,-8.44356155384056));
#9175=CARTESIAN_POINT('Ctrl Pts',(10.4744955646692,1.125,-8.62939164189903));
#9176=CARTESIAN_POINT('Ctrl Pts',(10.375,1.125,-8.11124315905213));
#9177=CARTESIAN_POINT('Ctrl Pts',(10.375,1.125,-8.2441705169675));
#9178=CARTESIAN_POINT('Ctrl Pts',(10.2647982258677,1.125,-8.31850255219089));
#9179=CARTESIAN_POINT('Origin',(10.375,0.75,-8.11124315905213));
#9180=CARTESIAN_POINT('Origin',(1.69685719795253,0.75,-8.11124315905213));
#9181=CARTESIAN_POINT('Origin',(8.04776098656519,0.75,-2.19717657500747));
#9182=CARTESIAN_POINT('Origin',(4.50000000000001,0.75,-5.50091024775547));
#9183=CARTESIAN_POINT('Origin',(4.5,0.75,-0.653099999999998));
#9184=CARTESIAN_POINT('Origin',(4.50000000000001,0.75,-0.6531));
#9185=CARTESIAN_POINT('Ctrl Pts',(5.01018184211318,-1.125,-9.925));
#9186=CARTESIAN_POINT('Ctrl Pts',(4.81835009511844,-1.125,-9.925));
#9187=CARTESIAN_POINT('Ctrl Pts',(4.76870038554091,-1.125,-9.73970476127563));
#9188=CARTESIAN_POINT('Ctrl Pts',(5.01018184211318,-1.125,-10.3));
#9189=CARTESIAN_POINT('Ctrl Pts',(4.53060247462632,-1.125,-10.3));
#9190=CARTESIAN_POINT('Ctrl Pts',(4.40647820068251,-1.125,-9.83676190318907));
#9191=CARTESIAN_POINT('Ctrl Pts',(5.01018184211318,-0.75,-10.3));
#9192=CARTESIAN_POINT('Ctrl Pts',(4.53060247462632,-0.75,-10.3));
#9193=CARTESIAN_POINT('Ctrl Pts',(4.40647820068251,-0.75,-9.83676190318907));
#9194=CARTESIAN_POINT('Origin',(5.01018184211318,-0.75,-9.925));
#9195=CARTESIAN_POINT('Origin',(5.01018184211318,-0.75,-0.528213397128913));
#9196=CARTESIAN_POINT('Origin',(10.2647982258677,-0.75,-8.31850255219089));
#9197=CARTESIAN_POINT('Ctrl Pts',(10.375,-1.125,-8.11124315905213));
#9198=CARTESIAN_POINT('Ctrl Pts',(10.375,-1.125,-8.2441705169675));
#9199=CARTESIAN_POINT('Ctrl Pts',(10.2647982258677,-1.125,-8.31850255219089));
#9200=CARTESIAN_POINT('Ctrl Pts',(10.75,-1.125,-8.11124315905213));
#9201=CARTESIAN_POINT('Ctrl Pts',(10.75,-1.125,-8.44356155384056));
#9202=CARTESIAN_POINT('Ctrl Pts',(10.4744955646692,-1.125,-8.62939164189903));
#9203=CARTESIAN_POINT('Ctrl Pts',(10.75,-0.75,-8.11124315905213));
#9204=CARTESIAN_POINT('Ctrl Pts',(10.75,-0.75,-8.44356155384056));
#9205=CARTESIAN_POINT('Ctrl Pts',(10.4744955646692,-0.75,-8.62939164189903));
#9206=CARTESIAN_POINT('Origin',(10.375,-0.75,-8.11124315905213));
#9207=CARTESIAN_POINT('Origin',(1.69685719795253,-0.75,-8.11124315905213));
#9208=CARTESIAN_POINT('Origin',(8.04776098656519,-0.75,-2.19717657500747));
#9209=CARTESIAN_POINT('Origin',(4.50000000000001,-0.75,-5.50091024775547));
#9210=CARTESIAN_POINT('Origin',(4.5,-0.75,-0.653099999999998));
#9211=CARTESIAN_POINT('Origin',(2.76428139812041,-0.75,-0.6531));
#9212=CARTESIAN_POINT('Ctrl Pts',(4.31013751386427,-1.11226425437793,-0.556199999999999));
#9213=CARTESIAN_POINT('Ctrl Pts',(4.29313993406442,-1.12072880622969,-0.58784504195272));
#9214=CARTESIAN_POINT('Ctrl Pts',(4.27659285778718,-1.125,-0.620736113405053));
#9215=CARTESIAN_POINT('Ctrl Pts',(4.26142112302404,-1.125,-0.653100000000001));
#9216=CARTESIAN_POINT('Ctrl Pts',(-1.54531945366543,0.,0.262509935821549));
#9217=CARTESIAN_POINT('Ctrl Pts',(-1.54531945366543,0.892190602557701,0.204176602488215));
#9218=CARTESIAN_POINT('Ctrl Pts',(-0.772659726832715,1.33828590383655,0.145843269154882));
#9219=CARTESIAN_POINT('Ctrl Pts',(-1.09261836565164E-16,1.7843812051154,
0.087509935821549));
#9220=CARTESIAN_POINT('Ctrl Pts',(0.772659726832715,1.33828590383655,0.0291766024882158));
#9221=CARTESIAN_POINT('Ctrl Pts',(1.54531945366543,0.892190602557702,-0.0291567308451175));
#9222=CARTESIAN_POINT('Ctrl Pts',(1.54531945366543,1.89247052259151E-16,
-0.0874900641784506));
#9223=CARTESIAN_POINT('Ctrl Pts',(1.54531945366543,-0.892190602557701,-0.145823397511784));
#9224=CARTESIAN_POINT('Ctrl Pts',(0.772659726832716,-1.33828590383655,-0.204156730845117));
#9225=CARTESIAN_POINT('Ctrl Pts',(3.27785509695491E-16,-1.7843812051154,
-0.26249006417845));
#9226=CARTESIAN_POINT('Ctrl Pts',(-0.772659726832714,-1.33828590383655,
-0.320823397511784));
#9227=CARTESIAN_POINT('Ctrl Pts',(-1.54531945366543,-0.892190602557702,
-0.379156730845117));
#9228=CARTESIAN_POINT('Ctrl Pts',(-1.54531945366543,0.,-0.43749006417845));
#9229=CARTESIAN_POINT('Ctrl Pts',(-1.54531945366543,0.892190602557701,-0.495823397511783));
#9230=CARTESIAN_POINT('Ctrl Pts',(-0.772659726832715,1.33828590383655,-0.554156730845116));
#9231=CARTESIAN_POINT('Ctrl Pts',(-1.09261836565164E-16,1.7843812051154,
-0.61249006417845));
#9232=CARTESIAN_POINT('Ctrl Pts',(0.772659726832715,1.33828590383655,-0.670823397511783));
#9233=CARTESIAN_POINT('Ctrl Pts',(1.54531945366543,0.892190602557702,-0.729156730845116));
#9234=CARTESIAN_POINT('Ctrl Pts',(1.54531945366543,1.89247052259151E-16,
-0.787490064178449));
#9235=CARTESIAN_POINT('Ctrl Pts',(1.54531945366543,-0.892190602557701,-0.845823397511782));
#9236=CARTESIAN_POINT('Ctrl Pts',(0.772659726832716,-1.33828590383655,-0.904156730845115));
#9237=CARTESIAN_POINT('Ctrl Pts',(3.27785509695491E-16,-1.7843812051154,
-0.962490064178449));
#9238=CARTESIAN_POINT('Ctrl Pts',(-0.772659726832714,-1.33828590383655,
-1.02082339751178));
#9239=CARTESIAN_POINT('Ctrl Pts',(-1.54531945366543,-0.892190602557702,
-1.07915673084512));
#9240=CARTESIAN_POINT('Ctrl Pts',(-1.54531945366543,0.,-1.13749006417845));
#9241=CARTESIAN_POINT('Ctrl Pts',(-1.54531945366543,0.892190602557701,-1.19582339751178));
#9242=CARTESIAN_POINT('Ctrl Pts',(-0.772659726832715,1.33828590383655,-1.25415673084511));
#9243=CARTESIAN_POINT('Ctrl Pts',(-1.09261836565164E-16,1.7843812051154,
-1.31249006417845));
#9244=CARTESIAN_POINT('Ctrl Pts',(0.772659726832715,1.33828590383655,-1.37082339751178));
#9245=CARTESIAN_POINT('Ctrl Pts',(1.54531945366543,0.892190602557702,-1.42915673084511));
#9246=CARTESIAN_POINT('Ctrl Pts',(1.54531945366543,1.89247052259151E-16,
-1.48749006417845));
#9247=CARTESIAN_POINT('Ctrl Pts',(1.54531945366543,-0.892190602557701,-1.54582339751178));
#9248=CARTESIAN_POINT('Ctrl Pts',(0.772659726832716,-1.33828590383655,-1.60415673084511));
#9249=CARTESIAN_POINT('Ctrl Pts',(3.27785509695491E-16,-1.7843812051154,
-1.66249006417845));
#9250=CARTESIAN_POINT('Ctrl Pts',(-0.772659726832714,-1.33828590383655,
-1.72082339751178));
#9251=CARTESIAN_POINT('Ctrl Pts',(-1.54531945366543,-0.892190602557702,
-1.77915673084511));
#9252=CARTESIAN_POINT('Ctrl Pts',(-1.54531945366543,0.,-1.83749006417845));
#9253=CARTESIAN_POINT('Ctrl Pts',(-1.54531945366543,0.892190602557701,-1.89582339751178));
#9254=CARTESIAN_POINT('Ctrl Pts',(-0.772659726832715,1.33828590383655,-1.95415673084511));
#9255=CARTESIAN_POINT('Ctrl Pts',(-1.09261836565164E-16,1.7843812051154,
-2.01249006417845));
#9256=CARTESIAN_POINT('Ctrl Pts',(0.772659726832715,1.33828590383655,-2.07082339751178));
#9257=CARTESIAN_POINT('Ctrl Pts',(1.54531945366543,0.892190602557702,-2.12915673084511));
#9258=CARTESIAN_POINT('Ctrl Pts',(1.54531945366543,1.89247052259151E-16,
-2.18749006417845));
#9259=CARTESIAN_POINT('Ctrl Pts',(1.54531945366543,-0.892190602557701,-2.24582339751178));
#9260=CARTESIAN_POINT('Ctrl Pts',(0.772659726832716,-1.33828590383655,-2.30415673084511));
#9261=CARTESIAN_POINT('Ctrl Pts',(3.27785509695491E-16,-1.7843812051154,
-2.36249006417845));
#9262=CARTESIAN_POINT('Ctrl Pts',(-0.772659726832714,-1.33828590383655,
-2.42082339751178));
#9263=CARTESIAN_POINT('Ctrl Pts',(-1.54531945366543,-0.892190602557702,
-2.47915673084511));
#9264=CARTESIAN_POINT('Ctrl Pts',(-1.54531945366543,0.,-2.53749006417845));
#9265=CARTESIAN_POINT('Ctrl Pts',(-1.54531945366543,0.892190602557701,-2.59582339751178));
#9266=CARTESIAN_POINT('Ctrl Pts',(-0.772659726832715,1.33828590383655,-2.65415673084511));
#9267=CARTESIAN_POINT('Ctrl Pts',(-1.09261836565164E-16,1.7843812051154,
-2.71249006417845));
#9268=CARTESIAN_POINT('Ctrl Pts',(0.772659726832715,1.33828590383655,-2.77082339751178));
#9269=CARTESIAN_POINT('Ctrl Pts',(1.54531945366543,0.892190602557702,-2.82915673084511));
#9270=CARTESIAN_POINT('Ctrl Pts',(1.54531945366543,1.89247052259151E-16,
-2.88749006417844));
#9271=CARTESIAN_POINT('Ctrl Pts',(1.54531945366543,-0.892190602557701,-2.94582339751178));
#9272=CARTESIAN_POINT('Ctrl Pts',(0.772659726832716,-1.33828590383655,-3.00415673084511));
#9273=CARTESIAN_POINT('Ctrl Pts',(3.27785509695491E-16,-1.7843812051154,
-3.06249006417844));
#9274=CARTESIAN_POINT('Ctrl Pts',(-0.772659726832714,-1.33828590383655,
-3.12082339751178));
#9275=CARTESIAN_POINT('Ctrl Pts',(-1.54531945366543,-0.892190602557702,
-3.17915673084511));
#9276=CARTESIAN_POINT('Ctrl Pts',(-1.54531945366543,0.,-3.23749006417844));
#9277=CARTESIAN_POINT('Ctrl Pts',(-1.54531945366543,0.892190602557701,-3.29582339751178));
#9278=CARTESIAN_POINT('Ctrl Pts',(-0.772659726832715,1.33828590383655,-3.35415673084511));
#9279=CARTESIAN_POINT('Ctrl Pts',(-1.09261836565164E-16,1.7843812051154,
-3.41249006417844));
#9280=CARTESIAN_POINT('Ctrl Pts',(0.772659726832715,1.33828590383655,-3.47082339751178));
#9281=CARTESIAN_POINT('Ctrl Pts',(1.54531945366543,0.892190602557702,-3.52915673084511));
#9282=CARTESIAN_POINT('Ctrl Pts',(1.54531945366543,1.89247052259151E-16,
-3.58749006417844));
#9283=CARTESIAN_POINT('Ctrl Pts',(1.54531945366543,-0.892190602557701,-3.64582339751178));
#9284=CARTESIAN_POINT('Ctrl Pts',(0.772659726832716,-1.33828590383655,-3.70415673084511));
#9285=CARTESIAN_POINT('Ctrl Pts',(3.27785509695491E-16,-1.7843812051154,
-3.76249006417844));
#9286=CARTESIAN_POINT('Ctrl Pts',(-0.772659726832714,-1.33828590383655,
-3.82082339751178));
#9287=CARTESIAN_POINT('Ctrl Pts',(-1.54531945366543,-0.892190602557702,
-3.87915673084511));
#9288=CARTESIAN_POINT('Ctrl Pts',(-1.54531945366543,0.,-3.93749006417844));
#9289=CARTESIAN_POINT('Ctrl Pts',(-1.54531945366543,0.892190602557701,-3.99582339751178));
#9290=CARTESIAN_POINT('Ctrl Pts',(-0.772659726832715,1.33828590383655,-4.05415673084511));
#9291=CARTESIAN_POINT('Ctrl Pts',(-1.09261836565164E-16,1.7843812051154,
-4.11249006417844));
#9292=CARTESIAN_POINT('Ctrl Pts',(0.772659726832715,1.33828590383655,-4.17082339751178));
#9293=CARTESIAN_POINT('Ctrl Pts',(1.54531945366543,0.892190602557702,-4.22915673084511));
#9294=CARTESIAN_POINT('Ctrl Pts',(1.54531945366543,1.89247052259151E-16,
-4.28749006417844));
#9295=CARTESIAN_POINT('Ctrl Pts',(1.54531945366543,-0.892190602557701,-4.34582339751177));
#9296=CARTESIAN_POINT('Ctrl Pts',(0.772659726832716,-1.33828590383655,-4.40415673084511));
#9297=CARTESIAN_POINT('Ctrl Pts',(3.27785509695491E-16,-1.7843812051154,
-4.46249006417844));
#9298=CARTESIAN_POINT('Ctrl Pts',(-0.772659726832714,-1.33828590383655,
-4.52082339751177));
#9299=CARTESIAN_POINT('Ctrl Pts',(-1.54531945366543,-0.892190602557702,
-4.57915673084511));
#9300=CARTESIAN_POINT('Ctrl Pts',(-1.54531945366543,0.,-4.63749006417844));
#9301=CARTESIAN_POINT('Ctrl Pts',(-1.54531945366543,0.892190602557701,-4.69582339751177));
#9302=CARTESIAN_POINT('Ctrl Pts',(-0.772659726832715,1.33828590383655,-4.75415673084511));
#9303=CARTESIAN_POINT('Ctrl Pts',(-1.09261836565164E-16,1.7843812051154,
-4.81249006417844));
#9304=CARTESIAN_POINT('Ctrl Pts',(0.772659726832715,1.33828590383655,-4.87082339751178));
#9305=CARTESIAN_POINT('Ctrl Pts',(1.54531945366543,0.892190602557702,-4.92915673084511));
#9306=CARTESIAN_POINT('Ctrl Pts',(1.54531945366543,1.89247052259151E-16,
-4.98749006417844));
#9307=CARTESIAN_POINT('Ctrl Pts',(1.54531945366543,-0.892190602557701,-5.04582339751177));
#9308=CARTESIAN_POINT('Ctrl Pts',(0.772659726832716,-1.33828590383655,-5.10415673084511));
#9309=CARTESIAN_POINT('Ctrl Pts',(3.27785509695491E-16,-1.7843812051154,
-5.16249006417844));
#9310=CARTESIAN_POINT('Ctrl Pts',(-0.772659726832714,-1.33828590383655,
-5.22082339751177));
#9311=CARTESIAN_POINT('Ctrl Pts',(-1.54531945366543,-0.892190602557702,
-5.27915673084511));
#9312=CARTESIAN_POINT('Ctrl Pts',(-1.54531945366543,0.,-5.33749006417844));
#9313=CARTESIAN_POINT('Ctrl Pts',(-1.54531945366543,0.892190602557701,-5.39582339751177));
#9314=CARTESIAN_POINT('Ctrl Pts',(-0.772659726832715,1.33828590383655,-5.45415673084511));
#9315=CARTESIAN_POINT('Ctrl Pts',(-1.09261836565164E-16,1.7843812051154,
-5.51249006417844));
#9316=CARTESIAN_POINT('Ctrl Pts',(0.772659726832715,1.33828590383655,-5.57082339751177));
#9317=CARTESIAN_POINT('Ctrl Pts',(1.54531945366543,0.892190602557702,-5.62915673084511));
#9318=CARTESIAN_POINT('Ctrl Pts',(1.54531945366543,1.89247052259151E-16,
-5.68749006417844));
#9319=CARTESIAN_POINT('Ctrl Pts',(1.54531945366543,-0.892190602557701,-5.74582339751177));
#9320=CARTESIAN_POINT('Ctrl Pts',(0.772659726832716,-1.33828590383655,-5.8041567308451));
#9321=CARTESIAN_POINT('Ctrl Pts',(3.27785509695491E-16,-1.7843812051154,
-5.86249006417844));
#9322=CARTESIAN_POINT('Ctrl Pts',(-0.772659726832714,-1.33828590383655,
-5.92082339751177));
#9323=CARTESIAN_POINT('Ctrl Pts',(-1.54531945366543,-0.892190602557702,
-5.9791567308451));
#9324=CARTESIAN_POINT('Ctrl Pts',(-1.54531945366543,0.,-6.03749006417844));
#9325=CARTESIAN_POINT('Ctrl Pts',(-2.,0.,0.));
#9326=CARTESIAN_POINT('Ctrl Pts',(-2.,1.15470053837925,-0.0583333333333332));
#9327=CARTESIAN_POINT('Ctrl Pts',(-1.,1.73205080756888,-0.116666666666666));
#9328=CARTESIAN_POINT('Ctrl Pts',(-1.41410031829988E-16,2.3094010767585,
-0.175));
#9329=CARTESIAN_POINT('Ctrl Pts',(1.,1.73205080756888,-0.233333333333333));
#9330=CARTESIAN_POINT('Ctrl Pts',(2.,1.15470053837925,-0.291666666666666));
#9331=CARTESIAN_POINT('Ctrl Pts',(2.,2.44929359829471E-16,-0.349999999999999));
#9332=CARTESIAN_POINT('Ctrl Pts',(2.,-1.15470053837925,-0.408333333333332));
#9333=CARTESIAN_POINT('Ctrl Pts',(1.,-1.73205080756888,-0.466666666666666));
#9334=CARTESIAN_POINT('Ctrl Pts',(4.24230095489963E-16,-2.3094010767585,
-0.524999999999999));
#9335=CARTESIAN_POINT('Ctrl Pts',(-0.999999999999999,-1.73205080756888,
-0.583333333333332));
#9336=CARTESIAN_POINT('Ctrl Pts',(-2.,-1.15470053837925,-0.641666666666665));
#9337=CARTESIAN_POINT('Ctrl Pts',(-2.,0.,-0.699999999999999));
#9338=CARTESIAN_POINT('Ctrl Pts',(-2.,1.15470053837925,-0.758333333333332));
#9339=CARTESIAN_POINT('Ctrl Pts',(-1.,1.73205080756888,-0.816666666666665));
#9340=CARTESIAN_POINT('Ctrl Pts',(-1.41410031829988E-16,2.3094010767585,
-0.874999999999998));
#9341=CARTESIAN_POINT('Ctrl Pts',(1.,1.73205080756888,-0.933333333333331));
#9342=CARTESIAN_POINT('Ctrl Pts',(2.,1.15470053837925,-0.991666666666665));
#9343=CARTESIAN_POINT('Ctrl Pts',(2.,2.44929359829471E-16,-1.05));
#9344=CARTESIAN_POINT('Ctrl Pts',(2.,-1.15470053837925,-1.10833333333333));
#9345=CARTESIAN_POINT('Ctrl Pts',(1.,-1.73205080756888,-1.16666666666666));
#9346=CARTESIAN_POINT('Ctrl Pts',(4.24230095489963E-16,-2.3094010767585,
-1.225));
#9347=CARTESIAN_POINT('Ctrl Pts',(-0.999999999999999,-1.73205080756888,
-1.28333333333333));
#9348=CARTESIAN_POINT('Ctrl Pts',(-2.,-1.15470053837925,-1.34166666666666));
#9349=CARTESIAN_POINT('Ctrl Pts',(-2.,0.,-1.4));
#9350=CARTESIAN_POINT('Ctrl Pts',(-2.,1.15470053837925,-1.45833333333333));
#9351=CARTESIAN_POINT('Ctrl Pts',(-1.,1.73205080756888,-1.51666666666666));
#9352=CARTESIAN_POINT('Ctrl Pts',(-1.41410031829988E-16,2.3094010767585,
-1.575));
#9353=CARTESIAN_POINT('Ctrl Pts',(1.,1.73205080756888,-1.63333333333333));
#9354=CARTESIAN_POINT('Ctrl Pts',(2.,1.15470053837925,-1.69166666666666));
#9355=CARTESIAN_POINT('Ctrl Pts',(2.,2.44929359829471E-16,-1.75));
#9356=CARTESIAN_POINT('Ctrl Pts',(2.,-1.15470053837925,-1.80833333333333));
#9357=CARTESIAN_POINT('Ctrl Pts',(1.,-1.73205080756888,-1.86666666666666));
#9358=CARTESIAN_POINT('Ctrl Pts',(4.24230095489963E-16,-2.3094010767585,
-1.925));
#9359=CARTESIAN_POINT('Ctrl Pts',(-0.999999999999999,-1.73205080756888,
-1.98333333333333));
#9360=CARTESIAN_POINT('Ctrl Pts',(-2.,-1.15470053837925,-2.04166666666666));
#9361=CARTESIAN_POINT('Ctrl Pts',(-2.,0.,-2.1));
#9362=CARTESIAN_POINT('Ctrl Pts',(-2.,1.15470053837925,-2.15833333333333));
#9363=CARTESIAN_POINT('Ctrl Pts',(-1.,1.73205080756888,-2.21666666666666));
#9364=CARTESIAN_POINT('Ctrl Pts',(-1.41410031829988E-16,2.3094010767585,
-2.275));
#9365=CARTESIAN_POINT('Ctrl Pts',(1.,1.73205080756888,-2.33333333333333));
#9366=CARTESIAN_POINT('Ctrl Pts',(2.,1.15470053837925,-2.39166666666666));
#9367=CARTESIAN_POINT('Ctrl Pts',(2.,2.44929359829471E-16,-2.44999999999999));
#9368=CARTESIAN_POINT('Ctrl Pts',(2.,-1.15470053837925,-2.50833333333333));
#9369=CARTESIAN_POINT('Ctrl Pts',(1.,-1.73205080756888,-2.56666666666666));
#9370=CARTESIAN_POINT('Ctrl Pts',(4.24230095489963E-16,-2.3094010767585,
-2.62499999999999));
#9371=CARTESIAN_POINT('Ctrl Pts',(-0.999999999999999,-1.73205080756888,
-2.68333333333333));
#9372=CARTESIAN_POINT('Ctrl Pts',(-2.,-1.15470053837925,-2.74166666666666));
#9373=CARTESIAN_POINT('Ctrl Pts',(-2.,0.,-2.79999999999999));
#9374=CARTESIAN_POINT('Ctrl Pts',(-2.,1.15470053837925,-2.85833333333333));
#9375=CARTESIAN_POINT('Ctrl Pts',(-1.,1.73205080756888,-2.91666666666666));
#9376=CARTESIAN_POINT('Ctrl Pts',(-1.41410031829988E-16,2.3094010767585,
-2.97499999999999));
#9377=CARTESIAN_POINT('Ctrl Pts',(1.,1.73205080756888,-3.03333333333333));
#9378=CARTESIAN_POINT('Ctrl Pts',(2.,1.15470053837925,-3.09166666666666));
#9379=CARTESIAN_POINT('Ctrl Pts',(2.,2.44929359829471E-16,-3.14999999999999));
#9380=CARTESIAN_POINT('Ctrl Pts',(2.,-1.15470053837925,-3.20833333333333));
#9381=CARTESIAN_POINT('Ctrl Pts',(1.,-1.73205080756888,-3.26666666666666));
#9382=CARTESIAN_POINT('Ctrl Pts',(4.24230095489963E-16,-2.3094010767585,
-3.32499999999999));
#9383=CARTESIAN_POINT('Ctrl Pts',(-0.999999999999999,-1.73205080756888,
-3.38333333333333));
#9384=CARTESIAN_POINT('Ctrl Pts',(-2.,-1.15470053837925,-3.44166666666666));
#9385=CARTESIAN_POINT('Ctrl Pts',(-2.,0.,-3.49999999999999));
#9386=CARTESIAN_POINT('Ctrl Pts',(-2.,1.15470053837925,-3.55833333333333));
#9387=CARTESIAN_POINT('Ctrl Pts',(-1.,1.73205080756888,-3.61666666666666));
#9388=CARTESIAN_POINT('Ctrl Pts',(-1.41410031829988E-16,2.3094010767585,
-3.67499999999999));
#9389=CARTESIAN_POINT('Ctrl Pts',(1.,1.73205080756888,-3.73333333333333));
#9390=CARTESIAN_POINT('Ctrl Pts',(2.,1.15470053837925,-3.79166666666666));
#9391=CARTESIAN_POINT('Ctrl Pts',(2.,2.44929359829471E-16,-3.84999999999999));
#9392=CARTESIAN_POINT('Ctrl Pts',(2.,-1.15470053837925,-3.90833333333332));
#9393=CARTESIAN_POINT('Ctrl Pts',(1.,-1.73205080756888,-3.96666666666666));
#9394=CARTESIAN_POINT('Ctrl Pts',(4.24230095489963E-16,-2.3094010767585,
-4.02499999999999));
#9395=CARTESIAN_POINT('Ctrl Pts',(-0.999999999999999,-1.73205080756888,
-4.08333333333332));
#9396=CARTESIAN_POINT('Ctrl Pts',(-2.,-1.15470053837925,-4.14166666666666));
#9397=CARTESIAN_POINT('Ctrl Pts',(-2.,0.,-4.19999999999999));
#9398=CARTESIAN_POINT('Ctrl Pts',(-2.,1.15470053837925,-4.25833333333332));
#9399=CARTESIAN_POINT('Ctrl Pts',(-1.,1.73205080756888,-4.31666666666666));
#9400=CARTESIAN_POINT('Ctrl Pts',(-1.41410031829988E-16,2.3094010767585,
-4.37499999999999));
#9401=CARTESIAN_POINT('Ctrl Pts',(1.,1.73205080756888,-4.43333333333332));
#9402=CARTESIAN_POINT('Ctrl Pts',(2.,1.15470053837925,-4.49166666666666));
#9403=CARTESIAN_POINT('Ctrl Pts',(2.,2.44929359829471E-16,-4.54999999999999));
#9404=CARTESIAN_POINT('Ctrl Pts',(2.,-1.15470053837925,-4.60833333333332));
#9405=CARTESIAN_POINT('Ctrl Pts',(1.,-1.73205080756888,-4.66666666666666));
#9406=CARTESIAN_POINT('Ctrl Pts',(4.24230095489963E-16,-2.3094010767585,
-4.72499999999999));
#9407=CARTESIAN_POINT('Ctrl Pts',(-0.999999999999999,-1.73205080756888,
-4.78333333333332));
#9408=CARTESIAN_POINT('Ctrl Pts',(-2.,-1.15470053837925,-4.84166666666666));
#9409=CARTESIAN_POINT('Ctrl Pts',(-2.,0.,-4.89999999999999));
#9410=CARTESIAN_POINT('Ctrl Pts',(-2.,1.15470053837925,-4.95833333333332));
#9411=CARTESIAN_POINT('Ctrl Pts',(-1.,1.73205080756888,-5.01666666666666));
#9412=CARTESIAN_POINT('Ctrl Pts',(-1.41410031829988E-16,2.3094010767585,
-5.07499999999999));
#9413=CARTESIAN_POINT('Ctrl Pts',(1.,1.73205080756888,-5.13333333333332));
#9414=CARTESIAN_POINT('Ctrl Pts',(2.,1.15470053837925,-5.19166666666666));
#9415=CARTESIAN_POINT('Ctrl Pts',(2.,2.44929359829471E-16,-5.24999999999999));
#9416=CARTESIAN_POINT('Ctrl Pts',(2.,-1.15470053837925,-5.30833333333332));
#9417=CARTESIAN_POINT('Ctrl Pts',(1.,-1.73205080756888,-5.36666666666665));
#9418=CARTESIAN_POINT('Ctrl Pts',(4.24230095489963E-16,-2.3094010767585,
-5.42499999999999));
#9419=CARTESIAN_POINT('Ctrl Pts',(-0.999999999999999,-1.73205080756888,
-5.48333333333332));
#9420=CARTESIAN_POINT('Ctrl Pts',(-2.,-1.15470053837925,-5.54166666666665));
#9421=CARTESIAN_POINT('Ctrl Pts',(-2.,0.,-5.59999999999999));
#9422=CARTESIAN_POINT('Ctrl Pts',(-2.,1.15470053837925,-5.65833333333332));
#9423=CARTESIAN_POINT('Ctrl Pts',(-1.,1.73205080756888,-5.71666666666665));
#9424=CARTESIAN_POINT('Ctrl Pts',(-1.41410031829988E-16,2.3094010767585,
-5.77499999999999));
#9425=CARTESIAN_POINT('Ctrl Pts',(1.,1.73205080756888,-5.83333333333332));
#9426=CARTESIAN_POINT('Ctrl Pts',(2.,1.15470053837925,-5.89166666666665));
#9427=CARTESIAN_POINT('Ctrl Pts',(2.,2.44929359829471E-16,-5.94999999999999));
#9428=CARTESIAN_POINT('Ctrl Pts',(2.,-1.15470053837925,-6.00833333333332));
#9429=CARTESIAN_POINT('Ctrl Pts',(1.,-1.73205080756888,-6.06666666666665));
#9430=CARTESIAN_POINT('Ctrl Pts',(4.24230095489963E-16,-2.3094010767585,
-6.12499999999999));
#9431=CARTESIAN_POINT('Ctrl Pts',(-0.999999999999999,-1.73205080756888,
-6.18333333333332));
#9432=CARTESIAN_POINT('Ctrl Pts',(-2.,-1.15470053837925,-6.24166666666665));
#9433=CARTESIAN_POINT('Ctrl Pts',(-2.,0.,-6.29999999999999));
#9434=CARTESIAN_POINT('Ctrl Pts',(-2.,0.,0.6125));
#9435=CARTESIAN_POINT('Ctrl Pts',(-2.,1.15470053837925,0.554166666666667));
#9436=CARTESIAN_POINT('Ctrl Pts',(-1.,1.73205080756888,0.495833333333334));
#9437=CARTESIAN_POINT('Ctrl Pts',(-1.41410031829988E-16,2.3094010767585,
0.437500000000001));
#9438=CARTESIAN_POINT('Ctrl Pts',(1.,1.73205080756888,0.379166666666667));
#9439=CARTESIAN_POINT('Ctrl Pts',(2.,1.15470053837925,0.320833333333334));
#9440=CARTESIAN_POINT('Ctrl Pts',(2.,2.44929359829471E-16,0.262500000000001));
#9441=CARTESIAN_POINT('Ctrl Pts',(2.,-1.15470053837925,0.204166666666668));
#9442=CARTESIAN_POINT('Ctrl Pts',(1.,-1.73205080756888,0.145833333333335));
#9443=CARTESIAN_POINT('Ctrl Pts',(4.24230095489963E-16,-2.3094010767585,
0.0875000000000013));
#9444=CARTESIAN_POINT('Ctrl Pts',(-0.999999999999999,-1.73205080756888,
0.0291666666666681));
#9445=CARTESIAN_POINT('Ctrl Pts',(-2.,-1.15470053837925,-0.0291666666666651));
#9446=CARTESIAN_POINT('Ctrl Pts',(-2.,0.,-0.0874999999999983));
#9447=CARTESIAN_POINT('Ctrl Pts',(-2.,1.15470053837925,-0.145833333333331));
#9448=CARTESIAN_POINT('Ctrl Pts',(-1.,1.73205080756888,-0.204166666666665));
#9449=CARTESIAN_POINT('Ctrl Pts',(-1.41410031829988E-16,2.3094010767585,
-0.262499999999998));
#9450=CARTESIAN_POINT('Ctrl Pts',(1.,1.73205080756888,-0.320833333333331));
#9451=CARTESIAN_POINT('Ctrl Pts',(2.,1.15470053837925,-0.379166666666664));
#9452=CARTESIAN_POINT('Ctrl Pts',(2.,2.44929359829471E-16,-0.437499999999998));
#9453=CARTESIAN_POINT('Ctrl Pts',(2.,-1.15470053837925,-0.495833333333331));
#9454=CARTESIAN_POINT('Ctrl Pts',(1.,-1.73205080756888,-0.554166666666664));
#9455=CARTESIAN_POINT('Ctrl Pts',(4.24230095489963E-16,-2.3094010767585,
-0.612499999999997));
#9456=CARTESIAN_POINT('Ctrl Pts',(-0.999999999999999,-1.73205080756888,
-0.67083333333333));
#9457=CARTESIAN_POINT('Ctrl Pts',(-2.,-1.15470053837925,-0.729166666666663));
#9458=CARTESIAN_POINT('Ctrl Pts',(-2.,0.,-0.787499999999997));
#9459=CARTESIAN_POINT('Ctrl Pts',(-2.,1.15470053837925,-0.84583333333333));
#9460=CARTESIAN_POINT('Ctrl Pts',(-1.,1.73205080756888,-0.904166666666663));
#9461=CARTESIAN_POINT('Ctrl Pts',(-1.41410031829988E-16,2.3094010767585,
-0.962499999999996));
#9462=CARTESIAN_POINT('Ctrl Pts',(1.,1.73205080756888,-1.02083333333333));
#9463=CARTESIAN_POINT('Ctrl Pts',(2.,1.15470053837925,-1.07916666666666));
#9464=CARTESIAN_POINT('Ctrl Pts',(2.,2.44929359829471E-16,-1.1375));
#9465=CARTESIAN_POINT('Ctrl Pts',(2.,-1.15470053837925,-1.19583333333333));
#9466=CARTESIAN_POINT('Ctrl Pts',(1.,-1.73205080756888,-1.25416666666666));
#9467=CARTESIAN_POINT('Ctrl Pts',(4.24230095489963E-16,-2.3094010767585,
-1.3125));
#9468=CARTESIAN_POINT('Ctrl Pts',(-0.999999999999999,-1.73205080756888,
-1.37083333333333));
#9469=CARTESIAN_POINT('Ctrl Pts',(-2.,-1.15470053837925,-1.42916666666666));
#9470=CARTESIAN_POINT('Ctrl Pts',(-2.,0.,-1.4875));
#9471=CARTESIAN_POINT('Ctrl Pts',(-2.,1.15470053837925,-1.54583333333333));
#9472=CARTESIAN_POINT('Ctrl Pts',(-1.,1.73205080756888,-1.60416666666666));
#9473=CARTESIAN_POINT('Ctrl Pts',(-1.41410031829988E-16,2.3094010767585,
-1.66249999999999));
#9474=CARTESIAN_POINT('Ctrl Pts',(1.,1.73205080756888,-1.72083333333333));
#9475=CARTESIAN_POINT('Ctrl Pts',(2.,1.15470053837925,-1.77916666666666));
#9476=CARTESIAN_POINT('Ctrl Pts',(2.,2.44929359829471E-16,-1.83749999999999));
#9477=CARTESIAN_POINT('Ctrl Pts',(2.,-1.15470053837925,-1.89583333333333));
#9478=CARTESIAN_POINT('Ctrl Pts',(1.,-1.73205080756888,-1.95416666666666));
#9479=CARTESIAN_POINT('Ctrl Pts',(4.24230095489963E-16,-2.3094010767585,
-2.01249999999999));
#9480=CARTESIAN_POINT('Ctrl Pts',(-0.999999999999999,-1.73205080756888,
-2.07083333333333));
#9481=CARTESIAN_POINT('Ctrl Pts',(-2.,-1.15470053837925,-2.12916666666666));
#9482=CARTESIAN_POINT('Ctrl Pts',(-2.,0.,-2.18749999999999));
#9483=CARTESIAN_POINT('Ctrl Pts',(-2.,1.15470053837925,-2.24583333333333));
#9484=CARTESIAN_POINT('Ctrl Pts',(-1.,1.73205080756888,-2.30416666666666));
#9485=CARTESIAN_POINT('Ctrl Pts',(-1.41410031829988E-16,2.3094010767585,
-2.36249999999999));
#9486=CARTESIAN_POINT('Ctrl Pts',(1.,1.73205080756888,-2.42083333333333));
#9487=CARTESIAN_POINT('Ctrl Pts',(2.,1.15470053837925,-2.47916666666666));
#9488=CARTESIAN_POINT('Ctrl Pts',(2.,2.44929359829471E-16,-2.53749999999999));
#9489=CARTESIAN_POINT('Ctrl Pts',(2.,-1.15470053837925,-2.59583333333333));
#9490=CARTESIAN_POINT('Ctrl Pts',(1.,-1.73205080756888,-2.65416666666666));
#9491=CARTESIAN_POINT('Ctrl Pts',(4.24230095489963E-16,-2.3094010767585,
-2.71249999999999));
#9492=CARTESIAN_POINT('Ctrl Pts',(-0.999999999999999,-1.73205080756888,
-2.77083333333333));
#9493=CARTESIAN_POINT('Ctrl Pts',(-2.,-1.15470053837925,-2.82916666666666));
#9494=CARTESIAN_POINT('Ctrl Pts',(-2.,0.,-2.88749999999999));
#9495=CARTESIAN_POINT('Ctrl Pts',(-2.,1.15470053837925,-2.94583333333332));
#9496=CARTESIAN_POINT('Ctrl Pts',(-1.,1.73205080756888,-3.00416666666666));
#9497=CARTESIAN_POINT('Ctrl Pts',(-1.41410031829988E-16,2.3094010767585,
-3.06249999999999));
#9498=CARTESIAN_POINT('Ctrl Pts',(1.,1.73205080756888,-3.12083333333332));
#9499=CARTESIAN_POINT('Ctrl Pts',(2.,1.15470053837925,-3.17916666666666));
#9500=CARTESIAN_POINT('Ctrl Pts',(2.,2.44929359829471E-16,-3.23749999999999));
#9501=CARTESIAN_POINT('Ctrl Pts',(2.,-1.15470053837925,-3.29583333333332));
#9502=CARTESIAN_POINT('Ctrl Pts',(1.,-1.73205080756888,-3.35416666666666));
#9503=CARTESIAN_POINT('Ctrl Pts',(4.24230095489963E-16,-2.3094010767585,
-3.41249999999999));
#9504=CARTESIAN_POINT('Ctrl Pts',(-0.999999999999999,-1.73205080756888,
-3.47083333333332));
#9505=CARTESIAN_POINT('Ctrl Pts',(-2.,-1.15470053837925,-3.52916666666666));
#9506=CARTESIAN_POINT('Ctrl Pts',(-2.,0.,-3.58749999999999));
#9507=CARTESIAN_POINT('Ctrl Pts',(-2.,1.15470053837925,-3.64583333333332));
#9508=CARTESIAN_POINT('Ctrl Pts',(-1.,1.73205080756888,-3.70416666666666));
#9509=CARTESIAN_POINT('Ctrl Pts',(-1.41410031829988E-16,2.3094010767585,
-3.76249999999999));
#9510=CARTESIAN_POINT('Ctrl Pts',(1.,1.73205080756888,-3.82083333333332));
#9511=CARTESIAN_POINT('Ctrl Pts',(2.,1.15470053837925,-3.87916666666666));
#9512=CARTESIAN_POINT('Ctrl Pts',(2.,2.44929359829471E-16,-3.93749999999999));
#9513=CARTESIAN_POINT('Ctrl Pts',(2.,-1.15470053837925,-3.99583333333332));
#9514=CARTESIAN_POINT('Ctrl Pts',(1.,-1.73205080756888,-4.05416666666666));
#9515=CARTESIAN_POINT('Ctrl Pts',(4.24230095489963E-16,-2.3094010767585,
-4.11249999999999));
#9516=CARTESIAN_POINT('Ctrl Pts',(-0.999999999999999,-1.73205080756888,
-4.17083333333332));
#9517=CARTESIAN_POINT('Ctrl Pts',(-2.,-1.15470053837925,-4.22916666666666));
#9518=CARTESIAN_POINT('Ctrl Pts',(-2.,0.,-4.28749999999999));
#9519=CARTESIAN_POINT('Ctrl Pts',(-2.,1.15470053837925,-4.34583333333332));
#9520=CARTESIAN_POINT('Ctrl Pts',(-1.,1.73205080756888,-4.40416666666666));
#9521=CARTESIAN_POINT('Ctrl Pts',(-1.41410031829988E-16,2.3094010767585,
-4.46249999999999));
#9522=CARTESIAN_POINT('Ctrl Pts',(1.,1.73205080756888,-4.52083333333332));
#9523=CARTESIAN_POINT('Ctrl Pts',(2.,1.15470053837925,-4.57916666666666));
#9524=CARTESIAN_POINT('Ctrl Pts',(2.,2.44929359829471E-16,-4.63749999999999));
#9525=CARTESIAN_POINT('Ctrl Pts',(2.,-1.15470053837925,-4.69583333333332));
#9526=CARTESIAN_POINT('Ctrl Pts',(1.,-1.73205080756888,-4.75416666666665));
#9527=CARTESIAN_POINT('Ctrl Pts',(4.24230095489963E-16,-2.3094010767585,
-4.81249999999999));
#9528=CARTESIAN_POINT('Ctrl Pts',(-0.999999999999999,-1.73205080756888,
-4.87083333333332));
#9529=CARTESIAN_POINT('Ctrl Pts',(-2.,-1.15470053837925,-4.92916666666665));
#9530=CARTESIAN_POINT('Ctrl Pts',(-2.,0.,-4.98749999999999));
#9531=CARTESIAN_POINT('Ctrl Pts',(-2.,1.15470053837925,-5.04583333333332));
#9532=CARTESIAN_POINT('Ctrl Pts',(-1.,1.73205080756888,-5.10416666666665));
#9533=CARTESIAN_POINT('Ctrl Pts',(-1.41410031829988E-16,2.3094010767585,
-5.16249999999999));
#9534=CARTESIAN_POINT('Ctrl Pts',(1.,1.73205080756888,-5.22083333333332));
#9535=CARTESIAN_POINT('Ctrl Pts',(2.,1.15470053837925,-5.27916666666665));
#9536=CARTESIAN_POINT('Ctrl Pts',(2.,2.44929359829471E-16,-5.33749999999999));
#9537=CARTESIAN_POINT('Ctrl Pts',(2.,-1.15470053837925,-5.39583333333332));
#9538=CARTESIAN_POINT('Ctrl Pts',(1.,-1.73205080756888,-5.45416666666665));
#9539=CARTESIAN_POINT('Ctrl Pts',(4.24230095489963E-16,-2.3094010767585,
-5.51249999999999));
#9540=CARTESIAN_POINT('Ctrl Pts',(-0.999999999999999,-1.73205080756888,
-5.57083333333332));
#9541=CARTESIAN_POINT('Ctrl Pts',(-2.,-1.15470053837925,-5.62916666666665));
#9542=CARTESIAN_POINT('Ctrl Pts',(-2.,0.,-5.68749999999999));
#9543=CARTESIAN_POINT('Ctrl Pts',(-1.54531030864761,0.,0.349984784299953));
#9544=CARTESIAN_POINT('Ctrl Pts',(-1.54531030864761,0.892185322679203,0.29165145096662));
#9545=CARTESIAN_POINT('Ctrl Pts',(-0.772655154323807,1.3382779840188,0.233318117633287));
#9546=CARTESIAN_POINT('Ctrl Pts',(-1.09261189966533E-16,1.78437064535841,
0.174984784299954));
#9547=CARTESIAN_POINT('Ctrl Pts',(0.772655154323806,1.3382779840188,0.11665145096662));
#9548=CARTESIAN_POINT('Ctrl Pts',(1.54531030864761,0.892185322679204,0.0583181176332872));
#9549=CARTESIAN_POINT('Ctrl Pts',(1.54531030864761,1.89245932317471E-16,
-1.52157000459716E-5));
#9550=CARTESIAN_POINT('Ctrl Pts',(1.54531030864761,-0.892185322679203,-0.0583485490333792));
#9551=CARTESIAN_POINT('Ctrl Pts',(0.772655154323807,-1.3382779840188,-0.116681882366712));
#9552=CARTESIAN_POINT('Ctrl Pts',(3.277835698996E-16,-1.78437064535841,
-0.175015215700046));
#9553=CARTESIAN_POINT('Ctrl Pts',(-0.772655154323806,-1.33827798401881,
-0.233348549033379));
#9554=CARTESIAN_POINT('Ctrl Pts',(-1.54531030864761,-0.892185322679204,
-0.291681882366712));
#9555=CARTESIAN_POINT('Ctrl Pts',(-1.54531030864761,0.,-0.350015215700045));
#9556=CARTESIAN_POINT('Ctrl Pts',(-1.54531030864761,0.892185322679203,-0.408348549033379));
#9557=CARTESIAN_POINT('Ctrl Pts',(-0.772655154323807,1.3382779840188,-0.466681882366712));
#9558=CARTESIAN_POINT('Ctrl Pts',(-1.09261189966533E-16,1.78437064535841,
-0.525015215700045));
#9559=CARTESIAN_POINT('Ctrl Pts',(0.772655154323806,1.3382779840188,-0.583348549033378));
#9560=CARTESIAN_POINT('Ctrl Pts',(1.54531030864761,0.892185322679204,-0.641681882366711));
#9561=CARTESIAN_POINT('Ctrl Pts',(1.54531030864761,1.89245932317471E-16,
-0.700015215700045));
#9562=CARTESIAN_POINT('Ctrl Pts',(1.54531030864761,-0.892185322679203,-0.758348549033378));
#9563=CARTESIAN_POINT('Ctrl Pts',(0.772655154323807,-1.3382779840188,-0.816681882366711));
#9564=CARTESIAN_POINT('Ctrl Pts',(3.277835698996E-16,-1.78437064535841,
-0.875015215700044));
#9565=CARTESIAN_POINT('Ctrl Pts',(-0.772655154323806,-1.33827798401881,
-0.933348549033377));
#9566=CARTESIAN_POINT('Ctrl Pts',(-1.54531030864761,-0.892185322679204,
-0.99168188236671));
#9567=CARTESIAN_POINT('Ctrl Pts',(-1.54531030864761,0.,-1.05001521570004));
#9568=CARTESIAN_POINT('Ctrl Pts',(-1.54531030864761,0.892185322679203,-1.10834854903338));
#9569=CARTESIAN_POINT('Ctrl Pts',(-0.772655154323807,1.3382779840188,-1.16668188236671));
#9570=CARTESIAN_POINT('Ctrl Pts',(-1.09261189966533E-16,1.78437064535841,
-1.22501521570004));
#9571=CARTESIAN_POINT('Ctrl Pts',(0.772655154323806,1.3382779840188,-1.28334854903338));
#9572=CARTESIAN_POINT('Ctrl Pts',(1.54531030864761,0.892185322679204,-1.34168188236671));
#9573=CARTESIAN_POINT('Ctrl Pts',(1.54531030864761,1.89245932317471E-16,
-1.40001521570004));
#9574=CARTESIAN_POINT('Ctrl Pts',(1.54531030864761,-0.892185322679203,-1.45834854903338));
#9575=CARTESIAN_POINT('Ctrl Pts',(0.772655154323807,-1.3382779840188,-1.51668188236671));
#9576=CARTESIAN_POINT('Ctrl Pts',(3.277835698996E-16,-1.78437064535841,
-1.57501521570004));
#9577=CARTESIAN_POINT('Ctrl Pts',(-0.772655154323806,-1.33827798401881,
-1.63334854903338));
#9578=CARTESIAN_POINT('Ctrl Pts',(-1.54531030864761,-0.892185322679204,
-1.69168188236671));
#9579=CARTESIAN_POINT('Ctrl Pts',(-1.54531030864761,0.,-1.75001521570004));
#9580=CARTESIAN_POINT('Ctrl Pts',(-1.54531030864761,0.892185322679203,-1.80834854903338));
#9581=CARTESIAN_POINT('Ctrl Pts',(-0.772655154323807,1.3382779840188,-1.86668188236671));
#9582=CARTESIAN_POINT('Ctrl Pts',(-1.09261189966533E-16,1.78437064535841,
-1.92501521570004));
#9583=CARTESIAN_POINT('Ctrl Pts',(0.772655154323806,1.3382779840188,-1.98334854903338));
#9584=CARTESIAN_POINT('Ctrl Pts',(1.54531030864761,0.892185322679204,-2.04168188236671));
#9585=CARTESIAN_POINT('Ctrl Pts',(1.54531030864761,1.89245932317471E-16,
-2.10001521570004));
#9586=CARTESIAN_POINT('Ctrl Pts',(1.54531030864761,-0.892185322679203,-2.15834854903337));
#9587=CARTESIAN_POINT('Ctrl Pts',(0.772655154323807,-1.3382779840188,-2.21668188236671));
#9588=CARTESIAN_POINT('Ctrl Pts',(3.277835698996E-16,-1.78437064535841,
-2.27501521570004));
#9589=CARTESIAN_POINT('Ctrl Pts',(-0.772655154323806,-1.33827798401881,
-2.33334854903337));
#9590=CARTESIAN_POINT('Ctrl Pts',(-1.54531030864761,-0.892185322679204,
-2.39168188236671));
#9591=CARTESIAN_POINT('Ctrl Pts',(-1.54531030864761,0.,-2.45001521570004));
#9592=CARTESIAN_POINT('Ctrl Pts',(-1.54531030864761,0.892185322679203,-2.50834854903337));
#9593=CARTESIAN_POINT('Ctrl Pts',(-0.772655154323807,1.3382779840188,-2.56668188236671));
#9594=CARTESIAN_POINT('Ctrl Pts',(-1.09261189966533E-16,1.78437064535841,
-2.62501521570004));
#9595=CARTESIAN_POINT('Ctrl Pts',(0.772655154323806,1.3382779840188,-2.68334854903337));
#9596=CARTESIAN_POINT('Ctrl Pts',(1.54531030864761,0.892185322679204,-2.74168188236671));
#9597=CARTESIAN_POINT('Ctrl Pts',(1.54531030864761,1.89245932317471E-16,
-2.80001521570004));
#9598=CARTESIAN_POINT('Ctrl Pts',(1.54531030864761,-0.892185322679203,-2.85834854903337));
#9599=CARTESIAN_POINT('Ctrl Pts',(0.772655154323807,-1.3382779840188,-2.91668188236671));
#9600=CARTESIAN_POINT('Ctrl Pts',(3.277835698996E-16,-1.78437064535841,
-2.97501521570004));
#9601=CARTESIAN_POINT('Ctrl Pts',(-0.772655154323806,-1.33827798401881,
-3.03334854903337));
#9602=CARTESIAN_POINT('Ctrl Pts',(-1.54531030864761,-0.892185322679204,
-3.09168188236671));
#9603=CARTESIAN_POINT('Ctrl Pts',(-1.54531030864761,0.,-3.15001521570004));
#9604=CARTESIAN_POINT('Ctrl Pts',(-1.54531030864761,0.892185322679203,-3.20834854903337));
#9605=CARTESIAN_POINT('Ctrl Pts',(-0.772655154323807,1.3382779840188,-3.26668188236671));
#9606=CARTESIAN_POINT('Ctrl Pts',(-1.09261189966533E-16,1.78437064535841,
-3.32501521570004));
#9607=CARTESIAN_POINT('Ctrl Pts',(0.772655154323806,1.3382779840188,-3.38334854903337));
#9608=CARTESIAN_POINT('Ctrl Pts',(1.54531030864761,0.892185322679204,-3.44168188236671));
#9609=CARTESIAN_POINT('Ctrl Pts',(1.54531030864761,1.89245932317471E-16,
-3.50001521570004));
#9610=CARTESIAN_POINT('Ctrl Pts',(1.54531030864761,-0.892185322679203,-3.55834854903337));
#9611=CARTESIAN_POINT('Ctrl Pts',(0.772655154323807,-1.3382779840188,-3.61668188236671));
#9612=CARTESIAN_POINT('Ctrl Pts',(3.277835698996E-16,-1.78437064535841,
-3.67501521570004));
#9613=CARTESIAN_POINT('Ctrl Pts',(-0.772655154323806,-1.33827798401881,
-3.73334854903337));
#9614=CARTESIAN_POINT('Ctrl Pts',(-1.54531030864761,-0.892185322679204,
-3.7916818823667));
#9615=CARTESIAN_POINT('Ctrl Pts',(-1.54531030864761,0.,-3.85001521570004));
#9616=CARTESIAN_POINT('Ctrl Pts',(-1.54531030864761,0.892185322679203,-3.90834854903337));
#9617=CARTESIAN_POINT('Ctrl Pts',(-0.772655154323807,1.3382779840188,-3.9666818823667));
#9618=CARTESIAN_POINT('Ctrl Pts',(-1.09261189966533E-16,1.78437064535841,
-4.02501521570004));
#9619=CARTESIAN_POINT('Ctrl Pts',(0.772655154323806,1.3382779840188,-4.08334854903337));
#9620=CARTESIAN_POINT('Ctrl Pts',(1.54531030864761,0.892185322679204,-4.1416818823667));
#9621=CARTESIAN_POINT('Ctrl Pts',(1.54531030864761,1.89245932317471E-16,
-4.20001521570004));
#9622=CARTESIAN_POINT('Ctrl Pts',(1.54531030864761,-0.892185322679203,-4.25834854903337));
#9623=CARTESIAN_POINT('Ctrl Pts',(0.772655154323807,-1.3382779840188,-4.3166818823667));
#9624=CARTESIAN_POINT('Ctrl Pts',(3.277835698996E-16,-1.78437064535841,
-4.37501521570004));
#9625=CARTESIAN_POINT('Ctrl Pts',(-0.772655154323806,-1.33827798401881,
-4.43334854903337));
#9626=CARTESIAN_POINT('Ctrl Pts',(-1.54531030864761,-0.892185322679204,
-4.4916818823667));
#9627=CARTESIAN_POINT('Ctrl Pts',(-1.54531030864761,0.,-4.55001521570004));
#9628=CARTESIAN_POINT('Ctrl Pts',(-1.54531030864761,0.892185322679203,-4.60834854903337));
#9629=CARTESIAN_POINT('Ctrl Pts',(-0.772655154323807,1.3382779840188,-4.6666818823667));
#9630=CARTESIAN_POINT('Ctrl Pts',(-1.09261189966533E-16,1.78437064535841,
-4.72501521570003));
#9631=CARTESIAN_POINT('Ctrl Pts',(0.772655154323806,1.3382779840188,-4.78334854903337));
#9632=CARTESIAN_POINT('Ctrl Pts',(1.54531030864761,0.892185322679204,-4.8416818823667));
#9633=CARTESIAN_POINT('Ctrl Pts',(1.54531030864761,1.89245932317471E-16,
-4.90001521570003));
#9634=CARTESIAN_POINT('Ctrl Pts',(1.54531030864761,-0.892185322679203,-4.95834854903337));
#9635=CARTESIAN_POINT('Ctrl Pts',(0.772655154323807,-1.3382779840188,-5.0166818823667));
#9636=CARTESIAN_POINT('Ctrl Pts',(3.277835698996E-16,-1.78437064535841,
-5.07501521570004));
#9637=CARTESIAN_POINT('Ctrl Pts',(-0.772655154323806,-1.33827798401881,
-5.13334854903337));
#9638=CARTESIAN_POINT('Ctrl Pts',(-1.54531030864761,-0.892185322679204,
-5.1916818823667));
#9639=CARTESIAN_POINT('Ctrl Pts',(-1.54531030864761,0.,-5.25001521570004));
#9640=CARTESIAN_POINT('Ctrl Pts',(-1.54531030864761,0.892185322679203,-5.30834854903337));
#9641=CARTESIAN_POINT('Ctrl Pts',(-0.772655154323807,1.3382779840188,-5.3666818823667));
#9642=CARTESIAN_POINT('Ctrl Pts',(-1.09261189966533E-16,1.78437064535841,
-5.42501521570004));
#9643=CARTESIAN_POINT('Ctrl Pts',(0.772655154323806,1.3382779840188,-5.48334854903337));
#9644=CARTESIAN_POINT('Ctrl Pts',(1.54531030864761,0.892185322679204,-5.5416818823667));
#9645=CARTESIAN_POINT('Ctrl Pts',(1.54531030864761,1.89245932317471E-16,
-5.60001521570003));
#9646=CARTESIAN_POINT('Ctrl Pts',(1.54531030864761,-0.892185322679203,-5.65834854903337));
#9647=CARTESIAN_POINT('Ctrl Pts',(0.772655154323807,-1.3382779840188,-5.7166818823667));
#9648=CARTESIAN_POINT('Ctrl Pts',(3.277835698996E-16,-1.78437064535841,
-5.77501521570003));
#9649=CARTESIAN_POINT('Ctrl Pts',(-0.772655154323806,-1.33827798401881,
-5.83334854903337));
#9650=CARTESIAN_POINT('Ctrl Pts',(-1.54531030864761,-0.892185322679204,
-5.8916818823667));
#9651=CARTESIAN_POINT('Ctrl Pts',(-1.54531030864761,0.,-5.95001521570003));
#9652=CARTESIAN_POINT('Origin',(0.,0.,0.));
#9653=CARTESIAN_POINT('Origin',(0.,0.,-0.5562));
#9654=CARTESIAN_POINT('Origin',(-300.,200.,0.));
#9655=CARTESIAN_POINT('',(-300.,-200.,0.));
#9656=CARTESIAN_POINT('',(-300.,200.,0.));
#9657=CARTESIAN_POINT('',(-300.,200.,0.));
#9658=CARTESIAN_POINT('',(-300.,-200.,-20.));
#9659=CARTESIAN_POINT('',(-300.,-200.,0.));
#9660=CARTESIAN_POINT('',(-300.,200.,-20.));
#9661=CARTESIAN_POINT('',(-300.,200.,-20.));
#9662=CARTESIAN_POINT('',(-300.,200.,0.));
#9663=CARTESIAN_POINT('Origin',(300.,200.,0.));
#9664=CARTESIAN_POINT('',(300.,200.,0.));
#9665=CARTESIAN_POINT('',(300.,200.,0.));
#9666=CARTESIAN_POINT('',(300.,200.,-20.));
#9667=CARTESIAN_POINT('',(300.,200.,-20.));
#9668=CARTESIAN_POINT('',(300.,200.,0.));
#9669=CARTESIAN_POINT('Origin',(300.,-200.,0.));
#9670=CARTESIAN_POINT('',(300.,-200.,0.));
#9671=CARTESIAN_POINT('',(300.,-200.,0.));
#9672=CARTESIAN_POINT('',(300.,-200.,-20.));
#9673=CARTESIAN_POINT('',(300.,-200.,-20.));
#9674=CARTESIAN_POINT('',(300.,-200.,0.));
#9675=CARTESIAN_POINT('Origin',(-300.,-200.,0.));
#9676=CARTESIAN_POINT('',(-300.,-200.,0.));
#9677=CARTESIAN_POINT('',(-300.,-200.,-20.));
#9678=CARTESIAN_POINT('Origin',(320.,-220.,0.));
#9679=CARTESIAN_POINT('',(-320.,-220.,0.));
#9680=CARTESIAN_POINT('',(320.,-220.,0.));
#9681=CARTESIAN_POINT('',(-320.,-220.,0.));
#9682=CARTESIAN_POINT('',(-320.,-220.,-20.));
#9683=CARTESIAN_POINT('',(-320.,-220.,0.));
#9684=CARTESIAN_POINT('',(320.,-220.,-20.));
#9685=CARTESIAN_POINT('',(-320.,-220.,-20.));
#9686=CARTESIAN_POINT('',(320.,-220.,0.));
#9687=CARTESIAN_POINT('Origin',(320.,220.,0.));
#9688=CARTESIAN_POINT('',(320.,220.,0.));
#9689=CARTESIAN_POINT('',(320.,-220.,0.));
#9690=CARTESIAN_POINT('',(320.,220.,-20.));
#9691=CARTESIAN_POINT('',(320.,-220.,-20.));
#9692=CARTESIAN_POINT('',(320.,220.,0.));
#9693=CARTESIAN_POINT('Origin',(-320.,220.,0.));
#9694=CARTESIAN_POINT('',(-320.,220.,0.));
#9695=CARTESIAN_POINT('',(320.,220.,0.));
#9696=CARTESIAN_POINT('',(-320.,220.,-20.));
#9697=CARTESIAN_POINT('',(320.,220.,-20.));
#9698=CARTESIAN_POINT('',(-320.,220.,0.));
#9699=CARTESIAN_POINT('Origin',(-320.,-220.,0.));
#9700=CARTESIAN_POINT('',(-320.,220.,0.));
#9701=CARTESIAN_POINT('',(-320.,220.,-20.));
#9702=CARTESIAN_POINT('Origin',(0.,0.,0.));
#9703=CARTESIAN_POINT('Origin',(0.,0.,-20.));
#9704=CARTESIAN_POINT('Origin',(-210.,200.,0.));
#9705=CARTESIAN_POINT('',(-190.,200.,0.));
#9706=CARTESIAN_POINT('',(-210.,200.,0.));
#9707=CARTESIAN_POINT('',(-190.,200.,0.));
#9708=CARTESIAN_POINT('',(-190.,200.,-20.));
#9709=CARTESIAN_POINT('',(-190.,200.,0.));
#9710=CARTESIAN_POINT('',(-210.,200.,-20.));
#9711=CARTESIAN_POINT('',(-190.,200.,-20.));
#9712=CARTESIAN_POINT('',(-210.,200.,0.));
#9713=CARTESIAN_POINT('Origin',(-210.,-200.000000000001,0.));
#9714=CARTESIAN_POINT('',(-210.,-200.000000000001,0.));
#9715=CARTESIAN_POINT('',(-210.,200.,0.));
#9716=CARTESIAN_POINT('',(-210.,-200.000000000001,-20.));
#9717=CARTESIAN_POINT('',(-210.,200.,-20.));
#9718=CARTESIAN_POINT('',(-210.,-200.000000000001,0.));
#9719=CARTESIAN_POINT('Origin',(-190.,-200.000000000001,0.));
#9720=CARTESIAN_POINT('',(-190.,-200.000000000001,0.));
#9721=CARTESIAN_POINT('',(-210.,-200.000000000001,0.));
#9722=CARTESIAN_POINT('',(-190.,-200.000000000001,-20.));
#9723=CARTESIAN_POINT('',(-210.,-200.000000000001,-20.));
#9724=CARTESIAN_POINT('',(-190.,-200.000000000001,0.));
#9725=CARTESIAN_POINT('Origin',(-190.,200.,0.));
#9726=CARTESIAN_POINT('',(-190.,-200.000000000001,0.));
#9727=CARTESIAN_POINT('',(-190.,-200.000000000001,-20.));
#9728=CARTESIAN_POINT('Origin',(-200.,-6.75015598972095E-13,0.));
#9729=CARTESIAN_POINT('Origin',(-200.,-6.75015598972095E-13,-20.));
#9730=CARTESIAN_POINT('Origin',(190.,200.,0.));
#9731=CARTESIAN_POINT('',(210.,200.,0.));
#9732=CARTESIAN_POINT('',(190.,200.,0.));
#9733=CARTESIAN_POINT('',(210.,200.,0.));
#9734=CARTESIAN_POINT('',(210.,200.,-20.));
#9735=CARTESIAN_POINT('',(210.,200.,0.));
#9736=CARTESIAN_POINT('',(190.,200.,-20.));
#9737=CARTESIAN_POINT('',(210.,200.,-20.));
#9738=CARTESIAN_POINT('',(190.,200.,0.));
#9739=CARTESIAN_POINT('Origin',(190.,-200.,0.));
#9740=CARTESIAN_POINT('',(190.,-200.,0.));
#9741=CARTESIAN_POINT('',(190.,200.,0.));
#9742=CARTESIAN_POINT('',(190.,-200.,-20.));
#9743=CARTESIAN_POINT('',(190.,200.,-20.));
#9744=CARTESIAN_POINT('',(190.,-200.,0.));
#9745=CARTESIAN_POINT('Origin',(210.,-200.,0.));
#9746=CARTESIAN_POINT('',(210.,-200.,0.));
#9747=CARTESIAN_POINT('',(190.,-200.,0.));
#9748=CARTESIAN_POINT('',(210.,-200.,-20.));
#9749=CARTESIAN_POINT('',(190.,-200.,-20.));
#9750=CARTESIAN_POINT('',(210.,-200.,0.));
#9751=CARTESIAN_POINT('Origin',(210.,200.,0.));
#9752=CARTESIAN_POINT('',(210.,-200.,0.));
#9753=CARTESIAN_POINT('',(210.,-200.,-20.));
#9754=CARTESIAN_POINT('Origin',(200.,-1.77635683940025E-13,0.));
#9755=CARTESIAN_POINT('Origin',(200.,-1.77635683940025E-13,-20.));
#9756=CARTESIAN_POINT('Origin',(287.,187.,30.));
#9757=CARTESIAN_POINT('',(287.,195.,46.5));
#9758=CARTESIAN_POINT('',(295.,187.,46.5));
#9759=CARTESIAN_POINT('Origin',(287.,187.,46.5));
#9760=CARTESIAN_POINT('',(295.,187.,30.));
#9761=CARTESIAN_POINT('',(295.,187.,30.));
#9762=CARTESIAN_POINT('',(287.,195.,30.));
#9763=CARTESIAN_POINT('Origin',(287.,187.,30.));
#9764=CARTESIAN_POINT('',(287.,195.,30.));
#9765=CARTESIAN_POINT('Origin',(295.,-195.,30.));
#9766=CARTESIAN_POINT('',(295.,-187.,46.5));
#9767=CARTESIAN_POINT('',(295.,-195.,46.5));
#9768=CARTESIAN_POINT('',(295.,-187.,30.));
#9769=CARTESIAN_POINT('',(295.,-187.,30.));
#9770=CARTESIAN_POINT('',(295.,-195.,30.));
#9771=CARTESIAN_POINT('Origin',(0.,0.,46.5));
#9772=CARTESIAN_POINT('',(-287.,195.,46.5));
#9773=CARTESIAN_POINT('',(295.,195.,46.5));
#9774=CARTESIAN_POINT('',(-295.,187.,46.5));
#9775=CARTESIAN_POINT('Origin',(-287.,187.,46.5));
#9776=CARTESIAN_POINT('',(-295.,-187.,46.5));
#9777=CARTESIAN_POINT('',(-295.,195.,46.5));
#9778=CARTESIAN_POINT('',(-287.,-195.,46.5));
#9779=CARTESIAN_POINT('Origin',(-287.,-187.,46.5));
#9780=CARTESIAN_POINT('',(287.,-195.,46.5));
#9781=CARTESIAN_POINT('',(-295.,-195.,46.5));
#9782=CARTESIAN_POINT('Origin',(287.,-187.,46.5));
#9783=CARTESIAN_POINT('',(-5.,-6.12323399573677E-16,46.5));
#9784=CARTESIAN_POINT('Origin',(0.,0.,46.5));
#9785=CARTESIAN_POINT('Origin',(287.,-187.,30.));
#9786=CARTESIAN_POINT('',(287.,-195.,30.));
#9787=CARTESIAN_POINT('',(287.,-195.,30.));
#9788=CARTESIAN_POINT('Origin',(287.,-187.,30.));
#9789=CARTESIAN_POINT('Origin',(-295.,-195.,30.));
#9790=CARTESIAN_POINT('',(-287.,-195.,30.));
#9791=CARTESIAN_POINT('',(-287.,-195.,30.));
#9792=CARTESIAN_POINT('',(-295.,-195.,30.));
#9793=CARTESIAN_POINT('Origin',(-287.,-187.,30.));
#9794=CARTESIAN_POINT('',(-295.,-187.,30.));
#9795=CARTESIAN_POINT('',(-295.,-187.,30.));
#9796=CARTESIAN_POINT('Origin',(-287.,-187.,30.));
#9797=CARTESIAN_POINT('Origin',(-295.,195.,30.));
#9798=CARTESIAN_POINT('',(-295.,187.,30.));
#9799=CARTESIAN_POINT('',(-295.,187.,30.));
#9800=CARTESIAN_POINT('',(-295.,195.,30.));
#9801=CARTESIAN_POINT('Origin',(-287.,187.,30.));
#9802=CARTESIAN_POINT('',(-287.,195.,30.));
#9803=CARTESIAN_POINT('',(-287.,195.,30.));
#9804=CARTESIAN_POINT('Origin',(-287.,187.,30.));
#9805=CARTESIAN_POINT('Origin',(0.,0.,30.));
#9806=CARTESIAN_POINT('',(-5.,-6.12323399573677E-16,30.));
#9807=CARTESIAN_POINT('',(-5.,-6.12323399573677E-16,30.));
#9808=CARTESIAN_POINT('Origin',(0.,0.,30.));
#9809=CARTESIAN_POINT('Origin',(295.,195.,30.));
#9810=CARTESIAN_POINT('',(295.,195.,30.));
#9811=CARTESIAN_POINT('Origin',(0.,0.,30.));
#9812=CARTESIAN_POINT('Origin',(287.,187.,46.5));
#9813=CARTESIAN_POINT('',(287.,195.,49.5));
#9814=CARTESIAN_POINT('',(295.,187.,49.5));
#9815=CARTESIAN_POINT('Origin',(287.,187.,49.5));
#9816=CARTESIAN_POINT('',(295.,187.,46.5));
#9817=CARTESIAN_POINT('',(295.,187.,46.5));
#9818=CARTESIAN_POINT('',(287.,195.,46.5));
#9819=CARTESIAN_POINT('Origin',(287.,187.,46.5));
#9820=CARTESIAN_POINT('',(287.,195.,46.5));
#9821=CARTESIAN_POINT('Origin',(295.,195.,46.5));
#9822=CARTESIAN_POINT('',(-287.,195.,46.5));
#9823=CARTESIAN_POINT('',(147.5,195.,46.5));
#9824=CARTESIAN_POINT('',(-287.,195.,49.5));
#9825=CARTESIAN_POINT('',(-287.,195.,46.5));
#9826=CARTESIAN_POINT('',(147.5,195.,49.5));
#9827=CARTESIAN_POINT('Origin',(0.,0.,46.5));
#9828=CARTESIAN_POINT('',(295.,-187.,46.5));
#9829=CARTESIAN_POINT('',(295.,-97.5,46.5));
#9830=CARTESIAN_POINT('',(287.,-195.,46.5));
#9831=CARTESIAN_POINT('Origin',(287.,-187.,46.5));
#9832=CARTESIAN_POINT('',(-287.,-195.,46.5));
#9833=CARTESIAN_POINT('',(-147.5,-195.,46.5));
#9834=CARTESIAN_POINT('',(-295.,-187.,46.5));
#9835=CARTESIAN_POINT('Origin',(-287.,-187.,46.5));
#9836=CARTESIAN_POINT('',(-295.,187.,46.5));
#9837=CARTESIAN_POINT('',(-295.,97.5,46.5));
#9838=CARTESIAN_POINT('Origin',(-287.,187.,46.5));
#9839=CARTESIAN_POINT('',(-285.,-185.,46.5));
#9840=CARTESIAN_POINT('',(285.,-185.,46.5));
#9841=CARTESIAN_POINT('',(142.5,-185.,46.5));
#9842=CARTESIAN_POINT('',(285.,185.,46.5));
#9843=CARTESIAN_POINT('',(285.,92.5,46.5));
#9844=CARTESIAN_POINT('',(-285.,185.,46.5));
#9845=CARTESIAN_POINT('',(-142.5,185.,46.5));
#9846=CARTESIAN_POINT('',(-285.,-92.5,46.5));
#9847=CARTESIAN_POINT('Origin',(287.,-187.,46.5));
#9848=CARTESIAN_POINT('',(295.,-187.,49.5));
#9849=CARTESIAN_POINT('',(287.,-195.,49.5));
#9850=CARTESIAN_POINT('Origin',(287.,-187.,49.5));
#9851=CARTESIAN_POINT('',(287.,-195.,46.5));
#9852=CARTESIAN_POINT('',(295.,-187.,46.5));
#9853=CARTESIAN_POINT('Origin',(-295.,-195.,46.5));
#9854=CARTESIAN_POINT('',(-287.,-195.,49.5));
#9855=CARTESIAN_POINT('',(-147.5,-195.,49.5));
#9856=CARTESIAN_POINT('',(-287.,-195.,46.5));
#9857=CARTESIAN_POINT('Origin',(-287.,-187.,46.5));
#9858=CARTESIAN_POINT('',(-295.,-187.,49.5));
#9859=CARTESIAN_POINT('Origin',(-287.,-187.,49.5));
#9860=CARTESIAN_POINT('',(-295.,-187.,46.5));
#9861=CARTESIAN_POINT('Origin',(-287.,187.,46.5));
#9862=CARTESIAN_POINT('',(-295.,187.,49.5));
#9863=CARTESIAN_POINT('Origin',(-287.,187.,49.5));
#9864=CARTESIAN_POINT('',(-295.,187.,46.5));
#9865=CARTESIAN_POINT('Origin',(285.,185.,46.5));
#9866=CARTESIAN_POINT('',(285.,-185.,49.5));
#9867=CARTESIAN_POINT('',(285.,-185.,46.5));
#9868=CARTESIAN_POINT('',(285.,185.,49.5));
#9869=CARTESIAN_POINT('',(285.,92.5,49.5));
#9870=CARTESIAN_POINT('',(285.,185.,46.5));
#9871=CARTESIAN_POINT('Origin',(-285.,185.,46.5));
#9872=CARTESIAN_POINT('',(-285.,185.,49.5));
#9873=CARTESIAN_POINT('',(-142.5,185.,49.5));
#9874=CARTESIAN_POINT('',(-285.,185.,46.5));
#9875=CARTESIAN_POINT('Origin',(-285.,-185.,46.5));
#9876=CARTESIAN_POINT('',(-285.,-185.,49.5));
#9877=CARTESIAN_POINT('',(-285.,-92.5,49.5));
#9878=CARTESIAN_POINT('',(-285.,-185.,46.5));
#9879=CARTESIAN_POINT('Origin',(285.,-185.,46.5));
#9880=CARTESIAN_POINT('',(142.5,-185.,49.5));
#9881=CARTESIAN_POINT('Origin',(295.,-195.,46.5));
#9882=CARTESIAN_POINT('',(295.,-97.5,49.5));
#9883=CARTESIAN_POINT('Origin',(-295.,195.,46.5));
#9884=CARTESIAN_POINT('',(-295.,97.5,49.5));
#9885=CARTESIAN_POINT('Origin',(0.,0.,49.5));
#9886=CARTESIAN_POINT('Origin',(-192.5,82.,1.0094960724271));
#9887=CARTESIAN_POINT('',(-215.,100.,1.0094960724271));
#9888=CARTESIAN_POINT('',(-185.,100.,1.00949607242706));
#9889=CARTESIAN_POINT('',(-192.5,100.,1.0094960724271));
#9890=CARTESIAN_POINT('',(-183.31354016666,98.3135401666597,8.61662478375969));
#9891=CARTESIAN_POINT('Origin',(-167.,82.,1.0094960724271));
#9892=CARTESIAN_POINT('',(-216.68645983334,98.3135401666597,8.61662478375969));
#9893=CARTESIAN_POINT('',(-192.5,98.3135401666597,8.61662478375969));
#9894=CARTESIAN_POINT('Origin',(-233.,82.,1.0094960724271));
#9895=CARTESIAN_POINT('Origin',(-233.,100.,1.00949607242708));
#9896=CARTESIAN_POINT('',(-216.68645983334,121.68645983334,8.61662478375969));
#9897=CARTESIAN_POINT('',(-216.68645983334,100.,8.61662478375968));
#9898=CARTESIAN_POINT('',(-215.,120.,1.00949607242708));
#9899=CARTESIAN_POINT('Origin',(-233.,138.,1.00949607242708));
#9900=CARTESIAN_POINT('',(-215.,100.,1.00949607242708));
#9901=CARTESIAN_POINT('Origin',(-207.5,138.,1.0094960724271));
#9902=CARTESIAN_POINT('',(-183.31354016666,121.68645983334,8.61662478375967));
#9903=CARTESIAN_POINT('',(-207.5,121.68645983334,8.61662478375969));
#9904=CARTESIAN_POINT('',(-185.,120.,1.0094960724271));
#9905=CARTESIAN_POINT('Origin',(-167.,138.,1.00949607242706));
#9906=CARTESIAN_POINT('',(-207.5,120.,1.0094960724271));
#9907=CARTESIAN_POINT('Origin',(-167.,110.,1.00949607242706));
#9908=CARTESIAN_POINT('',(-185.,110.,1.00949607242706));
#9909=CARTESIAN_POINT('',(-183.31354016666,110.,8.61662478375967));
#9910=CARTESIAN_POINT('Origin',(-215.,100.,5.));
#9911=CARTESIAN_POINT('',(-224.3261531631,90.6738468369,25.));
#9912=CARTESIAN_POINT('',(-212.726897297537,102.273102702463,0.125315523538096));
#9913=CARTESIAN_POINT('',(-224.3261531631,129.3261531631,25.));
#9914=CARTESIAN_POINT('',(-224.3261531631,100.,25.));
#9915=CARTESIAN_POINT('',(-213.484598198358,118.484598198358,1.7502103490254));
#9916=CARTESIAN_POINT('Origin',(-185.,100.,5.));
#9917=CARTESIAN_POINT('',(-175.6738468369,90.6738468369,25.));
#9918=CARTESIAN_POINT('',(-186.515401801642,101.515401801642,1.7502103490254));
#9919=CARTESIAN_POINT('',(-215.,90.6738468369,25.));
#9920=CARTESIAN_POINT('Origin',(-185.,100.,5.));
#9921=CARTESIAN_POINT('',(-185.,100.,-15.));
#9922=CARTESIAN_POINT('',(-185.,100.,5.));
#9923=CARTESIAN_POINT('',(-185.,105.,-20.));
#9924=CARTESIAN_POINT('Origin',(-185.,105.,-15.));
#9925=CARTESIAN_POINT('',(-185.,115.,-20.));
#9926=CARTESIAN_POINT('',(-185.,100.,-20.));
#9927=CARTESIAN_POINT('',(-185.,120.,-15.));
#9928=CARTESIAN_POINT('Origin',(-185.,115.,-15.));
#9929=CARTESIAN_POINT('',(-185.,120.,5.));
#9930=CARTESIAN_POINT('Origin',(-200.,100.,-7.5));
#9931=CARTESIAN_POINT('',(-215.,100.,-15.));
#9932=CARTESIAN_POINT('',(-215.,100.,-25.));
#9933=CARTESIAN_POINT('',(-210.4,100.,-15.));
#9934=CARTESIAN_POINT('',(-205.,100.,-15.));
#9935=CARTESIAN_POINT('',(-210.4,100.,0.4));
#9936=CARTESIAN_POINT('',(-210.4,100.,-3.75));
#9937=CARTESIAN_POINT('',(-189.6,100.,0.4));
#9938=CARTESIAN_POINT('',(-195.,100.,0.4));
#9939=CARTESIAN_POINT('',(-189.6,100.,-15.));
#9940=CARTESIAN_POINT('',(-189.6,100.,-13.75));
#9941=CARTESIAN_POINT('',(-192.5,100.,-15.));
#9942=CARTESIAN_POINT('Origin',(-192.5,105.,-15.));
#9943=CARTESIAN_POINT('',(-189.6,105.,-20.));
#9944=CARTESIAN_POINT('Origin',(-189.6,105.,-15.));
#9945=CARTESIAN_POINT('',(-192.5,105.,-20.));
#9946=CARTESIAN_POINT('Origin',(-185.,100.,-20.));
#9947=CARTESIAN_POINT('',(-189.6,115.,-20.));
#9948=CARTESIAN_POINT('',(-189.6,100.,-20.));
#9949=CARTESIAN_POINT('',(-192.5,115.,-20.));
#9950=CARTESIAN_POINT('Origin',(-189.6,100.,-20.));
#9951=CARTESIAN_POINT('',(-189.6,120.,0.4));
#9952=CARTESIAN_POINT('',(-189.6,100.,0.4));
#9953=CARTESIAN_POINT('',(-189.6,120.,-15.));
#9954=CARTESIAN_POINT('',(-189.6,120.,-13.75));
#9955=CARTESIAN_POINT('Origin',(-189.6,115.,-15.));
#9956=CARTESIAN_POINT('Origin',(-205.,105.,-15.));
#9957=CARTESIAN_POINT('',(-215.,105.,-20.));
#9958=CARTESIAN_POINT('Origin',(-215.,105.,-15.));
#9959=CARTESIAN_POINT('',(-210.4,105.,-20.));
#9960=CARTESIAN_POINT('',(-205.,105.,-20.));
#9961=CARTESIAN_POINT('Origin',(-210.4,105.,-15.));
#9962=CARTESIAN_POINT('Origin',(-210.,100.,-20.));
#9963=CARTESIAN_POINT('',(-215.,115.,-20.));
#9964=CARTESIAN_POINT('',(-215.,100.,-20.));
#9965=CARTESIAN_POINT('',(-210.4,115.,-20.));
#9966=CARTESIAN_POINT('',(-205.,115.,-20.));
#9967=CARTESIAN_POINT('',(-210.4,100.,-20.));
#9968=CARTESIAN_POINT('Origin',(-215.,100.,-20.));
#9969=CARTESIAN_POINT('',(-215.,120.,-15.));
#9970=CARTESIAN_POINT('',(-215.,120.,-25.));
#9971=CARTESIAN_POINT('Origin',(-215.,115.,-15.));
#9972=CARTESIAN_POINT('',(-215.,112.5,-10.));
#9973=CARTESIAN_POINT('Origin',(-215.,110.,-10.));
#9974=CARTESIAN_POINT('Origin',(-205.,115.,-15.));
#9975=CARTESIAN_POINT('',(-210.4,120.,-15.));
#9976=CARTESIAN_POINT('',(-205.,120.,-15.));
#9977=CARTESIAN_POINT('Origin',(-210.4,115.,-15.));
#9978=CARTESIAN_POINT('Origin',(-210.4,100.,0.));
#9979=CARTESIAN_POINT('',(-210.4,120.,0.4));
#9980=CARTESIAN_POINT('',(-210.4,120.,-3.75));
#9981=CARTESIAN_POINT('',(-210.4,100.,0.4));
#9982=CARTESIAN_POINT('',(-210.4,112.5,-10.));
#9983=CARTESIAN_POINT('Origin',(-210.4,110.,-10.));
#9984=CARTESIAN_POINT('Origin',(-200.,120.,-7.5));
#9985=CARTESIAN_POINT('',(-192.5,120.,-15.));
#9986=CARTESIAN_POINT('',(-195.,120.,0.4));
#9987=CARTESIAN_POINT('Origin',(-192.5,115.,-15.));
#9988=CARTESIAN_POINT('Origin',(-215.,110.,-10.));
#9989=CARTESIAN_POINT('',(-215.,112.5,-10.));
#9990=CARTESIAN_POINT('Origin',(-215.,120.,5.));
#9991=CARTESIAN_POINT('',(-175.6738468369,129.3261531631,25.));
#9992=CARTESIAN_POINT('',(-215.,129.3261531631,25.));
#9993=CARTESIAN_POINT('',(-187.273102702463,117.726897297537,0.125315523538096));
#9994=CARTESIAN_POINT('Origin',(-185.,120.,5.));
#9995=CARTESIAN_POINT('',(-175.6738468369,100.,25.));
#9996=CARTESIAN_POINT('Origin',(-215.,100.,25.));
#9997=CARTESIAN_POINT('Origin',(-190.,100.,0.4));
#9998=CARTESIAN_POINT('Origin',(-175.6738468369,129.3261531631,25.));
#9999=CARTESIAN_POINT('',(-224.3261531631,129.3261531631,25.));
#10000=CARTESIAN_POINT('',(-175.6738468369,129.3261531631,25.));
#10001=CARTESIAN_POINT('',(-215.,129.3261531631,25.));
#10002=CARTESIAN_POINT('',(-224.3261531631,129.3261531631,30.));
#10003=CARTESIAN_POINT('',(-224.3261531631,129.3261531631,25.));
#10004=CARTESIAN_POINT('',(-175.6738468369,129.3261531631,30.));
#10005=CARTESIAN_POINT('',(-215.,129.3261531631,30.));
#10006=CARTESIAN_POINT('',(-175.6738468369,129.3261531631,25.));
#10007=CARTESIAN_POINT('Origin',(-175.6738468369,90.6738468369,25.));
#10008=CARTESIAN_POINT('',(-175.6738468369,90.6738468369,25.));
#10009=CARTESIAN_POINT('',(-175.6738468369,100.,25.));
#10010=CARTESIAN_POINT('',(-175.6738468369,90.6738468369,30.));
#10011=CARTESIAN_POINT('',(-175.6738468369,100.,30.));
#10012=CARTESIAN_POINT('',(-175.6738468369,90.6738468369,25.));
#10013=CARTESIAN_POINT('Origin',(-224.3261531631,90.6738468369,25.));
#10014=CARTESIAN_POINT('',(-224.3261531631,90.6738468369,25.));
#10015=CARTESIAN_POINT('',(-215.,90.6738468369,25.));
#10016=CARTESIAN_POINT('',(-224.3261531631,90.6738468369,30.));
#10017=CARTESIAN_POINT('',(-215.,90.6738468369,30.));
#10018=CARTESIAN_POINT('',(-224.3261531631,90.6738468369,25.));
#10019=CARTESIAN_POINT('Origin',(-224.3261531631,129.3261531631,25.));
#10020=CARTESIAN_POINT('',(-224.3261531631,100.,25.));
#10021=CARTESIAN_POINT('',(-224.3261531631,100.,30.));
#10022=CARTESIAN_POINT('Origin',(-215.,100.,30.));
#10023=CARTESIAN_POINT('Origin',(-215.,100.,25.));
#10024=CARTESIAN_POINT('Origin',(-192.5,-82.,1.0094960724271));
#10025=CARTESIAN_POINT('',(-215.,-100.,1.0094960724271));
#10026=CARTESIAN_POINT('',(-185.,-100.,1.00949607242706));
#10027=CARTESIAN_POINT('',(-192.5,-100.,1.0094960724271));
#10028=CARTESIAN_POINT('',(-216.68645983334,-98.3135401666597,8.61662478375969));
#10029=CARTESIAN_POINT('Origin',(-233.,-82.,1.0094960724271));
#10030=CARTESIAN_POINT('',(-183.31354016666,-98.3135401666597,8.61662478375969));
#10031=CARTESIAN_POINT('',(-192.5,-98.3135401666597,8.61662478375969));
#10032=CARTESIAN_POINT('Origin',(-167.,-82.,1.0094960724271));
#10033=CARTESIAN_POINT('Origin',(-233.,-100.,1.00949607242708));
#10034=CARTESIAN_POINT('',(-216.68645983334,-121.68645983334,8.61662478375969));
#10035=CARTESIAN_POINT('',(-216.68645983334,-100.,8.61662478375968));
#10036=CARTESIAN_POINT('',(-215.,-120.,1.00949607242708));
#10037=CARTESIAN_POINT('',(-215.,-100.,1.00949607242708));
#10038=CARTESIAN_POINT('Origin',(-233.,-138.,1.00949607242708));
#10039=CARTESIAN_POINT('Origin',(-207.5,-138.,1.0094960724271));
#10040=CARTESIAN_POINT('',(-183.31354016666,-121.68645983334,8.61662478375967));
#10041=CARTESIAN_POINT('',(-207.5,-121.68645983334,8.61662478375969));
#10042=CARTESIAN_POINT('',(-185.,-120.,1.0094960724271));
#10043=CARTESIAN_POINT('',(-207.5,-120.,1.0094960724271));
#10044=CARTESIAN_POINT('Origin',(-167.,-138.,1.00949607242706));
#10045=CARTESIAN_POINT('Origin',(-167.,-110.,1.00949607242706));
#10046=CARTESIAN_POINT('',(-185.,-110.,1.00949607242706));
#10047=CARTESIAN_POINT('',(-183.31354016666,-110.,8.61662478375967));
#10048=CARTESIAN_POINT('Origin',(-215.,-100.,5.));
#10049=CARTESIAN_POINT('',(-224.3261531631,-129.3261531631,25.));
#10050=CARTESIAN_POINT('',(-213.484598198358,-118.484598198358,1.7502103490254));
#10051=CARTESIAN_POINT('',(-224.3261531631,-90.6738468369,25.));
#10052=CARTESIAN_POINT('',(-224.3261531631,-100.,25.));
#10053=CARTESIAN_POINT('',(-212.726897297537,-102.273102702463,0.125315523538096));
#10054=CARTESIAN_POINT('Origin',(-185.,-100.,5.));
#10055=CARTESIAN_POINT('',(-175.6738468369,-90.6738468369,25.));
#10056=CARTESIAN_POINT('',(-215.,-90.6738468369,25.));
#10057=CARTESIAN_POINT('',(-186.515401801642,-101.515401801642,1.7502103490254));
#10058=CARTESIAN_POINT('Origin',(-185.,-100.,5.));
#10059=CARTESIAN_POINT('',(-185.,-120.,-15.));
#10060=CARTESIAN_POINT('',(-185.,-120.,5.));
#10061=CARTESIAN_POINT('',(-185.,-115.,-20.));
#10062=CARTESIAN_POINT('Origin',(-185.,-115.,-15.));
#10063=CARTESIAN_POINT('',(-185.,-105.,-20.));
#10064=CARTESIAN_POINT('',(-185.,-100.,-20.));
#10065=CARTESIAN_POINT('',(-185.,-100.,-15.));
#10066=CARTESIAN_POINT('Origin',(-185.,-105.,-15.));
#10067=CARTESIAN_POINT('',(-185.,-100.,5.));
#10068=CARTESIAN_POINT('Origin',(-200.,-100.,-7.5));
#10069=CARTESIAN_POINT('',(-189.6,-100.,-15.));
#10070=CARTESIAN_POINT('',(-192.5,-100.,-15.));
#10071=CARTESIAN_POINT('',(-189.6,-100.,0.4));
#10072=CARTESIAN_POINT('',(-189.6,-100.,-13.75));
#10073=CARTESIAN_POINT('',(-210.4,-100.,0.4));
#10074=CARTESIAN_POINT('',(-195.,-100.,0.4));
#10075=CARTESIAN_POINT('',(-210.4,-100.,-15.));
#10076=CARTESIAN_POINT('',(-210.4,-100.,-3.75));
#10077=CARTESIAN_POINT('',(-215.,-100.,-15.));
#10078=CARTESIAN_POINT('',(-205.,-100.,-15.));
#10079=CARTESIAN_POINT('',(-215.,-100.,-25.));
#10080=CARTESIAN_POINT('Origin',(-192.5,-105.,-15.));
#10081=CARTESIAN_POINT('',(-189.6,-105.,-20.));
#10082=CARTESIAN_POINT('',(-192.5,-105.,-20.));
#10083=CARTESIAN_POINT('Origin',(-189.6,-105.,-15.));
#10084=CARTESIAN_POINT('Origin',(-185.,-100.,-20.));
#10085=CARTESIAN_POINT('',(-189.6,-115.,-20.));
#10086=CARTESIAN_POINT('',(-192.5,-115.,-20.));
#10087=CARTESIAN_POINT('',(-189.6,-100.,-20.));
#10088=CARTESIAN_POINT('Origin',(-189.6,-100.,-20.));
#10089=CARTESIAN_POINT('',(-189.6,-120.,-15.));
#10090=CARTESIAN_POINT('Origin',(-189.6,-115.,-15.));
#10091=CARTESIAN_POINT('',(-189.6,-120.,0.4));
#10092=CARTESIAN_POINT('',(-189.6,-120.,-13.75));
#10093=CARTESIAN_POINT('',(-189.6,-100.,0.4));
#10094=CARTESIAN_POINT('Origin',(-205.,-105.,-15.));
#10095=CARTESIAN_POINT('',(-215.,-105.,-20.));
#10096=CARTESIAN_POINT('Origin',(-215.,-105.,-15.));
#10097=CARTESIAN_POINT('',(-210.4,-105.,-20.));
#10098=CARTESIAN_POINT('Origin',(-210.4,-105.,-15.));
#10099=CARTESIAN_POINT('',(-205.,-105.,-20.));
#10100=CARTESIAN_POINT('Origin',(-210.,-100.,-20.));
#10101=CARTESIAN_POINT('',(-210.4,-115.,-20.));
#10102=CARTESIAN_POINT('',(-210.4,-100.,-20.));
#10103=CARTESIAN_POINT('',(-215.,-115.,-20.));
#10104=CARTESIAN_POINT('',(-205.,-115.,-20.));
#10105=CARTESIAN_POINT('',(-215.,-100.,-20.));
#10106=CARTESIAN_POINT('Origin',(-215.,-100.,-20.));
#10107=CARTESIAN_POINT('',(-215.,-120.,-15.));
#10108=CARTESIAN_POINT('Origin',(-215.,-115.,-15.));
#10109=CARTESIAN_POINT('',(-215.,-120.,-25.));
#10110=CARTESIAN_POINT('',(-215.,-112.5,-10.));
#10111=CARTESIAN_POINT('Origin',(-215.,-110.,-10.));
#10112=CARTESIAN_POINT('Origin',(-205.,-115.,-15.));
#10113=CARTESIAN_POINT('',(-210.4,-120.,-15.));
#10114=CARTESIAN_POINT('Origin',(-210.4,-115.,-15.));
#10115=CARTESIAN_POINT('',(-205.,-120.,-15.));
#10116=CARTESIAN_POINT('Origin',(-210.4,-100.,0.));
#10117=CARTESIAN_POINT('',(-210.4,-120.,0.4));
#10118=CARTESIAN_POINT('',(-210.4,-100.,0.4));
#10119=CARTESIAN_POINT('',(-210.4,-120.,-3.75));
#10120=CARTESIAN_POINT('',(-210.4,-112.5,-10.));
#10121=CARTESIAN_POINT('Origin',(-210.4,-110.,-10.));
#10122=CARTESIAN_POINT('Origin',(-200.,-120.,-7.5));
#10123=CARTESIAN_POINT('',(-195.,-120.,0.4));
#10124=CARTESIAN_POINT('',(-192.5,-120.,-15.));
#10125=CARTESIAN_POINT('Origin',(-192.5,-115.,-15.));
#10126=CARTESIAN_POINT('Origin',(-215.,-110.,-10.));
#10127=CARTESIAN_POINT('',(-215.,-112.5,-10.));
#10128=CARTESIAN_POINT('Origin',(-215.,-120.,5.));
#10129=CARTESIAN_POINT('',(-175.6738468369,-129.3261531631,25.));
#10130=CARTESIAN_POINT('',(-187.273102702463,-117.726897297537,0.125315523538096));
#10131=CARTESIAN_POINT('',(-215.,-129.3261531631,25.));
#10132=CARTESIAN_POINT('Origin',(-185.,-120.,5.));
#10133=CARTESIAN_POINT('',(-175.6738468369,-100.,25.));
#10134=CARTESIAN_POINT('Origin',(-215.,-100.,25.));
#10135=CARTESIAN_POINT('Origin',(-190.,-100.,0.4));
#10136=CARTESIAN_POINT('Origin',(-175.6738468369,-129.3261531631,25.));
#10137=CARTESIAN_POINT('',(-224.3261531631,-129.3261531631,25.));
#10138=CARTESIAN_POINT('',(-175.6738468369,-129.3261531631,25.));
#10139=CARTESIAN_POINT('',(-215.,-129.3261531631,25.));
#10140=CARTESIAN_POINT('',(-175.6738468369,-129.3261531631,30.));
#10141=CARTESIAN_POINT('',(-175.6738468369,-129.3261531631,25.));
#10142=CARTESIAN_POINT('',(-224.3261531631,-129.3261531631,30.));
#10143=CARTESIAN_POINT('',(-215.,-129.3261531631,30.));
#10144=CARTESIAN_POINT('',(-224.3261531631,-129.3261531631,25.));
#10145=CARTESIAN_POINT('Origin',(-175.6738468369,-90.6738468369,25.));
#10146=CARTESIAN_POINT('',(-175.6738468369,-90.6738468369,25.));
#10147=CARTESIAN_POINT('',(-175.6738468369,-100.,25.));
#10148=CARTESIAN_POINT('',(-175.6738468369,-90.6738468369,30.));
#10149=CARTESIAN_POINT('',(-175.6738468369,-90.6738468369,25.));
#10150=CARTESIAN_POINT('',(-175.6738468369,-100.,30.));
#10151=CARTESIAN_POINT('Origin',(-224.3261531631,-90.6738468369,25.));
#10152=CARTESIAN_POINT('',(-224.3261531631,-90.6738468369,25.));
#10153=CARTESIAN_POINT('',(-215.,-90.6738468369,25.));
#10154=CARTESIAN_POINT('',(-224.3261531631,-90.6738468369,30.));
#10155=CARTESIAN_POINT('',(-224.3261531631,-90.6738468369,25.));
#10156=CARTESIAN_POINT('',(-215.,-90.6738468369,30.));
#10157=CARTESIAN_POINT('Origin',(-224.3261531631,-129.3261531631,25.));
#10158=CARTESIAN_POINT('',(-224.3261531631,-100.,25.));
#10159=CARTESIAN_POINT('',(-224.3261531631,-100.,30.));
#10160=CARTESIAN_POINT('Origin',(-215.,-100.,30.));
#10161=CARTESIAN_POINT('Origin',(-215.,-100.,25.));
#10162=CARTESIAN_POINT('Origin',(192.5,82.,1.0094960724271));
#10163=CARTESIAN_POINT('',(215.,100.,1.0094960724271));
#10164=CARTESIAN_POINT('',(185.,100.,1.00949607242706));
#10165=CARTESIAN_POINT('',(192.5,100.,1.0094960724271));
#10166=CARTESIAN_POINT('',(216.68645983334,98.3135401666597,8.61662478375969));
#10167=CARTESIAN_POINT('Origin',(233.,82.,1.0094960724271));
#10168=CARTESIAN_POINT('',(183.31354016666,98.3135401666597,8.61662478375969));
#10169=CARTESIAN_POINT('',(192.5,98.3135401666597,8.61662478375969));
#10170=CARTESIAN_POINT('Origin',(167.,82.,1.0094960724271));
#10171=CARTESIAN_POINT('Origin',(233.,100.,1.00949607242708));
#10172=CARTESIAN_POINT('',(216.68645983334,121.68645983334,8.61662478375969));
#10173=CARTESIAN_POINT('',(216.68645983334,100.,8.61662478375968));
#10174=CARTESIAN_POINT('',(215.,120.,1.00949607242708));
#10175=CARTESIAN_POINT('',(215.,100.,1.00949607242708));
#10176=CARTESIAN_POINT('Origin',(233.,138.,1.00949607242708));
#10177=CARTESIAN_POINT('Origin',(207.5,138.,1.0094960724271));
#10178=CARTESIAN_POINT('',(183.31354016666,121.68645983334,8.61662478375967));
#10179=CARTESIAN_POINT('',(207.5,121.68645983334,8.61662478375969));
#10180=CARTESIAN_POINT('',(185.,120.,1.0094960724271));
#10181=CARTESIAN_POINT('',(207.5,120.,1.0094960724271));
#10182=CARTESIAN_POINT('Origin',(167.,138.,1.00949607242706));
#10183=CARTESIAN_POINT('Origin',(167.,110.,1.00949607242706));
#10184=CARTESIAN_POINT('',(185.,110.,1.00949607242706));
#10185=CARTESIAN_POINT('',(183.31354016666,110.,8.61662478375967));
#10186=CARTESIAN_POINT('Origin',(215.,100.,5.));
#10187=CARTESIAN_POINT('',(224.3261531631,129.3261531631,25.));
#10188=CARTESIAN_POINT('',(213.484598198358,118.484598198358,1.7502103490254));
#10189=CARTESIAN_POINT('',(224.3261531631,90.6738468369,25.));
#10190=CARTESIAN_POINT('',(224.3261531631,100.,25.));
#10191=CARTESIAN_POINT('',(212.726897297537,102.273102702463,0.125315523538096));
#10192=CARTESIAN_POINT('Origin',(185.,100.,5.));
#10193=CARTESIAN_POINT('',(175.6738468369,90.6738468369,25.));
#10194=CARTESIAN_POINT('',(215.,90.6738468369,25.));
#10195=CARTESIAN_POINT('',(186.515401801642,101.515401801642,1.7502103490254));
#10196=CARTESIAN_POINT('Origin',(185.,100.,5.));
#10197=CARTESIAN_POINT('',(185.,120.,-15.));
#10198=CARTESIAN_POINT('',(185.,120.,5.));
#10199=CARTESIAN_POINT('',(185.,115.,-20.));
#10200=CARTESIAN_POINT('Origin',(185.,115.,-15.));
#10201=CARTESIAN_POINT('',(185.,105.,-20.));
#10202=CARTESIAN_POINT('',(185.,100.,-20.));
#10203=CARTESIAN_POINT('',(185.,100.,-15.));
#10204=CARTESIAN_POINT('Origin',(185.,105.,-15.));
#10205=CARTESIAN_POINT('',(185.,100.,5.));
#10206=CARTESIAN_POINT('Origin',(200.,100.,-7.5));
#10207=CARTESIAN_POINT('',(189.6,100.,-15.));
#10208=CARTESIAN_POINT('',(192.5,100.,-15.));
#10209=CARTESIAN_POINT('',(189.6,100.,0.4));
#10210=CARTESIAN_POINT('',(189.6,100.,-13.75));
#10211=CARTESIAN_POINT('',(210.4,100.,0.4));
#10212=CARTESIAN_POINT('',(195.,100.,0.4));
#10213=CARTESIAN_POINT('',(210.4,100.,-15.));
#10214=CARTESIAN_POINT('',(210.4,100.,-3.75));
#10215=CARTESIAN_POINT('',(215.,100.,-15.));
#10216=CARTESIAN_POINT('',(205.,100.,-15.));
#10217=CARTESIAN_POINT('',(215.,100.,-25.));
#10218=CARTESIAN_POINT('Origin',(192.5,105.,-15.));
#10219=CARTESIAN_POINT('',(189.6,105.,-20.));
#10220=CARTESIAN_POINT('',(192.5,105.,-20.));
#10221=CARTESIAN_POINT('Origin',(189.6,105.,-15.));
#10222=CARTESIAN_POINT('Origin',(185.,100.,-20.));
#10223=CARTESIAN_POINT('',(189.6,115.,-20.));
#10224=CARTESIAN_POINT('',(192.5,115.,-20.));
#10225=CARTESIAN_POINT('',(189.6,100.,-20.));
#10226=CARTESIAN_POINT('Origin',(189.6,100.,-20.));
#10227=CARTESIAN_POINT('',(189.6,120.,-15.));
#10228=CARTESIAN_POINT('Origin',(189.6,115.,-15.));
#10229=CARTESIAN_POINT('',(189.6,120.,0.4));
#10230=CARTESIAN_POINT('',(189.6,120.,-13.75));
#10231=CARTESIAN_POINT('',(189.6,100.,0.4));
#10232=CARTESIAN_POINT('Origin',(205.,105.,-15.));
#10233=CARTESIAN_POINT('',(215.,105.,-20.));
#10234=CARTESIAN_POINT('Origin',(215.,105.,-15.));
#10235=CARTESIAN_POINT('',(210.4,105.,-20.));
#10236=CARTESIAN_POINT('Origin',(210.4,105.,-15.));
#10237=CARTESIAN_POINT('',(205.,105.,-20.));
#10238=CARTESIAN_POINT('Origin',(210.,100.,-20.));
#10239=CARTESIAN_POINT('',(210.4,115.,-20.));
#10240=CARTESIAN_POINT('',(210.4,100.,-20.));
#10241=CARTESIAN_POINT('',(215.,115.,-20.));
#10242=CARTESIAN_POINT('',(205.,115.,-20.));
#10243=CARTESIAN_POINT('',(215.,100.,-20.));
#10244=CARTESIAN_POINT('Origin',(215.,100.,-20.));
#10245=CARTESIAN_POINT('',(215.,120.,-15.));
#10246=CARTESIAN_POINT('Origin',(215.,115.,-15.));
#10247=CARTESIAN_POINT('',(215.,120.,-25.));
#10248=CARTESIAN_POINT('',(215.,112.5,-10.));
#10249=CARTESIAN_POINT('Origin',(215.,110.,-10.));
#10250=CARTESIAN_POINT('Origin',(205.,115.,-15.));
#10251=CARTESIAN_POINT('',(210.4,120.,-15.));
#10252=CARTESIAN_POINT('Origin',(210.4,115.,-15.));
#10253=CARTESIAN_POINT('',(205.,120.,-15.));
#10254=CARTESIAN_POINT('Origin',(210.4,100.,0.));
#10255=CARTESIAN_POINT('',(210.4,120.,0.4));
#10256=CARTESIAN_POINT('',(210.4,100.,0.4));
#10257=CARTESIAN_POINT('',(210.4,120.,-3.75));
#10258=CARTESIAN_POINT('',(210.4,112.5,-10.));
#10259=CARTESIAN_POINT('Origin',(210.4,110.,-10.));
#10260=CARTESIAN_POINT('Origin',(200.,120.,-7.5));
#10261=CARTESIAN_POINT('',(195.,120.,0.4));
#10262=CARTESIAN_POINT('',(192.5,120.,-15.));
#10263=CARTESIAN_POINT('Origin',(192.5,115.,-15.));
#10264=CARTESIAN_POINT('Origin',(215.,110.,-10.));
#10265=CARTESIAN_POINT('',(215.,112.5,-10.));
#10266=CARTESIAN_POINT('Origin',(215.,120.,5.));
#10267=CARTESIAN_POINT('',(175.6738468369,129.3261531631,25.));
#10268=CARTESIAN_POINT('',(187.273102702463,117.726897297537,0.125315523538096));
#10269=CARTESIAN_POINT('',(215.,129.3261531631,25.));
#10270=CARTESIAN_POINT('Origin',(185.,120.,5.));
#10271=CARTESIAN_POINT('',(175.6738468369,100.,25.));
#10272=CARTESIAN_POINT('Origin',(215.,100.,25.));
#10273=CARTESIAN_POINT('Origin',(190.,100.,0.4));
#10274=CARTESIAN_POINT('Origin',(175.6738468369,129.3261531631,25.));
#10275=CARTESIAN_POINT('',(224.3261531631,129.3261531631,25.));
#10276=CARTESIAN_POINT('',(175.6738468369,129.3261531631,25.));
#10277=CARTESIAN_POINT('',(215.,129.3261531631,25.));
#10278=CARTESIAN_POINT('',(175.6738468369,129.3261531631,30.));
#10279=CARTESIAN_POINT('',(175.6738468369,129.3261531631,25.));
#10280=CARTESIAN_POINT('',(224.3261531631,129.3261531631,30.));
#10281=CARTESIAN_POINT('',(215.,129.3261531631,30.));
#10282=CARTESIAN_POINT('',(224.3261531631,129.3261531631,25.));
#10283=CARTESIAN_POINT('Origin',(175.6738468369,90.6738468369,25.));
#10284=CARTESIAN_POINT('',(175.6738468369,90.6738468369,25.));
#10285=CARTESIAN_POINT('',(175.6738468369,100.,25.));
#10286=CARTESIAN_POINT('',(175.6738468369,90.6738468369,30.));
#10287=CARTESIAN_POINT('',(175.6738468369,90.6738468369,25.));
#10288=CARTESIAN_POINT('',(175.6738468369,100.,30.));
#10289=CARTESIAN_POINT('Origin',(224.3261531631,90.6738468369,25.));
#10290=CARTESIAN_POINT('',(224.3261531631,90.6738468369,25.));
#10291=CARTESIAN_POINT('',(215.,90.6738468369,25.));
#10292=CARTESIAN_POINT('',(224.3261531631,90.6738468369,30.));
#10293=CARTESIAN_POINT('',(224.3261531631,90.6738468369,25.));
#10294=CARTESIAN_POINT('',(215.,90.6738468369,30.));
#10295=CARTESIAN_POINT('Origin',(224.3261531631,129.3261531631,25.));
#10296=CARTESIAN_POINT('',(224.3261531631,100.,25.));
#10297=CARTESIAN_POINT('',(224.3261531631,100.,30.));
#10298=CARTESIAN_POINT('Origin',(215.,100.,30.));
#10299=CARTESIAN_POINT('Origin',(215.,100.,25.));
#10300=CARTESIAN_POINT('Origin',(192.5,-82.,1.0094960724271));
#10301=CARTESIAN_POINT('',(215.,-100.,1.0094960724271));
#10302=CARTESIAN_POINT('',(185.,-100.,1.00949607242706));
#10303=CARTESIAN_POINT('',(192.5,-100.,1.0094960724271));
#10304=CARTESIAN_POINT('',(183.31354016666,-98.3135401666597,8.61662478375969));
#10305=CARTESIAN_POINT('Origin',(167.,-82.,1.0094960724271));
#10306=CARTESIAN_POINT('',(216.68645983334,-98.3135401666597,8.61662478375969));
#10307=CARTESIAN_POINT('',(192.5,-98.3135401666597,8.61662478375969));
#10308=CARTESIAN_POINT('Origin',(233.,-82.,1.0094960724271));
#10309=CARTESIAN_POINT('Origin',(233.,-100.,1.00949607242708));
#10310=CARTESIAN_POINT('',(216.68645983334,-121.68645983334,8.61662478375969));
#10311=CARTESIAN_POINT('',(216.68645983334,-100.,8.61662478375968));
#10312=CARTESIAN_POINT('',(215.,-120.,1.00949607242708));
#10313=CARTESIAN_POINT('Origin',(233.,-138.,1.00949607242708));
#10314=CARTESIAN_POINT('',(215.,-100.,1.00949607242708));
#10315=CARTESIAN_POINT('Origin',(207.5,-138.,1.0094960724271));
#10316=CARTESIAN_POINT('',(183.31354016666,-121.68645983334,8.61662478375967));
#10317=CARTESIAN_POINT('',(207.5,-121.68645983334,8.61662478375969));
#10318=CARTESIAN_POINT('',(185.,-120.,1.0094960724271));
#10319=CARTESIAN_POINT('Origin',(167.,-138.,1.00949607242706));
#10320=CARTESIAN_POINT('',(207.5,-120.,1.0094960724271));
#10321=CARTESIAN_POINT('Origin',(167.,-110.,1.00949607242706));
#10322=CARTESIAN_POINT('',(185.,-110.,1.00949607242706));
#10323=CARTESIAN_POINT('',(183.31354016666,-110.,8.61662478375967));
#10324=CARTESIAN_POINT('Origin',(215.,-100.,5.));
#10325=CARTESIAN_POINT('',(224.3261531631,-90.6738468369,25.));
#10326=CARTESIAN_POINT('',(212.726897297537,-102.273102702463,0.125315523538096));
#10327=CARTESIAN_POINT('',(224.3261531631,-129.3261531631,25.));
#10328=CARTESIAN_POINT('',(224.3261531631,-100.,25.));
#10329=CARTESIAN_POINT('',(213.484598198358,-118.484598198358,1.7502103490254));
#10330=CARTESIAN_POINT('Origin',(185.,-100.,5.));
#10331=CARTESIAN_POINT('',(175.6738468369,-90.6738468369,25.));
#10332=CARTESIAN_POINT('',(186.515401801642,-101.515401801642,1.7502103490254));
#10333=CARTESIAN_POINT('',(215.,-90.6738468369,25.));
#10334=CARTESIAN_POINT('Origin',(185.,-100.,5.));
#10335=CARTESIAN_POINT('',(185.,-100.,-15.));
#10336=CARTESIAN_POINT('',(185.,-100.,5.));
#10337=CARTESIAN_POINT('',(185.,-105.,-20.));
#10338=CARTESIAN_POINT('Origin',(185.,-105.,-15.));
#10339=CARTESIAN_POINT('',(185.,-115.,-20.));
#10340=CARTESIAN_POINT('',(185.,-100.,-20.));
#10341=CARTESIAN_POINT('',(185.,-120.,-15.));
#10342=CARTESIAN_POINT('Origin',(185.,-115.,-15.));
#10343=CARTESIAN_POINT('',(185.,-120.,5.));
#10344=CARTESIAN_POINT('Origin',(200.,-100.,-7.5));
#10345=CARTESIAN_POINT('',(215.,-100.,-15.));
#10346=CARTESIAN_POINT('',(215.,-100.,-25.));
#10347=CARTESIAN_POINT('',(210.4,-100.,-15.));
#10348=CARTESIAN_POINT('',(205.,-100.,-15.));
#10349=CARTESIAN_POINT('',(210.4,-100.,0.4));
#10350=CARTESIAN_POINT('',(210.4,-100.,-3.75));
#10351=CARTESIAN_POINT('',(189.6,-100.,0.4));
#10352=CARTESIAN_POINT('',(195.,-100.,0.4));
#10353=CARTESIAN_POINT('',(189.6,-100.,-15.));
#10354=CARTESIAN_POINT('',(189.6,-100.,-13.75));
#10355=CARTESIAN_POINT('',(192.5,-100.,-15.));
#10356=CARTESIAN_POINT('Origin',(192.5,-105.,-15.));
#10357=CARTESIAN_POINT('',(189.6,-105.,-20.));
#10358=CARTESIAN_POINT('Origin',(189.6,-105.,-15.));
#10359=CARTESIAN_POINT('',(192.5,-105.,-20.));
#10360=CARTESIAN_POINT('Origin',(185.,-100.,-20.));
#10361=CARTESIAN_POINT('',(189.6,-115.,-20.));
#10362=CARTESIAN_POINT('',(189.6,-100.,-20.));
#10363=CARTESIAN_POINT('',(192.5,-115.,-20.));
#10364=CARTESIAN_POINT('Origin',(189.6,-100.,-20.));
#10365=CARTESIAN_POINT('',(189.6,-120.,0.4));
#10366=CARTESIAN_POINT('',(189.6,-100.,0.4));
#10367=CARTESIAN_POINT('',(189.6,-120.,-15.));
#10368=CARTESIAN_POINT('',(189.6,-120.,-13.75));
#10369=CARTESIAN_POINT('Origin',(189.6,-115.,-15.));
#10370=CARTESIAN_POINT('Origin',(205.,-105.,-15.));
#10371=CARTESIAN_POINT('',(215.,-105.,-20.));
#10372=CARTESIAN_POINT('Origin',(215.,-105.,-15.));
#10373=CARTESIAN_POINT('',(210.4,-105.,-20.));
#10374=CARTESIAN_POINT('',(205.,-105.,-20.));
#10375=CARTESIAN_POINT('Origin',(210.4,-105.,-15.));
#10376=CARTESIAN_POINT('Origin',(210.,-100.,-20.));
#10377=CARTESIAN_POINT('',(215.,-115.,-20.));
#10378=CARTESIAN_POINT('',(215.,-100.,-20.));
#10379=CARTESIAN_POINT('',(210.4,-115.,-20.));
#10380=CARTESIAN_POINT('',(205.,-115.,-20.));
#10381=CARTESIAN_POINT('',(210.4,-100.,-20.));
#10382=CARTESIAN_POINT('Origin',(215.,-100.,-20.));
#10383=CARTESIAN_POINT('',(215.,-120.,-15.));
#10384=CARTESIAN_POINT('',(215.,-120.,-25.));
#10385=CARTESIAN_POINT('Origin',(215.,-115.,-15.));
#10386=CARTESIAN_POINT('',(215.,-112.5,-10.));
#10387=CARTESIAN_POINT('Origin',(215.,-110.,-10.));
#10388=CARTESIAN_POINT('Origin',(205.,-115.,-15.));
#10389=CARTESIAN_POINT('',(210.4,-120.,-15.));
#10390=CARTESIAN_POINT('',(205.,-120.,-15.));
#10391=CARTESIAN_POINT('Origin',(210.4,-115.,-15.));
#10392=CARTESIAN_POINT('Origin',(210.4,-100.,0.));
#10393=CARTESIAN_POINT('',(210.4,-120.,0.4));
#10394=CARTESIAN_POINT('',(210.4,-120.,-3.75));
#10395=CARTESIAN_POINT('',(210.4,-100.,0.4));
#10396=CARTESIAN_POINT('',(210.4,-112.5,-10.));
#10397=CARTESIAN_POINT('Origin',(210.4,-110.,-10.));
#10398=CARTESIAN_POINT('Origin',(200.,-120.,-7.5));
#10399=CARTESIAN_POINT('',(192.5,-120.,-15.));
#10400=CARTESIAN_POINT('',(195.,-120.,0.4));
#10401=CARTESIAN_POINT('Origin',(192.5,-115.,-15.));
#10402=CARTESIAN_POINT('Origin',(215.,-110.,-10.));
#10403=CARTESIAN_POINT('',(215.,-112.5,-10.));
#10404=CARTESIAN_POINT('Origin',(215.,-120.,5.));
#10405=CARTESIAN_POINT('',(175.6738468369,-129.3261531631,25.));
#10406=CARTESIAN_POINT('',(215.,-129.3261531631,25.));
#10407=CARTESIAN_POINT('',(187.273102702463,-117.726897297537,0.125315523538096));
#10408=CARTESIAN_POINT('Origin',(185.,-120.,5.));
#10409=CARTESIAN_POINT('',(175.6738468369,-100.,25.));
#10410=CARTESIAN_POINT('Origin',(215.,-100.,25.));
#10411=CARTESIAN_POINT('Origin',(190.,-100.,0.4));
#10412=CARTESIAN_POINT('Origin',(175.6738468369,-129.3261531631,25.));
#10413=CARTESIAN_POINT('',(224.3261531631,-129.3261531631,25.));
#10414=CARTESIAN_POINT('',(175.6738468369,-129.3261531631,25.));
#10415=CARTESIAN_POINT('',(215.,-129.3261531631,25.));
#10416=CARTESIAN_POINT('',(224.3261531631,-129.3261531631,30.));
#10417=CARTESIAN_POINT('',(224.3261531631,-129.3261531631,25.));
#10418=CARTESIAN_POINT('',(175.6738468369,-129.3261531631,30.));
#10419=CARTESIAN_POINT('',(215.,-129.3261531631,30.));
#10420=CARTESIAN_POINT('',(175.6738468369,-129.3261531631,25.));
#10421=CARTESIAN_POINT('Origin',(175.6738468369,-90.6738468369,25.));
#10422=CARTESIAN_POINT('',(175.6738468369,-90.6738468369,25.));
#10423=CARTESIAN_POINT('',(175.6738468369,-100.,25.));
#10424=CARTESIAN_POINT('',(175.6738468369,-90.6738468369,30.));
#10425=CARTESIAN_POINT('',(175.6738468369,-100.,30.));
#10426=CARTESIAN_POINT('',(175.6738468369,-90.6738468369,25.));
#10427=CARTESIAN_POINT('Origin',(224.3261531631,-90.6738468369,25.));
#10428=CARTESIAN_POINT('',(224.3261531631,-90.6738468369,25.));
#10429=CARTESIAN_POINT('',(215.,-90.6738468369,25.));
#10430=CARTESIAN_POINT('',(224.3261531631,-90.6738468369,30.));
#10431=CARTESIAN_POINT('',(215.,-90.6738468369,30.));
#10432=CARTESIAN_POINT('',(224.3261531631,-90.6738468369,25.));
#10433=CARTESIAN_POINT('Origin',(224.3261531631,-129.3261531631,25.));
#10434=CARTESIAN_POINT('',(224.3261531631,-100.,25.));
#10435=CARTESIAN_POINT('',(224.3261531631,-100.,30.));
#10436=CARTESIAN_POINT('Origin',(215.,-100.,30.));
#10437=CARTESIAN_POINT('Origin',(215.,-100.,25.));
#10438=CARTESIAN_POINT('Origin',(-220.,-190.000000000001,-17.));
#10439=CARTESIAN_POINT('',(-230.,-195.000000000001,-17.));
#10440=CARTESIAN_POINT('',(-215.,-180.000000000001,-17.));
#10441=CARTESIAN_POINT('',(-222.5,-187.500000000001,-17.));
#10442=CARTESIAN_POINT('',(-230.,-197.000000000001,-17.));
#10443=CARTESIAN_POINT('',(-230.,-185.000000000001,-17.));
#10444=CARTESIAN_POINT('',(-213.,-197.000000000001,-17.));
#10445=CARTESIAN_POINT('',(-225.,-197.000000000001,-17.));
#10446=CARTESIAN_POINT('',(-213.,-180.000000000001,-17.));
#10447=CARTESIAN_POINT('',(-213.,-195.000000000001,-17.));
#10448=CARTESIAN_POINT('',(-215.,-180.000000000001,-17.));
#10449=CARTESIAN_POINT('Origin',(-230.,-197.000000000001,-20.));
#10450=CARTESIAN_POINT('',(-230.,-197.000000000001,-3.));
#10451=CARTESIAN_POINT('',(-230.,-197.000000000001,-20.));
#10452=CARTESIAN_POINT('',(-213.,-197.000000000001,-3.));
#10453=CARTESIAN_POINT('',(-225.,-197.000000000001,-3.));
#10454=CARTESIAN_POINT('',(-213.,-197.000000000001,-20.));
#10455=CARTESIAN_POINT('Origin',(-213.,-200.000000000001,-20.));
#10456=CARTESIAN_POINT('',(-213.,-180.000000000001,-3.));
#10457=CARTESIAN_POINT('',(-213.,-195.000000000001,-3.));
#10458=CARTESIAN_POINT('',(-213.,-180.000000000001,-20.));
#10459=CARTESIAN_POINT('Origin',(-220.,-190.000000000001,-3.));
#10460=CARTESIAN_POINT('',(-215.,-180.000000000001,-3.));
#10461=CARTESIAN_POINT('',(-230.,-195.000000000001,-3.));
#10462=CARTESIAN_POINT('',(-222.5,-187.500000000001,-3.));
#10463=CARTESIAN_POINT('',(-215.,-180.000000000001,-3.));
#10464=CARTESIAN_POINT('',(-230.,-185.000000000001,-3.));
#10465=CARTESIAN_POINT('Origin',(-230.,-180.000000000001,-20.));
#10466=CARTESIAN_POINT('',(-230.,-195.000000000001,-20.));
#10467=CARTESIAN_POINT('',(-230.,-195.000000000001,-20.));
#10468=CARTESIAN_POINT('',(-230.,-200.000000000001,-20.));
#10469=CARTESIAN_POINT('',(-230.,-200.000000000001,-20.));
#10470=CARTESIAN_POINT('',(-230.,-200.000000000001,0.));
#10471=CARTESIAN_POINT('',(-230.,-200.000000000001,-20.));
#10472=CARTESIAN_POINT('',(-230.,-195.000000000001,0.));
#10473=CARTESIAN_POINT('',(-230.,-200.000000000001,0.));
#10474=CARTESIAN_POINT('',(-230.,-195.000000000001,-20.));
#10475=CARTESIAN_POINT('Origin',(-222.5,-187.500000000001,-20.));
#10476=CARTESIAN_POINT('',(-215.,-180.000000000001,-20.));
#10477=CARTESIAN_POINT('',(-215.,-180.000000000001,-20.));
#10478=CARTESIAN_POINT('',(-222.5,-187.500000000001,-20.));
#10479=CARTESIAN_POINT('Origin',(-222.5,-187.500000000001,-20.));
#10480=CARTESIAN_POINT('',(-215.,-180.000000000001,0.));
#10481=CARTESIAN_POINT('',(-222.5,-187.500000000001,0.));
#10482=CARTESIAN_POINT('',(-215.,-180.000000000001,-20.));
#10483=CARTESIAN_POINT('Origin',(-220.,-190.000000000001,-20.));
#10484=CARTESIAN_POINT('',(-210.,-180.000000000001,-20.));
#10485=CARTESIAN_POINT('',(-230.,-180.000000000001,-20.));
#10486=CARTESIAN_POINT('',(-210.,-200.000000000001,-20.));
#10487=CARTESIAN_POINT('',(-210.,-180.000000000001,-20.));
#10488=CARTESIAN_POINT('',(-210.,-200.000000000001,-20.));
#10489=CARTESIAN_POINT('Origin',(-210.,-180.000000000001,-20.));
#10490=CARTESIAN_POINT('',(-210.,-180.000000000001,0.));
#10491=CARTESIAN_POINT('',(-230.,-180.000000000001,0.));
#10492=CARTESIAN_POINT('',(-210.,-180.000000000001,-20.));
#10493=CARTESIAN_POINT('Origin',(-230.,-200.000000000001,-20.));
#10494=CARTESIAN_POINT('',(-210.,-200.000000000001,0.));
#10495=CARTESIAN_POINT('',(-210.,-200.000000000001,-20.));
#10496=CARTESIAN_POINT('',(-210.,-200.000000000001,0.));
#10497=CARTESIAN_POINT('Origin',(-210.,-200.000000000001,-20.));
#10498=CARTESIAN_POINT('',(-210.,-180.000000000001,0.));
#10499=CARTESIAN_POINT('Origin',(-220.,-190.000000000001,0.));
#10500=CARTESIAN_POINT('Origin',(-180.,-190.000000000001,-3.00000000000001));
#10501=CARTESIAN_POINT('',(-170.,-195.000000000001,-3.00000000000001));
#10502=CARTESIAN_POINT('',(-185.,-180.000000000001,-3.00000000000001));
#10503=CARTESIAN_POINT('',(-177.5,-187.500000000001,-3.00000000000001));
#10504=CARTESIAN_POINT('',(-170.,-197.000000000001,-3.00000000000002));
#10505=CARTESIAN_POINT('',(-170.,-185.000000000001,-3.00000000000001));
#10506=CARTESIAN_POINT('',(-187.,-197.000000000001,-3.00000000000001));
#10507=CARTESIAN_POINT('',(-175.,-197.000000000001,-3.00000000000001));
#10508=CARTESIAN_POINT('',(-187.,-180.000000000001,-3.00000000000001));
#10509=CARTESIAN_POINT('',(-187.,-195.000000000001,-3.00000000000001));
#10510=CARTESIAN_POINT('',(-185.,-180.000000000001,-3.00000000000001));
#10511=CARTESIAN_POINT('Origin',(-170.,-197.000000000001,-1.33226762955019E-14));
#10512=CARTESIAN_POINT('',(-170.,-197.000000000001,-17.));
#10513=CARTESIAN_POINT('',(-170.,-197.000000000001,-1.33226762955019E-14));
#10514=CARTESIAN_POINT('',(-187.,-197.000000000001,-17.));
#10515=CARTESIAN_POINT('',(-175.,-197.000000000001,-17.));
#10516=CARTESIAN_POINT('',(-187.,-197.000000000001,-1.11022302462516E-14));
#10517=CARTESIAN_POINT('Origin',(-187.,-200.000000000001,-1.11022302462516E-14));
#10518=CARTESIAN_POINT('',(-187.,-180.000000000001,-17.));
#10519=CARTESIAN_POINT('',(-187.,-195.000000000001,-17.));
#10520=CARTESIAN_POINT('',(-187.,-180.000000000001,-1.11022302462516E-14));
#10521=CARTESIAN_POINT('Origin',(-180.,-190.000000000001,-17.));
#10522=CARTESIAN_POINT('',(-185.,-180.000000000001,-17.));
#10523=CARTESIAN_POINT('',(-170.,-195.000000000001,-17.));
#10524=CARTESIAN_POINT('',(-177.5,-187.500000000001,-17.));
#10525=CARTESIAN_POINT('',(-185.,-180.000000000001,-17.));
#10526=CARTESIAN_POINT('',(-170.,-185.000000000001,-17.));
#10527=CARTESIAN_POINT('Origin',(-170.,-180.000000000001,-1.33226762955019E-14));
#10528=CARTESIAN_POINT('',(-170.,-195.000000000001,-1.33226762955019E-14));
#10529=CARTESIAN_POINT('',(-170.,-195.000000000001,-1.33226762955019E-14));
#10530=CARTESIAN_POINT('',(-170.,-200.000000000001,-1.33226762955019E-14));
#10531=CARTESIAN_POINT('',(-170.,-200.000000000001,-1.33226762955019E-14));
#10532=CARTESIAN_POINT('',(-170.,-200.000000000001,-20.));
#10533=CARTESIAN_POINT('',(-170.,-200.000000000001,-1.33226762955019E-14));
#10534=CARTESIAN_POINT('',(-170.,-195.000000000001,-20.));
#10535=CARTESIAN_POINT('',(-170.,-200.000000000001,-20.));
#10536=CARTESIAN_POINT('',(-170.,-195.000000000001,-1.33226762955019E-14));
#10537=CARTESIAN_POINT('Origin',(-177.5,-187.500000000001,-1.11022302462516E-14));
#10538=CARTESIAN_POINT('',(-185.,-180.000000000001,-1.11022302462516E-14));
#10539=CARTESIAN_POINT('',(-185.,-180.000000000001,-1.11022302462516E-14));
#10540=CARTESIAN_POINT('',(-177.5,-187.500000000001,-1.11022302462516E-14));
#10541=CARTESIAN_POINT('Origin',(-177.5,-187.500000000001,-1.11022302462516E-14));
#10542=CARTESIAN_POINT('',(-185.,-180.000000000001,-20.));
#10543=CARTESIAN_POINT('',(-177.5,-187.500000000001,-20.));
#10544=CARTESIAN_POINT('',(-185.,-180.000000000001,-1.11022302462516E-14));
#10545=CARTESIAN_POINT('Origin',(-180.,-190.000000000001,-1.11022302462516E-14));
#10546=CARTESIAN_POINT('',(-190.,-180.000000000001,-1.11022302462516E-14));
#10547=CARTESIAN_POINT('',(-170.,-180.000000000001,-1.33226762955019E-14));
#10548=CARTESIAN_POINT('',(-190.,-200.000000000001,-1.11022302462516E-14));
#10549=CARTESIAN_POINT('',(-190.,-180.000000000001,-1.11022302462516E-14));
#10550=CARTESIAN_POINT('',(-190.,-200.000000000001,-1.11022302462516E-14));
#10551=CARTESIAN_POINT('Origin',(-190.,-180.000000000001,-1.11022302462516E-14));
#10552=CARTESIAN_POINT('',(-190.,-180.000000000001,-20.));
#10553=CARTESIAN_POINT('',(-170.,-180.000000000001,-20.));
#10554=CARTESIAN_POINT('',(-190.,-180.000000000001,-1.11022302462516E-14));
#10555=CARTESIAN_POINT('Origin',(-170.,-200.000000000001,-1.33226762955019E-14));
#10556=CARTESIAN_POINT('',(-190.,-200.000000000001,-20.));
#10557=CARTESIAN_POINT('',(-190.,-200.000000000001,-1.11022302462516E-14));
#10558=CARTESIAN_POINT('',(-190.,-200.000000000001,-20.));
#10559=CARTESIAN_POINT('Origin',(-190.,-200.000000000001,-1.11022302462516E-14));
#10560=CARTESIAN_POINT('',(-190.,-180.000000000001,-20.));
#10561=CARTESIAN_POINT('Origin',(-180.,-190.000000000001,-20.));
#10562=CARTESIAN_POINT('Origin',(-220.,190.000000000001,-17.));
#10563=CARTESIAN_POINT('',(-230.,195.000000000001,-17.));
#10564=CARTESIAN_POINT('',(-215.,180.000000000001,-17.));
#10565=CARTESIAN_POINT('',(-222.5,187.500000000001,-17.));
#10566=CARTESIAN_POINT('',(-213.,180.000000000001,-17.));
#10567=CARTESIAN_POINT('',(-215.,180.000000000001,-17.));
#10568=CARTESIAN_POINT('',(-213.,197.000000000001,-17.));
#10569=CARTESIAN_POINT('',(-213.,195.000000000001,-17.));
#10570=CARTESIAN_POINT('',(-230.,197.000000000001,-17.));
#10571=CARTESIAN_POINT('',(-225.,197.000000000001,-17.));
#10572=CARTESIAN_POINT('',(-230.,185.000000000001,-17.));
#10573=CARTESIAN_POINT('Origin',(-230.,197.000000000001,-20.));
#10574=CARTESIAN_POINT('',(-213.,197.000000000001,-3.));
#10575=CARTESIAN_POINT('',(-213.,197.000000000001,-20.));
#10576=CARTESIAN_POINT('',(-230.,197.000000000001,-3.));
#10577=CARTESIAN_POINT('',(-225.,197.000000000001,-3.));
#10578=CARTESIAN_POINT('',(-230.,197.000000000001,-20.));
#10579=CARTESIAN_POINT('Origin',(-213.,200.000000000001,-20.));
#10580=CARTESIAN_POINT('',(-213.,180.000000000001,-3.));
#10581=CARTESIAN_POINT('',(-213.,180.000000000001,-20.));
#10582=CARTESIAN_POINT('',(-213.,195.000000000001,-3.));
#10583=CARTESIAN_POINT('Origin',(-220.,190.000000000001,-3.));
#10584=CARTESIAN_POINT('',(-215.,180.000000000001,-3.));
#10585=CARTESIAN_POINT('',(-230.,195.000000000001,-3.));
#10586=CARTESIAN_POINT('',(-222.5,187.500000000001,-3.));
#10587=CARTESIAN_POINT('',(-230.,185.000000000001,-3.));
#10588=CARTESIAN_POINT('',(-215.,180.000000000001,-3.));
#10589=CARTESIAN_POINT('Origin',(-230.,180.000000000001,-20.));
#10590=CARTESIAN_POINT('',(-230.,195.000000000001,0.));
#10591=CARTESIAN_POINT('',(-230.,195.000000000001,-20.));
#10592=CARTESIAN_POINT('',(-230.,200.000000000001,0.));
#10593=CARTESIAN_POINT('',(-230.,200.000000000001,0.));
#10594=CARTESIAN_POINT('',(-230.,200.000000000001,-20.));
#10595=CARTESIAN_POINT('',(-230.,200.000000000001,-20.));
#10596=CARTESIAN_POINT('',(-230.,195.000000000001,-20.));
#10597=CARTESIAN_POINT('',(-230.,200.000000000001,-20.));
#10598=CARTESIAN_POINT('',(-230.,195.000000000001,-20.));
#10599=CARTESIAN_POINT('Origin',(-222.5,187.500000000001,-20.));
#10600=CARTESIAN_POINT('',(-215.,180.000000000001,-20.));
#10601=CARTESIAN_POINT('',(-222.5,187.500000000001,-20.));
#10602=CARTESIAN_POINT('',(-215.,180.000000000001,-20.));
#10603=CARTESIAN_POINT('Origin',(-222.5,187.500000000001,-20.));
#10604=CARTESIAN_POINT('',(-215.,180.000000000001,0.));
#10605=CARTESIAN_POINT('',(-215.,180.000000000001,-20.));
#10606=CARTESIAN_POINT('',(-222.5,187.500000000001,0.));
#10607=CARTESIAN_POINT('Origin',(-220.,190.000000000001,-20.));
#10608=CARTESIAN_POINT('',(-210.,200.000000000001,-20.));
#10609=CARTESIAN_POINT('',(-210.,200.000000000001,-20.));
#10610=CARTESIAN_POINT('',(-210.,180.000000000001,-20.));
#10611=CARTESIAN_POINT('',(-210.,180.000000000001,-20.));
#10612=CARTESIAN_POINT('',(-230.,180.000000000001,-20.));
#10613=CARTESIAN_POINT('Origin',(-210.,180.000000000001,-20.));
#10614=CARTESIAN_POINT('',(-210.,180.000000000001,0.));
#10615=CARTESIAN_POINT('',(-210.,180.000000000001,-20.));
#10616=CARTESIAN_POINT('',(-230.,180.000000000001,0.));
#10617=CARTESIAN_POINT('Origin',(-230.,200.000000000001,-20.));
#10618=CARTESIAN_POINT('',(-210.,200.000000000001,0.));
#10619=CARTESIAN_POINT('',(-210.,200.000000000001,0.));
#10620=CARTESIAN_POINT('',(-210.,200.000000000001,-20.));
#10621=CARTESIAN_POINT('Origin',(-210.,200.000000000001,-20.));
#10622=CARTESIAN_POINT('',(-210.,180.000000000001,0.));
#10623=CARTESIAN_POINT('Origin',(-220.,190.000000000001,0.));
#10624=CARTESIAN_POINT('Origin',(-180.,190.000000000001,-3.00000000000001));
#10625=CARTESIAN_POINT('',(-170.,195.000000000001,-3.00000000000001));
#10626=CARTESIAN_POINT('',(-185.,180.000000000001,-3.00000000000001));
#10627=CARTESIAN_POINT('',(-177.5,187.500000000001,-3.00000000000001));
#10628=CARTESIAN_POINT('',(-187.,180.000000000001,-3.00000000000001));
#10629=CARTESIAN_POINT('',(-185.,180.000000000001,-3.00000000000001));
#10630=CARTESIAN_POINT('',(-187.,197.000000000001,-3.00000000000001));
#10631=CARTESIAN_POINT('',(-187.,195.000000000001,-3.00000000000001));
#10632=CARTESIAN_POINT('',(-170.,197.000000000001,-3.00000000000002));
#10633=CARTESIAN_POINT('',(-175.,197.000000000001,-3.00000000000001));
#10634=CARTESIAN_POINT('',(-170.,185.000000000001,-3.00000000000001));
#10635=CARTESIAN_POINT('Origin',(-170.,197.000000000001,-1.33226762955019E-14));
#10636=CARTESIAN_POINT('',(-187.,197.000000000001,-17.));
#10637=CARTESIAN_POINT('',(-187.,197.000000000001,-1.11022302462516E-14));
#10638=CARTESIAN_POINT('',(-170.,197.000000000001,-17.));
#10639=CARTESIAN_POINT('',(-175.,197.000000000001,-17.));
#10640=CARTESIAN_POINT('',(-170.,197.000000000001,-1.33226762955019E-14));
#10641=CARTESIAN_POINT('Origin',(-187.,200.000000000001,-1.11022302462516E-14));
#10642=CARTESIAN_POINT('',(-187.,180.000000000001,-17.));
#10643=CARTESIAN_POINT('',(-187.,180.000000000001,-1.11022302462516E-14));
#10644=CARTESIAN_POINT('',(-187.,195.000000000001,-17.));
#10645=CARTESIAN_POINT('Origin',(-180.,190.000000000001,-17.));
#10646=CARTESIAN_POINT('',(-185.,180.000000000001,-17.));
#10647=CARTESIAN_POINT('',(-170.,195.000000000001,-17.));
#10648=CARTESIAN_POINT('',(-177.5,187.500000000001,-17.));
#10649=CARTESIAN_POINT('',(-170.,185.000000000001,-17.));
#10650=CARTESIAN_POINT('',(-185.,180.000000000001,-17.));
#10651=CARTESIAN_POINT('Origin',(-170.,180.000000000001,-1.33226762955019E-14));
#10652=CARTESIAN_POINT('',(-170.,195.000000000001,-20.));
#10653=CARTESIAN_POINT('',(-170.,195.000000000001,-1.33226762955019E-14));
#10654=CARTESIAN_POINT('',(-170.,200.000000000001,-20.));
#10655=CARTESIAN_POINT('',(-170.,200.000000000001,-20.));
#10656=CARTESIAN_POINT('',(-170.,200.000000000001,-1.33226762955019E-14));
#10657=CARTESIAN_POINT('',(-170.,200.000000000001,-1.33226762955019E-14));
#10658=CARTESIAN_POINT('',(-170.,195.000000000001,-1.33226762955019E-14));
#10659=CARTESIAN_POINT('',(-170.,200.000000000001,-1.33226762955019E-14));
#10660=CARTESIAN_POINT('',(-170.,195.000000000001,-1.33226762955019E-14));
#10661=CARTESIAN_POINT('Origin',(-177.5,187.500000000001,-1.11022302462516E-14));
#10662=CARTESIAN_POINT('',(-185.,180.000000000001,-1.11022302462516E-14));
#10663=CARTESIAN_POINT('',(-177.5,187.500000000001,-1.11022302462516E-14));
#10664=CARTESIAN_POINT('',(-185.,180.000000000001,-1.11022302462516E-14));
#10665=CARTESIAN_POINT('Origin',(-177.5,187.500000000001,-1.11022302462516E-14));
#10666=CARTESIAN_POINT('',(-185.,180.000000000001,-20.));
#10667=CARTESIAN_POINT('',(-185.,180.000000000001,-1.11022302462516E-14));
#10668=CARTESIAN_POINT('',(-177.5,187.500000000001,-20.));
#10669=CARTESIAN_POINT('Origin',(-180.,190.000000000001,-1.11022302462516E-14));
#10670=CARTESIAN_POINT('',(-190.,200.000000000001,-1.11022302462516E-14));
#10671=CARTESIAN_POINT('',(-190.,200.000000000001,-1.11022302462516E-14));
#10672=CARTESIAN_POINT('',(-190.,180.000000000001,-1.11022302462516E-14));
#10673=CARTESIAN_POINT('',(-190.,180.000000000001,-1.11022302462516E-14));
#10674=CARTESIAN_POINT('',(-170.,180.000000000001,-1.33226762955019E-14));
#10675=CARTESIAN_POINT('Origin',(-190.,180.000000000001,-1.11022302462516E-14));
#10676=CARTESIAN_POINT('',(-190.,180.000000000001,-20.));
#10677=CARTESIAN_POINT('',(-190.,180.000000000001,-1.11022302462516E-14));
#10678=CARTESIAN_POINT('',(-170.,180.000000000001,-20.));
#10679=CARTESIAN_POINT('Origin',(-170.,200.000000000001,-1.33226762955019E-14));
#10680=CARTESIAN_POINT('',(-190.,200.000000000001,-20.));
#10681=CARTESIAN_POINT('',(-190.,200.000000000001,-20.));
#10682=CARTESIAN_POINT('',(-190.,200.000000000001,-1.11022302462516E-14));
#10683=CARTESIAN_POINT('Origin',(-190.,200.000000000001,-1.11022302462516E-14));
#10684=CARTESIAN_POINT('',(-190.,180.000000000001,-20.));
#10685=CARTESIAN_POINT('Origin',(-180.,190.000000000001,-20.));
#10686=CARTESIAN_POINT('Origin',(220.,-190.000000000001,-17.));
#10687=CARTESIAN_POINT('',(230.,-195.000000000001,-17.));
#10688=CARTESIAN_POINT('',(215.,-180.000000000001,-17.));
#10689=CARTESIAN_POINT('',(222.5,-187.500000000001,-17.));
#10690=CARTESIAN_POINT('',(213.,-180.000000000001,-17.));
#10691=CARTESIAN_POINT('',(215.,-180.000000000001,-17.));
#10692=CARTESIAN_POINT('',(213.,-197.000000000001,-17.));
#10693=CARTESIAN_POINT('',(213.,-195.000000000001,-17.));
#10694=CARTESIAN_POINT('',(230.,-197.000000000001,-17.));
#10695=CARTESIAN_POINT('',(225.,-197.000000000001,-17.));
#10696=CARTESIAN_POINT('',(230.,-185.000000000001,-17.));
#10697=CARTESIAN_POINT('Origin',(230.,-197.000000000001,-20.));
#10698=CARTESIAN_POINT('',(213.,-197.000000000001,-3.));
#10699=CARTESIAN_POINT('',(213.,-197.000000000001,-20.));
#10700=CARTESIAN_POINT('',(230.,-197.000000000001,-3.));
#10701=CARTESIAN_POINT('',(225.,-197.000000000001,-3.));
#10702=CARTESIAN_POINT('',(230.,-197.000000000001,-20.));
#10703=CARTESIAN_POINT('Origin',(213.,-200.000000000001,-20.));
#10704=CARTESIAN_POINT('',(213.,-180.000000000001,-3.));
#10705=CARTESIAN_POINT('',(213.,-180.000000000001,-20.));
#10706=CARTESIAN_POINT('',(213.,-195.000000000001,-3.));
#10707=CARTESIAN_POINT('Origin',(220.,-190.000000000001,-3.));
#10708=CARTESIAN_POINT('',(215.,-180.000000000001,-3.));
#10709=CARTESIAN_POINT('',(230.,-195.000000000001,-3.));
#10710=CARTESIAN_POINT('',(222.5,-187.500000000001,-3.));
#10711=CARTESIAN_POINT('',(230.,-185.000000000001,-3.));
#10712=CARTESIAN_POINT('',(215.,-180.000000000001,-3.));
#10713=CARTESIAN_POINT('Origin',(230.,-180.000000000001,-20.));
#10714=CARTESIAN_POINT('',(230.,-195.000000000001,0.));
#10715=CARTESIAN_POINT('',(230.,-195.000000000001,-20.));
#10716=CARTESIAN_POINT('',(230.,-200.000000000001,0.));
#10717=CARTESIAN_POINT('',(230.,-200.000000000001,0.));
#10718=CARTESIAN_POINT('',(230.,-200.000000000001,-20.));
#10719=CARTESIAN_POINT('',(230.,-200.000000000001,-20.));
#10720=CARTESIAN_POINT('',(230.,-195.000000000001,-20.));
#10721=CARTESIAN_POINT('',(230.,-200.000000000001,-20.));
#10722=CARTESIAN_POINT('',(230.,-195.000000000001,-20.));
#10723=CARTESIAN_POINT('Origin',(222.5,-187.500000000001,-20.));
#10724=CARTESIAN_POINT('',(215.,-180.000000000001,-20.));
#10725=CARTESIAN_POINT('',(222.5,-187.500000000001,-20.));
#10726=CARTESIAN_POINT('',(215.,-180.000000000001,-20.));
#10727=CARTESIAN_POINT('Origin',(222.5,-187.500000000001,-20.));
#10728=CARTESIAN_POINT('',(215.,-180.000000000001,0.));
#10729=CARTESIAN_POINT('',(215.,-180.000000000001,-20.));
#10730=CARTESIAN_POINT('',(222.5,-187.500000000001,0.));
#10731=CARTESIAN_POINT('Origin',(220.,-190.000000000001,-20.));
#10732=CARTESIAN_POINT('',(210.,-200.000000000001,-20.));
#10733=CARTESIAN_POINT('',(210.,-200.000000000001,-20.));
#10734=CARTESIAN_POINT('',(210.,-180.000000000001,-20.));
#10735=CARTESIAN_POINT('',(210.,-180.000000000001,-20.));
#10736=CARTESIAN_POINT('',(230.,-180.000000000001,-20.));
#10737=CARTESIAN_POINT('Origin',(210.,-180.000000000001,-20.));
#10738=CARTESIAN_POINT('',(210.,-180.000000000001,0.));
#10739=CARTESIAN_POINT('',(210.,-180.000000000001,-20.));
#10740=CARTESIAN_POINT('',(230.,-180.000000000001,0.));
#10741=CARTESIAN_POINT('Origin',(230.,-200.000000000001,-20.));
#10742=CARTESIAN_POINT('',(210.,-200.000000000001,0.));
#10743=CARTESIAN_POINT('',(210.,-200.000000000001,0.));
#10744=CARTESIAN_POINT('',(210.,-200.000000000001,-20.));
#10745=CARTESIAN_POINT('Origin',(210.,-200.000000000001,-20.));
#10746=CARTESIAN_POINT('',(210.,-180.000000000001,0.));
#10747=CARTESIAN_POINT('Origin',(220.,-190.000000000001,0.));
#10748=CARTESIAN_POINT('Origin',(220.,190.000000000001,-17.));
#10749=CARTESIAN_POINT('',(230.,195.000000000001,-17.));
#10750=CARTESIAN_POINT('',(215.,180.000000000001,-17.));
#10751=CARTESIAN_POINT('',(222.5,187.500000000001,-17.));
#10752=CARTESIAN_POINT('',(230.,197.000000000001,-17.));
#10753=CARTESIAN_POINT('',(230.,185.000000000001,-17.));
#10754=CARTESIAN_POINT('',(213.,197.000000000001,-17.));
#10755=CARTESIAN_POINT('',(225.,197.000000000001,-17.));
#10756=CARTESIAN_POINT('',(213.,180.000000000001,-17.));
#10757=CARTESIAN_POINT('',(213.,195.000000000001,-17.));
#10758=CARTESIAN_POINT('',(215.,180.000000000001,-17.));
#10759=CARTESIAN_POINT('Origin',(230.,197.000000000001,-20.));
#10760=CARTESIAN_POINT('',(230.,197.000000000001,-3.));
#10761=CARTESIAN_POINT('',(230.,197.000000000001,-20.));
#10762=CARTESIAN_POINT('',(213.,197.000000000001,-3.));
#10763=CARTESIAN_POINT('',(225.,197.000000000001,-3.));
#10764=CARTESIAN_POINT('',(213.,197.000000000001,-20.));
#10765=CARTESIAN_POINT('Origin',(213.,200.000000000001,-20.));
#10766=CARTESIAN_POINT('',(213.,180.000000000001,-3.));
#10767=CARTESIAN_POINT('',(213.,195.000000000001,-3.));
#10768=CARTESIAN_POINT('',(213.,180.000000000001,-20.));
#10769=CARTESIAN_POINT('Origin',(220.,190.000000000001,-3.));
#10770=CARTESIAN_POINT('',(215.,180.000000000001,-3.));
#10771=CARTESIAN_POINT('',(230.,195.000000000001,-3.));
#10772=CARTESIAN_POINT('',(222.5,187.500000000001,-3.));
#10773=CARTESIAN_POINT('',(215.,180.000000000001,-3.));
#10774=CARTESIAN_POINT('',(230.,185.000000000001,-3.));
#10775=CARTESIAN_POINT('Origin',(230.,180.000000000001,-20.));
#10776=CARTESIAN_POINT('',(230.,195.000000000001,-20.));
#10777=CARTESIAN_POINT('',(230.,195.000000000001,-20.));
#10778=CARTESIAN_POINT('',(230.,200.000000000001,-20.));
#10779=CARTESIAN_POINT('',(230.,200.000000000001,-20.));
#10780=CARTESIAN_POINT('',(230.,200.000000000001,0.));
#10781=CARTESIAN_POINT('',(230.,200.000000000001,-20.));
#10782=CARTESIAN_POINT('',(230.,195.000000000001,0.));
#10783=CARTESIAN_POINT('',(230.,200.000000000001,0.));
#10784=CARTESIAN_POINT('',(230.,195.000000000001,-20.));
#10785=CARTESIAN_POINT('Origin',(222.5,187.500000000001,-20.));
#10786=CARTESIAN_POINT('',(215.,180.000000000001,-20.));
#10787=CARTESIAN_POINT('',(215.,180.000000000001,-20.));
#10788=CARTESIAN_POINT('',(222.5,187.500000000001,-20.));
#10789=CARTESIAN_POINT('Origin',(222.5,187.500000000001,-20.));
#10790=CARTESIAN_POINT('',(215.,180.000000000001,0.));
#10791=CARTESIAN_POINT('',(222.5,187.500000000001,0.));
#10792=CARTESIAN_POINT('',(215.,180.000000000001,-20.));
#10793=CARTESIAN_POINT('Origin',(220.,190.000000000001,-20.));
#10794=CARTESIAN_POINT('',(210.,180.000000000001,-20.));
#10795=CARTESIAN_POINT('',(230.,180.000000000001,-20.));
#10796=CARTESIAN_POINT('',(210.,200.000000000001,-20.));
#10797=CARTESIAN_POINT('',(210.,180.000000000001,-20.));
#10798=CARTESIAN_POINT('',(210.,200.000000000001,-20.));
#10799=CARTESIAN_POINT('Origin',(210.,180.000000000001,-20.));
#10800=CARTESIAN_POINT('',(210.,180.000000000001,0.));
#10801=CARTESIAN_POINT('',(230.,180.000000000001,0.));
#10802=CARTESIAN_POINT('',(210.,180.000000000001,-20.));
#10803=CARTESIAN_POINT('Origin',(230.,200.000000000001,-20.));
#10804=CARTESIAN_POINT('',(210.,200.000000000001,0.));
#10805=CARTESIAN_POINT('',(210.,200.000000000001,-20.));
#10806=CARTESIAN_POINT('',(210.,200.000000000001,0.));
#10807=CARTESIAN_POINT('Origin',(210.,200.000000000001,-20.));
#10808=CARTESIAN_POINT('',(210.,180.000000000001,0.));
#10809=CARTESIAN_POINT('Origin',(220.,190.000000000001,0.));
#10810=CARTESIAN_POINT('Origin',(180.,-190.000000000001,-3.00000000000001));
#10811=CARTESIAN_POINT('',(170.,-195.000000000001,-3.00000000000001));
#10812=CARTESIAN_POINT('',(185.,-180.000000000001,-3.00000000000001));
#10813=CARTESIAN_POINT('',(177.5,-187.500000000001,-3.00000000000001));
#10814=CARTESIAN_POINT('',(187.,-180.000000000001,-3.00000000000001));
#10815=CARTESIAN_POINT('',(185.,-180.000000000001,-3.00000000000001));
#10816=CARTESIAN_POINT('',(187.,-197.000000000001,-3.00000000000001));
#10817=CARTESIAN_POINT('',(187.,-195.000000000001,-3.00000000000001));
#10818=CARTESIAN_POINT('',(170.,-197.000000000001,-3.00000000000002));
#10819=CARTESIAN_POINT('',(175.,-197.000000000001,-3.00000000000001));
#10820=CARTESIAN_POINT('',(170.,-185.000000000001,-3.00000000000001));
#10821=CARTESIAN_POINT('Origin',(170.,-197.000000000001,-1.33226762955019E-14));
#10822=CARTESIAN_POINT('',(187.,-197.000000000001,-17.));
#10823=CARTESIAN_POINT('',(187.,-197.000000000001,-1.11022302462516E-14));
#10824=CARTESIAN_POINT('',(170.,-197.000000000001,-17.));
#10825=CARTESIAN_POINT('',(175.,-197.000000000001,-17.));
#10826=CARTESIAN_POINT('',(170.,-197.000000000001,-1.33226762955019E-14));
#10827=CARTESIAN_POINT('Origin',(187.,-200.000000000001,-1.11022302462516E-14));
#10828=CARTESIAN_POINT('',(187.,-180.000000000001,-17.));
#10829=CARTESIAN_POINT('',(187.,-180.000000000001,-1.11022302462516E-14));
#10830=CARTESIAN_POINT('',(187.,-195.000000000001,-17.));
#10831=CARTESIAN_POINT('Origin',(180.,-190.000000000001,-17.));
#10832=CARTESIAN_POINT('',(185.,-180.000000000001,-17.));
#10833=CARTESIAN_POINT('',(170.,-195.000000000001,-17.));
#10834=CARTESIAN_POINT('',(177.5,-187.500000000001,-17.));
#10835=CARTESIAN_POINT('',(170.,-185.000000000001,-17.));
#10836=CARTESIAN_POINT('',(185.,-180.000000000001,-17.));
#10837=CARTESIAN_POINT('Origin',(170.,-180.000000000001,-1.33226762955019E-14));
#10838=CARTESIAN_POINT('',(170.,-195.000000000001,-20.));
#10839=CARTESIAN_POINT('',(170.,-195.000000000001,-1.33226762955019E-14));
#10840=CARTESIAN_POINT('',(170.,-200.000000000001,-20.));
#10841=CARTESIAN_POINT('',(170.,-200.000000000001,-20.));
#10842=CARTESIAN_POINT('',(170.,-200.000000000001,-1.33226762955019E-14));
#10843=CARTESIAN_POINT('',(170.,-200.000000000001,-1.33226762955019E-14));
#10844=CARTESIAN_POINT('',(170.,-195.000000000001,-1.33226762955019E-14));
#10845=CARTESIAN_POINT('',(170.,-200.000000000001,-1.33226762955019E-14));
#10846=CARTESIAN_POINT('',(170.,-195.000000000001,-1.33226762955019E-14));
#10847=CARTESIAN_POINT('Origin',(177.5,-187.500000000001,-1.11022302462516E-14));
#10848=CARTESIAN_POINT('',(185.,-180.000000000001,-1.11022302462516E-14));
#10849=CARTESIAN_POINT('',(177.5,-187.500000000001,-1.11022302462516E-14));
#10850=CARTESIAN_POINT('',(185.,-180.000000000001,-1.11022302462516E-14));
#10851=CARTESIAN_POINT('Origin',(177.5,-187.500000000001,-1.11022302462516E-14));
#10852=CARTESIAN_POINT('',(185.,-180.000000000001,-20.));
#10853=CARTESIAN_POINT('',(185.,-180.000000000001,-1.11022302462516E-14));
#10854=CARTESIAN_POINT('',(177.5,-187.500000000001,-20.));
#10855=CARTESIAN_POINT('Origin',(180.,-190.000000000001,-1.11022302462516E-14));
#10856=CARTESIAN_POINT('',(190.,-200.000000000001,-1.11022302462516E-14));
#10857=CARTESIAN_POINT('',(190.,-200.000000000001,-1.11022302462516E-14));
#10858=CARTESIAN_POINT('',(190.,-180.000000000001,-1.11022302462516E-14));
#10859=CARTESIAN_POINT('',(190.,-180.000000000001,-1.11022302462516E-14));
#10860=CARTESIAN_POINT('',(170.,-180.000000000001,-1.33226762955019E-14));
#10861=CARTESIAN_POINT('Origin',(190.,-180.000000000001,-1.11022302462516E-14));
#10862=CARTESIAN_POINT('',(190.,-180.000000000001,-20.));
#10863=CARTESIAN_POINT('',(190.,-180.000000000001,-1.11022302462516E-14));
#10864=CARTESIAN_POINT('',(170.,-180.000000000001,-20.));
#10865=CARTESIAN_POINT('Origin',(170.,-200.000000000001,-1.33226762955019E-14));
#10866=CARTESIAN_POINT('',(190.,-200.000000000001,-20.));
#10867=CARTESIAN_POINT('',(190.,-200.000000000001,-20.));
#10868=CARTESIAN_POINT('',(190.,-200.000000000001,-1.11022302462516E-14));
#10869=CARTESIAN_POINT('Origin',(190.,-200.000000000001,-1.11022302462516E-14));
#10870=CARTESIAN_POINT('',(190.,-180.000000000001,-20.));
#10871=CARTESIAN_POINT('Origin',(180.,-190.000000000001,-20.));
#10872=CARTESIAN_POINT('Origin',(180.,190.000000000001,-3.00000000000001));
#10873=CARTESIAN_POINT('',(170.,195.000000000001,-3.00000000000001));
#10874=CARTESIAN_POINT('',(185.,180.000000000001,-3.00000000000001));
#10875=CARTESIAN_POINT('',(177.5,187.500000000001,-3.00000000000001));
#10876=CARTESIAN_POINT('',(170.,197.000000000001,-3.00000000000002));
#10877=CARTESIAN_POINT('',(170.,185.000000000001,-3.00000000000001));
#10878=CARTESIAN_POINT('',(187.,197.000000000001,-3.00000000000001));
#10879=CARTESIAN_POINT('',(175.,197.000000000001,-3.00000000000001));
#10880=CARTESIAN_POINT('',(187.,180.000000000001,-3.00000000000001));
#10881=CARTESIAN_POINT('',(187.,195.000000000001,-3.00000000000001));
#10882=CARTESIAN_POINT('',(185.,180.000000000001,-3.00000000000001));
#10883=CARTESIAN_POINT('Origin',(170.,197.000000000001,-1.33226762955019E-14));
#10884=CARTESIAN_POINT('',(170.,197.000000000001,-17.));
#10885=CARTESIAN_POINT('',(170.,197.000000000001,-1.33226762955019E-14));
#10886=CARTESIAN_POINT('',(187.,197.000000000001,-17.));
#10887=CARTESIAN_POINT('',(175.,197.000000000001,-17.));
#10888=CARTESIAN_POINT('',(187.,197.000000000001,-1.11022302462516E-14));
#10889=CARTESIAN_POINT('Origin',(187.,200.000000000001,-1.11022302462516E-14));
#10890=CARTESIAN_POINT('',(187.,180.000000000001,-17.));
#10891=CARTESIAN_POINT('',(187.,195.000000000001,-17.));
#10892=CARTESIAN_POINT('',(187.,180.000000000001,-1.11022302462516E-14));
#10893=CARTESIAN_POINT('Origin',(180.,190.000000000001,-17.));
#10894=CARTESIAN_POINT('',(185.,180.000000000001,-17.));
#10895=CARTESIAN_POINT('',(170.,195.000000000001,-17.));
#10896=CARTESIAN_POINT('',(177.5,187.500000000001,-17.));
#10897=CARTESIAN_POINT('',(185.,180.000000000001,-17.));
#10898=CARTESIAN_POINT('',(170.,185.000000000001,-17.));
#10899=CARTESIAN_POINT('Origin',(170.,180.000000000001,-1.33226762955019E-14));
#10900=CARTESIAN_POINT('',(170.,195.000000000001,-1.33226762955019E-14));
#10901=CARTESIAN_POINT('',(170.,195.000000000001,-1.33226762955019E-14));
#10902=CARTESIAN_POINT('',(170.,200.000000000001,-1.33226762955019E-14));
#10903=CARTESIAN_POINT('',(170.,200.000000000001,-1.33226762955019E-14));
#10904=CARTESIAN_POINT('',(170.,200.000000000001,-20.));
#10905=CARTESIAN_POINT('',(170.,200.000000000001,-1.33226762955019E-14));
#10906=CARTESIAN_POINT('',(170.,195.000000000001,-20.));
#10907=CARTESIAN_POINT('',(170.,200.000000000001,-20.));
#10908=CARTESIAN_POINT('',(170.,195.000000000001,-1.33226762955019E-14));
#10909=CARTESIAN_POINT('Origin',(177.5,187.500000000001,-1.11022302462516E-14));
#10910=CARTESIAN_POINT('',(185.,180.000000000001,-1.11022302462516E-14));
#10911=CARTESIAN_POINT('',(185.,180.000000000001,-1.11022302462516E-14));
#10912=CARTESIAN_POINT('',(177.5,187.500000000001,-1.11022302462516E-14));
#10913=CARTESIAN_POINT('Origin',(177.5,187.500000000001,-1.11022302462516E-14));
#10914=CARTESIAN_POINT('',(185.,180.000000000001,-20.));
#10915=CARTESIAN_POINT('',(177.5,187.500000000001,-20.));
#10916=CARTESIAN_POINT('',(185.,180.000000000001,-1.11022302462516E-14));
#10917=CARTESIAN_POINT('Origin',(180.,190.000000000001,-1.11022302462516E-14));
#10918=CARTESIAN_POINT('',(190.,180.000000000001,-1.11022302462516E-14));
#10919=CARTESIAN_POINT('',(170.,180.000000000001,-1.33226762955019E-14));
#10920=CARTESIAN_POINT('',(190.,200.000000000001,-1.11022302462516E-14));
#10921=CARTESIAN_POINT('',(190.,180.000000000001,-1.11022302462516E-14));
#10922=CARTESIAN_POINT('',(190.,200.000000000001,-1.11022302462516E-14));
#10923=CARTESIAN_POINT('Origin',(190.,180.000000000001,-1.11022302462516E-14));
#10924=CARTESIAN_POINT('',(190.,180.000000000001,-20.));
#10925=CARTESIAN_POINT('',(170.,180.000000000001,-20.));
#10926=CARTESIAN_POINT('',(190.,180.000000000001,-1.11022302462516E-14));
#10927=CARTESIAN_POINT('Origin',(170.,200.000000000001,-1.33226762955019E-14));
#10928=CARTESIAN_POINT('',(190.,200.000000000001,-20.));
#10929=CARTESIAN_POINT('',(190.,200.000000000001,-1.11022302462516E-14));
#10930=CARTESIAN_POINT('',(190.,200.000000000001,-20.));
#10931=CARTESIAN_POINT('Origin',(190.,200.000000000001,-1.11022302462516E-14));
#10932=CARTESIAN_POINT('',(190.,180.000000000001,-20.));
#10933=CARTESIAN_POINT('Origin',(180.,190.000000000001,-20.));
#10934=CARTESIAN_POINT('',(-215.,110.,-10.));
#10935=CARTESIAN_POINT('',(-215.,-110.,-10.));
#10936=CARTESIAN_POINT('',(215.,110.,-10.));
#10937=CARTESIAN_POINT('',(215.,-110.,-10.));
#10938=UNCERTAINTY_MEASURE_WITH_UNIT(LENGTH_MEASURE(0.01),#10944,
'DISTANCE_ACCURACY_VALUE',
'Maximum model space distance between geometric entities at asserted c
onnectivities');
#10939=UNCERTAINTY_MEASURE_WITH_UNIT(LENGTH_MEASURE(0.01),#10944,
'DISTANCE_ACCURACY_VALUE',
'Maximum model space distance between geometric entities at asserted c
onnectivities');
#10940=UNCERTAINTY_MEASURE_WITH_UNIT(LENGTH_MEASURE(0.01),#10944,
'DISTANCE_ACCURACY_VALUE',
'Maximum model space distance between geometric entities at asserted c
onnectivities');
#10941=(
GEOMETRIC_REPRESENTATION_CONTEXT(3)
GLOBAL_UNCERTAINTY_ASSIGNED_CONTEXT((#10938))
GLOBAL_UNIT_ASSIGNED_CONTEXT((#10944,#10946,#10947))
REPRESENTATION_CONTEXT('','3D')
);
#10942=(
GEOMETRIC_REPRESENTATION_CONTEXT(3)
GLOBAL_UNCERTAINTY_ASSIGNED_CONTEXT((#10939))
GLOBAL_UNIT_ASSIGNED_CONTEXT((#10944,#10946,#10947))
REPRESENTATION_CONTEXT('','3D')
);
#10943=(
GEOMETRIC_REPRESENTATION_CONTEXT(3)
GLOBAL_UNCERTAINTY_ASSIGNED_CONTEXT((#10940))
GLOBAL_UNIT_ASSIGNED_CONTEXT((#10944,#10946,#10947))
REPRESENTATION_CONTEXT('','3D')
);
#10944=(
LENGTH_UNIT()
NAMED_UNIT(*)
SI_UNIT(.MILLI.,.METRE.)
);
#10945=(
LENGTH_UNIT()
NAMED_UNIT(*)
SI_UNIT($,.METRE.)
);
#10946=(
NAMED_UNIT(*)
PLANE_ANGLE_UNIT()
SI_UNIT($,.RADIAN.)
);
#10947=(
NAMED_UNIT(*)
SI_UNIT($,.STERADIAN.)
SOLID_ANGLE_UNIT()
);
#10948=SHAPE_DEFINITION_REPRESENTATION(#10950,#10956);
#10949=SHAPE_DEFINITION_REPRESENTATION(#10951,#10957);
#10950=PRODUCT_DEFINITION_SHAPE('',$,#10959);
#10951=PRODUCT_DEFINITION_SHAPE('',$,#10960);
#10952=PRODUCT_DEFINITION_SHAPE($,$,#23);
#10953=PRODUCT_DEFINITION_SHAPE($,$,#24);
#10954=PRODUCT_DEFINITION_SHAPE($,$,#25);
#10955=PRODUCT_DEFINITION_SHAPE($,$,#26);
#10956=SHAPE_REPRESENTATION('',(#5803,#6283,#6284,#6285,#6286),#10941);
#10957=SHAPE_REPRESENTATION('',(#5804),#10942);
#10958=PRODUCT_DEFINITION_CONTEXT('part definition',#10966,'design');
#10959=PRODUCT_DEFINITION('Vacuum Former V5 Platen',
'Vacuum Former V5 Platen v7',#10961,#10958);
#10960=PRODUCT_DEFINITION('WING NUT M4 x 0.7mm Thread',
'WING NUT M4 x 0.7mm Thread v1',#10962,#10958);
#10961=PRODUCT_DEFINITION_FORMATION('',$,#10968);
#10962=PRODUCT_DEFINITION_FORMATION('',$,#10969);
#10963=PRODUCT_RELATED_PRODUCT_CATEGORY('Vacuum Former V5 Platen v7',
'Vacuum Former V5 Platen v7',(#10968));
#10964=PRODUCT_RELATED_PRODUCT_CATEGORY('WING NUT M4 x 0.7mm Thread v1',
'WING NUT M4 x 0.7mm Thread v1',(#10969));
#10965=APPLICATION_PROTOCOL_DEFINITION('international standard',
'ap242_managed_model_based_3d_engineering',2011,#10966);
#10966=APPLICATION_CONTEXT('Managed model based 3d engineering');
#10967=PRODUCT_CONTEXT('part definition',#10966,'mechanical');
#10968=PRODUCT('Vacuum Former V5 Platen','Vacuum Former V5 Platen v7',$,
(#10967));
#10969=PRODUCT('WING NUT M4 x 0.7mm Thread',
'WING NUT M4 x 0.7mm Thread v1','STEP AP203',(#10967));
#10970=PRESENTATION_STYLE_ASSIGNMENT((#10975));
#10971=PRESENTATION_STYLE_ASSIGNMENT((#10976));
#10972=PRESENTATION_STYLE_ASSIGNMENT((#10977));
#10973=PRESENTATION_STYLE_ASSIGNMENT((#10978));
#10974=PRESENTATION_STYLE_ASSIGNMENT((#10979));
#10975=SURFACE_STYLE_USAGE(.BOTH.,#10980);
#10976=SURFACE_STYLE_USAGE(.BOTH.,#10981);
#10977=SURFACE_STYLE_USAGE(.BOTH.,#10982);
#10978=SURFACE_STYLE_USAGE(.BOTH.,#10983);
#10979=SURFACE_STYLE_USAGE(.BOTH.,#10984);
#10980=SURFACE_SIDE_STYLE('',(#10985));
#10981=SURFACE_SIDE_STYLE('',(#10986));
#10982=SURFACE_SIDE_STYLE('',(#10987));
#10983=SURFACE_SIDE_STYLE('',(#10988));
#10984=SURFACE_SIDE_STYLE('',(#10989));
#10985=SURFACE_STYLE_FILL_AREA(#10990);
#10986=SURFACE_STYLE_FILL_AREA(#10991);
#10987=SURFACE_STYLE_FILL_AREA(#10992);
#10988=SURFACE_STYLE_FILL_AREA(#10993);
#10989=SURFACE_STYLE_FILL_AREA(#10994);
#10990=FILL_AREA_STYLE('Aluminum - Satin',(#10995));
#10991=FILL_AREA_STYLE('Oak',(#10996));
#10992=FILL_AREA_STYLE('Paint - Enamel Glossy (White)',(#10997));
#10993=FILL_AREA_STYLE('Polyurethane',(#10998));
#10994=FILL_AREA_STYLE('Plastic - Matte (Yellow)',(#10999));
#10995=FILL_AREA_STYLE_COLOUR('Aluminum - Satin',#11000);
#10996=FILL_AREA_STYLE_COLOUR('Oak',#11001);
#10997=FILL_AREA_STYLE_COLOUR('Paint - Enamel Glossy (White)',#11002);
#10998=FILL_AREA_STYLE_COLOUR('Polyurethane',#11003);
#10999=FILL_AREA_STYLE_COLOUR('Plastic - Matte (Yellow)',#11004);
#11000=COLOUR_RGB('Aluminum - Satin',0.96078431372549,0.96078431372549,
0.964705882352941);
#11001=COLOUR_RGB('Oak',0.,0.,0.);
#11002=COLOUR_RGB('Paint - Enamel Glossy (White)',0.964705882352941,0.964705882352941,
0.952941176470588);
#11003=COLOUR_RGB('Polyurethane',0.,0.,0.);
#11004=COLOUR_RGB('Plastic - Matte (Yellow)',0.909803921568627,0.67843137254902,
0.137254901960784);
ENDSEC;
END-ISO-10303-21;
